ident,latitude_deg,longitude_deg,iata_code
SSGG,-25.388056,-51.521667,GPB
SBGR,-23.431274,-46.469954,GRU
SBGL,-22.809999,-43.250557,GIG
SBSP,-23.627657,-46.654601,CGH
SBRJ,-22.910397,-43.16282,SDU
SBBR,-15.869167,-47.920834,BSB
SBSV,-12.908611,-38.322498,SSA
SBPA,-29.993984,-51.167482,POA
SBKP,-23.007404,-47.134502,VCP
SBFI,-25.594167,-54.489444,IGU
SBVC,-14.907778,-40.914722,VDC
SBRF,-8.12747,-34.922961,REC
SBFZ,-3.775833,-38.532222,FOR
SBCT,-25.5285,-49.1758,CWB
SBCF,-19.63571,-43.966928,CNF
SBEG,-3.03861,-60.049702,MAO
SBFL,-27.670279,-48.552502,FLN
SBCG,-20.469998,-54.673988,CGR
SBBE,-1.379279,-48.476207,BEL
SBSG,-5.769822,-35.36661,NAT
SBLO,-23.334375,-51.128365,LDB
SBGO,-16.632,-49.220699,GYN
SBVT,-20.258,-40.285,VIX
SBCY,-15.6529,-56.116699,CGB
SBRP,-21.134314,-47.774053,RAO
SBPS,-16.438426,-39.080584,BPS
SBBH,-19.85074,-43.950316,PLU
SBSL,-2.586386,-44.235008,SLZ
SDAM,-22.859866,-47.107573,
SBSR,-20.817113,-49.406963,SJP
SBNF,-26.879431,-48.650979,NVT
SBNT,-5.91142,-35.2477,
SBSJ,-23.2292,-45.8615,SJK
SBBI,-25.4051,-49.231998,BFH
SBJD,-23.180861,-46.943921,QDV
SBFN,-3.854534,-32.423017,FEN
SBJV,-26.224501,-48.797401,JOI
SBMG,-23.47606,-52.016187,MGF
SBJR,-22.986773,-43.372194,RRJ
SBMT,-23.5091,-46.637798,RTE
SBPJ,-10.2915,-48.356998,PMW
SBDN,-22.1751,-51.424599,PPB
SBBV,2.84615,-60.690648,BVB
SBMO,-9.512559,-35.791839,MCZ
SBAQ,-21.812,-48.132999,AQA
SBUL,-18.883579,-48.225936,UDI
SDAI,-22.755917,-47.269408,
SBAU,-21.141479,-50.424575,ARU
SBCX,-29.197183,-51.187647,CXJ
SBML,-22.196899,-49.926485,MII
SBPL,-9.362422,-40.569098,PNZ
SBBU,-22.344999,-49.053799,
SBJP,-7.148691,-34.950554,JPA
SBCH,-27.134199,-52.656601,XAP
SBMQ,0.050664,-51.072201,MCP
SBUR,-19.765036,-47.964805,UBA
SBRB,-9.869031,-67.893984,RBR
SBAR,-10.98394,-37.072873,AJU
SBCA,-25.000323,-53.501208,CAC
SBIL,-14.815929,-39.033458,IOS
SBAE,-22.160755,-49.070325,JTC
SDCO,-23.478001,-47.490002,SOD
SDIM,-24.159729,-46.790604,JTN
SBSN,-2.422423,-54.79306,STM
SDTK,-23.224044,-44.7234,JPY
SBSI,-11.885001,-55.586109,OPS
SDAA,-22.338227,-47.357898,
SDTB,-23.128167,-46.57465,
SDBK,-22.937765,-48.468161,
SDIO,-21.600287,-48.833057,
SBPV,-8.708491,-63.902338,PVH
SBIZ,-5.53129,-47.459999,IMP
SBPP,-22.549601,-55.702599,PMG
SBTE,-5.06025,-42.823712,THE
SBPK,-31.717189,-52.327796,PET
SBPG,-25.184476,-50.143822,PGZ
SBRD,-16.584292,-54.724803,ROO
SBGW,-22.791599,-45.2048,GUJ
SBPC,-21.842529,-46.569768,POO
SDAG,-22.9753,-44.307098,GDR
SIMK,-20.592199,-47.3829,FRC
SDPW,-22.7115,-47.618198,
SWLC,-17.834723,-50.956112,RVD
SDSC,-21.875032,-47.903851,QSC
SDUB,-23.441122,-45.075814,UBT
SBJF,-21.791482,-43.386072,JDF
SBMA,-5.36859,-49.138,MAB
SBNM,-28.282503,-54.169623,GEL
SBAT,-9.866389,-56.106298,AFL
SBAX,-19.5632,-46.9604,AAX
SBLJ,-27.782101,-50.281502,LAJ
SBMS,-5.20192,-37.3643,MVF
SBBT,-20.584631,-48.594125,BAT
SBLN,-21.663491,-49.729954,LIP
SBCB,-22.921485,-42.071874,CFB
SBTG,-20.752643,-51.682026,TJL
SDBB,-20.900252,-48.473547,
SWNV,-16.62584,-49.348832,
SDIG,-21.74723,-48.855595,
SWJW,-17.8299007416,-51.7729988098,JTI
SSPG,-25.5401,-48.5312,PNG
SNZA,-22.2892,-45.919102,PPY
SDVG,-20.458426,-50.003134,VOT
SBKG,-7.269662,-35.896057,CPV
SBMK,-16.706919,-43.818901,MOC
SBSM,-29.711399,-53.688202,RIA
SBCM,-28.725743,-49.424475,CCM
SBGV,-18.895882,-41.982869,GVR
SBUA,-0.14835,-66.9855,SJL
SBTF,-3.38294,-64.724098,TFF
SBVH,-12.6944,-60.098301,BVH
SBYS,-21.984692,-47.341207,QPS
SBMN,-3.14604,-59.986301,PLL
SBVG,-21.591375,-45.474116,VAG
SNBR,-12.0789,-45.008999,BRA
SBDO,-22.2019,-54.926601,DOU
SBGU,-25.388327,-51.52349,GPB
SBPO,-26.217184,-52.694463,PTO
SWNS,-16.363575,-48.9288,APS
SDDN,-20.925031,-51.382252,
SNAX,-22.638601,-50.455983,AIF
SBPR,-19.909629,-43.989179,
SSBL,-26.831661,-49.093569,BNU
SBBP,-22.978822,-46.537131,BJP
SDCD,-21.1492,-48.988701,
SNDV,-20.180700302124,-44.870899200439,DIQ
SWUZ,-16.26174,-47.968717,
SDMH,-20.806853,-49.485301,
SDPN,-21.410012,-50.033659,
SWPY,-15.565556,-54.337776,
SDRS,-22.4785,-44.480301,REZ
SDRK,-22.430767,-47.562291,
SSSC,-29.684099,-52.412201,CSU
SSKT,-27.611668,-48.672779,
SBCZ,-7.59991,-72.769501,CZS
SBIH,-4.242131,-56.000651,ITB
SBCJ,-6.117841,-50.003372,CKS
SBUF,-9.40088,-38.250599,PAV
SBTU,-3.78601,-49.720299,TUR
SBUG,-29.7822,-57.0382,URG
SBCO,-29.945928,-51.144413,QNS
SBLP,-13.2621,-43.4081,LAZ
SBBZ,-22.770881,-41.96308,BZC
SBAA,-8.34835,-49.301498,CDJ
SBST,-23.928192,-46.300195,SSZ
SBJI,-10.870743,-61.846675,JPR
SBJU,-7.21932,-39.269096,JDO
SNPP,-13.428781,-38.913689,
SBCN,-17.725096,-48.606324,CLV
SSCN,-29.370091,-50.831729,CEL
SBJA,-28.6753,-49.0596,JJG
SNVB,-13.2965,-38.992401,VAL
SSOG,-23.352636,-51.491967,APX
SNDH,-12.162858,-45.033695,
SSBG,-29.147424,-51.540791,BGV
SJWQ,-21.21655,-50.305613,
SDVH,-23.0054,-46.636913,
SNKI,-20.834299,-41.1856,CDI
SNCL,-13.389444,-38.91,MXQ
BR-2770,-22.860002,-46.037478,
SSKK,-29.763611,-50.036945,
SDFD,-20.276901,-50.214937,
SNFU,-20.0028,-48.958401,
BR-2214,-28.894847,-51.855331,
SWGI,-11.7396,-49.132198,GRP
SDJA,-22.194598,-47.861839,
SBIT,-18.4447,-49.213402,ITR
SDLP,-22.5784,-48.774601,
SDME,-21.629456,-48.392816,
SDOR,-20.747394,-47.889806,
SDOU,-22.966598,-49.912049,OUS
SNPA,-19.8426,-44.6012,
SNPD,-18.672673,-46.491292,POJ
SDPD,-22.943611,-45.431389,
SNUH,-20.438600540200003,-45.992801666300004,
SDEN,-27.1665,-48.6218,
SBTV,-16.541416,-39.10811,
SNJR,-21.085638,-44.225299,JDR
SDTP,-21.889052,-50.505052,
BR-0122,-28.509722,-50.918331,
SNVR,-13.024053,-38.665727,
SBCP,-21.698299,-41.301701,CAW
SBCR,-19.01193,-57.672772,CMG
SBPF,-28.243976,-52.32777,PFB
SBHT,-3.253144,-52.253938,ATM
SBJE,-2.906425,-40.357338,JJD
SDIY,-12.200694,-38.906164,FEC
SBIP,-19.470699,-42.487598,IPN
SBZM,-21.513086,-43.173069,IZA
SBMY,-5.81138,-61.278301,MNX
SBTB,-1.4896,-56.396801,TMT
SBPB,-2.89375,-41.731998,PHB
SBTT,-4.25567,-69.935799,TBT
SBCV,-17.6523,-39.253101,CRQ
SBBQ,-21.2672,-43.76101,
SBIC,-3.126539,-58.481668,ITA
SBEK,-6.23316,-57.776901,JCR
SBOI,3.85412,-51.797056,OYK
SBPN,-10.719402,-48.3997,PNB
SBSC,-22.9324,-43.719101,SNZ
SBTL,-24.317801,-50.6516,TEC
SBLE,-12.4823,-41.277,LEC
SSZR,-27.90658,-54.520628,SRA
SBTD,-24.6863,-53.697498,TOW
SBRR,-2.756644,-42.803187,BRB
SBDB,-21.2473,-56.452399,BYO
SBCD,-26.787423,-50.939942,CFC
SSKW,-11.496,-61.4508,OAL
SNRU,-8.28239,-36.0135,CAU
SSFB,-26.05938,-53.063827,FBE
SBSO,-12.479177,-55.672341,SMT
SNTF,-17.524392,-39.668499,TXF
SDAD,-21.696275,-51.097509,
SSAP,-23.609099,-51.384301,APU
SDBA,-20.877218,-47.585757,
BR-1149,-21.281944,-50.326942,
SDIH,-23.563384,-46.071598,
SWKC,-16.0436,-57.629902,CCX
SSCF,-25.426398,-49.524194,
SWEK,-13.574444,-52.270557,CQA
SDCA,-24.034346,-48.356246,
SNCT,-19.7253,-42.112099,
SSQT,-24.807723,-49.959651,
SWKT,-18.216801,-47.8997,TLZ
SNXB,-21.917066,-44.96817,
SSCD,-18.839125,-52.488116,
SNCX,-19.487476,-40.579362,QCH
SDXJ,-18.491283,-53.168135,
SDDR,-21.460501,-51.606899,
SSER,-27.663614,-52.271489,ERM
SDIB,-22.1581,-46.775299,
SSFR,-20.278662,-49.187636,
SNGN,-8.83428,-36.4716,QGP
SWGO,-15.342632,-49.13533,
SJSH,-27.372117,-48.614509,
SNGI,-14.2082,-42.746101,GNM
SDYW,-23.941345,-48.881775,
SDZM,-23.9224,-48.818298,
BR-2265,-24.135279,-49.328335,
SDIV,-20.374843,-47.769066,
SDJL,-20.292296,-50.545546,JLS
SSJA,-27.171514,-51.553327,JCB
SDLL,-22.225963,-47.380834,
SSOK,-23.21456,-51.1836,
SSLN,-27.159999847399998,-49.5424995422,LOI
SILC,-13.037861,-55.95025,LVR
SNJM,-20.259722,-42.183887,JMA
SDMC,-22.9195,-42.830898,JMR
SDLY,-21.623884,-48.351095,
SSNG,-29.71940040588379,-51.48939895629883,QGF
SSMT,-31.103599548339844,-50.910301208496094,
SDNM,-13.821021,-56.038591,NVM
SDNH,-21.497551,-49.234441,
SDDV,-21.12886,-48.845197,
SWTO,-10.1742,-48.9328,
SWPI,-2.673521,-56.777625,PIN
SDPY,-22.027611,-47.421498,
SIPK,-16.4974,-56.422199,
SNEC,-16.712959,-39.142413,
SNRD,-17.296976,-39.271131,PDF
BR-1863,-24.531699,-47.840502,
SJRG,-32.083065,-52.167184,RIG
SDBP,-15.736869,-51.116102,
SILT,-20.228473,-50.968943,SFV
SDJV,-22.017744,-46.840779,
SNFW,-8.391481,-42.247088,
SDJO,-20.594095,-47.841211,
BR-2270,-20.881442,-49.388393,
SNMX,-18.7213,-39.833698,SBJ
SDTF,-23.3319,-47.8783,
SNTO,-17.8923,-41.513599,TFL
SBTR,-29.4149,-49.810001,TSQ
SSVN,-28.935407,-51.568067,
SSVI,-26.999701,-51.141899,VIA
SBME,-22.343,-41.765999,MEA
SBMD,-0.889839,-52.6022,MEU
SWGN,-7.22787,-48.240501,AUX
SN6L,-3.614488,-40.231426,JSO
BR-0569,-14.907885,-40.914804,VDC
SBBG,-31.390499,-54.112202,BGX
SBTS,2.224537,-55.944711,
SBAN,-16.2292,-48.964298,
SBBW,-15.861417,-52.389008,BPG
SBCI,-7.32044,-47.458698,CLN
SNCP,-27.634128,-50.358253,EEA
SNLN,-19.355202,-40.07128,LHN
SBCC,-9.33394,-54.965401,
SNQX,-4.979006,-38.987622,
SBAF,-22.875099,-43.384701,
SBJH,-23.426886,-47.165658,JHF
SBTK,-8.155534,-70.782985,TRQ
SWBC,-0.981191,-62.918603,BAZ
SWBR,-4.40634,-59.602402,RBB
SNVS,-1.63653,-50.4436,BVS
SWCA,-4.871473,-66.897552,CAF
SSGY,-24.0811,-54.1917,GGJ
SNGA,-20.6465,-40.491901,GUZ
SWBG,-15.1934,-59.3848,LCB
SNSM,-0.696111,-47.336111,OPP
SNHS,-8.061433,-38.328888,SET
SSUM,-23.7987,-53.313801,UMU
SBTC,-15.354358,-38.998729,UNA
SSUV,-26.233224,-51.066754,UVI
SNEE,-28.43248,-51.023322,VCC
SJOJ,-4.870714,-47.390409,
SJER,-17.360044,-50.338433,
SWHP,-14.019959,-52.152003,GGB
SSAG,-19.711728,-52.726921,
SSLT,-29.811595,-55.894707,ALQ
SNFE,-21.4314,-45.932098,
BR-0687,-11.560653,-47.147057,
SDU3,-11.66442,-47.177707,
SWFZ,-9.987398,-56.675869,
BR-0371,-10.068612,-55.995278,
SJTF,-13.061944007873535,-62.25749969482422,
BR-2160,-20.57995,-49.074778,
SSXN,-8.298333333,-55.11472222,
BR-3022,-17.095972,-53.346133,
BR-0451,-17.926765,-53.220476,
SBAM,2.07751,-50.8582,
BR-2167,-12.9936,-39.639902,
BR-0031,-9.1736,-43.0513,
BR-2647,-19.507939,-55.614402,
SSGX,-19.569416,-56.245297,
SSKB,-19.474443435668945,-56.377220153808594,
BR-1101,-3.939457,-38.378971,
SIFV,-19.825829,-40.102168,
SJVO,-15.8994,-52.2411,ARS
SNAG,-18.668301,-48.190498,
SWON,-26.561531,-48.696048,
SIKK,-20.250557,-45.645,
SSOU,-10.187375,-59.457469,AIR
SDRR,-23.0922,-48.987399,
BR-2254,-23.221801,-48.790794,
BR-0139,-25.549311,-49.643565,
SSTH,-25.520223,-49.682472,
SIJR,-25.539024,-49.60236,
BR-3088,-17.005154,-56.471658,
SDBY,-22.069201,-48.706402,
BR-2181,-21.043384,-45.868231,
SWNK,-8.834573,-67.312485,BCR
SDOI,-23.298338,-47.692448,
BR-0322,-13.248888,-43.496667,
SIQE,-15.937469,-47.726636,
BR-0577,-16.014444,-47.558056,
SDAN,-22.245274,-48.259931,
SD4G,-9.567788,-68.290944,
SDJF,-23.846065,-48.448055,
SSDI,-5.659765,-43.705702,
SSWS,-30.549625,-53.458177,
SSKS,-30.00189971923828,-52.940799713134766,QDB
SDLK,-14.4812,-42.264702,
SNWC,-2.895596,-40.859299,CMC
SNCV,-19.551478,-49.497425,
SNCA,-20.89229965209961,-45.33509826660156,
SSKM,-24.009199,-52.3568,CBW
SWOZ,-15.304751,-54.900644,
SIWJ,-15.528713,-55.141441,
SWOC,-22.025278091430664,-57.364723205566406,
SDKB,-21.788055,-47.055557,
SWWZ,-4.109722,-38.242778,
SSCL,-19.146861,-51.676941,CSS
SWCZ,-15.34422,-49.604019,
SNAN,-28.066857,-53.877368,
SNIO,-11.125278,-38.486946,
SWKO,-4.13406,-63.132599,CIZ
SJQP,-12.801619,-50.628347,
SNKD,-19.020299911499023,-43.43389892578125,
SJHG,-10.633296,-51.565836,CFO
SNKF,-20.738585,-43.797444,
SSCP,-23.152711,-50.602868,CKO
SSCI,-18.477699,-54.714699,
SJCY,-15.680085,-55.95603,
SIAQ,-15.506389,-56.098333,
SNUS,-19.941324,-47.771367,
BR-1082,-25.684586,-53.06747,
SJTZ,-4.3027777671813965,-47.581668853759766,
SSIC,-22.306667,-54.824444,
SWEI,-6.639533,-69.879709,ERN
SIXE,-30.050278,-51.443611,
SSEZ,-28.738719,-52.857248,
SSEE,-29.453107,-51.934072,
BR-2768,-18.726931,-47.869263,
SJFF,-20.294722,-50.41055,
SJDS,-3.917155,-38.489179,
SNFO,-20.395299911499023,-45.48360061645508,
SNFF,-3.809903,-38.614597,
SSFE,-25.460699,-54.598468,
BR-2997,-27.347778,-53.4025,
SSGA,-29.269047,-51.531674,
SIGN,-15.571389198303223,-53.233612060546875,
BR-1218,-27.862438,-52.185247,
SWOA,-16.539443969726562,-49.398887634277344,
BR-0135,-15.920225,-50.193045,
SIII,-20.433126,-48.225367,
SNNM,-25.56849,-51.495162,
SSGB,-25.881559,-48.611759,
SSHZ,-27.6383,-54.3391,HRZ
SWHT,-7.532120227810001,-63.072101593,HUW
SSAB,-23.762199,-50.263,
SWYV,-21.09149,-49.224249,
SNIG,-6.346319,-39.294448,QIG
SSIJ,-28.368711,-53.846568,IJU
BR-1754,-28.179474,-48.682791,
BR-2377,-23.427111,-47.582061,
SDED,-22.440516,-47.700402,
SNIC,-11.339900016784668,-41.84700012207031,IRE
SIGT,-23.989445,-49.179169,
SIJY,-26.983055,-48.816387,ITJ
BR-2556,-22.435479,-45.482411,
BR-2266,-23.349722,-47.327778,
SDJC,-21.229755,-48.284212,
SDXE,-21.264799118041992,-48.35609817504883,
SDMV,-22.275223,-48.60415,
SWKA,-15.595277786254883,-51.25722122192383,
SNLY,-20.061399459838867,-45.554901123046875,
SSOL,-21.240601,-44.963902,VRZ
BR-2238,-22.603889,-47.411944,
SSWM,-23.495871,-51.320029,
SWMC,-21.458332061767578,-47.887779235839844,
BR-1675,-12.06822,-45.71153,
SWFN,-3.072917,-60.021937,
SDPA,-22.927133,-44.080185,
BR-1279,-11.08977,-54.532762,
SWME,-17.551399,-52.556702,
SSSP,-20.0402774810791,-56.310001373291016,
SDAS,-21.276203,-51.283088,
SJCA,-21.532177,-47.04727,
SDKK,-21.487802,-47.034123,
SDMJ,-22.410842,-46.90576,
BR-0724,-16.449075,-49.012169,
SNBM,-21.126101,-42.394402,
SWHD,-23.022277,-53.901218,
SWXV,-14.697778,-52.347246,NOK
SSNH,-29.69610023498535,-51.08169937133789,QHV
SSOS,-29.902286,-50.249191,
SDOW,-6.762992,-51.04993,OIA
SNOF,-22.297213,-46.392418,
SSPS,-26.472000122070312,-51.97589874267578,
SSPN,-19.651199,-51.199402,PBB
SSPI,-23.089899,-52.488499,PVI
BR-0535,-6.639812,-36.653894,
SSAQ,-28.250601,-52.516701,
SNOS,-20.731838,-46.662011,PSW
SNPJ,-18.909400939941406,-46.98270034790039,
SSOI,-22.307222366333008,-48.771942138671875,
BR-3043,-11.733611,-49.333889,
SNPC,-7.061385,-41.525871,PCS
SDZH,-22.890556,-45.493056,
SJQE,-25.407713,-49.050479,
SISY,-25.450986,-49.1422,
SB06,-15.8489,-48.982601,
BR-0108,-4.335206,-41.768978,
SWCT,-17.366367,-56.791377,
SWYK,-17.062599,-56.583698,
SSBN,-30.188978,-51.182148,
SDYS,-27.173611,-48.631111,
SSPM,-21.7096,-57.880199,
BR-0669,-16.358824,-39.01528,
SSXO,-23.288888931274414,-52.12916564941406,
SWHR,-21.856125,-52.185663,
SDPV,-21.893299,-51.884399,
SDRC,-22.181663,-50.865319,
SIIG,-22.359959,-51.101661,
SD2I,-22.175443,-50.909067,
BR-1316,-22.164531,-50.964731,
SNDC,-8.031188,-49.979687,RDC
SDYJ,-22.226225,-51.348806,
SJEH,-22.101357,-48.226719,
SWGK,-12.56158,-51.694515,
SSCM,-21.61412,-54.79561,
BR-1054,-22.983968,-43.37706,
BR-3181,-19.441362,-55.063562,
BR-0423,-19.51719,-55.231771,
BR-0075,-11.655585,-61.775907,
BR-2173,-20.0403,-47.421501,
SDES,-20.761969,-47.862237,
SNSS,-16.2083,-42.321999,
SDBN,-23.687623,-47.557561,
SWRT,-17.3477783203125,-53.19305419921875,
SWFL,-10.093889,-50.382778,
SWII,-2.940141,-69.694264,IPG
SWLV,-15.8534,-56.087399,
SWBE,-4.042841,-40.893813,JSB
SSSB,-28.6549,-56.034599,JBS
SWFX,-11.6324,-50.689602,SXO
SNFX,-6.6413,-51.9523,SXX
SSSS,-26.219866,-48.567381,
SSGO,-19.428081,-54.588751,
SIPA,-21.647157,-46.928262,
SSUL,-25.476944,-49.154167,
SNLO,-22.0909,-45.044498,SSO
SSRU,-31.38330078125,-52.032798767089844,SQY
SDNO,-22.695801,-48.576599,
SDRA,-23.875601,-48.0518,
SWUA,-13.3313,-50.197601,SQM
SDAE,-22.583127,-47.896111,
SBES,-22.812901,-42.092602,
SWKQ,-9.083392,-42.644656,NSR
SNPY,-20.9482,-46.9832,
SSEP,-30.182199,-53.579399,
BR-3151,-17.984285,-52.574043,
BR-0461,-12.594051,-55.697996,
SNQD,-6.78544,-38.233398,
BR-2988,-20.661666870117,-50.841667175293,
SJWN,-23.56246,-49.257689,
SDZG,-5.9334,-40.2975,JTA
SDET,-23.105033,-47.723814,
BR-1079,-27.28808,-48.657706,
SNDR,-5.07979,-42.873699,
SSTB,-26.135799,-50.310902,
SNVI,-21.789115,-45.26818,
SDL7,-16.591698,-49.394107,
SDTI,-21.392141,-51.59959,
SNUB,-21.121,-42.881901,
SDTO,-21.25517,-49.79484,
SBUY,-4.884263,-65.355421,RPU
SIYK,-17.456666946411133,-48.21527862548828,
SDVE,-22.230199813842773,-49.81719970703125,
BR-1021,-30.119814,-50.853653,
SNUG,-14.9555559158,-59.622779846200004,
SIVU,-20.422911,-40.332484,
SWXU,-10.663718,-68.485873,
SBAC,-4.568896,-37.805135,ARX
SBGM,-10.78641,-65.28486,GJM
SBMC,-13.5491,-48.195301,MQH
BR-2182,-4.94727,-38.008202,
SBTA,-23.0401,-45.51615,
SNMU,-18.048901,-39.864321,MVS
SNYA,-1.479524,-52.578214,GGF
BR-0263,-6.8827,-38.61583,CJZ
SNL3,-18.267161,-56.487952,
SNM6,-22.396719,-53.680777,
SWGT,-17.172918,-50.208507,
SIZX,-11.2966,-57.5495,JUA
SJOH,-2.186667,-56.090279,JRT
SWLB,-7.27897,-64.769501,LBR
SIRI,-13.906082,-38.940804,MUU
SNTI,-1.867981,-55.514596,OBI
SNZR,-17.242599,-46.883099,PYT
SNEB,-3.019798,-47.316474,JPE
SNFH,-22.559118,-55.381143,
SWTP,-0.378604,-64.992558,IRZ
SWTS,-14.662,-57.443744,TGQ
BR-0925,-13.240032,-39.759292,
SSDK,-20.075955,-44.727917,
BR-0228,-15.68727,-44.476848,
BR-0231,-15.361892,-42.371236,
BR-0234,-15.083994,-49.294977,
BR-0306,-12.140605,-50.677037,
BR-0258,1.617119,-63.65329,
BR-0272,-21.65328,-52.426395,
BR-0273,-13.434052,-47.152733,
BR-0280,-13.115192,-44.681977,
BR-1435,-4.284744,-39.940705,
BR-3268,-13.0484,-57.791747,
BR-1006,1.597558,-54.134285,
BR-1011,-13.133265,-55.445081,
SI8Y,-15.545631,-56.594236,
SD75,-19.023319,-45.4117,
SNLI,-19.1556,-45.494801,
SI4K,-1.794319,-48.792022,
SDLI,-8.73699,-39.115398,
SI7X,-9.246739,-49.395683,
SWUX,-9.244835,-49.666942,
SS2Z,-9.386899,-49.310819,
BR-1102,-9.719693,-65.144742,
SI2Y,-4.731317,-47.956977,
SD8Y,-4.8875,-47.220556,
BR-2568,-4.646389,-47.233334,
BR-2767,-2.25126,-48.592451,
BR-1436,-4.20618,-38.682795,
SIAP,-31.73442,-54.089186,
BR-3119,-15.093319,-56.37704,
BR-3172,-17.575001,-50.174997,
SWZN,-17.314771,-50.424987,
BR-2502,-17.633208,-50.471807,
SNUC,-5.59505,-36.960899,
SWYO,-21.48292,-51.025562,
BR-2166,-10.5809,-38.088799,
BR-1072,-7.764304,-37.596003,
BR-2847,-7.723611,-37.618889,
SN4M,-4.205833,-43.298889,
BR-2849,-8.610556,-41.00047,
BR-0026,-0.1581,-50.3881,
SDUK,-14.0966672897,-52.9019432068,
BR-2422,-13.736944,-52.589443,
BR-3137,-13.880673,-52.400002,
SWCM,-13.994372,-52.933202,
SWGV,-12.801944,-52.607777,
BR-0760,-14.071369,-52.038982,
BR-1196,-13.730606,-52.69571,
SD31,-14.089192,-52.248619,
SD95,-14.056831,-52.577289,
SNF7,-13.751614,-52.922017,
SNG3,-13.878284,-52.61457,
SI4H,-13.722581,-53.092983,
SJ39,-14.114444,-52.191667,
SDT4,-14.096057,-52.690872,
SI3A,-20.181194,-52.979625,
SI7S,-19.680229,-52.894262,
SI24,-20.138056,-52.978333,
BR-1015,-20.167285,-53.070656,
BR-1889,3.043056,-60.947778,
SIQ6,-19.883333,-53.258389,
SJ9T,-19.535715,-53.019455,
BR-1810,-19.913024,-56.017914,
BR-1788,-19.698471,-53.081144,
SSSR,-20.316389083862305,-52.733333587646484,
SSYV,-19.726388931274414,-52.85139083862305,
SSZG,-19.257221221923828,-52.89638900756836,
SSZU,-19.503125,-53.049556,
BR-2915,-20.169722,-52.933056,
BR-2935,-19.480568,-52.798395,
SDAU,-19.4685,-52.6214,
BR-2695,-19.519453,-52.603884,
SJUQ,-19.739436,-52.606647,
BR-2731,-19.585548,-52.95148,
SJWW,-20.02138900756836,-53.21611022949219,
BR-2756,-19.947849,-48.035496,
BR-1605,-14.883889,-47.641389,
SSZT,-22.794166564941406,-49.34111022949219,
BR-0942,-22.7976,-49.269128,
BR-0789,-22.745532,-49.291213,
BR-2158,-12.175078,-38.380055,
SNCW,-2.373,-44.3964,
SNMV,-18.347233,-53.751654,
SINR,-18.007405,-54.009289,
SIXV,-18.145292,-53.363466,
BR-1794,-17.949702,-53.897262,
SDS8,-18.024762,-53.262527,
BR-0571,-17.936111,-53.904722,
SWHM,-18.3125,-53.662833,
SNC4,-4.661431,-43.506733,
SSOR,-29.817701,-55.714634,
BR-2918,-29.436281,-56.293892,
SJWG,-29.780277252197266,-55.69722366333008,
SDX7,-29.804506,-55.78572,
SD4D,-29.753193,-55.155211,
SWYE,-29.555833,-55.784444,
SS2X,-29.66319,-55.948492,
SDE6,-30.031667,-55.313611,
BR-0801,-30.058095,-55.435554,
BR-ALT,-1.917,-54.7231,ALT
SD8G,-1.614735,-54.547679,
SD9E,-1.394722,-55.126111,
SD7B,-0.755395,-55.053735,
BR-2196,-15.935718,-48.644728,
BR-0016,-16.06185,-48.5294,
BR-0894,-21.347703,-45.836725,
BR-2623,-27.824879,-49.236475,
BR-0151,-11.295845,-48.926706,
BR-0175,-11.304256,-48.679433,
SJC4,-11.436389,-47.125278,
BR-1606,-11.23,-47.165833,
BR-0276,-11.579887,-47.162158,
SDV9,-11.199761,-47.324064,
SWIV,-1.26805603504,-53.261390686,
BR-2722,0.290206,-53.87189,
SNSL,0.338457,-53.818049,
SI38,0.583874,-54.209777,
SJ4N,0.62,-54.427222,
SI34,0.851175,-54.650278,
SDQ3,1.951111,-55.1225,
SDK2,1.218611,-54.658611,
SS82,-0.075011,-53.11976,
SNAR,-16.165579,-40.684024,AMJ
SD5K,-27.09273,-53.022319,
SJJ3,-10.369722,-56.589722,
SN3T,-10.304088,-56.934845,
SJM8,-10.328198,-56.076828,
BR-1857,-9.704158,-56.01164,
SIX8,-10.38571,-56.579382,
SNOL,-9.969649,-56.216799,
SI3C,-10.458889,-56.343611,
SJJN,-10.282778,-56.325556,
SSHT,-10.1304620248,-56.7186355591,
SWQW,-10.051621,-56.832232,
BR-3130,-9.965737,-56.154791,
SWVH,-9.523333,-56.238333,
SWWN,-10.307853,-56.579088,
BR-3032,-10.0002784729,-57.067222595215,
BR-3034,-9.562828,-57.382689,
SWEN,-9.937751,-56.087244,
BR-2827,-10.416667,-56.388611,
BR-2427,-9.667778,-55.976665,
SJJK,-10.028889,-56.7383,
SJPP,-9.85694408416748,-56.00444412231445,
SJVM,-9.89194393157959,-56.12944412231445,
BR-2554,-10.281914,-56.466779,
BR-0074,-11.919358,-61.97612,
BR-1277,-12.429319,-62.141246,
BR-0478,-13.053664,-62.564564,
SN16,-12.182689,-62.408467,
SI9V,-11.87162,-61.989122,
SD9M,-13.095556,-62.387778,
SDFC,-20.489442,-49.188638,
SDNV,-9.503889,-54.011944,
SJBK,-5.679363,-54.244999,
BR-2572,-8.158442,-54.808134,
BR-2588,-6.188056,-54.072224,
BR-2878,-6.420713,-53.610569,
SNZE,-3.168979,-52.19025,
BR-2761,-3.290677,-52.263531,
SDWC,-7.35579,-54.826347,
BR-2327,-8.724905,-53.391234,
BR-0871,-7.957261,-53.262633,
BR-0644,-8.004433,-54.935524,
BR-0734,-6.621785,-54.983764,
SN7H,-3.158056,-52.166111,
SN3R,-3.205144,-52.431883,
SIG4,-6.487057,-54.897358,
SS4F,-4.478831,-53.832714,
SSB3,-6.0252,-53.72525,
SWUQ,2.83528,-63.646999,
SWAE,3.551929,-63.169445,
SJLC,2.722243,-63.577944,
SJLE,3.223961,-63.202282,
SJMH,3.329557,-62.97123,
SJMI,3.282719,-63.849808,
SJNC,3.147511,-62.230371,
SJNG,2.611256,-63.871121,
SJYG,2.765000104904175,-62.22140121459961,
SJYJ,3.160830020904541,-63.78139877319336,
SJYL,2.7369399070739746,-62.01940155029297,
SNL2,3.172567,-61.421586,
SJ8Q,3.213093,-61.094701,
SDMG,2.675404,-63.746667,
SDZK,2.991667,-63.709722,
BR-0706,3.368183,-61.219713,
SJ2W,3.133324,-61.041673,
SWKL,-12.557778358459473,-61.99611282348633,
SDCJ,-17.689156,-53.584238,
SJ76,-17.763006,-53.732727,
BR-0933,-17.27798,-53.254711,
SJ68,-11.975144,-52.120825,
SIK8,-11.872655,-52.136389,
BR-2494,-12.035795,-51.634884,
BR-0751,-29.379167,-51.330278,
SWRE,-16.770208,-53.526433,
SWRD,-11.731945,-62.709045,
SS8N,-16.998234,-53.460652,
SD6S,-16.855913,-53.601046,
BR-1166,-16.902445,-53.587821,
BR-1198,-16.532975,-53.277784,
SWDC,-16.93555,-53.573424,
SWJY,-16.844722747802734,-53.73444366455078,
SWYW,-16.834061,-53.83648,
BR-3223,-16.95611,-53.57,
BR-0201,-14.196032,-49.362951,
SDXF,-14.121000289916992,-47.53089904785156,
SJSU,-23.561605,-53.795096,
SIIS,-23.655,-53.833611,
SS2Y,-14.40473,-47.653284,
BR-3256,-9.736146,-46.63697,
SN2L,-9.061517,-46.182642,
SIB6,-9.266427,-46.12741,
SN2Q,-8.876944,-46.075556,
BR-2757,-9.08533,-45.955603,APY
SNZH,-9.009188,-46.136162,
BR-2632,-17.782311,-53.45693,
BR-0511,-17.746047,-53.355196,
SSEH,-17.953015,-53.246868,
BR-1722,-18.038024,-53.151476,
SJD2,-17.850856,-53.29886,
SIZF,-23.9950008392334,-53.956111907958984,
BR-1774,-5.071162,-42.509948,
SDEM,-22.104056,-51.454858,
BR-0147,-12.499175,-49.108361,
BR-0148,-12.493611,-49.149912,
SI7A,-8.441991,-43.858564,
SW29,3.496549,-61.38247,
SD1J,3.482131,-61.1345,
SIA7,3.975674,-61.382939,
SIP6,3.909391,-61.436652,
SIS8,3.576939,-61.405331,
SDRM,3.926666,-64.184722,
SDRP,3.711335,-64.163275,
SDWO,3.862133,-62.579077,
SDYT,3.763889,-63.986944,
SJXV,-22.931110382080078,-55.054443359375,
SIWB,-23.190468,-55.289855,
BR-2619,-22.983055,-55.02,
SDRY,-22.953761,-54.841044,
SNWO,-23.017778396606445,-54.62444305419922,
BR-2900,-23.14405,-55.207684,
SSFD,-23.002675,-54.700604,
BR-3194,-23.286944,-54.841111,
BR-2946,-23.406944,-55.226665,
BR-2958,-23.2925,-55.055832,
SIKA,-23.110556,-54.558055,
SI9G,-23.076944,-55.229722,
SJ3T,-22.97435,-54.613843,
BR-1662,2.01811,-50.79728,
BR-0141,-13.941568,-49.277504,
SDJ7,-6.149609,-42.953627,
SS3Z,-5.445664,-46.784831,
BR-0101,-5.5829,-46.741288,
BR-1864,-3.090236,-39.660237,
SNV6,-3.315799,-39.883598,
SI7T,-9.703317,-36.322548,
BR-0027,-1.000581,-49.925344,
SDAF,-22.1567,-47.719299,
SWUL,-6.216058,-48.425922,
BR-1074,-6.225808,-48.251932,
SDZ4,-6.160556,-48.219167,
BR-0225,-6.341518,-48.073813,
SIY9,-3.280072,-51.301631,
SJ88,-20.615833,-55.640556,
SIIT,-20.759998,-55.572227,
BR-0934,-20.86007,-55.643582,
BR-2947,-20.476110458374,-55.833610534668,
SSME,-20.976584,-55.565663,
SSRH,-20.778055,-55.982938,
BR-1683,-22.218069,-52.746442,
SIMU,-22.278524,-52.844485,
SJGZ,-22.093583,-52.674999,
SJP9,-22.188014,-52.944281,
SNQ7,-22.279006,-53.019684,
SD3P,-22.085556,-52.851389,
BR-1846,-21.886569,-52.930434,
SIQ8,-12.686822,-41.276133,
SSAN,-23.027335,-50.2271,
BR-2559,-21.955509,-46.546932,
SIOB,-20.818202,-51.266799,
BR-2291,-21.054443,-51.406113,
BR-2345,-20.81046,-51.301224,
SWLY,-20.880883,-51.356143,
SSTD,-28.550832748413086,-51.59611129760742,
SJJR,-21.71417,-44.203892,
SWWH,-21.9827,-53.904,
SSEQ,-21.92332,-53.940833,
BR-0364,-22.039121,-53.846011,
BR-1209,-21.998056,-54.068912,
SDIL,-22.902362,-44.28802,
BR-2433,-23.059619,-44.314882,
SID8,-23.153056,-51.867778,
BR-3258,-22.655804,-48.147575,
BR-0059,-16.4468,-49.9711,
BR-0065,-3.725643,-61.667054,
BR-0670,-22.210531,-55.797249,
BR-1773,-22.266755,-55.778126,
SSLL,-22.249873,-55.926764,
SSHG,-22.357945,-55.763847,
SS23,-28.860255,-51.334424,
SDTQ,-18.229061,-51.207886,
SISD,-18.14522,-51.273805,
BR-0617,-18.275889,-51.231626,
SD2M,-20.196111,-51.075,
SS4D,-20.110988,-51.216162,
SIQU,-20.08639,-51.309468,
SIZH,-19.99305534362793,-51.51416778564453,
SSBF,-20.002079,-51.38345,
BR-2964,-20.048738,-51.476297,
BR-0159,-8.863569,-57.420427,
SJ9P,-8.876667,-57.415278,
SIP3,-9.454497,-57.859719,
SDN4,-9.525593,-57.694966,
BR-2616,-8.895776,-58.550081,
BR-2648,-9.291942,-58.033236,
SDOZ,-8.100681,-58.284104,
BR-3188,-7.958802,-57.839962,
SISK,-18.8645,-52.0474,
BR-0035,-18.94,-51.923,
BR-0037,-18.8333,-52.059,
SNC1,-18.654725,-52.374391,
BR-1761,-18.712656,-51.871052,
BR-3236,-19.097706,-51.716482,
SBOL,-18.920278,-52.001389,
BR-1522,-18.711222,-52.041314,
SWYN,-7.172773,-59.8396,IUP
BR-0898,-7.771226,-60.379653,
SJ44,-6.831944,-59.306667,
BR-0765,-19.864066,-55.513068,
BR-0763,-19.252127,-55.519638,
BR-0824,-19.415842,-56.193288,
BR-0547,-19.697111,-56.28251,
BR-1488,-20.155515,-55.545408,
BR-1511,-19.880278,-56.025278,
BR-1518,-20.063283,-56.164069,
SDSS,-19.254167,-55.783056,
BR-1421,-19.660229,-55.625346,
SI8A,-20.099065,-55.478858,
SI9C,-19.648889,-55.845,
SI9N,-19.659444,-56.331944,
SJ4R,-20.309371,-56.166923,
SDR8,-19.882588,-55.487061,
SDX5,-19.584527,-56.000553,
SDG1,-19.825756,-55.478344,
SI07,-19.761892,-55.599967,
SNY4,-19.534967,-55.625242,
SN8O,-19.411722,-56.233911,
SNN6,-20.090842,-55.965707,
BR-1053,-19.358674,-56.411774,
BR-1068,-19.928077,-55.672261,
SDI7,-19.585833,-55.696944,
SIKR,-19.581399,-56.085522,
BR-1637,-19.287222,-56.135395,
SJ8K,-19.531137,-55.282233,
SJL7,-19.945768,-55.794078,
SN3Z,-19.381944,-56.235556,
SSOQ,-19.577777862548828,-56.1522216796875,
SSQU,-20.064722061157227,-55.70166778564453,
BR-2679,-19.372828,-56.346277,
BR-2356,-20.099167,-55.926945,
SIFA,-19.791055,-56.476336,
SISX,-19.379788,-56.057986,
SITX,-19.774445,-55.521667,
BR-2517,-19.403889,-55.862778,
SIWZ,-19.481135,-56.484526,
SIYE,-19.09639,-55.569721,
SJBT,-19.575061,-56.100508,
SJDN,-19.456729,-55.741625,
SJDT,-19.51876,-55.312922,
SJDX,-19.412815,-55.549932,
SJEF,-19.747751,-56.042912,
SSGH,-20.073735,-56.073249,
SSHA,-20.480833053588867,-55.76944351196289,
SSHU,-19.45805549621582,-56.0452766418457,
BR-2936,-20.267874,-55.73184,
BR-2944,-19.75627,-55.478729,
SSNJ,-19.5075,-55.90528,
SNAU,-10.901452,-37.082921,
BR-0472,-12.163333,-38.293333,
BR-1653,-4.64604,-37.79253,
BR-1620,-21.2532,-50.5337,
SDWZ,-21.190584,-50.562228,
SI9O,-21.029639,-50.594008,
SDGY,-20.926714,-50.743803,
BR-3167,-19.622072,-40.201496,
SNUI,-16.851571,-42.045633,AIY
SWEC,-15.89748,-52.09569,
BR-0221,-7.170034,-48.533374,
BR-1910,-8.892894,-49.351772,
SN6H,-8.973802,-49.449666,
SI5R,-9.098301,-49.668026,
SJAU,-8.83772,-49.557499,
BR-3062,-9.746944,-49.980831,
SJFK,-12.591994,-49.532516,
SDV1,-12.84058,-49.961406,
SJ74,-12.813464,-49.568577,
BR-0145,-12.948367,-49.821905,
SDY8,-12.6466,-49.409813,
SJK2,-14.639036,-51.761078,
SJB8,-15.146361,-51.871783,
SNI4,-15.286274,-52.033265,
SIL3,-15.66271,-51.870067,
BR-3053,-15.058333,-51.916668,
BR-3129,-15.228871,-51.975217,
SWSD,-15.623888969421387,-51.81388854980469,
BR-1385,-7.219414,-49.168588,
SBOD,-7.455833,-49.195556,
SJ8W,-7.345424,-48.193969,
SDB2,-7.35691,-48.804732,
BR-0531,-7.284167,-48.130556,
BR-0827,-7.3175,-48.762778,
BR-1301,-6.856346,-48.439722,
SB29,-6.87094,-48.534901,
SD5C,-15.15412,-50.532449,
SN2H,-15.136667,-50.439444,
SII6,-15.110392,-50.629858,
SD8V,-5.57661,-48.06032,
SJGU,-5.68603,-48.11427,
BR-2837,-22.842777,-55.570557,
SNWU,-23.005477,-55.50928,
SSKH,-22.911666870117188,-55.53889083862305,
BR-2425,-22.800543,-55.505304,
SSYZ,-22.84986,-55.410152,
BR-3213,-22.87,-55.5,
BR-0841,-22.931206,-55.588507,
SDC6,-22.974444,-55.316111,
BR-1600,-4.784167,-45.845,
SIKM,-5.289167,-46.001667,
SIKN,-5.157222,-45.915558,
SDTE,-23.220197,-49.075844,
SNAL,-9.776589,-36.628983,APQ
SWED,-7.758636,-49.127489,
BR-0219,-7.645339,-49.058384,
SSYE,-15.320833206176758,-58.50166702270508,
SWTA,-15.416306,-58.408187,
SWTN,-15.046599,-58.729201,
SWYH,-15.291592,-58.314893,
BR-3171,-15.491465,-58.398168,
SNWJ,-15.208056449890137,-58.62472152709961,
BR-0964,-28.974435,-49.488253,
BR-1758,-21.732367,-48.221647,
BR-2981,-21.678611755371,-48.211944580078,
SNAB,-7.586417,-40.535431,JAW
SNAE,-8.407778,-37.088333,
BR-0184,-14.498655,-56.851413,
SWJG,-14.483611106872559,-57.43388748168945,
BR-0060,-16.3833,-51.5803,
BR-0226,-15.890444,-46.099357,
SNNN,-15.989751,-45.997848,
SWVX,-10.2415,-60.1409,
BR-3020,-10.141667,-60.652778,
SWIU,-9.847383,-61.417572,
SWLP,-9.968610763549805,-61.22972106933594,
BR-3092,-9.289453,-60.696678,
SWMQ,-10.428823,-60.546942,
SWQH,-10.147221565246582,-60.538612365722656,
SIWA,-10.74854,-59.373776,
BR-2400,-9.912923,-60.862559,
BR-2808,-9.516667,-61.25,
BR-2809,-9.69848,-61.023919,
BR-2816,-9.999444,-61.052223,
SJ6E,-10.024705,-59.185286,
SDW8,-10.053179,-59.219192,
SN7J,-10.610476,-58.994962,
SNW3,-9.464392,-60.525014,
SN6C,-9.784895,-63.517586,
SJOG,-9.880436,-63.047115,AQM
BR-3136,-8.9169435501099,-62.117221832275,
BR-0274,-12.967626,-46.857667,
SJF7,-12.365278,-47.097222,
SI8X,-12.617159,-46.834564,
BR-0840,-12.890307,-46.693536,
BR-2149,-13.025154,-46.884107,AAI
BR-2751,-12.608968,-46.747109,
BR-0131,-12.549442,-46.886701,
SJ98,-32.010556,-52.600278,
BR-3245,-32.21094,-52.96188,
BR-3246,-32.14963,-52.77966,
SSAE,-32.229154,-53.055544,
SWYU,-14.439712,-50.86458,
SWNH,-14.933275,-51.048888,
SIZ8,-15.143889,-50.893889,
BR-0776,-14.248889,-50.880556,
BR-0434,-14.981989,-50.849584,
BR-1531,-14.135,-50.823611,
BR-1115,-6.989027,-39.844458,
BR-1699,-10.925212,-69.557254,
BR-2875,-9.484183,-35.956067,
SWEE,-4.52378,-71.560799,
SWJV,-5.127240180969238,-72.80999755859375,
SJRO,-20.530555725097656,-50.6349983215332,
BR-2354,-20.742536,-50.531702,
BR-0288,-2.265221,-47.594317,
SNOK,-2.332414,-47.656222,
BR-1298,-12.527793,-46.186323,
BR-0155,-3.598333,-59.126286,
BR-1826,-3.544444,-59.777222,
BR-2401,-3.593611,-59.652222,
BR-2592,-22.153395,-49.302864,
BR-0534,-21.519974,-49.999379,
SDF7,-23.241111,-48.985,
BR-2608,-3.607246,-55.31554,
BR-2315,-3.510294,-56.311784,
BR-2646,-3.278693,-56.201354,
SNBI,-4.22771,-44.82,
SIK7,-31.231067,-53.672578,
SSCE,-31.327778,-54.134724,
BR-2738,-31.29268,-54.156822,
SIQA,-6.407982,-35.044753,
BR-0679,-12.711863,-44.584951,
BR-2448,-2.924426,-49.785479,
BR-2760,-2.789045,-49.651992,
SSAO,-12.009456,-40.274425,
SJCQ,-11.9355,-40.050701,
BR-3189,-9.1044,-45.4166679382,
SJRI,-8.406389236450195,-45.44138717651367,
BR-0380,-9.058762,-45.504167,
BR-0620,-8.023637,-44.893809,
SSSI,-7.868144,-45.01548,
BR-0747,-8.471167,-45.328109,
SWJI,-8.146582,-45.205931,
BR-0750,-8.252789,-45.244784,
SJQ3,-8.10655,-44.901667,
BR-1146,-8.374555,-45.138458,
BR-1189,-8.333008,-45.08544,
BR-1273,-7.94832,-45.084942,
BR-1532,-8.711109,-45.021752,
SSIA,-8.427943,-45.310246,
SS6C,-8.081043,-44.954583,
SSA4,-8.981254,-45.424206,
SN1B,-8.596029,-45.205915,
SS7N,-8.244556,-44.986467,
SN6Z,-8.750556,-45.011389,
SJ8V,-8.203559,-45.311332,
SJ8H,-8.224167,-44.860833,
SJ9J,-8.155437,-44.964697,
SNBG,-19.499001,-41.041801,
BR-0368,-19.290439,-43.889987,
BR-0051,-16.1997,-52.5261,
SWJE,-16.396944046020508,-52.328609466552734,
SNBS,-7.525305,-46.053364,BSS
BR-1670,-7.317425,-46.073893,
SJH9,-9.092778,-46.648611,
SJZ8,-7.601111,-45.970556,
SN4B,-7.238333,-45.972222,
SIS6,-9.303465,-46.805736,
SIT8,-8.959797,-46.814131,
SJW1,-8.135011,-46.144422,
BR-1934,-8.927417,-46.506019,
SS3T,-9.304242,-46.668433,
SS4K,-9.029508,-46.78543,
SJ66,-8.774545,-46.324752,
BR-2726,-8.518466,-46.751362,
SINN,-8.806944,-46.358891,
SITJ,-7.4904,-46.144934,
BR-2514,-7.089905,-45.95139,
SIUM,-8.556111,-46.849998,
BR-2879,-7.375278,-45.989723,
BR-2170,-20.0364,-45.972301,
SJFU,-6.696417,-35.631234,
BR-0181,-20.040262,-54.151159,
SN9I,-19.952672,-53.977908,
SJQ4,-19.774707,-54.402598,
SSBR,-23.072799682617188,-50.423099517822266,
BR-0216,-7.773402,-48.559079,
SD8E,-7.424742,-50.781599,
SJZ2,-7.709144,-50.656204,
SSXB,-17.152219,-56.570669,
BR-3004,-17.049999237061,-56.083332061768,
BR-3026,-16.945033,-56.391278,
BR-3052,-16.833332061768,-55.669166564941,
BR-3069,-17.006745,-56.47934,
BR-3117,-16.967222,-56.417221,
BR-3157,-16.680833816528,-56.299167633057,
SWWV,-16.706075,-56.030357,
SWWW,-16.6891,-56.176856,
SWWX,-16.746794,-56.371007,
SWWY,-16.588403,-56.280842,
SWZB,-17.005472,-56.459641,
SIMO,-16.770832,-56.172677,
SISL,-16.894737,-55.90672,
SIVV,-16.931465,-56.228961,
BR-2352,-16.483333587646,-56.270000457764,
SIJM,-17.144444,-56.597778,
BR-1186,-17.158056,-56.614722,
BR-0437,-17.130347,-56.39312,
SNXT,-17.181518,-56.021894,
SJ2U,-16.978746,-55.660052,
SW26,-16.902807,-56.258539,
BR-1526,-16.734444,-55.737778,
BR-3156,-1.691388889,-63.785,
BR-0270,-21.315795,-53.088728,
SJV9,-11.190278,-43.205556,
SNBX,-11.0808,-43.147499,BQQ
SDLU,-22.483101,-48.524502,
BR-2209,-9.373161,-35.539736,
BR-2676,-14.982275,-57.991601,
BR-2735,-14.800646,-57.973151,
BR-3124,-14.816944,-56.950558,
SWUW,-15.110948,-56.836696,
BR-3024,-15.058610916138,-57.183055877686,
SIO6,-14.860983,-57.900281,
BR-1759,-14.986385,-57.303584,
SD7J,-15.079722,-57.241389,
SD3M,-14.973333,-57.425556,
BR-1591,-15.173983,-57.127143,
BR-0821,-14.827011,-40.650193,
SS4U,-5.639585,-45.230105,
SJ8S,-5.7175,-44.968889,
SNBC,-5.5025,-45.215833,BDC
SDOD,-5.837362,-45.530848,
SDOA,-5.486818,-45.083058,
BR-3041,-14.938234,-52.173453,
BR-3042,-15.577153,-52.219093,
SWDJ,-14.85733,-52.036239,
SWFG,-12.029999732971191,-51.6775016784668,
SWMY,-11.566944122314453,-50.700557708740234,
SWOL,-15.096111297607422,-52.400001525878906,
SWPH,-15.226674,-52.12875,
BR-3162,-12.005556106567,-53.402221679688,
SIDM,-15.036799,-52.099529,
SIZK,-14.87378,-52.110643,
SDQZ,-15.397697,-52.074881,
BR-2201,-15.687787,-52.266008,
SJB9,-15.39689,-52.554134,
BR-1891,-15.684286,-52.561622,
SJY6,-15.361111,-53.049722,
SW1H,-15.396,-53.1566,
SSQS,-15.032426,-52.310209,
SD7P,-7.950556,-47.524444,
SIFU,-22.415472,-43.774735,
BR-0444,-29.980556,-57.271111,
SJ4E,-4.204621,-42.251454,
BR-1838,-11.876389,-46.255278,
SJ9L,-12.14782,-45.477122,
SDP6,-11.983021,-46.215202,
SD9R,-12.124603,-45.376239,
SD9S,-11.844545,-45.793741,
SJZ6,-12.252515,-45.159485,
SIQ2,-11.862615,-45.324205,
SSBI,-11.85146,-46.302258,
BR-0503,-11.708202,-45.985349,
BR-0504,-11.656275,-46.052505,
BR-0978,-11.839133,-46.232993,
SDW5,-11.657915,-46.185165,
SSA9,-11.8284,-45.8292,
SS86,-11.936836,-46.085154,
SWMA,-11.833610534667969,-46.266666412353516,
BR-2778,-11.870494,-45.72542,
SSNW,-12.302778,-45.513889,
SJJL,-11.787449,-45.965409,
BR-0567,-10.333327,-45.968574,
SWBI,-2.79192,-57.058023,
SDP7,-20.493889,-48.673056,
BR-2323,-20.43013,-48.602303,
BR-2207,-20.428899,-48.562077,
SS1L,-14.724292,-45.409781,
SSBQ,-21.744471,-52.4805,
SIQ4,-21.811325,-52.931446,
SSBT,-22.323932,-53.095477,
BR-2899,-22.275557,-53.311943,
SN7K,-22.222089,-53.131419,
BR-2307,-22.295555,-49.212223,
BR-2249,-22.071218,-56.703956,
SINU,-21.923333,-56.706944,
SSGM,-21.693333,-56.5625,
BR-2093,-22.021104,-56.329251,
BR-3193,-21.727222,-56.509167,
BR-2953,-21.975235,-56.802052,
BR-2955,-22.083889007568,-56.300556182861,
SSSA,-21.996186,-56.240001,
BR-1607,-22.192362,-56.942933,
SNP3,-21.984981,-56.152444,
SD2Q,-21.710278,-56.309444,
SI7J,-22.046944,-56.437222,
SSZQ,-22.039,-56.269402,
SSBV,-22.0816,-56.538601,
SJG9,-17.016111,-48.972222,
BR-0741,-16.822931,-49.044014,
SJNA,-1.267222,-48.43,
BR-2470,-1.314722,-48.429443,
BR-2172,-8.76959,-38.9496,
SD5I,-8.667458,-39.162056,
SJXS,-16.10444450378418,-39.363887786865234,
SD6P,-15.8717,-38.871899,BVM
SDU4,-15.860833,-39.28,
SWPX,-2.672198,-54.95151,
BR-2772,-2.668108,-54.89566,
SNBT,-7.216944,-44.550556,
SN2V,-26.779117,-49.417945,
BR-2660,-1.307274,-48.255972,
SNYP,-1.317782,-48.298706,
BR-2150,-22.981101,-49.509938,
BR-0215,-7.875086,-48.895373,
BR-1233,-18.727203,-45.692819,
BR-0829,-21.282048,-50.412825,
SIBO,-24.261562,-52.794753,
SJLT,3.3855600357055664,-60.407798767089844,
SJQK,2.6955599784851074,-60.81420135498047,
BR-3131,3.052839,-60.479586,
BR-3104,2.934148,-60.724504,
BR-3185,2.675833,-60.77861,
SWBV,4.003466,-64.493635,
SDF9,2.998611,-60.7225,
SJV4,3.03,-60.826667,
SNA2,2.9709,-60.550983,
SNA3,2.946374,-60.911582,
BR-3263,2.993511,-60.696901,
SJ3M,2.937261,-60.722429,
SJ4B,2.681111,-60.890556,
SD6X,2.701879,-60.848301,
BR-1208,-28.932588,-53.426078,
BR-3253,4.34121,-61.13434,
SWKB,-9.142499923706055,-67.44583129882812,
SD6Y,-9.358056,-67.789722,
SNFZ,-17.405837,-43.939852,
SIEV,-20.767219,-56.706834,
BR-2432,-20.624022,-56.770306,
SJ2T,-20.398145,-56.643523,
SI2X,-20.613978,-56.559725,
SJ7Q,-20.650833,-56.66685,
BR-2185,-20.674999,-56.629645,
BR-0121,-19.687863,-45.269677,
SJLI,-4.213611125946045,-46.974998474121094,
SS7G,-4.250887,-46.588374,
BR-1847,-4.138056,-46.776667,
BR-0958,-28.381667,-49.569167,
BR-0052,-16.2058,-52.1627,
BR-0941,-9.188559,-45.048215,
SI6I,-9.344164,-44.921831,
BR-0313,-9.255833,-44.799444,
SDQU,-9.255998,-44.794825,
BR-0432,-13.196667,-43.635556,
SN3Y,-13.272668,-43.314557,
BR-2453,-4.412642,-46.515794,
SWBY,-18.033436,-49.704762,
SWAD,-18.260878,-49.597006,
SNM5,-18.218535,-50.029812,
SDY2,-18.154188,-49.927691,
BR-1018,-18.099409,-49.737029,
SJL3,-11.977309,-51.832425,
SDB4,-11.889061,-51.909806,
SIN2,-12.245793,-51.837179,
SS2G,-12.438571,-51.619941,
SIVO,-12.448056,-51.774166,
BR-1897,-19.588494,-42.46168,
SNGG,-9.057250022888184,-44.37110137939453,
SIJN,-27.863333,-49.578333,
BR-0023,3.3621,-59.8239,
SJLH,2.176110029220581,-59.78390121459961,
SJLK,3.442780017852783,-60.352500915527344,
SJLP,2.9800000190734863,-60.095298767089844,
SJLS,2.1252799034118652,-59.8213996887207,
SWTH,2.9185,-60.5107,
BR-0205,-11.826265,-47.626364,
BR-1688,3.24609,-60.239986,
BR-0629,3.313599,-60.34713,
SI7P,3.259257,-60.362473,
SNE8,-3.233956,-60.115786,
SD5E,2.608264,-60.212186,
SNJ7,3.190728,-59.92644,
SNT9,-16.528326,-46.202365,
SI4Y,-21.15087,-56.795467,
SD1Q,-21.238397,-56.529461,
SIIJ,-21.260487,-56.568099,
BR-1031,-12.006058,-41.304938,
SI3F,-21.297685,-56.286704,
SI3E,-21.217778,-56.539167,
BR-1564,-21.139578,-56.383671,
SBOO,-20.838737,-56.588897,
SJV3,-21.098889,-56.8425,
SJS6,-20.626703,-56.295716,
BR-1323,-21.09687,-56.564797,
SSRM,-21.019444,-56.276112,
BR-2501,-20.944667,-56.676557,
SI6H,-13.4325,-49.634722,
SN3M,-13.617991,-50.153742,
BR-2487,-13.580328,-49.820848,
BR-1437,-4.602579,-38.192498,
BR-2206,-12.789301,-42.727432,
BR-2702,-22.181961,-50.493064,
BR-1542,-5.593333,-59.550556,
BR-0647,-6.466872,-59.790226,
BR-2905,-28.722221,-54.890835,
SIZQ,-23.036667,-48.441111,
SDJ8,-22.831389,-48.384444,
BR-1658,-1.04644,-46.78199,
BR-1584,-23.005883,-46.644602,
SJ7U,-21.263407,-52.51918,
SJ4F,-21.481389,-52.176389,
BR-1697,-21.071458,-52.105116,
SDK9,-21.115833,-52.613333,
BR-0415,-20.970556,-52.522778,
SS6H,-20.928857,-52.683081,
SS6K,-21.153283,-52.476769,
BR-1397,-20.668966,-52.903685,
BR-2620,-21.371529,-52.203076,
BR-2867,-20.663527,-52.768053,
BR-2906,-21.249166,-52.289444,
SSIH,-20.946947,-52.721681,
SJJB,-20.769296,-52.77758,
SICM,-21.539444,-52.111745,
SSSO,-21.412791,-52.032259,
SSZL,-21.44161,-52.157492,
SI9M,-16.993302,-45.712289,
BR-0172,-17.014176,-46.073434,
BR-1136,-16.946814,-46.194618,
SISN,-17.072613,-45.874819,
SIF9,-8.352933,-48.487526,
BR-0089,-8.38962,-48.490579,
BR-1630,-10.74586,-69.199121,
SDZF,-15.98442,-47.467459,
BR-1672,-15.700361,-47.737323,
BR-1904,-15.751462,-47.545041,
BR-0401,-15.773333,-47.702816,
BR-0422,-15.68184,-47.769018,
BR-0957,-15.610075,-47.574037,
BR-0167,-16.221298,-44.350793,
SWRF,-13.18464,-57.997274,
SWZY,-11.576917,-58.234363,
BR-3059,-11.721235,-58.051968,
SWKZ,-11.717499732971191,-58.25944519042969,
BR-3106,-11.565805,-58.275773,
SIIA,-11.7,-58.218056,
SJFR,-12.523889,-58.235558,
SJKB,-13.087501,-58.025833,
BR-2747,-11.522222,-58.172978,
BR-0098,-12.099274,-58.001527,
BR-0255,-12.99317,-57.41081,
BR-0739,-12.930253,-57.340365,
BR-0683,-12.657837,-58.24733,
BR-0516,-13.14,-57.576667,
SD8R,-12.365556,-58.334722,
SDG3,-11.72332,-58.172828,
SDS7,-12.7309,-57.8721,
SBOS,-13.152778,-58.1175,
BR-1557,-12.505569,-57.876298,
SD6U,-12.69,-58.191111,
SN1R,-12.759196,-58.224204,
SNS4,-12.548542,-57.992213,
SNC2,-12.720133,-58.063602,
SW1Y,-13.211542,-57.831792,
SJA7,-12.557569,-57.777829,
BR-1756,-11.543727,-58.223773,
SS4N,-12.419051,-57.596519,
BR-1708,-13.01207,-57.408631,
SDY9,-12.575274,-57.653287,
BR-3025,-11.025208,-48.575406,
BR-2839,-3.666944,-42.833889,
SN4U,-3.654722,-42.794444,
SJCH,-8.15749,-36.181313,
BR-2775,-13.103262,-39.89528,
BR-0099,-12.279135,-57.342796,
BR-1484,-15.333296,-51.158119,
SS8E,-15.420926,-51.093533,
SJDB,-15.055868,-51.363991,
SJUS,-15.074443817138672,-51.15888977050781,
BR-3083,-14.980438,-51.333375,
SWOR,-15.453497,-51.224849,
SSNU,-22.240833282470703,-48.025001525878906,
BR-2706,-22.297202,-48.118883,
SNKO,-11.9994,-42.634899,
SSXH,-14.2554,-41.817501,BMS
SWJA,-27.017275,-48.853919,
SJ2R,-8.61326,-37.259672,
SIBX,-21.091756,-50.24378,
SJA3,-5.939722,-43.746389,
BR-1850,-3.154685,-41.868056,
BR-0730,-4.507778,-46.267222,
SI47,-4.722287,-46.259706,
SNTQ,-10.724200248718262,-43.654701232910156,
SIQZ,-15.594296,-46.603227,
BR-0086,-10.206737,-63.854913,
SNPS,-15.2601,-46.762402,
BR-0227,-15.823305,-46.465488,
BR-1299,-15.373881,-46.331303,
SJ64,-17.848333,-45.405556,
SI29,-17.276944,-45.3525,
BR-0549,-17.591322,-45.050057,
SS88,-17.657616,-45.052576,
SS83,-17.118721,-45.421015,
SS9R,-17.425672,-44.989472,
SN3A,-17.047778,-44.873889,
SBQR,-16.80878,-44.97319,
SDYI,-17.917499542236328,-45.40250015258789,
SJVD,-17.848373,-45.248167,
BR-2776,-17.069171,-45.447511,
BR-2858,-17.039579,-45.489179,
BR-0657,-7.473238,-34.888245,
BR-0729,-22.546301,-55.002129,
BR-1358,-22.561137,-54.963828,
BR-2921,-22.619167,-54.925835,
BR-2382,-22.659211,-54.822463,
SSVL,-22.521667,-54.677776,
BR-3039,-13.68595,-60.691466,
BR-0459,-13.576111,-60.802778,
BR-0812,-22.719184,-42.053204,
BR-3254,-22.596944,-42.025,
SDIP,-23.042711,-45.775133,
BR-1886,-23.126104,-45.6643,
SWNI,-10.178313,-62.825747,
SSCQ,-29.900249,-54.929386,
SS6N,-29.831531,-54.649799,
SSB6,-17.094247,-58.250903,
SS4R,-16.51968,-57.973828,
SS4S,-16.060955,-58.029025,
SS7K,-15.962045,-57.195582,
BR-3257,-16.240182,-58.387908,
SNQ6,-16.15358,-58.515216,
SJ9N,-15.684107,-57.575439,
BR-0838,-16.068933,-58.480352,
BR-0918,-15.643056,-57.548056,
BR-0966,-17.064444,-57.764015,
BR-0967,-16.170295,-58.557298,
BR-0995,-16.079487,-58.097328,
BR-1022,-17.275318,-57.896871,
BR-0294,-16.188635,-57.705713,
SDK8,-16.503831,-57.599282,
SBOZ,-16.180023,-57.278529,
BR-1503,-15.872767,-57.352044,
SIQ3,-16.971178,-58.296244,
SIF3,-16.456095,-58.292987,
BR-1880,-16.710106,-58.115506,
SI77,-16.621395,-58.235404,
BR-2835,-15.735275,-57.34682,
SNVH,-16.168611526489258,-58.13833236694336,
SDQV,-16.140032,-58.515394,
SIEL,-16.589899,-57.727698,
BR-2394,-16.388842,-57.288171,
BR-2407,-16.270555,-57.862778,
SWKX,-16.38360023498535,-58.31719970703125,
BR-3000,-16.228332519531,-57.592220306396,
SWDV,-16.737443,-57.757403,
SWGH,-16.246111,-57.621388,
SWOE,-16.165826,-58.185139,
SWWF,-16.569721,-57.83139,
SWZS,-16.670163,-57.675261,
SSNY,-17.183611,-58.216667,
BR-0039,-18.7872,-50.9365,
SI6Q,-18.467778,-51.109167,
BR-0185,-8.642135,-55.041072,
BR-1717,-0.988163,-48.8896,
SD6A,-30.5475,-52.8975,
BR-0193,-1.066046,-57.052612,
SJHJ,-11.18294,-61.088936,
BR-3101,-18.965,-50.798611,
BR-2197,-18.491501,-51.298801,
SNIE,-14.012329,-42.494001,
SDQG,-21.892177,-51.178021,
BR-0777,-17.2325,-51.650278,
SS8Z,-17.24745,-51.35928,
BR-1905,-17.240707,-51.494742,
BR-0054,-16.9693,-51.8233,
SWFT,-16.579439,-52.141618,
SNKK,-6.43917,-37.0783,
SDLO,-13.5648,-38.939999,PBA
SI8W,-3.041369,-41.396292,
SSEF,-21.320047,-47.231553,
SIJ8,2.189406,-50.936358,
BR-1736,-12.809597,-38.248258,
BR-1737,-12.809597,-38.248258,
BR-0913,-12.691861,-38.198411,
BR-1817,-19.48,-53.6975,
BR-1743,-19.139358,-53.703667,
BR-1768,-19.430629,-54.294934,
BR-0955,-19.094958,-54.184984,
SI3T,-19.594722,-53.525556,
BR-1106,-19.09539,-53.503906,
BR-1353,-19.540318,-53.720237,
SD1K,-19.530461,-53.536425,
BR-2186,-19.5984,-54.021099,
BR-2902,-19.031944,-53.671112,
BR-2910,-19.050481,-54.065596,
BR-2940,-19.347778,-53.77,
SIUR,-19.610011,-53.496045,
SJDY,-18.663055,-54.068611,
SSTU,-18.729999542236328,-54.10499954223633,
BR-3179,-18.625631,-54.104569,
BR-2618,-31.127221,-51.576338,
SSDX,-31.013962,-51.708516,
BR-1026,-30.858956,-51.77373,
BR-3002,-29.000581,-50.075818,
SW20,-2.452028,-49.355763,
CMT,-2.2468,-49.56,CMT
SN6E,-6.205833,-47.195556,
SNKB,-7.178333,-35.990276,
SWXE,-13.877607,-53.238895,
SDZX,-14.813348,-53.124617,
BR-0768,-27.706615,-52.723703,
BR-1837,-14.110839,-49.046264,
SNUP,-9.802778244018555,-36.22249984741211,
BR-0635,-17.416679,-47.825128,
SIXF,-17.383446,-47.536232,
SICW,-17.453632,-47.825008,
SSRK,-9.51391,-42.995098,
BR-3048,-11.196536,-53.234113,
SNCE,-21.10610008239746,-45.8046989440918,
SIIU,-19.642052,-48.712231,
BR-2806,-19.815386,-48.737512,
SIRS,-19.636525,-48.789251,
BR-1739,-10.4955,-40.4874,
SSAY,-20.48616,-54.48339,
SSKG,-20.505300521850586,-54.5255012512207,
BR-2454,-21.284243,-53.691509,
SDRH,-20.844538,-54.526141,
SIEF,-20.572287,-54.716721,
SSAR,-21.503056,-53.967499,
BR-2907,-20.615689,-54.724875,
SSFJ,-20.810952,-54.618119,
SSIE,-20.604145,-54.59553,
SJWI,-21.496944427490234,-53.74972152709961,
SIUQ,-20.975095,-54.329528,
BR-0857,-21.374019,-53.864477,
BR-0460,-20.761963,-54.447852,
SS37,-19.052683,-56.670238,
BR-1335,-20.971561,-54.070751,
BR-1586,-21.487785,-53.617153,
BR-1720,-20.340621,-54.590126,
BR-1457,-21.065692,-54.114186,
SD4W,-20.697794,-54.631823,
SD6T,-20.869444,-54.429444,
BR-1404,-20.847845,-54.093333,
BR-1537,-21.288333,-53.883611,
SDYX,-4.8541669845581055,-42.260555267333984,
SS8V,-24.02816,-52.413006,
SNW8,-27.757578,-53.8124,
BR-2190,-27.666456,-53.8086,
SWIN,-14.243000030517578,-57.99530029296875,
SBQX,-13.578333,-57.936944,
BR-1521,-13.14,-57.599722,
SD7L,-13.393625,-58.001182,
SD8U,-13.337778,-58.006111,
SDF4,-13.49566,-57.988015,
SJ8R,-13.538346,-57.824913,
BR-0901,-13.723256,-57.618492,
BR-0486,-13.885715,-57.868329,
BR-0539,-13.330714,-58.041757,
BR-0714,-13.684958,-57.802416,
BR-1127,-13.754444,-57.903915,
BR-1122,-13.851999,-57.942606,
SI68,-13.73217,-57.891791,
BR-1713,-13.516283,-57.892156,
BR-1702,-13.6025,-57.875,
SS4H,-13.815586,-57.664089,
BR-3146,-14.232227,-57.710624,
BR-3147,-14.220000267029,-57.778888702393,
BR-3036,-13.644901,-57.926068,
SJKA,-13.62797,-57.900965,
SJNL,-13.626771,-57.583187,
SJQF,-13.355555534362793,-57.755001068115234,
BR-2708,-14.151931,-57.786648,
SJTU,-13.582777976989746,-57.559444427490234,
SJAF,-13.671667,-57.899783,
BR-2609,-13.588057,-57.467055,
SDLW,-13.442765,-57.785465,
SJRH,-15.308055877685547,-54.59972381591797,
SWXB,-15.297449,-55.175718,
SWHL,-15.274999618530273,-55.121665954589844,
BR-3087,-15.221111,-55.132778,
SWZO,-15.340785,-55.140771,
SDMX,-15.50233,-55.381261,
SNA4,-15.226017,-55.139292,
BR-0783,-15.259432,-54.944217,
BR-0431,-15.35926,-54.979972,
BR-0553,-15.234316,-54.751954,
SBQS,-15.405795,-54.964051,
BR-1501,-15.346269,-54.674269,
BR-1117,-15.121375,-54.940568,
BR-1370,-15.473087,-54.914582,
SWCB,-13.006213,-46.711208,
BR-3118,-13.414722,-59.267502,
SJUJ,-13.440685,-59.256831,
SISW,-13.824526,-59.163458,
SNIX,-13.553333,-59.100278,
SWSG,-13.606800079345703,-59.31679916381836,
SN7Y,-13.038337,-59.10227,
BR-1261,-13.563012,-59.266095,
BR-1297,-13.698255,-59.259863,
SS32,-12.851762,-58.941171,
SIM4,-13.074358,-59.002242,
BR-3278,-13.812739,-59.157522,
SDM8,-14.121111,-59.216667,
BR-0480,-13.146056,-59.096114,
BR-0758,-22.005825,-41.217849,
SIBC,-21.878126,-41.294775,
BR-2762,-21.225872,-45.779278,
BR-0532,-8.155351,-46.737958,
SI4I,-8.256536,-46.616131,
BR-3281,-7.963164,-46.877422,
SJ3K,-8.016389,-46.637222,
SS2D,-27.327683,-51.238967,
SDDB,-22.617649,-50.09019,
BR-2256,-22.530343,-50.063156,
SNCS,-7.051714,-40.358274,
BR-3027,-14.27109,-49.647245,
SNLA,-6.567500114440918,-49.719444274902344,
BR-0173,-17.085435,-45.881673,
SN2E,-11.165028,-52.037379,
SJR9,-11.312222,-51.688611,
SN7W,-11.312945,-51.7949,
BR-3192,-18.7775,-49.231667,
BR-2723,-18.891433,-49.287043,
SJWE,-13.404722213745117,-52.848331451416016,
BR-2545,-13.310556411743,-52.892223358154,
SJEK,-13.540849,-52.208673,
SWBJ,-13.255318,-52.044446,
BR-3033,-12.683611,-52.71722,
BR-0636,-12.800623,-52.526723,
SI8I,-13.117184,-52.514473,
SIW6,-13.649617,-52.503892,
SNBF,-13.356903,-52.749112,
SNQN,-13.15562,-52.569736,
SI79,-13.337474,-52.839561,
SI2Q,-12.992201,-52.639757,
SJG6,-13.5451,-52.19035,
SJ93,-13.203146,-52.194675,
SJ8Z,-13.292645,-52.381461,
BR-0239,-7.68378,-43.71091,
BR-0971,-15.5675,-39.152778,
SNED,-15.666999816895,-38.954700469971,CNV
BR-1911,-9.245278,-63.556667,
SJ9C,-9.194895,-63.479199,
BR-1295,-9.175712,-63.677566,
BR-1656,-1.44832,-45.72671,
SNR2,-15.416417,-41.354119,
BR-2938,-31.494567,-53.691949,
SJ4S,-25.678056,-52.258889,
BR-0243,-4.324935,-39.250419,
SIX7,2.720292,-60.667981,
SJV8,2.783611,-60.5925,
SN8X,2.611922,-60.378122,
SSC2,2.762467,-60.58895,
BR-3099,2.78,-60.616669,
SWPD,2.787444,-60.595531,
SS9P,-8.116992,-43.139831,
SDX4,-8.126389,-42.99,
SNKU,-9.903055,-39.032776,
SNCI,-1.2309999465942383,-47.200599670410156,
SNZG,-23.861232,-48.236658,
SDNJ,-24.072344,-48.221806,
SSCO,-31.775068,-52.451879,
SSMH,-31.929443359375,-52.4636116027832,
SICK,-17.680607,-42.52943,
SJVS,-18.70305633544922,-49.68694305419922,
SIMJ,-18.659201,-49.5476,
BR-0169,-16.31566,-43.710081,
BR-1219,-16.179265,-43.609414,
SIL9,-16.244017,-43.751169,
SNFG,-1.840391,-47.184196,
SNDU,-20.638333,-45.998056,
SN3K,-20.63841,-46.006658,
SNJA,-30.134621,-50.511431,
SJH4,1.757394,-61.164905,
BR-3276,-0.876254,-61.933147,
SWEU,0.797558,-61.662983,
SWQI,1.84389,-61.121827,
SJLU,1.7408299446105957,-62.286399841308594,
SJNE,1.99,-59.957199,
SJYF,2.007780075073242,-61.475799560546875,
SJYK,1.0711100101470947,-62.218299865722656,
BR-2825,-22.123611,-57.103397,
SDXR,-22.2216,-57.158207,
BR-2408,-21.912812,-57.143777,
SJDW,-22.122402,-57.290997,
BR-3016,-22.215152,-57.30693,
SNE9,-22.195556,-57.225278,
BR-1558,-21.826389,-57.127222,
SD4J,-21.852061,-56.862899,
SN8C,-22.095448,-57.122806,
SJ2F,-21.983333,-57.080833,
SI76,-22.046111,-57.043889,
BR-0996,-22.114895,-57.057989,
SIZC,-20.779444,-41.995556,
BR-0248,-5.777501,-37.552745,
SSKZ,-28.3225002289,-52.8162002563,
SSYQ,-28.378889,-52.879444,
BR-2268,-20.155555,-49.934723,
SSPA,-11.963583,-49.038368,
SS6B,-11.796623,-49.107027,
SI7Z,-10.263483,-56.053637,
SWHZ,-10.338610649108887,-55.96555709838867,
SWPE,-10.133185,-55.585796,
BR-0976,-20.313557,-44.698328,
SNEW,-19.662599563598633,-50.95130157470703,
BR-1740,-19.810105,-50.781629,
SNVO,-19.970496,-50.970002,
SSKX,-19.869993,-50.652886,
SJLJ,0.5972219705581665,-59.22169876098633,
CTP,-1.225365,-46.019057,CTP
SDFX,-9.157435,-40.937445,
BR-0513,-24.871085,-53.46509,
BR-2890,-4.093998,-38.248007,
SILQ,-24.929094,-53.496006,
BR-2472,-9.601944,-49.773888,
BR-0560,-9.573737,-49.718342,
SWIS,-9.186566,-49.775399,
BR-0211,-9.302872,-49.946237,
SJBB,-9.525193,-49.889005,
SD8P,-9.414194,-49.85009,
BR-1183,-9.338206,-49.887092,
SDCU,-22.557248,-42.114451,
SNAO,-22.513224,-42.05293,
SNVU,-20.432625,-46.859697,
SIU6,-19.177153,-51.833731,
SD2X,-19.289761,-52.374738,
SDL3,-19.112144,-52.077974,
BR-0822,-1.258889,-47.953333,
BR-0502,-10.653375,-58.602591,
BR-1824,-10.97694,-58.444607,
BR-0111,-11.135194,-58.599106,
BR-2665,-10.6325,-58.445,
SJZB,-10.689443588256836,-58.649723052978516,
SJ73,-5.303921,-41.548193,
BR-2336,-20.906944,-51.575558,
SSBC,-20.72611,-51.588612,
SSRF,-12.765700340270996,-39.44670104980469,
SIXG,-18.03226,-47.463856,
BR-1621,-17.6175,-47.52682,
SN4Q,-21.153333,-49.031601,
SIBU,-6.36253,-37.756199,
BR-2208,-13.778604,-47.412121,
SIW3,-13.455195,-47.794868,
SNIS,-5.196944,-43.597778,
SIA6,-4.862086,-43.188097,
BR-0179,-4.83672,-43.335108,
SNOG,-5.661399,-35.41365,
SNY6,-20.910556,-49.245,
BR-1454,-6.610627,-39.04927,
BR-2210,-22.830515,-51.6036,
SSUW,-22.775956,-51.505539,
BR-3006,-3.6202778816223,-48.75611114502,
BR-0081,-13.183366,-60.839676,
SWXC,-12.885577,-61.298504,
SIK6,-13.262222,-60.942222,
SIB9,-13.156326,-60.80256,
BR-2990,-22.960646,-49.149356,
SDCL,-23.154167,-49.208889,
SDKG,-23.225,-49.179169,
SJ3B,-8.211215,-35.478104,
SICY,-28.108334,-53.196388,
BR-2431,-15.015533,-55.503354,
BR-2683,-15.471943855286,-55.720001220703,
SJTB,-15.46500015258789,-55.622501373291016,
SSYO,-15.2625,-55.614723,
SWPL,-12.198332786560059,-53.38166809082031,
BR-2163,-14.99125,-55.817712,
SIQJ,-14.9583,-55.800701,
BR-0421,-14.986382,-55.210278,
SIL4,-15.504834,-55.474237,
BR-0163,-15.30438,-45.631698,
SNJD,-18.43107,-52.658446,
SBOQ,-18.622041,-52.833071,
SJNX,-18.408056,-52.63028,
BR-0040,-18.38829,-52.653599,
SSXW,-18.807777,-52.600277,
SSYC,-19.049771,-52.966901,
SSCA,-18.73438,-52.604213,
SSJM,-18.842500686645508,-52.49944305419922,
SBOF,-19.318418,-52.534615,
SJM3,-19.271784,-52.553212,
BR-0399,-18.748165,-52.686835,
SSAD,-18.764,-52.917599,
BR-0105,-3.748136,-43.31068,
SJ7K,-3.589722,-43.463056,
BR-0307,-29.975833,-51.620277,
SISO,-0.091667,-49.580555,
BR-0024,-0.2525,-49.52,
BR-0025,-218,-49.764,
SIH6,0.578889,-50.335,
BR-1661,-0.26012,-49.44055,
BR-2496,-12.772193,-60.871952,
SJJJ,-12.682861,-61.089262,
SJ8O,-12.524876,-61.11823,
SD1S,-12.797181,-60.650064,
SNU3,-12.746244,-60.953269,
SI4Q,-12.545945,-60.87092,
BR-0809,-12.2619,-61.176508,
SSCT,-23.69157,-52.642091,GGH
BR-0297,-15.867516,-48.338193,
BR-1877,-4.943056,-47.971944,
SNS2,-11.356481,-55.261347,
SNP4,-11.494939,-55.205919,
SJ42,-11.627778,-55.091111,
SJV7,-11.400833,-55.386111,
BR-0917,-11.664502,-55.238421,
SDS3,-11.619956,-55.122026,
BR-3153,-11.370278358459,-55.380554199219,
BR-3155,-11.258173,-54.927735,
SWUD,-20.445833,-44.812776,
BR-0249,-3.455071,-41.604942,
BR-1831,-14.461088,-51.075565,
SN6A,-13.310697,-50.861145,
BR-1231,-13.127987,-50.826987,
BR-1533,-13.052789,-50.833216,
SD2J,-13.004455,-50.982823,
BR-1319,-13.674462,-51.115522,
SIH3,-14.211406,-51.12295,
SDL8,-13.968471,-51.447754,
BR-1029,-12.775871,-50.926494,
SWSV,-14.3886108398,-51.3805541992,
BR-3035,-14.143333,-51.014999,
SWCO,-14.706057,-51.213759,
SWEF,-14.812989,-51.1567,
SWIK,-14.910862,-51.278507,
SSPC,-13.731667,-51.34,
SIPG,-14.137595,-51.469531,
SIZO,-14.1903,-51.643902,
SJPI,-15.417558,-48.634816,
SNKC,-14.17277778,-44.54666667,
SJH6,-14.545556,-45.656111,
BR-1168,-14.212078,-45.198413,
BR-1187,-14.773731,-45.561182,
BR-1213,-14.623452,-45.251461,
BR-0572,-14.699316,-45.829951,
BR-1913,-14.664017,-45.376125,
SJT7,-14.391719,-44.958109,
SSSK,-4.507177,-43.922377,
SSYP,-4.521275,-43.919575,
SNXH,-4.513833,-44.021529,
SIDB,-4.271026,-42.999634,
SII2,-0.980147,-48.2894,
BR-0291,-19.464338,-40.667485,
BR-3096,-10.893154,-55.566101,
SIKC,-10.760403,-55.462283,
SI2V,-10.531944,-55.558641,
SN8L,-10.775567,-55.235372,
SNS3,-10.883037,-55.550602,
SS2Q,-6.07558,-44.269023,
SJ37,-6.255833,-44.160278,
BR-2211,-5.966951,-44.233897,
BR-0090,-8.143634,-48.478337,
BR-0213,-8.747707,-48.764792,
SDZ7,-9.189763,-61.387091,
SS9J,-9.124292,-61.199772,
SS8M,-9.42744,-59.247585,
BR-1205,-9.236404,-60.338209,
BR-0811,-8.986135,-61.458292,
SIE3,-9.060556,-59.120047,
BR-3008,-9.619722,-60.6675,
BR-0112,-9.446215,-59.199477,
BR-1926,-9.099247,-61.192789,
SDKO,-20.2577,-48.788601,
SIKX,-20.236006,-48.651109,
SDCW,-20.321423,-48.833504,
SSNF,-20.329721450805664,-48.810001373291016,
SDWN,-20.34749984741211,-48.772499084472656,
SSJP,-22.895000457763672,-51.929168701171875,
BR-3044,-13.019722,-61.16861,
BR-0080,-13.113405,-60.524276,
SDNA,-19.671944,-48.994722,
SD0Q,-19.618428,-49.051116,
SSPD,-14.766667,-60.033333,
BR-3144,-13.4425,-60.272778,
SWVN,-13.634017,-59.796052,
SWXZ,-13.31002,-60.293255,
SSQA,-13.723055839538574,-60.315277099609375,
SWCC,-13.546667,-60.418333,
SWCF,-13.735278,-60.477222,
SJOO,-14.134166717529297,-59.81972122192383,
SJAG,-13.63208,-60.283854,
SNNO,-14.05894,-59.850057,
BR-2824,-13.279683,-60.334729,
SNOT,-14.013917,-59.88146,
SNVW,-14.016944,-60.056667,
SSMZ,-13.917222,-59.983333,
SD2Z,-13.423979,-60.317929,
SD2Y,-13.708056,-59.772778,
SD3W,-13.681229,-60.205855,
SSHE,-13.90646,-60.322462,
SD4F,-13.924428,-59.492963,
BR-1561,-13.670833,-60.348611,
SDK3,-13.808611,-59.656389,
BR-0546,-13.598056,-59.950556,
BR-0921,-13.033575,-59.916773,
SWEA,-13.450612,-60.270319,
SNG2,-14.022742,-59.571329,
SN4A,-13.844444,-60.385556,
SN6P,-13.99495,-60.071996,
BR-1172,-13.072039,-60.246636,
SIXO,-13.983586,-59.656623,
SIBW,-7.55823,-38.496498,
SSVP,-18.263982,-39.86629,
BR-1191,-20.088431,-48.491103,
BR-2212,-20.008583,-48.25201,
SIP7,-7.968465,-49.409412,
SN2Y,-7.943333,-49.675556,
BR-0203,-12.228285,-47.277564,
BR-0204,-12.231261,-47.32664,
SSCK,-27.180511,-52.051755,CCI
SIPO,-14.924167,-41.956669,
BR-2750,-10.663474,-51.437731,
SD2E,-10.689722,-51.473056,
SBQH,-10.699027,-51.614688,
BR-0411,-10.138273,-51.994144,
SS9B,-10.36332,-51.527039,
BR-2758,-19.886871,-47.675345,
BR-0935,-14.788268,-59.346624,
SJM4,-14.600844,-59.571009,
SWYM,-14.6425,-59.4491,
SSVW,-14.513055801391602,-59.55694580078125,
BR-2920,-23.54235,-50.096283,
BR-0170,-16.659434,-44.355019,
BR-0651,-12.270796,-38.751684,
BR-1407,-19.087031,-44.328377,
BR-2625,-19.83254,-54.836578,
SNX2,-19.617778,-54.760833,
SS2T,-19.699158,-55.135883,
BR-2271,-13.829429,-44.469116,
BR-1374,-23.299174,-50.617386,
SSKI,-23.340699,-50.585196,
SNF2,-4.296225,-44.279955,
BR-0125,-18.480246,-47.223786,
SI3W,-23.487472,-55.290917,
BR-3280,-10.621778,-45.386297,
BR-1369,-10.558475,-45.447217,
BR-2753,-10.564167,-44.946945,
SNKR,-10.451944,-45.136391,
SNTY,-13.379952,-44.62207,
SJUA,-13.621507,-46.1379,
BR-0095,-13.7029,-45.6121,
BR-1152,-13.207844,-45.253631,
BR-1320,-13.632205,-45.798729,
BR-1095,-13.930646,-46.232444,
BR-1862,-13.793333,-46.038611,
BR-0744,-13.620254,-46.097989,
BR-0926,-13.243663,-45.375338,
BR-0927,-13.768178,-46.147334,
SSNS,-13.183082,-45.104738,
BR-0333,-13.752462,-46.16238,
BR-1555,-13.638081,-46.185809,
BR-1459,-13.694265,-45.888133,
BR-1430,-13.473932,-45.372463,
SD34,-13.814167,-46.152222,
SD3Q,-13.400127,-46.10003,
BR-1482,-13.884074,-46.156425,
SBQB,-13.261944,-45.076944,
BR-1513,-13.604722,-46.001944,
SN6Y,-13.799975,-46.101317,
SS7V,-13.773683,-46.197289,
SS4Z,-13.311463,-45.829628,
SS63,-13.413326,-46.062485,
SDA8,-13.959684,-46.103506,
BR-0197,-13.434996,-45.307717,
BR-0619,-17.908177,-56.565148,
BR-0630,-20.130726,-57.653611,
BR-0650,-19.818898,-57.205424,
BR-0449,-17.305104,-56.498042,
BR-0510,-19.615035,-56.88113,
SDSA,-18.035457,-55.716094,
BR-0536,-18.934444,-57.049444,
SDZL,-18.610784,-55.689011,
BR-0764,-18.445198,-56.329377,
BR-0828,-19.21012,-55.939673,
BR-0842,-18.397778,-55.413709,
BR-0853,-18.126908,-56.526815,
BR-0961,-18.205871,-55.973325,
BR-1039,-17.28762,-55.893898,
SJ2J,-17.45293,-56.247309,
BR-1733,-18.459633,-55.533335,
SI2R,-18.575294,-57.212387,
SI66,-18.104903,-57.199942,
SI22,-18.303983,-55.651875,
SBOX,-18.261098,-55.373709,
SBOY,-17.41704,-56.181159,
BR-1489,-18.871111,-56.216667,
BR-1434,-19.723282,-57.753715,
SD4Z,-19.334227,-56.720752,
SD8B,-17.635,-56.355833,
SI9Y,-18.066521,-56.556598,
SIE6,-18.793827,-56.905176,
SIR7,-19.978083,-57.223828,
SJU2,-19.868108,-57.282509,
BR-1920,-18.56111,-56.871854,
BR-1175,-18.81701,-56.579476,
BR-1202,-18.092952,-55.605101,
BR-1363,-18.605663,-56.214548,
BR-1365,-19.418741,-56.666555,
BR-1243,-18.082415,-55.311444,
BR-1280,-20.105678,-57.341024,
SD9V,-19.915,-57.612222,
SDQ4,-17.964402,-55.36598,
SJ8L,-19.703965,-57.879781,
SJ79,-19.985583,-57.294659,
SJ8Y,-18.021752,-56.825399,
SJ8U,-17.925417,-55.222753,
SJ7R,-18.451111,-56.889444,
SI8U,-18.64279,-56.475822,
SI2Z,-20.103342,-57.299144,
BR-1765,-19.19819,-56.77057,
SJA4,-17.695556,-56.574444,
SN4Z,-17.768889,-55.395833,
SS4X,-17.679541,-55.908343,
SS9W,-19.016572,-55.81579,
SNW6,-17.234844,-56.016484,
SJU6,-20.145815,-57.207301,
SS3G,-18.870469,-55.889283,
SNP5,-18.770234,-56.512008,
SDD5,-19.374195,-56.59713,
SD0M,-18.580421,-57.478666,
SNQ3,-17.743364,-56.303194,
SNH6,-18.164486,-56.366664,
SS89,-18.746586,-56.358164,
SNB5,-17.921461,-55.594508,
SNL4,-18.018364,-57.186492,
SJIL,-19.091111,-55.8425,
BR-2656,-18.027222,-55.460278,
SJNO,-18.672115,-57.123735,
BR-2666,-18.880334,-56.798383,
BR-2693,-18.661111831665,-57.623889923096,
SJZD,-17.8619441986084,-56.70305633544922,
BR-2752,-18.460932,-56.765159,
BR-2755,-20.037604,-57.917125,
BR-2304,-17.97081,-57.019162,
BR-2314,-20.115919,-57.113103,
BR-2380,-18.023333,-56.732224,
BR-2396,-19.259443,-57.011665,
SIFW,-17.719113,-56.996706,
SIJE,-20.013385,-57.389231,
BR-2438,-17.925578,-57.625598,
BR-2834,-17.522778,-55.400555,
BR-2872,-20.279923,-57.234868,
SNXF,-17.892909,-56.996995,
BR-2904,-17.567778,-55.287945,
SSCW,-18.039722,-56.005554,
BR-2909,-20.099443,-57.346111,
SSDV,-18.209771,-55.465482,
SSEV,-18.089084,-57.130864,
SSFK,-19.906111,-57.779889,
SSGJ,-17.250266,-56.272494,
BR-2930,-18.032449,-57.489259,
SSJO,-19.376388549804688,-57.45277786254883,
SSJV,-17.938848,-56.480037,
SSJX,-19.478055953979492,-57.01416778564453,
SSJY,-17.707500457763672,-56.217220306396484,
SSKA,-18.905555725097656,-56.35972213745117,
SIMQ,-18.208867,-55.753373,
SIOR,-18.098057,-57.153332,
BR-2465,-18.298056,-57.014721,
BR-2485,-18.33644,-55.480644,
SISJ,-17.455984,-55.56373,
BR-2512,-18.243055343628,-57.55611038208,
BR-2541,-18.517502,-57.59977,
SIWY,-17.512801,-55.773161,
BR-2543,-18.502611,-57.412927,
BR-2565,-19.353724,-56.795472,
BR-2574,-17.864227,-56.379633,
BR-2575,-19.269027,-56.026858,
SJDL,-17.302378,-55.852776,
BR-2591,-18.68,-57.224998,
SJEG,-20.159584,-57.158804,
BR-2594,-18.182269,-56.785007,
BR-2595,-18.114672,-56.639208,
BR-2596,-17.564722,-56.786667,
BR-2597,-17.869167,-56.19389,
BR-2598,-17.64822,-56.899429,
SJGI,-19.334916,-56.905017,
BR-2610,-20.609179,-57.555808,
SIJO,-18.577222,-57.511111,
SDDD,-17.8615,-55.78457,
SSLB,-19.025278091430664,-55.926109313964844,
SSLD,-18.643888473510742,-56.75944519042969,
SSNV,-19.233055114746094,-57.029720306396484,
BR-2959,-19.033333,-56.950001,
SSPY,-17.672559,-57.748711,
SSSH,-19.199167251586914,-57.011112213134766,
BR-2980,-18.933332443237,-57.016666412354,
SSTF,-17.874997,-57.131681,
SSTG,-18.469444274902344,-57.05500030517578,
BR-2994,-18.508231,-56.424667,
SSWW,-18.67416763305664,-55.89472198486328,
BR-3003,-19.02805519104,-56.290557861328,
SSZA,-17.722221,-56.753334,
BR-3014,-18.207964,-56.812434,
SSZF,-18.4777774810791,-56.02166748046875,
SSZM,-17.832875,-57.554401,
SWMJ,-19.495832443237305,-56.959999084472656,
SWVY,-17.568061,-56.482236,
SIKP,-18.303611,-57.506944,
SIOL,-18.322459,-48.84401,
BR-1738,-13.005234,-61.240443,
BR-2564,-12.901916,-61.130168,
SJFP,-12.91236,-61.370498,
SNNX,-12.8275,-61.354722,
SWRL,-12.977222442626953,-61.04916763305664,
SNM4,-12.768291,-61.347918,
BR-1867,-12.986389,-61.179167,
BR-0761,-10.086322,-36.09012,
SNOV,-10.122006,-36.291983,
SNUZ,-10.094107,-36.18639,
BR-2871,-9.980556,-36.23111,
SNZZ,-9.968121,-36.198891,
SNCY,-10.222636,-36.285352,
SNDX,-10.039999961853027,-36.32638931274414,
SWPB,-12.420665,-64.418603,
SWCQ,-12.4211,-64.251602,CQS
BR-2995,-18.92212,-53.062763,
SSYY,-18.95111083984375,-53.149444580078125,
BR-2216,-18.684504,-53.287468,
BR-2430,-18.721203,-53.342189,
SIW4,-18.720293,-53.179518,
BR-1550,-18.201399,-53.212538,
BR-0977,-19.199871,-52.968926,
SSPW,-18.100558,-53.153537,
SSUS,-18.413577,-52.896824,
SS7H,-11.706389,-44.602181,
BR-0278,-12.042221,-44.260973,
SDNI,-23.619402,-46.983252,
SWQT,-9.86287,-58.230815,
OTT,-9.898611,-58.581944,OTT
SDP4,-9.807688,-58.525651,
SIG7,-8.564425,-49.108272,
BR-1137,-8.31469,-48.976937,
BR-1246,-18.402084,-54.451901,
BR-1485,-17.982795,-55.161178,
SJ3O,-18.687867,-64.468139,
BR-1014,-18.345003,-54.767174,
BR-1019,-18.545033,-54.459412,
BR-2951,-18.216388702393,-55.158889770508,
SSNR,-18.31861114501953,-54.93555450439453,
SSZC,-18.025275,-54.999262,
SDMD,-18.011274,-54.715714,
SSBX,-18.445355,-54.796101,
BR-2925,-18.67746,-54.394174,
BR-2451,-18.369193,-54.776714,
SIRH,-18.263323,-54.311836,
SJFN,-18.371768,-54.927159,
SNWS,-5.21135,-40.704201,JCS
SNKH,-8.116944,-57.117222,
SWKY,-20.3397216796875,-47.47305679321289,
SWCS,-30.978246,-51.936816,
SWIY,-11.57229995727539,-50.66619873046875,IDO
BR-2159,-16.791,-47.645199,
SWFA,-16.25055694580078,-47.61722183227539,
BR-2581,-16.90748,-47.704767,
SIJ2,-16.566667,-47.616111,
SI4U,-16.843984,-47.36216,
SD4O,-16.710943,-47.521764,
SNW9,-8.840036,-43.961476,
BR-2614,-14.595143,-50.146908,
BR-3173,-14.54722,-50.6536,
BR-0153,-14.538299,-49.934767,
SID7,-14.222938,-50.152229,
BR-0609,-11.229722,-48.939444,
SI6F,-11.125128,-49.11875,
SSAK,-28.657934,-53.610095,CZB
SD2N,-28.720743,-53.645259,
SSTY,-25.556813,-53.166547,
SWXJ,-15.595769,-56.003992,
BR-3054,-15.469677,-56.051903,
BR-3071,-15.490542,-55.814774,
SJFI,-15.645028,-55.990239,
SICQ,-15.554542,-55.690899,
BR-2364,-6.485886,-36.137198,
SNS6,-9.478919,-62.803341,
SD1B,-8.812264,-62.406175,
SJG7,-9.461056,-62.417289,
SNKJ,-8.33482,-51.446711,
SNVA,-7.987500190734863,-50.63166809082031,
SNYH,-8.700599,-51.172743,
BR-2678,-8.32902,-51.100767,
BR-1617,-8.458121,-50.990698,
SJX7,-7.889998,-50.702877,
SJBC,-8.989448,-51.215305,
BR-1419,-8.43846,-51.284519,
SJ3S,-9.283696,-51.360567,
BR-0986,-8.475134,-51.663419,
SJ63,-9.475,-51.226944,
BR-3284,-8.591458,-51.380175,
SNZ3,-8.900694,-51.566678,
SNJ9,-8.651931,-51.476387,
BR-2155,-9.155566,-40.091661,
SS6V,-9.687297,-44.231434,
SI63,-10.025434,-44.316395,
SDR2,-6.34078,-49.576567,
SSKU,-27.286827,-50.604832,
BR-0381,-8.99928,-44.591333,
SNKN,-6.280832767486572,-36.540279388427734,QCP
BR-0196,-1.797103,-49.801873,
SI2B,-5.544444,-42.828333,
BR-2977,-1.541389,-55.180557,
BR-0073,-2.289123,-55.477823,
BR-1659,-0.75629,-47.86161,
BR-1244,-1.862148,-44.872664,
BR-2853,-1.301944,-44.904999,
BR-2235,-1.820006,-44.864065,CPU
SNQV,-18.749965,-44.458427,
BR-1126,-18.9647,-44.271784,
BR-0554,-18.917222,-44.454444,
BR-2455,-8.228333,-37.75639,
BR-3177,1.156667,-50.330276,
BR-1002,-14.463875,-46.304122,
BR-1141,-6.831574,-47.817961,
SIME,-5.583771,-47.428032,
BR-0717,-20.281975,-46.945413,
SJ6F,-21.959741,-54.197024,
SJ7F,-22.329444,-54.170833,
BR-2973,-22.034728,-54.190412,
SIVQ,-22.082222,-54.201111,
BR-2674,-21.975166,-54.139804,
SJ62,-22.646685,-52.947378,
BR-0428,-22.633037,-52.808518,
SNDT,-18.232000351,-43.650398254399995,DTI
SIXP,-14.0723,-57.450699,
SWDM,-14.3769,-56.400398,DMT
BR-3047,-14.283611,-57.700558,
BR-3049,-13.116944,-56.167221,
BR-3126,-12.166944,-56.53389,
BR-3128,-12.289167,-56.53389,
BR-3138,-13.916944,-56.65889,
SJHO,-13.944093,-57.103978,
SNQI,-14.118056297302246,-57.34111022949219,
BR-2536,-14.185556,-57.550556,
SIWI,-13.927482,-57.242759,
BR-2538,-14.125,-56.936111,
SIIZ,-14.165164,-57.158732,
BR-0974,-14.507296,-56.302743,
SISV,-13.897372,-57.104208,
SI7F,-14.153958,-57.258375,
BR-1293,-14.187687,-57.518331,
BR-1402,-13.913668,-57.479594,
BR-1749,-13.898657,-57.414607,
SN6G,-14.176111,-56.6175,
SSA6,-13.743406,-57.347983,
SDQ7,-11.47074,-46.543407,
SWDN,-11.5954,-46.846699,DNO
BR-3168,-11.557041,-46.985109,
BR-1951,-26.288337,-53.630779,
BR-0452,-20.242657,-44.806349,
BR-0033,-13.2956,-46.379,
SNLZ,-9.431943893429999,-49.5911102295,
BR-0604,-9.499722,-49.629167,
SS9V,-9.890994,-49.17795,
SS2U,-9.544956,-49.433358,
SNJJ,-20.715278,-55.379722,
BR-2383,-20.746944,-55.357224,
BR-1410,-20.478723,-55.325597,
SJ3A,-20.585964,-55.230008,
SNT2,-9.5554,-49.018006,
BR-0210,-9.25308,-49.055964,
SIOE,-25.793554,-53.035909,
BR-1861,-15.430446,-54.738151,
SS7Y,-15.497105,-54.583738,
BR-0118,-15.82961,-54.933281,
SWKJ,-15.398056030273438,-54.608333587646484,
BR-2771,-16.879745,-46.233015,
BR-1465,-4.435556,-47.598611,
BR-1549,-4.537222,-47.865556,
SSFC,-31.0225,-54.621667,
BR-2622,-30.934636,-55.081844,
BR-2976,-30.919438,-54.46896,
BR-2631,-22.296667,-54.941387,
BR-2714,-21.990278,-55.113056,
BR-2908,-21.993932,-54.245632,
SN5R,-21.994232,-54.316331,
SJ2A,-22.286278,-54.62038,
BR-1477,-22.093765,-55.375586,
SD4U,-22.235392,-54.71424,
SIV9,-16.717362,-52.765535,
SS1M,-16.5785,-52.52288,
SWQL,-16.6825008392334,-52.252498626708984,
BR-2344,-22.482778,-49.467043,
SS7Z,-11.298736,-49.63974,
SWJU,-11.543398,-49.493044,
BR-1314,-11.411916,-49.385943,
BR-1636,-22.641944,-43.373611,
BR-3081,-17.621323,-50.142009,
BR-1879,-17.306389,-49.960833,
SJFM,-23.838938,-54.24448,
BR-2612,-23.819271,-54.253125,
BR-2845,-23.663821,-54.079044,
BR-2927,-30.060394,-51.43752,
SSMK,-30.073333740234375,-51.40972137451172,
BR-0645,-23.065919,-47.324478,
SJ23,-15.648889,-40.835833,
BR-1766,-23.710653,-52.166173,
SJHW,-17.295497,-43.958836,
BR-2560,-11.960411,-38.00278,
BR-1373,-7.443862,-70.019172,
SD7F,-10.783142,-68.569479,
BR-0168,-16.433654,-44.056839,
BR-0106,-3.896953,-42.260735,
BR-0083,-11.547936,-61.022681,
BR-2774,-11.773209,-37.951097,
BR-2637,-11.782689,-38.060583,
SNOD,-11.421918,-37.323831,
SDCT,-22.232574,-46.969278,
BR-0507,-13.781944,-49.088611,
SNEU,-10.527299880981445,-39.03269958496094,
SJWX,-22.57281,-52.51561,
SIR8,-16.392782,-39.553869,
BR-1185,-16.195423,-39.5175,
SW2A,-16.293641,-39.559424,
SS6E,-3.84334,-38.445139,
BR-0079,-9.771308,-66.331287,
BR-0072,-2.131061,-56.732522,
SS4C,-23.394825,-49.48905,
SDFN,-23.474781,-49.546308,
BR-0152,-10.755197,-48.915027,
SICP,-23.972223,-51.327891,
BR-0468,-10.150683,-52.286279,
BR-0269,-20.494047,-53.287484,
BR-0154,-13.738055,-50.014167,
SNOU,-8.141213,-70.340821,FEJ
SN6Q,-6.895536,-46.626011,
SNXV,-18.7582,-45.107601,
BR-1719,-18.852155,-44.917945,
BR-0981,-29.447939,-51.295476,
BR-3291,-12.23826,-54.731654,
SJR6,-12.183177,-54.40029,
BR-2151,-11.920675,-54.128331,
SN2P,-12.279932,-54.657458,
SJF8,-12.724284,-55.112014,
SINZ,-25.438527,-50.527904,
SNN7,-6.317298,-45.454425,
SN2A,-6.258333,-45.6525,
SJ99,-6.354167,-45.296667,
SN7R,-5.986652,-45.445562,
BR-2963,-22.337221,-49.543056,
SNXE,0.993333,-51.120833,
BR-2720,-18.817778,-53.865002,
BR-1479,-18.697828,-54.373611,
SS2V,-18.649875,-54.197194,
BR-0716,-18.719819,-54.300367,
BR-0719,-18.803839,-53.710504,
BR-0689,-12.243622,-48.970624,
BR-0146,-12.149681,-49.184142,
BR-3237,-15.558611,-58.586944,
BR-3244,-15.566667,-58.616111,
SNDA,-15.381944,-58.649722,
BR-1470,-22.880096,-43.240526,
SIFQ,-29.044699,-51.143836,
SILM,-14.466194,-46.870703,
BR-3191,-14.265278,-47.0275,
BR-1135,-14.802849,-46.656978,
SNJ8,-14.659017,-47.036847,
SNA8,-7.250256,-49.242853,
SJL6,-7.462254,-49.361262,
BR-2281,-22.920834,-51.351944,
SNQG,-6.84639,-43.077301,FLB
BR-0817,-27.469935,-48.471336,
SWOB,-2.5326099395800004,-66.0831985474,FBA
BR-0066,-3.791178,-55.470674,
SWVW,-20.53527,-45.603935,
SDIC,-20.712823,-45.689798,
SWFR,-15.5551,-47.345699,
SDKJ,-11.0216,-45.186699,
BR-0745,-10.351296,-45.564155,
BR-0814,-11.598436,-46.026589,
SWAX,-10.748889,-45.845278,
BR-1032,-11.294515,-46.028316,
BR-1038,-11.21117,-45.845168,
BR-0671,-10.966565,-46.26199,
BR-0465,-11.180094,-45.938674,
BR-0590,-11.227551,-46.036963,
BR-0599,-10.628026,-45.742818,
BR-0632,-11.358406,-46.166274,
SN4R,-13.541667,-45.596944,
SJH8,-10.380556,-45.5225,
SN3X,-11.260589,-45.944185,
SJ7A,-11.593734,-46.117797,
SI8P,-10.633889,-45.490278,
SI8Q,-11.536012,-46.138744,
SI3X,-10.796956,-45.628742,
SJN9,-11.034167,-46.103333,
SS7Q,-11.181777,-46.438773,
SS69,-11.031722,-46.357139,
SD1R,-10.744547,-45.657328,
SS2W,-10.256492,-45.669944,
SS1P,-10.706835,-45.409719,
BR-1878,-10.56544,-45.700335,
SIY7,-10.557178,-45.854519,
SNM8,-11.118944,-45.124689,
BR-1270,-11.449444,-46.4725,
BR-1276,-10.703416,-45.389524,
BR-1078,-11.270876,-45.607845,
BR-1602,-10.678452,-45.833665,
SJ3X,-10.801667,-45.743056,
SDX2,-11.408361,-45.619024,
BR-1514,-11.258404,-45.693319,
BR-1536,-10.592571,-45.751018,
BR-1383,-11.275317,-45.237934,
SI8R,-10.930164,-46.049491,
BR-0149,-11.81529,-49.570035,
BR-0150,-11.782479,-49.571696,
SS93,-12.013642,-49.684296,
SWCJ,-11.835873,-49.712237,
SWCU,-11.975223,-49.9037,
SWKE,-11.50861,-49.84222,
SJ9M,-5.521257,-43.915,
BR-2773,-5.815404,-44.133625,
SWFU,-16.16694450378418,-59.50055694580078,
BR-0158,-11.324983,-58.351633,
SI39,-17.301743,-44.250241,
BR-0778,-16.123689,-43.520276,
SJ8E,-18.498206,-41.867056,
SSFL,-7.100147,-40.628379,
SDG5,-20.182771,-49.280558,
SWQO,-20.387728,-48.915386,
SWYS,-19.929763,-49.122725,
SDSE,-21.472486,-50.619578,
BR-0209,-10.604769,-46.249508,
BR-1010,-14.967862,-43.31548,
SDGC,-22.181484,-49.656346,
SIZS,-13.536658,-53.440619,
SIGO,-13.336665,-53.957779,
SJWL,-13.58332,-53.982009,
BR-3226,-13.181,-53.27585,
SS4O,-13.204772,-53.647239,
BR-0791,-13.031392,-52.980912,
BR-0908,-13.602402,-53.544488,
BR-0596,-13.626667,-53.264722,
SD7O,-13.734591,-53.616987,
SSB2,-13.210521,-52.959612,
SD1I,-13.486176,-53.945414,
SDX1,-13.176656,-53.952017,
SNF6,-13.699306,-53.218031,
BR-1194,-13.349073,-53.650808,
BR-1080,-13.060917,-53.003564,
BR-1083,-13.156267,-53.250569,
SI6K,-13.166967,-53.851483,
SBGP,-21.773701,-48.405102,
SJAW,-21.724679,-48.377154,
SNU8,-15.371819,-53.259392,
BR-0756,-15.38341,-53.459209,
SWWI,-15.678333,-53.5825,
BR-2389,-15.41007,-53.335973,
SNGT,-11.441699981689453,-42.5181999206543,
SDHC,-21.86889,-49.981367,
SNRN,-21.808889389038086,-49.97111129760742,
SJI2,-9.374385,-45.210352,
SS62,-9.360494,-45.334419,
BR-0321,-9.400432,-45.129098,
SNGB,-9.830924,-45.368457,
SDV4,-5.223333,-38.016111,
BR-1154,-21.328552,-50.192936,
SI7G,-22.336858,-54.184656,
SWLU,-29.886634,-50.736516,
SIPE,-7.65601,-34.856499,
SWGD,-18.174926,-48.211119,
BR-3109,-15.171944,-48.953056,
BR-3230,-3.900002,-48.881387,
SDT2,-4.036944,-49.183611,
SBON,-7.615933,-47.452097,
BR-3272,-8.068472,-47.46485,
BR-0218,-7.707254,-47.330409,
SDL6,-17.989167,-50.020278,
SWMB,-17.977222442626953,-49.58833312988281,
SIWM,-17.988193,-49.538319,
BR-1284,-24.210217,-53.009151,
BR-0780,-24.209289,-53.182276,
SI9Z,-24.203882,-52.982906,
SSGW,-24.220459,-53.044453,
BR-1473,-25.047222,-51.923056,
BR-1343,-5.045325,-44.046959,
SNGR,-7.783610820770264,-51.133888244628906,
SJNV,-18.431389,-50.256111,
SS6L,-4.95412,-44.25049,
SI9S,-10.6525,-62.896667,
SDOE,-5.719401,-45.779741,
SIHB,-5.455833,-46.0625,
SJ43,-5.90966,-46.288489,
BR-1581,-6.225055,-46.230843,
SJAH,-5.773889,-45.164722,
BR-0621,-5.941306,-46.254738,
SS99,-28.144761,-49.284758,
SDWI,-8.17,-35.63,
GCV,-29.9494,-50.98505,GCV
SNGD,-6.782219886779785,-43.58219909667969,GDP
SNC6,-6.887084,-43.870709,
SSJC,-29.983505,-51.301625,
BR-3222,-21.528889,-49.743333,
SDGJ,-21.907652,-49.856334,
SDGB,-20.27688,-48.182671,
BR-2234,-20.483834,-48.373594,
SWRG,-10.825833320617676,-65.2286148071289,
SNR7,-10.636175,-65.02235,
BR-0402,-20.761307,-45.986143,
SWFV,-20.722335,-45.864788,
BR-3199,-23.429444,-50.167778,
SDKQ,-20.190423,-49.051117,
BR-2343,-20.310833,-48.976944,
BR-0087,-8.871896,-48.501531,
BR-1311,-26.422639,-48.876919,
SSNM,-9.962281,-54.884974,
BR-2549,-9.658493,-54.951004,
SIO4,-25.331439,-51.978144,
SD6Z,-23.220556,-50.6075,
BR-1417,-21.37893,-50.689537,
SIEA,-21.466359,-50.79856,
SIJG,-21.443322,-50.725465,
SDGK,-21.494996,-50.736034,
BR-1282,-16.344585,-39.686948,
BR-3290,-17.760798,-47.110088,
SNI2,-17.916846,-47.155226,
BR-0851,-17.893674,-47.244043,
SNSR,-17.54789924621582,-46.97869873046875,
BR-2257,-21.404444,-48.303333,
SDSV,-21.333695,-48.171099,
SDZR,-21.406152,-48.315911,
BR-3073,-14.644722,-49.816387,
BR-1315,-21.429813,-47.901572,
SS9C,-21.550775,-47.977305,
SNGX,-21.325766,-46.730835,
BR-0890,-21.473518,-55.878868,
SNYW,-2.109444,-44.651114,GMS
BR-3220,-16.156667,-53.009722,
BR-0056,-16.283479,-53.770679,
BR-0057,-16.3482,-53.7786,
SD2K,-16.266389,-53.430278,
BR-1559,-16.290087,-53.45204,
SS8S,-16.263142,-53.397239,
BR-0251,-16.474263,-53.911738,
BR-0550,-16.235051,-53.41453,
SN9B,-16.278239,-53.667453,
SNAD,-3.327482,-46.777507,
BR-1379,-21.868902,-50.308953,
SS2P,-17.015222,-49.205372,
SIO2,-4.395833,-40.375578,
BR-0945,-7.564006,-62.814347,
BR-2215,-14.107609,-46.666918,
SNNJ,-14.21848,-46.839056,
SIV3,-13.962158,-46.804631,
SSAI,-14.10529,-46.797615,
BR-1184,-14.141414,-46.684302,
BR-3206,-21.918889,-50.64074,
SJUL,-22.877777099609375,-49.037776947021484,
SBQM,-22.765333,-53.908334,
SBQJ,-23.846436,-50.208429,
SSIS,-22.047778,-48.097222,
SD4Y,-16.770461,-44.792445,
BR-2792,-8.532864,-37.674186,
BR-0663,-23.28741,-51.091345,
BR-2349,-22.799875,-50.047003,
SSIR,-28.604168,-53.078888,
SDEO,-21.878599,-48.659401,
SNIT,-12.168600082397461,-43.22209930419922,
SJSL,-23.350885,-53.499599,
SN8E,-22.643889,-51.066389,
SDWK,-20.001667022705078,-47.76750183105469,
SNDD,-3.692355,-45.26903,
BR-2789,-1.126959,-47.598753,
BR-0856,-7.84515,-34.891529,
SS27,-13.847875,-39.296128,
SI72,-23.188611,-51.801389,
SSHN,-23.2450008392334,-51.87555694580078,
SNWD,-23.430278778076172,-54.608333587646484,
SNZC,-23.333609,-54.508514,
SSGN,-23.236148,-54.540208,
SJIF,-23.407549,-54.749171,
SIOQ,-23.50549,-54.309314,
BR-2956,-23.597221374512,-54.645832061768,
SSTK,-23.682777404785156,-54.53972244262695,
SSYL,-23.341110229492188,-54.56888961791992,
SS38,-23.144517,-54.507746,
SJ3C,-23.545278,-54.360833,
BR-0916,-23.507238,-54.818137,
SDBV,-24.869,-47.7625,
SDTX,-20.54064,-51.356352,
SNSX,-20.357312,-51.255308,
SNWM,-20.387468,-51.197617,
BR-1598,-14.658333,-39.079167,
SD1U,-28.269354,-48.888011,
SJ4I,-8.906813,-37.928287,
SD3L,-5.448889,-40.2225,
BR-0245,-5.376942,-40.29623,
BR-2600,-19.990557,-50.266109,
SI88,-17.422222,-50.086111,
BR-0631,-17.153917,-50.014445,
BR-0904,-15.347004,-58.572064,
BR-3050,-15.285848,-58.533251,
SDO9,-19.443856,-44.490671,
SI4X,-15.457928,-41.59385,
SD5Q,-19.760682,-51.896498,
BR-1625,-19.923333,-52.160833,
BR-2943,-19.38138961792,-52.309722900391,
SSKC,-19.292785,-52.05937,
SSSW,-19.722091,-51.950343,
SSXQ,-19.330599,-51.971108,
SSOJ,-19.979167,-51.735,
SDRU,-21.693334,-50.9359,
BR-2996,-21.74388885498,-50.947498321533,
SWIP,-17.685541,-48.161541,
SJO7,-19.832517,-41.696153,
SNIV,-18.646843,-49.88542,
BR-0327,-18.681382,-49.987223,
SNIU,-14.173538,-39.68399,IPU
BR-2217,-20.703899,-49.391399,
BR-1538,-12.283889,-40.091389,
BR-0705,-11.629566,-55.905069,
SI9X,-11.93359,-56.154309,
SD7X,-12.139167,-56.1225,
SN4P,-11.91965,-56.073895,
BR-1182,-12.214407,-55.98707,
SS6T,-12.367307,-56.252532,
SJHE,-12.088032,-55.992689,
BR-0261,-7.036471,-71.687788,
SWNU,-3.161266,-48.106084,
SS43,-3.433903,-48.820592,
BR-2800,-2.385896,-47.846821,
SNNC,-2.820278,-47.893055,
BR-2169,-2.52331,-47.517399,
SNJ2,2.260722,-61.064676,
SIZ4,2.089656,-61.824728,
BR-0376,1.887366,-62.018592,
BR-2652,2.499447,-63.728696,
SJMD,2.7227799892425537,-62.95029830932617,
BR-2740,-27.217627,-53.27253,
SJIR,-13.31104,-40.878315,
BR-0797,-13.404253,-41.010692,
BR-1745,-3.056789,-60.849945,
BR-0920,-3.754444,-39.951667,
BR-0441,-16.734146,-39.43033,
SNIB,-12.5,-40.269901,
BR-0133,-16.023533,-49.76983,
SJU9,-16.025536,-49.703703,
BR-0526,-22.712506,-42.84233,
BR-2152,-14.8105,-39.290401,ITN
SNF3,-8.746322,-47.597106,
SNW4,-15.321273,-44.008524,
SNZK,-15.0243,-44.039101,
SS67,-28.712415,-55.478389,
SS7L,-28.718544,-55.267326,
SSYI,-13.055395,-40.833663,
BR-0807,-15.931687,-49.678005,
BR-2553,-23.309444,-49.0725,
BR-1652,-4.72725,-37.83157,
SD9D,-5.357596,-57.140031,
SDD9,-5.258659,-57.471703,
SJ27,-5.403056,-57.168056,
SD9B,-7.564035,-56.711844,
BR-1034,-5.453888,-57.455147,
BR-0391,-5.359444,-57.520007,
BR-1357,-4.324334,-56.088057,
BR-1367,-5.353282,-57.474482,
BR-1222,-6.802758,-56.489808,
BR-1264,-5.745327,-56.388601,
BR-1158,-6.105115,-56.290019,
SBOW,-4.186313,-56.059897,
BR-1481,-7.884148,-56.557596,
BR-1519,-5.808115,-56.442078,
SJ6N,-6.373263,-56.266211,
SIN9,-7.760187,-56.695337,
BR-1902,-5.793699,-57.051865,
BR-1903,-5.490195,-57.214889,
SIN3,-6.70403,-56.265243,
SIE8,-7.89655,-56.684725,
SN82,-5.371944,-57.135278,
SNG4,-7.33462,-56.620045,
SI5A,-6.659883,-56.196381,
SS3I,-6.261964,-55.834708,
SSC3,-7.146892,-56.724153,
BR-1786,-6.227175,-55.631012,
BR-1841,-5.760369,-56.891198,
SJJ8,-7.443851,-56.47993,
SJK6,-5.695384,-56.546634,
SN2R,-4.302887,-56.075102,
BR-1828,-6.422403,-55.44731,
BR-2506,-5.583134,-56.645415,
BR-2507,-7.2202777862549,-56.166667938232,
BR-2508,-5.1061110496521,-57.482498168945,
BR-2513,-7.154167175293,-56.636112213135,
BR-2521,-7.2329,-56.673055,
BR-2523,-5.200349,-57.590484,
BR-2528,-6.420052,-56.049438,
SIVR,-7.629534,-56.746169,
BR-2540,-7.844432,-56.664543,
SIWV,-7.856935,-56.716441,
BR-2546,-4.976288,-56.924028,
BR-2558,-5.952222,-56.543331,
BR-2593,-6.9663,-56.473868,
BR-2601,-5.521627,-57.109638,
SJGE,-6.083471,-56.29239,
BR-2644,-7.833142,-56.540272,
SJKH,-7.42367,-56.339181,
BR-2651,-6.078767,-56.389514,
BR-2655,-6.62004,-56.694332,
BR-2671,-6.125325,-56.399391,
BR-2677,-7.118999,-56.809266,
BR-2688,-7.640309,-56.78745,
SJSE,-6.3197221755981445,-55.79499816894531,
BR-2765,-7.093676,-56.851664,
BR-2769,-5.179351,-57.621524,
BR-2777,-6.062265,-56.302897,
BR-2780,-7.195416,-57.048404,
SNIF,-5.717222213745117,-56.43611145019531,
BR-2790,-6.816944,-56.550556,
BR-2801,-6.8444437980652,-56.589443206787,
BR-2805,-5.6916,-56.490913,
SNMD,-6.837733,-56.843234,
BR-2850,-4.291389,-56.087502,
BR-2876,-6.264623,-55.778931,
SNXR,-7.389945,-56.520532,
BR-2884,-7.009006,-56.904687,
BR-2889,-5.320287,-56.664691,
SNYR,-5.942021,-56.552703,
BR-2896,-7.228611,-56.232777,
SIID,-6.819947,-56.841396,
SIIN,-7.594391,-56.699019,
SIJZ,-7.394722,-56.764721,
BR-1843,-6.393807,-56.289623,
BR-3198,-6.84,-56.586667,
SDWX,-6.156449,-56.418924,
SSEU,-7.281926,-56.582297,
SNRB,-4.31616,-56.108461,
SJ6V,-18.871388,-51.590484,
BR-0034,-19.068,-51.53,
SWJL,-19.04111099243164,-51.25944519042969,
BR-1848,-15.033421,-39.664571,
SN6T,-17.038931,-39.599414,
BR-2791,-17.849179,-42.865248,
BR-0264,-6.41454,-68.257845,
SWZL,-18.147591,-41.715044,ITI
SSMP,-23.673252,-52.01039,
SS9O,-12.30665,-38.012636,
SDCR,-24.068469,-46.827228,
SI96,-12.258056,-56.4425,
BR-1892,-12.017364,-56.840841,
BR-0424,-20.405833,-44.997778,
BR-2784,-20.434444,-45.138332,
BR-0693,-25.998333,-52.926667,
SDUN,-21.219299316399997,-41.8759002686,ITP
SNIP,-15.244500160217285,-40.277198791503906,QIT
SDEJ,-23.666115,-48.072935,
SDFL,-23.580552,-48.282217,
SDYB,-23.784526,-48.338362,
SIVE,-23.503805,-48.000453,
SDQX,-23.867778,-48.805278,
BR-1129,-23.942989,-48.943656,
SDW3,-24.029722,-48.97386,
BR-0335,-3.511518,-39.643354,
SDFT,-22.415132,-46.808977,
SDHE,-22.492182,-46.843409,
BR-0071,-2.736772,-58.026525,
SSYT,-27.1425,-53.685799,
SD2G,-27.109423,-53.777567,
BR-0299,-15.814734,-50.607237,
SWMH,-15.542222023010254,-51.01777648925781,
BR-0042,-15.3751,-51.045702,
BR-3161,-21.561111,-48.798611,
BR-0886,-21.621,-48.794454,
SD7N,-21.953501,-54.814668,
SSPO,-22.009166717499998,-54.789722442599995,
BR-2992,-22.002501,-54.974167,
SSHD,-22.001521,-54.904273,
BR-0214,-8.564261,-48.702882,
SIBZ,-7.31166,-38.112701,
BR-1576,-11.118369,-37.208696,
SSUY,-20.640499,-51.476898,
BR-0136,-15.545172,-49.944283,
BR-0317,-29.162495,-56.517523,
BR-1423,-29.300996,-55.888996,
BR-1336,-29.308056,-56.192778,
SIVZ,-29.187105,-56.543949,
SSIQ,-29.171981,-56.538343,ITQ
SS28,-23.559404,-54.199582,
SIXK,-23.167497,-54.202307,
BR-1294,-23.510387,-54.251695,
SDF2,-23.303461,-53.899779,
BR-0707,-23.280753,-54.186042,
SIMY,-23.211108,-54.095982,
SNWG,-23.582209,-54.048893,
BR-2931,-23.261543,-54.051104,
BR-2934,-23.413937,-54.013517,
SSKF,-23.344521,-53.872329,
SJMR,-23.457518,-54.300302,
SSIF,-23.562109,-54.030358,
BR-1654,-2.91477,-39.95545,
SD8X,-19.069226,-50.990664,
SJ49,-18.776389,-51.534167,
BR-0038,-18.7807,-51.3587,
SWKR,-18.670000076300003,-51.585277557400005,
BR-2697,-19.007837,-50.951318,
SJBZ,-18.958246,-51.110233,
SIZI,-18.755003,-51.477224,
SJFQ,-22.949012,-48.664874,
SJZW,-23.288179,-48.737621,
BR-0418,-23.138611,-48.495278,
BR-2165,-20.755301,-46.750198,
SIN7,-11.077283,-55.772297,
SIO7,-10.911928,-55.357594,
SNM7,-11.088697,-55.647903,
BR-2522,-11.140121,-55.880019,
SWKV,-10.900833129882812,-55.858333587646484,
BR-1322,-20.07486,-44.653516,
BR-0646,-22.766667,-52.876944,
SNHU,-4.57,-47.47,
BR-0598,-4.56463,-47.544895,
BR-1510,-4.376389,-47.438056,
BR-1929,-4.653611,-47.504444,
SJJ4,-4.711302,-47.652501,
SI3K,-4.282225,-47.146033,
SJ7S,-17.182506,-54.858036,
SN8W,-17.563064,-54.975464,
SD1C,-17.632492,-54.295199,
BR-0160,-17.181368,-54.151611,
SIR4,-17.443453,-54.887986,
SI2C,-17.491189,-54.162823,
BR-1486,-17.299475,-54.322444,
SDM7,-17.283171,-54.072218,
SDF3,-17.305857,-54.444204,
SDH3,-17.328333,-54.665,
BR-0769,-17.437936,-54.164421,
BR-0785,-17.49863,-54.309882,
SWBX,-17.491674,-55.222148,
BR-3080,-17.524061,-54.821186,
SWIX,-17.381132,-54.736104,
SWMO,-17.452777862548828,-54.74222183227539,
SWOK,-17.30555534362793,-53.93555450439453,
BR-3110,-17.507386,-55.408076,
BR-2736,-17.395832,-54.759724,
BR-2237,-22.168114,-47.892852,
BR-2544,-15.180278,-40.092777,
BR-0545,-23.173337,-47.41136,
SNYT,-13.8283,-41.302299,
SNFT,-13.834423,-38.989373,
SNZW,-13.731571,-39.140377,ITE
BR-2174,-18.935313,-49.473345,
SNYB,-19.002434,-49.487442,
BR-0176,-18.311111,-49.838194,
BR-0414,-23.185832,-47.060518,
SDWL,-23.191667556799995,-47.0750007629,
SNYU,-19.71799,-50.22018,
SSXZ,-19.747499465942383,-50.12916564941406,
BR-0191,-24.263589,-51.639318,
BR-2929,-23.322873,-53.468829,
SNQS,-22.304443359375,-54.030555725097656,
BR-2939,-22.295927,-53.848994,
BR-2954,-22.512005,-53.670661,
BR-0127,-16.602639,-50.828542,
SNJE,-14.795278,-46.005,
BR-2589,-14.547881,-45.778962,
BR-1326,-14.295406,-45.553271,
BR-1272,-20.595859,-48.372775,
BR-1093,-14.677303,-45.982337,
SJ3D,-13.86631,-45.165353,
SI8C,-14.315991,-45.811631,
SD4E,-14.049243,-45.718871,
BR-1556,-13.989422,-45.964874,
BR-1574,-14.497863,-45.924995,
SSB7,-14.18362,-45.844891,
SSC7,-14.407778,-45.702778,
SSA7,-14.134705,-45.420552,
BR-3295,-13.887178,-45.759025,
BR-0582,-14.639722,-45.804722,
BR-0736,-14.116552,-45.840876,
BR-0888,-14.370574,-45.5439,
BR-0929,-14.10095,-46.18116,
SN4D,-14.207778,-45.336667,
BR-1805,-13.930201,-45.554058,
SJ3Z,-14.261612,-45.982452,
BR-1836,-14.050531,-45.593456,
BR-1881,-14.098546,-46.135549,
BR-1597,-14.089517,-45.729561,
SDUD,-21.331926,-48.315786,
BR-2324,-21.284712,-48.163505,
SIVJ,-19.451074,-43.899779,
SNLG,-19.398611,-43.746387,
SWSI,-9.13939,-57.049462,
BR-1043,-9.149299,-56.917892,
BR-0581,-8.903746,-56.924769,
BR-3212,-8.88,-57.33,
BR-2524,-6.928867,-56.993902,
SIKQ,-7.237056,-57.103969,
SNFJ,-9.06277847290039,-56.59333419799805,
SNQW,-7.564736,-57.739871,
SNRQ,-6.1041669845581055,-57.37944412231445,
SNYJ,-6.135433,-57.401467,
SWJC,-15.971667289733887,-54.96861267089844,
BR-3166,-16.046143,-54.952598,
BR-0907,-16.071395,-55.096146,
SN3C,-16.04527,-55.13221,
SJ48,-15.915035,-55.304195,
SJ9S,-15.778959,-55.240287,
SNJB,-11.1632,-40.553101,JCM
SIVW,-24.709625,-48.022828,
SJTL,-22.97861099243164,-51.54861068725586,
BR-2941,-32.540558,-53.384167,
SNMI,-9.83,-39.886667,
SI3P,-18.948056,-39.976667,
BR-0246,-5.854545,-38.573393,
BR-1645,-13.159467,-38.856039,
SNMK,-15.093000411987305,-43.97909927368164,
SJP7,-15.141675,-43.803966,
BR-0229,-15.334222,-43.689039,
BR-1425,-15.43218,-43.911752,
SJ9R,-15.268562,-43.766898,
BR-0237,-7.342351,-41.141814,
BR-0603,-20.31226,-50.612413,
SNAP,-15.731948,-43.322905,
BR-2797,-15.65292,-43.403249,
SWZD,-17.255833,-50.142674,
BR-3057,-15.251786,-56.481979,
BR-3064,-15.3508,-56.712925,
SIMX,-15.240833,-56.578056,
SN4J,-15.593264,-44.691941,
SNJN,-15.4738,-44.385502,JNA
SWLD,-14.88405,-45.338569,
SD3N,-23.877778,-54.509722,
BR-0259,-1.896111,-67.019444,
SWJP,-1.4039299488067627,-69.42379760742188,
SIMW,-20.350089,-53.970519,
SDTS,-20.338452,-54.415966,
BR-1872,-20.051574,-54.256768,
BR-0725,-20.154637,-54.649438,
SS9H,-20.077397,-54.1925,
SSJI,-21.493099,-56.152599,
SINP,-21.506016,-56.420438,
SJVR,-21.491943359375,-56.487220764160156,
SSLU,-21.523332,-56.611667,
BR-0698,-5.638152,-35.956535,
BR-2796,-6.541448,-36.732007,
SDJN,-21.096664,-47.733954,
SNFN,-20.94,-47.87,
SNWQ,-29.330071,-54.336362,
BR-0266,-10.440823,-62.507014,
BR-0267,-10.423643,-62.517625,
BR-0078,-10.359504,-62.46073,
SNAI,-22.742494,-53.803235,
SJDE,-22.644834,-54.09762,
SDAJ,-22.591303,-54.063315,
SSXM,-22.78595,-53.880853,
SSZP,-22.69611167907715,-54.2158317565918,
SIOS,-22.769395,-53.957269,
SIUS,-22.711748,-54.045042,
SILA,-22.756475,-53.83996,
BR-2864,-15.258869,-58.792709,
SWYR,-15.348282,-58.794586,
SNJK,-13.8777,-40.071602,JEQ
SNJI,-17.186800003051758,-44.64950180053711,
SDT8,-17.189291,-44.612058,
SNJQ,-16.4419002532959,-41.03689956665039,
SSA3,-9.943083,-38.520339,
BR-0656,-10.953421,-61.994036,
SI6S,-2.893352,-40.505379,
SNJP,-17.787500381469727,-46.119998931884766,
BR-2957,-17.197500228882,-45.776668548584,
BR-2785,-17.197588,-45.664671,
SNYS,-18.222582,-45.995484,
SJ3V,-17.300278,-46.439444,
SII4,-17.240872,-46.282036,
BR-1161,-17.715755,-45.817385,
BR-0330,-17.307006,-45.92607,
BR-0466,-17.375833,-45.95,
SI6J,-17.87422,-46.060679,
BR-0443,-26.305918,-48.934853,
SSQB,-9.189444,-71.946944,
SNHJ,-21.095,-49.914722,
SDWH,-21.188600540161133,-49.936100006103516,
BR-1062,-4.59817,-42.592211,
SIWN,-17.849879,-49.582296,
SWZA,-11.397556,-58.121521,
BR-3051,-11.564014,-58.02652,
BR-3089,-11.000278,-58.215279,
BR-3105,-11.817694,-57.566954,
BR-2711,-11.474167,-57.921112,
SIGX,-11.198073,-58.235682,
SNOI,-10.434484,-58.163115,
BR-0198,-11.176732,-57.669051,
SN2J,-10.340769,-57.548432,
SN3P,-12.014726,-57.532211,
SJ8P,-11.55925,-57.86479,
SN6R,-11.133056,-57.174444,
SNV2,-11.495585,-57.888733,
SNI3,-11.376822,-57.677889,
BR-0787,-11.468052,-57.609239,
SD6J,-11.174806,-57.244448,
SJ4U,-11.800278,-57.593889,
SI9E,-10.746344,-57.986018,
SJ2E,-10.919444,-57.921667,
BR-1543,-19.926736,-44.387995,
SNAV,-9.504348,-40.36996,
BR-2437,-9.392222,-40.357498,
BR-2168,-9.46201,-40.824299,
BR-1450,-6.074499,-37.035145,
SIJU,-11.790368,-58.456117,
BR-1928,-11.642902,-59.087344,
SWJN,-11.419444,-58.701668,JIA
SWLA,-11.884721755981445,-58.63166809082031,
SI4F,-11.283333,-58.639444,
SD5S,-11.600778,-58.439431,
SS3P,-10.885067,-59.030497,
BR-0846,-21.780237,-43.280217,
BR-2795,-21.845998,-43.190664,
SSJK,-29.153099060058594,-53.74330139160156,
BR-2533,-6.943732,-36.672062,
SWQP,-21.315277099609375,-51.369998931884766,
SJRS,-21.343610763549805,-51.4033317565918,
BR-0897,-3.482507,-66.057696,
SDY7,-10.225279,-58.702036,
SWJF,-10.198919,-58.490691,
BR-3086,-10.314114,-58.494877,JRN
BR-2557,-3.117976,-56.583568,
BR-0235,-15.117624,-49.31236,
BR-0885,-16.236783,-55.116159,
SNC7,-16.234767,-54.894597,
BR-3058,-16.167221,-54.842777,
SWJZ,-15.967222,-54.531667,
SWGW,-15.437529,-51.599684,
BR-3085,-15.486111,-51.269444,
SWXA,-15.044121,-51.404677,
SWZQ,-15.845633,-51.072487,
SSHL,-23.575000762939453,-52.40833282470703,
BR-2658,-15.436083,-51.583798,
SJ28,-15.788568,-51.006827,
SJ4T,-15.688056,-51.486944,
SJ46,-15.073409,-51.494437,
SI2P,-15.638079,-51.572188,
SJV2,-15.193333,-51.580833,
BR-3265,-15.806594,-51.413653,
SSB9,-15.339419,-51.495853,
BR-1304,-15.294203,-51.284733,
BR-0668,-15.278446,-51.413114,
BR-0912,-22.669967,-54.32308,
BR-1820,-22.786979,-54.491887,
BR-1332,-22.891867,-54.664601,
SJSA,-22.789722442626953,-54.5977783203125,
SSLX,-22.701258,-54.608345,
BR-2680,-9.402228,-66.695724,
BR-3229,-8.343408,-65.713456,
BR-1075,-9.537195,-65.731348,
SNLB,-9.203051,-65.708531,
SDC2,-9.02592,-65.927796,
BR-1566,-8.922303,-66.131879,
SNN3,-9.693914,-67.086229,
SJ33,-9.421111,-65.556111,
SI8V,-9.403889,-65.715,
BR-0252,-9.569238,-67.305229,
SSLR,-19.104999542236328,-57.59333419799805,
SSVA,-19.0625,-57.62916564941406,
SI8M,-10.900962,-37.632292,
SN4T,-4.793333,-45.247778,
SN3Q,-4.757222,-45.351944,
BR-0866,-10.786358,-49.585894,
SS9N,-10.767978,-49.64021,
SSUU,-10.741666793823242,-49.47999954223633,
SJBU,-17.014975,-44.791897,
BR-1162,-17.764502,-46.546678,
BR-0115,-6.038857,-36.454737,
SBLS,-19.661751,-43.897404,
SD4A,-28.029722,-51.520556,
BR-1023,-15.178814,-45.224285,
BR-2949,-22.673332,-55.236667,
SSLQ,-22.783302,-55.072604,
BR-2972,-22.776667,-54.976665,
BR-2993,-22.410278320312,-54.988609313965,
BR-2539,-22.867222,-54.440834,
SD8A,-22.744763,-55.232613,
BR-2807,-20.140388,-41.608235,
BR-3097,-15.190932,-57.708372,
SJLD,-15.715556,-57.711388,
SDA7,-15.178333,-57.706944,
BR-1731,-15.770774,-57.741187,
BR-0792,-15.348349,-58.029166,
BR-1001,-15.280833,-57.793889,
SS44,-15.506844,-57.747342,
BR-2199,-15.376891,-57.682109,
SJLB,-15.570615,-57.773998,
SIK2,-0.791275,-52.469769,
BR-1496,-0.101312,-52.950336,
SILJ,-0.831374,-52.504075,
SINQ,-0.790406,-52.488164,
SNLU,-10.838153,-37.196016,
BR-2952,-25.514133,-52.557499,
SN4O,-18.012985,-44.81058,
SSVU,-17.698889,-44.350278,
BR-2457,-17.672501,-44.593056,
BR-0275,-12.808092,-46.501759,
SJ9K,-21.146389,-51.028889,
SNPN,-21.030277252197266,-50.92583465576172,
SN8F,-30.725383,-53.980617,
BR-2813,-17.737851,-43.496241,
BR-0495,-22.148482,-47.27842,
BR-2171,-21.468226,-42.727076,LEP
SSLM,-16.548655,-48.941534,
SJXM,-21.730022,-43.891947,
SI7H,-22.543333,-47.2325,
SNE4,-19.303147,-50.715569,
SS96,-19.574419,-50.555503,
SSZW,-19.520191,-50.654031,
BR-0372,-5.193456,-38.144054,
SS4I,-9.414807,-46.694607,
SDZ5,-9.081762,-47.217702,
BR-1105,-22.91824,-53.06911,
SSLO,-22.917101,-53.148998,
BR-0728,-14.496258,-47.035981,
BR-1312,-7.493227,-45.505412,
SW2F,-12.932506,-56.148797,
SIE2,-13.164972,-56.176833,
SIH8,-13.004973,-55.96451,
SS7J,-12.990251,-55.957558,
SS9D,-12.740089,-56.207315,
SSPH,-12.928641,-56.097017,
SD3V,-12.997275,-56.271327,
SBOK,-13.290168,-55.975493,
BR-1858,-13.020475,-56.125582,
SI7O,-12.881111,-56.061389,
SIDW,-13.004636,-56.087606,
SITS,-13.130369,-55.981722,
SJPV,-12.970052,-56.184574,
SJPW,-12.901944160461426,-56.371944427490234,
SJSO,-12.968735,-56.321154,
SDYF,-13.109637,-55.992991,
SICO,-13.325756,-56.049893,
BR-3060,-13.314444,-56.112778,
SDLC,-21.748877,-51.017632,
SDQ6,-11.194465,-50.880253,
SJ6M,-11.150556,-50.951111,
BR-2673,-12.361141,-46.135175,
SNBB,-11.954774,-45.723528,
BR-1676,-12.06647,-45.75179,
SIU4,-12.496661,-46.062714,
BR-1195,-12.519207,-46.150635,
SNX6,-11.956419,-45.902536,
SNT8,-12.184631,-45.816269,
SN0A,-12.120681,-46.314432,
BR-3270,-11.93736,-45.872058,
BR-0774,-12.425062,-46.247592,
BR-1013,-12.150865,-45.870333,
BR-0408,-12.125186,-45.771057,
SDO6,-11.977993,-46.026553,
BR-1601,-12.068207,-45.828671,
SSQZ,-12.106389,-45.895,
SIDY,-24.07771,-51.819447,
SW27,-16.457162,-47.737885,
BR-1224,-16.53975,-47.83727,
BR-1131,-16.671783,-48.010262,
BR-2672,-16.189444,-48.078056,
BR-1572,-3.537236,-42.372869,
SD3Y,-22.293172,-41.759826,
BR-2638,-29.084003,-56.211983,
SS3H,-29.009211,-55.736258,
SJKI,0.208793,-51.012373,
BR-2667,1.019404,-50.213918,
BR-1159,1.084965,-49.90508,
BR-0612,0.840789,-50.652101,
BR-1008,0.040172,-51.149408,
BR-1563,-13.09448,-42.5529,
SNMC,-13.025,-42.672298,
SNGS,-9.584875,-35.752795,
BR-0113,-9.40307,-62.006018,
BR-0527,-9.191392,-61.770878,
BR-0667,-9.293056,-61.806527,
BR-0260,-7.279778,-65.192102,
BR-0289,-2.042421,-47.526413,
SNQP,-20.5674991607666,-50.23030090332031,
BR-1714,-3.20682,-60.54301,
SD11,-3.231842,-60.486547,
SJ8B,-2.803611,-60.048056,
BR-1089,-14.617778,-44.188056,
SN3E,-14.782549,-43.954041,
SDCZ,-22.935009,-44.091702,
SDDE,-8.012773,-61.777196,
SWLQ,-7.908888,-61.562748,
SSMR,-24.5296,-51.651714,
SSPX,-8.8501,-69.260038,
SWWM,-18.77184,-40.948173,
SJSR,-13.99222183227539,-49.763057708740234,
SN2M,-14.099167,-49.288889,
BR-0140,-14.036961,-49.164362,
SNI7,-4.037067,-49.164672,
BR-2161,-5.758452,-49.176216,
BR-0720,-5.605802,-49.475216,
BR-0835,-5.462267,-49.77277,
SJT3,-5.377222,-49.224444,
BR-1583,-5.520979,-50.2146,
BR-2326,-22.063057,-51.924721,
SDZU,-22.121936,-52.19793,
SDFK,-22.067804,-52.151064,
SDNE,-22.198999,-51.975562,
BR-2729,-21.345303,-55.435739,
BR-2846,-21.355556,-55.61972,
BR-2928,-21.455833,-55.456944,
BR-2372,-21.497223,-55.263889,
SWQG,-21.45722198486328,-55.421112060546875,
SSMJ,-21.633888,-55.144906,
BR-1632,-21.145278,-55.362778,
BR-0858,-21.725195,-55.094423,
SNIW,-21.479299,-55.330596,
SD1M,-21.659571,-55.699957,
SN3W,-21.818611,-55.497778,
SNMJ,-13.433300018299999,-40.4333000183,
SJZC,-8.778888702392578,-35.78499984741211,
BR-1644,-13.91231,-38.93468,
SNMR,-14.143352,-39.006603,
SWLT,-10.433889389038086,-54.16722106933594,
SDL0,-10.812002,-53.709219,
SI8H,-10.69,-54.661667,
BR-1151,-10.864252,-54.710525,
SN9K,-10.751652,-53.805425,
SDV6,-11.079795,-53.835379,
SJ22,-10.763943,-54.485039,
SI4V,-10.96,-54.228056,
SS2C,-11.162009,-54.268842,
SSCR,-24.512699,-54.054699,
SJ4L,-9.694444,-35.831667,
SSPV,-8.959443,-72.779721,
SI2G,-9.725556,-49.779444,
SN1C,-20.490556,-50.430528,
BR-0156,-10.183659,-52.098914,
BR-2153,-22.466611,-51.200817,
BR-0356,-22.074271,-51.038782,
BR-1449,-6.089291,-37.925065,
BR-3075,-10.734444,-54.534443,
SNME,-12.490391,-38.023664,
BR-1145,-12.553551,-38.314472,
SDMY,-21.6329,-48.479099,
SI6M,-10.294167,-46.550556,
SJ2P,-10.224167,-46.111944,
BR-0207,-10.562528,-46.429861,
SWAG,-10.424722,-46.076944,
SDM1,-10.506658,-46.204381,
SS7P,-10.398507,-46.037832,
BR-1868,-10.535042,-45.984364,
SD2P,-10.303156,-45.807742,
BR-2818,-14.769444,-43.415279,
BR-2822,-14.947123,-43.67009,
SD8O,-14.770743,-43.609586,
SJ4W,-15.347287,-42.883896,
SI3N,-5.253333,-43.581111,
SNB4,-3.676706,-44.524153,
SWMN,-15.214686,-50.836191,
SI3U,-15.424236,-50.748373,
SWXM,-10.170368,-54.953964,MBK
SD6N,-9.744952,-54.016668,
BR-1254,-10.219135,-54.792466,
BR-1256,-10.328423,-54.580896,
SI3D,-6.015833,-58.077222,
SI25,-5.98,-58.539722,
BR-0319,-5.340555,-57.763889,
SN2W,-6.384167,-58.228889,
SJ2G,-5.699685,-58.028317,
SWMW,-3.37217,-57.7248,MBZ
BR-2428,-5.020024,-57.776639,
SWHS,-18.053333282470703,-50.38694381713867,
SW2B,-7.392682,-38.682855,
SNXX,-5.38414,-35.5284,
BR-1667,-0.09399,-51.27579,
SJNQ,-17.491096,-40.156317,
BR-2191,-25.3109,-54.070499,
BR-0067,-3.515242,-53.486152,
BR-0068,-3.400857,-52.95263,
SI9J,-16.313333,-41.492778,
BR-1839,-1.799722,-51.713611,
BR-0699,-16.928677,-48.682292,
SJX6,-14.955691,-48.295982,
BR-2571,-15.158888816833,-48.283889770508,
SDS9,-13.236389,-48.184444,
BR-2725,-13.474939,-48.459009,
SNMN,-17.263889,-42.539165,
SI9A,-17.758889,-53.04,
BR-0772,-17.881872,-53.038971,
BR-0969,-18.188197,-53.099379,
BR-2273,-22.436606,-48.40362,
BR-3260,-24.305534,-47.503187,
BR-2841,-9.90712,-48.635044,
BR-0240,-6.36777,-44.347317,
SJR4,-6.5625,-44.5725,
SSNA,-19.896503,-56.427346,
SSOD,-20.247777938842773,-56.415279388427734,
BR-3011,-20.086944580078,-56.616390228271,
BR-3012,-20.082928,-56.667116,
SSXL,-20.434722900390625,-56.33583450317383,
SSDQ,-20.180732,-56.634712,
BR-2914,-20.338612,-56.698334,
SSEX,-19.968191,-56.311269,
SSFO,-20.039722442626953,-56.32027816772461,
SSIW,-19.980153,-56.435725,
SJRP,-20.13247,-56.371143,
SIDR,-19.837257,-56.703293,
BR-2391,-20.088314,-56.724172,
BR-2393,-20.383623,-56.270091,
SILU,-19.865306,-56.987917,
SJ7G,-20.322279,-56.322877,
SN3J,-20.188533,-56.687695,
SN7B,-20.109561,-56.730498,
SIB3,-20.304436,-56.828096,
BR-1874,-19.953604,-56.885376,
SD1N,-20.008833,-56.325761,
SJ6H,-19.970278,-56.743889,
BR-0781,-20.180036,-56.55678,
BR-0723,-20.199722,-57.101111,
SSBY,-20.099501,-56.7939,
BR-2330,-21.07844,-51.148095,
SJTM,-20.88777732849121,-50.98833465576172,
BR-1200,-9.528922,-48.777363,
SDI4,-11.146667,-62.828889,
BR-3293,-22.504191,-52.084378,
SNKP,-22.385159,-52.110901,
SWRW,-15.587499618530273,-58.0444450378418,
SWYC,-15.693403,-58.107917,
SW2D,-3.181284,-49.056532,
SJ3U,-3.001389,-49.398889,
BR-2443,-3.292265,-49.213596,
BR-2802,-1.971231,-48.629113,
SNYV,-2.119009,-48.642923,
SDBE,-2.208,-48.8146,
BR-2222,-5.729178,-39.597932,
BR-1548,-20.865278,-50.1075,
SSVO,-20.8716678619,-50.1269454956,
SDDJ,-20.849434,-50.083376,
SDV8,-1.411389,-54.124167,
SN9A,-1.603672,-54.338494,
SNMA,-1.9958,-54.0742,MTE
SWMG,-13.3855562210083,-46.775001525878906,
BR-3091,-13.249631,-46.870976,
BR-3122,-13.335495,-46.901991,
BR-2532,-13.224383,-46.953095,
SJJO,-13.192744,-47.120251,
BR-2707,-13.374544,-46.899301,
SNGK,-19.04833221435547,-48.97222137451172,
SJFV,-18.766281,-48.754891,
SSYF,-18.871667861938477,-48.72055435180664,
SS3A,-18.562165,-49.013566,
SD7M,-18.903074,-48.784112,
SDMO,-21.258981,-48.523511,
BR-2960,-15.188889,-43.531113,
BR-2518,-14.91348,-43.364317,
BR-1674,-15.200473,-42.895957,
BR-1571,-21.363071,-46.400918,
SNMF,-21.350555419921875,-46.25055694580078,
SIWE,-27.2127,-50.956501,
SNTK,-18.718712,-47.485187,
SS9S,-11.103033,-48.033319,
SS8T,-10.350053,-47.958014,
SSQP,-10.464823,-39.286476,
BR-2223,-21.1758,-46.9589,
SIBY,-7.87824,-37.139999,
BR-0100,-5.838959,-47.058035,
SIVN,-16.602173,-43.771033,
SWIM,-16.126667022705078,-51.66972351074219,
BR-0820,-15.896137,-51.523453,
SJ3Q,-15.655556,-51.753333,
SI2N,-16.025008,-51.720011,
BR-0230,-15.177854,-42.507661,
SIYO,-17.255556106567383,-51.30638885498047,
SWXN,-17.247325,-51.270546,
BR-0727,-17.445179,-51.139827,
SIYI,-17.261915,-51.146516,
BR-1790,-17.264325,-51.21405,
SJ3P,-17.41774,-50.987398,
SJ2V,-13.040915,-48.784391,
SJAI,-13.184792,-48.753031,
BR-2893,-13.204455,-48.590634,
SDK6,-4.95271,-38.377508,
SNKE,-18.581944,-45.321389,
BR-1391,-18.42718,-45.364218,
SN2F,-18.869367,-45.258581,
BR-2814,-18.59388923645,-45.353057861328,
SWWT,-18.705641,-45.335393,
BR-0283,-11.573253,-43.26358,
SWMX,-17.761758,-49.121654,
SSTR,-17.93653,-49.24176,
SDJZ,-20.810328,-48.222595,
SIAM,-20.697327,-48.286419,
BR-0138,-15.332789,-50.046968,
SNOC,-11.533278,-41.180055,
SDS6,-3.751667,-42.297778,
BR-1119,-16.164546,-50.138505,
SNPV,-30.692516,-50.557139,
SIQI,-30.536381,-50.467404,
BR-2685,-21.509167,-48.197224,
SWOW,-1.463542,-61.633088,
SWPP,-14.753055572509766,-50.665000915527344,
SDOV,-14.770575,-50.5642,
BR-0195,-1.536895,-49.232689,
SDZC,2.708055,-62.668889,
SI3Z,2.495833,-61.73,
SID4,2.650533,-61.462678,
SIN6,2.419444,-60.9275,
SIG6,2.593325,-61.441247,
SJKS,2.375485,-63.008952,
SWMV,2.72694,-62.9506,
SNQU,-13.0312,-41.444099,CHD
BR-1463,-13.157195,-41.507165,
BR-0936,-18.146774,-39.594353,
BR-2224,-11.770045,-40.419034,
SWIE,-13.919444,-50.009998,
SSCB,-13.769686,-49.934503,
SBOR,-13.732032,-50.357632,
BR-1849,-13.60093,-50.31369,
SN4X,-12.210943,-43.605526,
SDY6,-6.94718,-48.808249,
SIN4,-6.813645,-49.019358,
SIVC,-13.760061,-49.477873,
BR-0142,-13.745957,-49.284566,
SNNU,-17.823158,-40.329662,NNU
SDND,-22.483974,-51.529044,
BR-0262,-9.398827,-72.718563,
BR-0464,-5.738476,-35.218407,
SNTD,-16.586200714111328,-46.5010986328125,
BR-0206,-11.706552,-47.750419,
SSNI,-22.98527717590332,-53.87694549560547,
BR-2974,-22.891666,-54.116943,
SSVB,-23.066515,-53.821174,
SSVK,-22.794443130493164,-54.156944274902344,
BR-3001,-22.965998,-54.075064,
SSXV,-22.950000762939453,-54.112220764160156,
SITB,-23.01328,-53.790618,
SJDI,-22.852064,-54.208249,
BR-2803,-23.202257,-53.857293,
SSGZ,-22.893908,-53.867508,
SSNB,-23.0348,-54.180199,
BR-1704,-22.939326,-53.830218,
SJ3G,-22.890231,-54.311868,
BR-1723,-23.018316,-53.980658,
SDX3,-22.788889,-54.036389,
BR-0353,-22.792222,-54.179444,
BR-0442,-22.916353,-53.973374,
SN1P,-22.96152,-53.849536,
BR-1352,-23.137568,-53.84319,
SN7C,-23.020278,-53.819444,
SBQA,-16.536119,-49.838244,
SNEO,-16.438905,-49.199524,
SNNP,-8.066944122314453,-52.16722106933594,
BR-0378,-15.499887,-41.565833,
BR-2297,-20.898611,-55.710533,
SDQL,-21.182418,-55.73428,
SSNQ,-21.184723,-55.830276,
SSVV,-21.285926,-56.120272,
SJ4C,-20.842222,-55.966667,
BR-1614,-21.359444,-55.768056,
BR-0825,-21.290904,-55.822763,
BR-3093,-14.250556,-48.083889,
SWNQ,-14.434869,-48.491615,NQL
SD5Z,-14.930284,-48.718138,
SNRA,-14.655641,-48.586541,
SD1Z,-14.250443,-48.276384,
SJR7,-14.179167,-55.588056,
SN6X,-14.261944,-55.3625,
SSPE,-14.435556,-55.609444,
BR-3197,-14.316667,-55.766944,
BR-3094,-14.707222,-56.338333,
BR-3102,-13.798631,-55.458696,
SWVZ,-14.75,-56.352779,
BR-2462,-14.643002,-56.23946,
BR-2689,-14.459435,-56.053869,
SDKA,4.164573,-59.835001,
BR-3241,3.906468,-60.027144,
BR-1869,3.855278,-59.926667,
SDKL,3.835853,-59.777179,
SDXA,4.211866,-60.004514,
SJKL,4.620442,-60.078414,
SJKO,4.062941,-60.165075,
SJKT,4.173141,-60.546974,
SJKX,4.166814,-59.747576,
SJLL,4.460830211639404,-60.10029983520508,
SJLQ,4.364999771118164,-60.016700744628906,
SJMF,4.1638898849487305,-60.222198486328125,
SJMN,3.809596,-60.092908,
SJMQ,4.173909,-60.141154,
SJYS,3.990654,-60.182043,
BR-3098,3.879933,-59.623589,
SWRZ,-14.353099822998047,-56.71379852294922,
SNX4,-15.657,-56.297386,
BR-1649,-7.012956,-34.981397,
SJO2,-15.526797,-57.014003,
BR-3111,-15.765556,-56.495556,
SWIZ,-21.296667,-54.479167,
BR-0365,-21.552911,-54.23414,
SJXJ,-21.454039,-54.389028,
BR-1507,-21.59065,-53.819728,
BR-1735,-21.122742,-54.44674,
BR-2743,-21.674202,-54.03658,
SIBV,-21.450333,-54.489515,
BR-2458,-21.429301,-54.37623,
BR-2919,-21.177449,-54.301043,
SSRJ,-21.878395,-53.815477,
SSMC,-22.087778091430664,-53.52000045776367,
BR-2970,-21.708332061768,-53.099445343018,
SSSY,-22.516666412353516,-53.51166534423828,
SSCH,-21.598487,-53.226976,
SSJH,-22.164289,-53.56893,
SSJJ,-21.805647,-53.128837,
BR-3225,-21.6433,-53.3106,
BR-1505,-22.237046,-53.371805,
BR-1534,-22.053386,-53.338666,
BR-0529,-21.794693,-53.474602,
BR-0310,-22.268333,-53.433056,
BR-1830,-21.699479,-53.439312,
SN2K,-21.697222,-53.307213,
BR-1587,-21.976141,-53.416772,
SDK7,-22.162667,-53.329921,
BR-2189,-22.278894,-53.38323,
BR-1626,-18.20525,-48.2806,
SI9F,-10.430142,-58.29269,
SI4D,-9.845779,-57.808016,
BR-1696,-9.295307,-58.143611,
BR-0606,-9.369167,-58.541389,
BR-0701,-9.406699,-58.191167,
SD10,-9.3914,-58.221169,
BR-0022,-10.257651,-58.259103,
BR-3095,-9.400047,-58.229372,
SWSZ,-9.773611068725586,-58.06277847290039,
SJFT,-10.093056,-57.726944,
BR-2733,-14.661772,-55.384305,
SS3W,-14.6723,-55.212586,
SNP7,-10.568011,-55.962094,
SI2S,-11.098286,-56.470851,
SI6D,-10.409722,-55.729167,
SBOU,-10.270278,-55.786111,
SIO8,-10.769456,-55.772906,
SIQG,-10.504746,-55.709881,
SWUE,-10.706422,-55.933033,
BR-3030,-10.371111,-55.818611,
SWAA,-14.5439,-50.592777,
SWDY,-14.754531,-50.377499,
BR-3216,-14.58202,-50.708303,
SSKQ,-14.541111,-50.461944,
SDMW,-14.1125,-50.680833,
BR-3190,-13.7072219849,-50.6477775574,
SIVP,-14.441618,-50.535837,
SIWR,-13.799722,-50.488808,
SJCL,-14.529421,-50.411162,
SII3,-14.074208,-50.28345,
SJ9I,-14.584137,-50.3258,
SW2I,-14.365114,-50.414268,
SN8V,-13.906208,-50.435944,
SJ6L,-14.100833,-50.827222,
SDN5,-13.938692,-50.470189,
SN5J,-13.996923,-50.532103,
BR-3267,-13.708849,-50.80089,
SD1V,-13.998115,-50.799759,
SJE4,-13.798333,-50.701944,
BR-1744,-14.341577,-50.453149,
SNLQ,-14.065799713134766,-50.41590118408203,
SDZZ,-21.798767,-48.544439,
BR-2225,-21.763774,-48.582466,
BR-2395,-23.416389,-50.600834,
SSFX,-23.45713,-50.580087,
SING,-20.556667,-49.288334,
SIL6,-10.339053,-55.208994,
SNA7,-10.259172,-55.365656,
SJ6P,-14.466931,-49.381538,
SIOC,-21.14321,-51.544011,
SJJU,-14.045111,-60.15419,
SNWI,-14.068889,-60.009167,
SWTI,-14.5202999115,-59.7798995972,
SNH9,-14.491243,-59.354076,
SW21,-14.480528,-59.843794,
BR-1856,-23.701389,-54.79,
SN4K,-14.135055,-60.050524,
SJU7,-14.451169,-59.649181,
SS49,-14.117487,-60.165243,
BR-1894,-14.217754,-60.00168,
SDS4,-14.61367,-59.629317,
SDA3,-14.339912,-59.649242,
SD2L,-14.120833,-59.914167,
SJQT,-20.169079,-43.92747,
BR-2659,-10.218966,-64.34348,
BR-0085,-10.399912,-65.347213,
SJ4H,-10.236111,-64.743611,
SN7G,-10.370454,-64.897836,
BR-0810,-14.347952,-56.948738,
BR-0766,-12.814444,-57.179444,
BR-1030,-12.20905,-57.453738,
BR-0384,-12.798737,-57.129145,
BR-0562,-13.410128,-57.156867,
SD2D,-12.255,-57.2575,
BR-1512,-12.228333,-57.237778,
SN9T,-12.485724,-57.19793,
SNR8,-13.171346,-56.988984,
SIT6,-12.33506,-57.026775,
SN4E,-13.208889,-57.385833,
SN6J,-12.29,-57.3225,
BR-1081,-12.631711,-57.295926,
SSOY,-12.290556,-57.019444,
BR-3040,-12.845088,-56.97719,
SJRV,-13.38611125946045,-57.61555480957031,
BR-2286,-13.1,-56.952778,
SIEJ,-9.942937,-57.485956,
SWRA,-10.056322,-56.991573,
BR-3077,-10.156389,-56.98111,
SWOP,-9.785799,-57.621937,
BR-3145,-10.166063,-57.554777,
SJA8,-10.268253,-57.308721,
SJA6,-10.146933,-57.45086,
SJJ6,-9.758333,-57.013611,
SI7K,-9.901643,-57.355872,
SS46,-14.024643,-55.542483,
SIU9,-13.295133,-56.415117,
BR-1907,-12.901972,-56.736653,
SS8R,-13.775646,-56.145022,
SD5U,-13.668789,-56.049785,
SNZ4,-13.471667,-56.473056,
SN8P,-13.666942,-56.283756,
SIEQ,-13.306521,-56.573196,
SJ6R,-13.753889,-55.791111,
SBQC,-13.366514,-55.8551,
SJK3,-14.1275,-55.804722,
SWIC,-13.519624,-56.066678,
SD7G,-13.963333,-55.651111,
SWVJ,-13.666504,-56.002564,
SWYP,-13.955319,-55.778993,
BR-3005,-13.698056,-56.290833,
BR-2452,-13.096989,-56.525961,
BR-2657,-13.907346,-56.083857,
SJNM,-13.993894,-55.940962,
SIQK,-22.781533,-47.334557,
SWGQ,-14.78083324432373,-57.35416793823242,
BR-1693,-14.660892,-57.291439,
SWGZ,-14.776846,-57.188846,
BR-0091,-7.623877,-48.411781,
SI9L,-2.867059,-45.708229,
BR-3100,-3.888357,-59.07998,
BR-2176,-19.1984,-47.728699,
SSNP,-28.802499771118164,-51.60419845581055,
SSMX,-21.142698,-46.483921,
SJUU,-14.028056144714355,-46.87111282348633,
SS2M,-14.006219,-47.017697,
SS42,-10.889944,-55.253508,
SI43,-10.834444,-54.780556,
SNY8,-10.805229,-55.093014,
SIL2,-10.756728,-55.133358,
SJZH,-10.887441,-55.001118,
SWIB,-10.862777709960938,-54.91416549682617,
SWKG,-13.411259,-54.748453,
SWMT,-12.657777786254883,-54.82777786254883,
SWVK,-13.035319,-55.32782,
SJCZ,-12.430112,-54.250435,
SJG2,-13.223455,-54.6,
SJP4,-13.54669,-54.982299,
SI7I,-12.61459,-54.54779,
SN6V,-13.754673,-54.798321,
SI8G,-13.075833,-55.054722,
SI9T,-13.263333,-55.3,
BR-1705,-13.284672,-55.127051,
SI7Q,-13.518333,-55.079722,
SS4A,-13.420628,-55.031317,
SNG7,-12.943778,-54.959547,
SNA6,-13.055936,-55.206134,
SI9W,-12.660075,-54.809994,
SJR3,-12.28,-54.124722,
BR-1884,-13.122002,-55.070662,
SD8Z,-12.729049,-54.438111,
BR-0296,-12.999543,-55.213927,
SSSV,-13.820338,-54.755788,
SNX8,-13.729549,-54.891046,
SNX7,-14.731078,-46.444334,
SJI6,-13.563312,-55.099105,
BR-1414,-13.026231,-55.239713,
BR-1306,-12.979457,-55.119951,
SI93,-17.874599,-39.904232,
SWNE,-17.884849,-39.367075,
BR-0800,-14.64288,-52.499008,
SS8Y,-14.675165,-52.384888,
SS7T,-14.702317,-52.117747,
SIRN,-14.769135,-51.985738,
SWYY,-14.88443,-52.278779,
BR-3066,-14.719644,-51.914434,
BR-3170,-10.013056,-47.681667,
SWJM,-12.966388702392578,-46.565277099609375,
SJJF,-8.49523,-60.955747,
SD5N,-8.113286,-61.445344,
SS4P,-5.91233,-59.953219,
SDU6,-5.778674,-59.926985,
SI7C,-8.689444,-61.406944,
BR-0813,-7.846799,-60.973428,
SIEW,-7.98806,-61.050532,
BR-0899,-7.570001,-60.688766,
BR-0677,-7.907935,-61.250335,
SWNA,-5.11803,-60.364899,NVP
SNEZ,-15.960277,-50.714757,
SI9R,-17.401499,-42.110845,
BR-2895,-21.567418,-49.301448,
SINH,-22.64372,-53.562341,
BR-0548,-22.597778,-53.691479,
BR-0975,-22.662664,-53.729258,
BR-0350,-22.617232,-53.580533,
SJM7,-9.855278,-55.605556,
SJT2,-9.848599,-55.529165,
SNZ9,-9.858827,-55.388659,
SD7S,-9.746181,-55.448171,
SJF2,-9.838342,-55.304067,
SJL4,-9.672672,-55.689708,
SJNW,-9.632569,-55.216341,
SJZP,-9.837772,-55.465929,
SWDF,-9.522029,-55.040184,
SJTT,-13.238611221313477,-49.709442138671875,
BR-0046,-13.2391,-49.5138,
BR-3169,-7.622604,-56.071694,
BR-2640,-8.375365,-55.306839,
SJNP,-7.125833,-55.400833,NPR
BR-2353,-7.556172,-56.162789,
BR-2529,-7.015737,-55.877646,
BR-2530,-7.686248,-55.970102,
BR-2880,-7.893611,-56.387501,
SJ7P,-7.623889,-55.226667,
SI8Z,-7.712916,-55.213857,
SJW9,-9.460556,-54.7575,
BR-0523,-7.038713,-55.393581,
SD9I,-7.047174,-55.365195,
BR-1495,-7.151378,-55.805226,
SJ2M,-7.590863,-55.694675,
BR-1690,-9.345287,-55.884361,
SN9O,-9.307594,-56.031803,
SN9S,-9.255228,-56.011751,
SIG9,-4.321667,-50.973333,
SNRR,-4.151456,-50.163867,
SW1S,-12.091782,-50.812392,
BR-0308,-12.296635,-50.978455,
BR-2492,-12.241211,-50.935497,
SWNJ,-15.13855,-53.501662,
BR-3107,-14.961111,-53.488056,
BR-1177,-14.815392,-52.910167,
SI9K,-14.821743,-52.732788,
SWIH,-14.901675,-52.734673,
SD9P,-0.327078,-55.837444,
SI2H,1.43968,-55.659356,
SDDK,-22.481225,-49.985884,
SNOE,-7.01835,-42.167247,
BR-1663,3.38652,-51.29978,
BR-1664,3.21394,-51.23062,
SJ3F,3.48963,-51.484652,
BR-0703,-20.705979,-49.051299,
SNRZ,-20.7146,-44.8653,
SNOX,-1.71408,-55.836201,ORX
BR-0257,-0.69927,-57.969545,
SI7U,0.921667,-55.760278,
SI2D,1.353298,-56.130524,
SJ6A,1.091415,-56.189598,
SDR6,1.520538,-56.082941,
SI6V,0.611328,-55.976747,
SI89,-1.703611,-56.068333,
SD8Q,-20.685,-47.914167,
BR-2226,-20.7456,-47.933601,
BR-0889,-30.033611,-50.372222,
SD5G,-27.641864,-49.761214,
BR-2178,-7.87652,-40.091801,
BR-1259,-7.13173,-51.653331,
BR-1916,-7.661146,-51.619498,
BR-1887,-8.141166,-52.122089,
BR-1003,-7.697574,-51.875628,
SDUZ,-22.947486,-49.764333,
BR-1613,-10.699722,-62.276944,
SS7O,-21.582802,-51.709149,
BR-2276,-10.972399,-41.068031,
BR-2337,-21.346547,-51.248528,
SI3Q,-3.560527,-50.634388,
SDPX,4.498889,-60.941667,
SDMM,4.557778,-60.786111,
SDSD,4.411792,-60.951436,
BR-0524,4.24349,-61.158593,
BR-0537,4.574167,-60.739722,
SJKV,4.467722,-60.777175,
SJKW,4.425608,-60.826435,
SJLM,4.151669979095459,-61.427799224853516,
SJLN,4.726940155029297,-60.590599060058594,
SJLW,4.421669960021973,-60.48970031738281,
SJME,4.57056,-60.903099,
SJML,4.702439,-60.734148,
SJMO,4.46907,-60.864053,
SJMP,4.288972,-60.259441,
SJMT,4.4902801513671875,-60.9906005859375,
SJMX,4.57528018951416,-60.858299255371094,
SJNB,4.501669883728027,-60.80220031738281,
SJYE,4.620560169219971,-60.277198791503906,
SJYI,4.44389009475708,-60.847198486328125,
SJYM,3.8372199535369873,-60.60329818725586,
SJYO,4.632780075073242,-60.585601806640625,
SJYR,4.709441,-60.510851,
SJYT,4.717904,-60.771013,
SJYU,4.685556,-60.800278,
BR-2509,4.10833,-60.733299,
SWMU,4.31639003754,-60.7005996704,
SNOZ,-2.52097,-44.1213,
SJZ4,-15.270556,-48.403056,
SDY4,-15.310533,-48.407596,
SNS9,-15.521972,-48.420603,
BR-0867,-15.138302,-48.242565,
BR-1300,-15.372045,-48.206596,
BR-3063,-15.04863,-48.222742,
SJ4Z,-7.737562,-42.303877,
BR-0626,-16.787734,-51.442479,
SS73,-5.690586,-48.217306,
BR-1642,-30.22614,-50.42398,
SIZ6,-10.229688,-47.879113,
SIHJ,-10.108056,-48.326389,
SJOY,-25.40068,-49.80028,
SD7C,-25.459637,-50.034378,
SSPL,-27.9018001556,-53.32970047,
SWUR,-8.491526,-44.384519,
SJ77,-8.447778,-44.534167,
BR-0639,-8.591196,-44.248678,
BR-0217,-7.850755,-47.924564,
SIS3,-12.651231,-41.5776,
BR-2180,-12.50055556,-41.58388889,
SWGP,-16.826900482177734,-49.87889862060547,
SDJX,-13.102172,-48.386468,
BR-0690,-13.018889,-48.415833,
SJEA,-12.850863,-48.226832,
SSKP,-24.308889389038086,-53.842220306396484,
SWLS,-24.198889,-53.874167,
SSPT,-24.3433,-53.828701,
SI8T,-28.243611,-53.5225,
BR-0165,-15.462997,-44.847414,
BR-1232,-21.417909,-51.893518,
SJGF,-30.21298,-52.442014,
SSIU,-30.137259,-52.365496,
BR-1206,-17.414872,-46.660747,
BR-1748,-17.425556,-46.521111,
BR-1718,-16.902026,-46.617705,
SS33,-17.067151,-47.145109,
SN9P,-17.007289,-46.481097,
BR-2148,-17.034473,-46.267106,
BR-2788,-17.358825,-47.437254,
SNMP,-17.324341,-46.544106,
SNNB,-17.173798,-46.30172,
SNDO,-16.711423,-47.015343,
SIGS,-17.162222,-46.66,
BR-2417,-17.211001,-46.614573,
BR-1827,-3.09124,-47.419629,
SDT5,-3.476494,-47.040628,
SIJS,-3.45472,-47.528613,
BR-0476,-3.373164,-47.42426,
SI6P,-3.115556,-47.529722,
BR-2435,-3.556841,-48.648546,
SNAJ,-3.419487,-48.329964,
BR-2783,-3.758884,-48.167449,
SNQA,-2.6405560970306396,-47.862220764160156,
BR-2832,-3.168638,-48.071387,
SNZT,-3.504396,-48.333146,
SNKY,-3.65731,-48.823451,
SNPU,-21.559200286865234,-45.75170135498047,
SDUQ,-22.42690086364746,-50.60689926147461,
BR-0753,-19.177568,-53.102469,
SJJ9,-19.394657,-53.403192,
SJ82,-19.13046,-53.281916,
SI82,-18.964722,-53.236944,
SI64,-19.369444,-53.223056,
SSMO,-19.344942,-52.730275,
SD5B,-19.405656,-53.16042,
SD5D,-19.125675,-53.053367,
SIQC,-19.164086,-52.998313,
SJRW,-19.341592,-52.690202,
SNBZ,-13.490582,-42.229164,
BR-3114,-12.627595,-47.847759,
SJJ7,-12.606964,-47.998076,
SIP8,-12.639303,-47.397631,
SIZ7,-19.406111,-51.25,
SI8E,-19.501667,-51.018611,
BR-1525,-19.410556,-51.131667,
BR-3018,-19.527221679688,-50.970279693604,
BR-2661,-9.22773,-57.019199,
BR-2497,-9.242041,-57.010927,
SS74,-9.462325,-57.025123,
SNL8,-9.876169,-56.621197,
BR-0653,-23.447172,-48.866511,
BR-2157,-23.293101,-48.815346,
SSFG,-22.661462,-52.142143,
BR-2628,-13.245556,-54.03389,
SJOU,-14.462784,-54.03456,
BR-2690,-14.369476,-54.002522,
SWSP,-13.725278,-54.737996,
BR-3219,-14.470277,-53.667778,
BR-0608,-12.939784,-54.284715,
BR-0902,-14.131025,-54.235142,
BR-0369,-14.0125,-53.466667,
SSC8,-14.349113,-54.206003,
SD1X,-14.234011,-53.904384,
SD2T,-12.536124,-54.106361,
SII9,-14.017783,-54.638508,
SW2C,-13.409018,-54.084413,
SIV7,-12.846298,-54.225275,
SIB4,-13.345067,-54.487507,
SDH6,-14.500773,-53.761597,
SDT3,-14.038742,-53.553929,
SDZ9,-13.737292,-53.808658,
SJ89,-14.5675,-53.932222,
SJ9D,-13.360556,-54.428056,
SJUR,-13.483526,-54.103724,
BR-1309,-14.223221,-53.45986,
SIZU,-13.434653,-54.276536,
BR-1235,-23.873791,-55.423064,
BR-0849,-23.798518,-55.339382,
SJ3N,-23.519286,-55.494207,
SSHX,-23.922994,-55.300022,
SNVY,-23.976944,-55.365276,
SIXQ,-23.843515,-55.436156,
BR-0157,-10.387302,-57.717399,
SWZT,-19.254999,-44.473331,
SDUU,-21.91111,-50.86833,
SINK,-21.874831,-50.8729,
SNQE,-6.068889141082764,-49.84000015258789,
BR-2156,-6.04778,-50.580147,
SN3H,-16.903333,-51.021667,
SJTH,-16.249545,-47.37075,
SN1F,-17.008149,-50.430576,
BR-1547,-17.148789,-50.595955,
BR-2478,-17.00111,-50.742779,
SJCP,-17.068934,-50.846266,
SJRR,-17.054166793823242,-50.9283332824707,
SSKR,-17.17,-50.82,
SSEW,-23.145561,-48.309794,
SS7U,-12.070661,-61.204347,
BR-1746,-12.087533,-61.277171,
BR-1589,-12.147233,-61.522109,
BR-0171,-17.124599,-45.604362,
SS9Q,-6.704161,-36.681427,
SJ4D,-5.848973,-43.520441,
SN2U,-5.611213,-43.521628,
SNIR,-5.7427778244018555,-43.5988883972168,
BR-2829,-5.597044,-43.319875,
SIKZ,-5.663818,-43.536072,
BR-2830,-20.650557,-44.500557,
SS3D,-5.998742,-43.71555,
BR-1541,-5.97246,-42.407549,
SDT7,-28.174167,-52.600278,
BR-1216,-28.336294,-52.484662,
SSCX,-28.095087,-52.335746,
BR-2227,-6.66694,-44.0839,
SIR3,-6.791998,-44.386705,
SNTS,-7.03899,-37.251598,JPO
SI42,-18.855467,-46.593615,
BR-0124,-18.757635,-46.97078,
BR-0247,-6.154339,-38.196588,
SSYD,-7.548056,-49.208057,
SNLT,-8.166388511657715,-41.15388870239258,
SIM0,-23.93382,-52.275971,
BR-2786,-15.824422,-41.08513,
SNPZ,-16.067222595214844,-41.16722106933594,
SSTQ,0.849317,-51.907722,
BR-3183,-6.766667,-36.48111,
SSNK,-16.848464,-54.064558,
BR-3055,-16.846666,-54.458889,
SWIL,-17.011811,-54.348671,
BR-2823,-16.570833,-54.168584,
SNWK,-16.6744441986084,-54.266387939453125,
SNWN,-16.670708,-54.391648,
SIRU,-16.927115,-54.070919,
BR-1500,-16.844307,-54.045938,
BR-1728,-16.938272,-54.436141,
BR-0860,-16.794167,-54.11,
SJ83,-17.020713,-54.202288,
SI46,-20.143639,-47.555832,
BR-0178,-4.58443,-44.546242,
BR-1307,-22.849179,-50.732591,
SJUH,-19.238611221313477,-47.497779846191406,
BR-0314,-17.901166,-54.657828,
BR-1772,-18.269167,-54.593056,
BR-2194,-18.181182,-54.502115,
SJCD,-17.72516,-53.938361,
BR-2912,-17.990748,-54.225684,
SSED,-17.96497,-54.430442,
BR-0241,-4.431367,-41.434319,
SIH2,-12.282074,-48.673114,
SS3R,-11.754611,-48.709875,
SD6G,-12.213333,-48.555833,
SD6B,-9.93461,-53.767746,
BR-1506,-10.561944,-53.474167,
SS25,-10.063247,-53.933403,
BR-1890,-9.774432,-53.65478,
SI48,-10.043254,-53.868317,
SI7V,-10.219167,-54.978889,
SI94,-9.784491,-53.601028,
BR-1816,-9.757829,-53.701977,
BR-1302,-10.407778,-53.514167,
BR-1340,-9.763595,-53.248281,
BR-2328,-10.067984,-52.99908,
SIRC,-10.325341,-53.58592,
SIUF,-10.156944,-53.701668,
BR-3211,-10.513488,-53.645388,
SWBU,-10.213519,-55.08553,
SJEC,-31.686676,-52.467703,
BR-2913,-31.942161,-52.478012,
BR-2316,-21.510058,-50.121825,
SJCO,-21.49784,-50.094019,
BR-2179,-10.2659,-36.551498,
BR-0212,-8.586875,-48.946678,
BR-2479,-19.448334,-47.362778,
SJVL,-19.359251,-47.129459,
SNHR,-19.364173,-47.359499,
BR-2877,-20.624801,-51.080939,
BR-2154,-20.676399,-51.0308,
SDJQ,-20.8284,-51.007999,
SS3E,-6.184956,-38.516219,
SJ8F,-4.465765,-44.17335,
SSMW,-24.315277,-47.013889,
BR-1643,-24.26051,-46.98741,
SNPQ,-8.374808,-36.637813,
SDC4,-9.32415,-40.47118,
BR-2709,-22.371655,-43.249449,
SNPI,-13.165556,-41.771946,
BR-2831,-8.833611,-50.000557,
SIHI,-6.620254,-48.995762,
SWWE,-26.03618,-49.500291,
BR-2885,-10.008622,-42.477276,
BR-1460,-23.83405,-47.71938,
SWTL,-12.514441,-61.302841,
BR-2669,-11.685838,-60.633252,
SIYN,-11.902683,-61.22775,
SJ6K,-12.220556,-60.443056,
SI6L,-11.640686,-61.081316,
SN4F,-11.987242,-61.177491,
SWPM,-11.6416,-61.1791,PBQ
BR-0082,-13.475905,-61.035152,
SWPF,-13.45975,-61.234277,
BR-1483,-13.406145,-61.348479,
BR-1422,-13.391655,-61.068891,
BR-3287,-12.756159,-61.633844,
BR-0726,-12.715205,-61.474456,
BR-0767,-13.452496,-60.82866,
BR-0277,-11.151329,-47.580019,
SSFA,-25.981501,-51.640701,
SNYE,-2.477426,-45.105003,PHI
BR-0407,-18.463066,-40.17637,
SN7X,-16.092001,-45.107596,
BR-2309,-22.003889,-51.811111,
BR-2730,-17.457779,-48.983055,
BR-1796,-22.716617,-48.048976,
BR-1570,-3.891421,-41.710772,
BR-1499,-3.941944,-41.669722,
BR-0162,-24.543221,-49.917876,
BR-2359,-23.071388,-49.432499,
SWAU,-19.948255,-48.583883,
BR-2342,-22.006244,-49.412743,
BR-0053,-16.4406,-51.7742,
SJPO,-9.587974,-37.777803,
BR-2243,-17.439232,-44.937526,
BR-1464,-17.4864,-44.958766,
SNPX,-17.3169002532959,-44.86029815673828,PIV
BR-2869,-6.516367,-48.267096,
SI7B,-6.56949,-48.21212,
BR-0223,-6.782418,-48.289209,
SJP2,-6.512222,-48.185833,
SSMV,-22.0425,-47.56,
SWPR,-17.319099,-48.334801,
SNTR,-11.7381000519,-40.569499969499994,
SSVY,-20.93779945373535,-48.173301696777344,
SWBF,-10.005019,-49.492019,
SJJT,-9.957995,-49.754587,
BR-2412,-10.066705,-49.993896,
SJ2O,-10.517746,-49.901515,
SJ6S,-10.44606,-49.166573,
BR-0084,-16.741401,-56.836628,
SN9Q,-3.891944,-54.241667,
SN8D,-10.473047,-67.652972,
SD8K,-14.690285,-40.456229,
BR-1540,-14.546627,-54.782714,
BR-0440,-14.440319,-54.767387,
SND2,-14.566663,-54.891354,
SN9X,-14.602154,-54.915172,
SWRR,-14.66749,-54.567477,
BR-2474,-14.623884,-54.47653,
BR-2184,-14.522688,-40.345001,
SIYY,-17.456944,-56.841111,
SS8G,-16.105775,-56.608795,
BR-1593,-16.795833,-57.230278,
SIUU,-16.518436,-57.041305,
SNQR,-16.7277774810791,-57.233333587646484,
SJQI,-17.358759,-56.773707,
BR-2741,-17.191785,-57.03402,
BR-2348,-16.234632,-56.91581,
BR-3037,-17.833889,-57.167221,
SWPK,-16.272778,-56.650833,
SNTA,-21.868610382080078,-50.116390228271484,
SDKP,-22.188569,-50.274373,
SNPO,-19.20330047607422,-45.02330017089844,
BR-0001,-23.888048,-45.446824,
BR-0194,-1.397869,-48.856931,
BR-1560,-1.376824,-48.814255,
BR-2319,-25.052823,-50.188438,
BR-2295,-22.569445,-55.636112,
BR-2374,-22.429167,-55.533333,
SNWF,-22.43805694580078,-55.231666564941406,
BR-2932,-22.264683,-55.48203,
SSHK,-22.5897216796875,-55.56944274902344,
SJXX,-22.679443359375,-55.540557861328125,
BR-2948,-22.396511,-55.490542,
SSVG,-22.279057,-55.653944,
SSVH,-22.366943359375,-55.127777099609375,
BR-2991,-21.870832,-55.747501,
SWGC,-22.627129,-55.57916,
BR-1582,-21.89696,-55.478417,
BR-1251,-22.500245,-55.360849,
BR-0988,-21.880833,-55.539167,
BR-2187,-22.1882,-55.577801,
SDVS,-21.072799682617188,-48.03419876098633,
BR-0642,-21.032996,-48.010666,
BR-3112,-16.016865,-52.810407,
BR-3113,-16.041653,-53.030139,
BR-2580,-16.121668,-52.950832,
BR-3294,-12.211495,-46.749025,
SD1L,-10.8872,-47.223628,
BR-0119,-16.754234,-52.84266,
SNCZ,-20.40329933166504,-42.916500091552734,
BR-2566,-15.069399,-59.154836,
BR-2274,-15.173463,-59.172084,
BR-3046,-15.648567,-59.327427,
BR-3079,-15.011337,-59.253345,
SWKP,-15.242500305175781,-59.2852783203125,
SWLR,-15.440555572509766,-59.657222747802734,
BR-3140,-15.714392,-59.241918,
BR-3142,-15.674892,-59.190945,
SWXS,-15.784687,-59.636653,
SWXW,-15.973614,-59.889221,
SWZE,-15.059733,-59.379215,
SNFB,-14.773264,-59.047437,
SNH4,-15.789667,-59.708686,
SDB7,-15.303611,-59.223056,
BR-0315,-15.698689,-59.925463,
SWSN,-14.962222,-59.321389,
BR-1554,-15.811111,-59.903889,
SIA9,-15.591275,-59.263089,
BR-0833,-15.970096,-59.643041,
BR-0496,-15.155663,-59.310886,
BR-0454,-15.245652,-59.352935,
SJG8,-15.688611,-59.21,
SDRT,4.649533,-60.784857,
SDDX,-19.884363,-50.504632,
SSRW,-23.203627,-48.102146,
SWWA,-13.4048,-49.158298,
SJ9H,-12.879562,-48.895847,
SJF6,-12.886111,-48.865833,
BR-1854,-13.488333,-49.032726,
SD5R,-13.563394,-49.530561,
SNJ5,-13.061896,-48.964663,
BR-2193,-22.775684,-51.363602,
BR-1094,-29.730782,-51.209157,
BR-2483,-17.903033,-50.122099,
BR-2602,-18.036667,-50.199444,
BR-2481,-1.981594,-50.811522,
BR-2482,-3.276844,-50.318674,
SJQQ,-2.865000009536743,-50.99277877807617,
SNBN,-2.875833034515381,-50.491668701171875,
SNXY,-2.694926,-50.525951,
BR-3007,-2.9513890743256,-51.146110534668,
BR-1876,-2.166144,-51.723976,
SN9N,-1.965539,-50.810506,
SS6W,-2.989108,-50.261606,
BR-0050,-17.3494,-52.6632,
SI92,-10.965618,-51.978638,
BR-0999,-10.615239,-51.979506,
SDH2,-10.918067,-51.60941,
SWFP,-10.637303,-52.028684,
SWPQ,-10.85935,-51.688152,PBX
SNMZ,-1.741307,-52.236026,PTQ
SWQY,-2.684444,-52.3675,
SDA1,-2.142778,-52.798056,
SS2A,-11.654081,-56.143111,
SS48,-11.817362,-56.244142,
SJE3,-11.992523,-56.467067,
SD3B,-11.638105,-56.263481,
BR-1063,-11.619125,-56.556981,
BR-0311,-11.542272,-56.521434,
BR-0375,-12.017777,-56.413611,
SDW9,-11.942209,-56.453923,
SJ6G,-11.752841,-56.809015,
BR-3078,-11.533158,-56.549071,
BR-0096,-11.872098,-56.277013,
SJXB,-15.762033,-58.804064,
SJIZ,-15.826944,-59.234167,
BR-2810,-15.614531,-58.89789,
BR-2489,-15.823852,-58.551443,
SIRV,-16.118055,-58.765835,
SWEW,-15.842222213745117,-58.63166809082031,
BR-3121,-16.115426,-58.971974,
BR-3165,-15.646366,-58.774302,
SWZC,-16.245331,-58.894444,
SWZG,-16.021695,-58.894873,
BR-1388,-15.789354,-59.023813,
SIF7,-15.625877,-58.804441,
SDP3,-16.283333,-59.036111,
BR-1615,-16.08965,-58.73188,
SS6P,-16.272358,-59.184093,
SJA9,-15.693655,-58.623495,
SBQN,-15.575414,-57.378182,
SWRY,-15.737500190734863,-57.47055435180664,
SIQS,-15.375074,-57.131084,
BR-2490,-15.647606,-57.470176,
SD7Z,-6.252453,-47.149313,
SDWU,-21.708332061799997,-57.7405548096,
SSLP,-21.91083335876465,-57.64666748046875,
BR-2820,-23.039582,-54.746827,
SNSF,-21.358627,-57.101212,
SSAV,-21.689941,-57.475126,
SSBU,-21.45465,-57.146527,
BR-2926,-21.027779,-57.498422,
SSIP,-21.186742,-57.043427,
SSJG,-21.216388702392578,-57.68138885498047,
BR-2664,-22.025749,-57.968885,
SIOO,-22.025799,-57.902884,
BR-2464,-21.973176,-57.853875,
SIPN,-21.516014,-57.69055,
SDRZ,-21.690967,-57.365214,
BR-2312,-20.885438,-57.41945,
SIAD,-21.010744,-57.353032,
SIFY,-21.777778,-57.496389,
SIMG,-21.096121,-57.716895,
SDVQ,-21.19603,-57.639327,
BR-1616,-21.056171,-57.513712,
SNQ2,-21.181979,-57.809826,
SI2J,-21.950907,-57.915587,
SS3S,-21.763861,-57.771971,
SNM3,-21.529325,-57.196377,
SIK9,-21.223405,-57.483596,
SJ7X,-21.77074,-57.680401,
BR-0366,-21.332724,-56.910956,
BR-0508,-21.449769,-57.826467,
BR-1076,-21.341393,-57.847542,
BR-1351,-21.083071,-57.656397,
BR-1291,-20.921866,-57.447706,
BR-1210,-21.848284,-57.621948,
BR-1253,-22.030537,-57.467288,
BR-1258,-21.493135,-57.925534,
SDHR,-20.904766,-57.230247,
BR-1813,-10.504109,-48.306804,
SJC7,-10.451944,-48.175278,
SJN3,-10.501389,-48.5475,
SDNT,-10.414444,-48.256667,
BR-0661,-10.182756,-48.544917,
BR-2562,-10.702778,-48.194444,
BR-2686,-10.606964,-48.348938,
BR-3076,-10.490778,-48.3372,
SWFQ,-10.392000198364258,-48.67919921875,
SSDO,-16.753778,-39.316389,
SN8G,-16.713052,-39.18516,
SS6R,-16.501336,-39.099983,
BR-1399,-16.381111,-39.081111,
BR-1832,-16.585556,-39.235833,
SSTI,-16.457778,-39.165833,
BR-0597,-26.25119,-51.013137,
SDA6,-26.267458,-51.028055,
BR-1883,-8.774167,-63.733891,
SS2E,-9.209125,-64.256342,
SN7O,-9.246949,-64.469855,
SJX9,-9.12471,-63.932113,
SSA0,-8.734705,-63.754952,
SS87,-9.014992,-63.977247,
SNQ8,-9.525219,-65.946698,
SS3U,-9.087783,-63.856584,
SWRO,-8.794348,-63.857494,
SSPR,-8.276196,-72.7458,
SWPZ,-14.1181,-46.345402,
SWCI,-14.223138,-46.550021,
SDS2,-14.29264,-46.406655,
SSRS,-27.19232,-49.832029,
BR-3251,-32.08169,-52.30094,
BR-0268,-15.806366,-54.422609,
BR-0284,-15.433611,-54.440833,
SJPX,-15.4152784348,-54.3722229004,
BR-1366,1.560602,-50.770805,
BR-2466,-16.98352,-39.164538,
SBQO,-17.0275,-39.176111,
SDTY,-21.3398,-48.114899,
SI9U,-1.145278,-53.723333,
SNIN,-1.784101,-53.489909,
SNCB,-2.523611068725586,-53.939720153808594,
BR-1545,-19.357222,-48.688611,
BR-2888,-19.534192,-48.838122,
BR-2838,-19.736734,-46.379042,
PDR,-5.3098,-44.481,PDR
SDEP,-21.774665,-52.143281,
SDFU,-21.871309,-52.164249,
BR-2384,-22.042752,-52.287397,
SJVP,-0.799166977406,-60.0838890076,
BR-0070,-1.989875,-60.148936,
BR-2195,-1.92481,-59.4123,
BR-0088,-8.544268,-48.508229,
SS7B,-11.014856,-61.933481,
SJY4,-18.220741,-46.497605,
SSWZ,-18.5094432831,-46.2738876343,
BR-0843,-22.183798,-51.474657,
BR-1648,-8.34558,-35.37505,
SI7D,-15.248889,-54.133056,
SDR9,-15.178082,-54.239797,
BR-1201,-15.280895,-54.427677,
SJR8,-14.976667,-54.33,
BR-1844,-15.245307,-54.492437,
SSGL,-15.399444,-54.181111,
BR-2748,-15.273504,-54.262292,
SJZZ,-15.013956,-53.933451,
SDNK,-14.964991,-54.058585,
SWEM,-14.618888855,-54.003334045399995,
BR-1655,-2.504096,-43.437477,
SS4L,-7.716682,-37.925991,
BR-3243,-21.579521,-49.874464,
BR-2228,-10.25612,-36.80237,
SWJX,-19.502222,-44.158641,
SSZN,-25.182639,-50.923443,
BR-1042,-23.314218,-48.029801,
BR-2937,-30.254004,-55.846174,
BR-2989,-24.294224,-53.250647,
SDQQ,-22.285609,-50.639444,
BR-0290,-2.424256,-48.241523,
SNQM,-10.988332748413086,-39.62055587768555,
SNXL,-12.616667,-52.153889,
SJCF,-13.191879,-52.312903,
SJJG,-12.721846,-52.38028,
SJXG,-11.662765,-52.861164,
BR-3178,-12.120271,-52.641184,
SWRI,-12.155400276184082,-52.27899932861328,
SIU7,-12.2118,-52.84745,
SJO3,-13.215231,-52.271181,
SIW7,-11.894817,-52.244344,
BR-0463,-12.069342,-52.825872,
BR-1059,-12.102778,-52.434444,
SDV5,-11.963243,-52.913115,
SBOE,-12.587371,-52.095226,
SN7F,-12.542751,-52.566447,
BR-1798,-13.046913,-52.177243,
SJ9G,-11.821104,-52.755192,
SJE8,-12.635379,-52.188379,
SDY3,-12.370912,-52.12031,
SI32,-12.102825,-52.887948,
SNWH,-22.963045,-53.545769,
BR-1580,-22.177192,-50.387186,
SWWG,-18.549552,-50.381241,
SJQN,-18.44610023498535,-50.40919876098633,
SSTW,-22.059444,-41.481111,
BR-1439,-5.185846,-39.249492,
BR-1442,-5.122977,-37.970752,
SWHU,-22.506667,-50.865278,
SNOW,-21.982995,-50.972232,
SDPC,-22.153256,-51.029373,
SNL9,-22.137778,-50.904444,
SSXA,-23.038610458374023,-50.934444427490234,
SIPB,-2.448485,-44.120864,
SSRE,-25.80120086669922,-53.512699127197266,
BR-0691,-8.553056,-47.085833,
SSDT,-7.941807,-50.180906,
BR-2804,-7.966944,-50.017223,
SD9L,-8.088011,-49.934211,
SI6E,-8.089248,-49.975491,
SDU5,-8.052364,-49.991364,
BR-0342,-6.348867,-42.474947,
SJAS,-21.669166564941406,-49.173057556152344,
SNRM,-9.579994,-42.115917,
BR-0614,-26.289928,-52.937149,
SNRX,-7.350279808044434,-46.6338996887207,
SJFB,-8.377661,-46.4404,
SDDQ,-11.69435,-45.51127,
SDM0,-11.428505,-45.267093,
SJ9U,-11.414312,-45.423924,
BR-1528,-11.557693,-45.544081,
BR-0363,-11.667513,-45.727424,
BR-0938,-11.526303,-45.728645,
SIV4,-11.641339,-45.801692,
SS7E,-16.321419,-46.223564,
BR-3175,-16.299167633057,-46.159442901611,
BR-2793,-5.961111,-47.392223,
BR-2859,-21.45615,-53.357207,
SNUX,-21.410506,-53.308492,
BR-2901,-20.803995,-54.079343,
SSEK,-20.01777,-53.254715,
SSEO,-20.730548,-53.562494,
BR-2942,-20.835246,-53.203787,
BR-2624,-20.288476,-53.658766,
BR-2317,-21.542281,-53.345331,
SIGU,-19.815147,-53.827834,
SIIE,-20.891107,-53.406103,
SIIK,-20.721889,-53.687986,
BR-2504,-20.384722,-53.401112,
SSQR,-21.385867,-53.597493,
BR-2969,-20.082779,-53.888611,
SSUC,-21.491111755371094,-53.203887939453125,
BR-3123,-20.876941,-53.556023,
SSGF,-20.198188,-53.223825,
SI36,-21.166667,-53.165278,
SI3L,-20.088889,-53.391667,
BR-1932,-20.179167,-54.051667,
SIT3,-19.907665,-53.69958,
BR-1921,-20.200436,-53.336495,
SS2S,-19.841164,-53.778819,
SSPB,-20.651944,-53.598889,
SN4H,-20.236944,-53.793889,
SJ7N,-20.134167,-53.297222,
BR-3239,-21.552044,-53.559246,
SDPZ,-21.24112,-53.351389,
SDHP,-21.162035,-53.283775,
SWQS,-20.941284,-53.436173,
BR-0962,-20.47297,-53.692748,
BR-0987,-20.388181,-53.373436,
BR-0400,-21.511361,-53.196792,
SWTZ,-20.739129,-53.535518,
BR-1491,-20.313889,-53.768056,
BR-1492,-20.030556,-53.358611,
SD3J,-21.499444,-53.276944,
SD6L,-20.820278,-53.422778,
BR-1381,-20.737708,-53.293808,
SJ36,-12.622778,-51.765833,
BR-1639,-12.91111,-51.81561,
SDD3,-12.634957,-51.276058,
SDOQ,-12.674353,-51.739294,
SWRC,-12.626667022705078,-51.934165954589844,
BR-3134,-12.875085,-52.020235,
BR-2978,-12.77502,-51.106803,
SWAR,-13.081903,-51.587892,
SSJQ,-12.806725,-51.873778,
BR-2567,-13.158182,-51.807629,
SJNU,-13.038091,-51.713889,
SNN9,-12.611789,-51.399053,
BR-0954,-23.228029,-49.777613,
SSDL,-8.008883,-45.333596,
SDUL,-21.20166778564453,-47.920555114746094,
SIHW,-21.211237,-47.865781,
BR-0120,-16.492659,-52.700786,
BR-0874,-8.343619,-45.517925,
SBQE,-7.804289,-45.057598,
SIG8,-8.304505,-45.556082,
SDM3,-7.765323,-45.371656,
SI67,-8.187222,-45.431389,
SDX9,-7.581572,-45.210768,
BR-0177,-10.2675,-67.698,
BR-2945,-24.30998,-51.408742,
BR-1893,-21.806963,-54.294761,
SS9T,-21.484444,-54.963056,
SN3S,-21.834324,-54.47871,
BR-0574,-21.695564,-54.76868,
BR-1037,-21.79032,-54.083658,
BR-1469,-21.764028,-54.323365,
SSRB,-21.847778,-54.527779,
SSRC,-21.70305633544922,-54.36833190917969,
SSWR,-21.894132,-54.294185,
SWVU,-21.734006,-54.577275,
SIRB,-21.771111,-54.381668,
BR-2578,-21.860447,-54.017977,
SSCJ,-21.545365,-54.661987,
BR-2923,-21.319721,-54.735279,
SSGT,-21.69569,-54.81588,
SSJW,-21.782499313354492,-53.8922233581543,
BR-2398,-21.805279,-54.246387,
BR-2732,-21.504479,-54.711469,
SDRF,-22.746111,-44.050835,
BR-3286,-9.620639,-63.042389,
SDLE,-13.583044,-41.791037,
SDMR,-23.066389,-43.879491,
BR-0386,-22.96126,-43.659414,
SIRF,-8.631111,-35.271667,
SNML,-9.544221,-35.824949,
SD3E,-9.642562,-64.837556,
BR-0576,-7.301528,-50.032116,
SDJ3,-7.245846,-49.436457,
SIR9,-7.100204,-49.520193,
BR-0220,-7.301063,-50.049915,
BR-1803,-7.406999,-50.06895,
BR-1090,-7.351975,-50.376306,
SSRN,-26.321385,-49.521372,
BR-0360,-19.411443,-55.173784,
SS3M,-19.532906,-54.883038,
SD70,-19.615596,-54.976424,
SNRP,-19.212499618530273,-46.2406005859375,
BR-2979,-29.972778320312,-52.361110687256,
BR-0737,-30.135833,-52.628889,
SNEI,-30.175022,-52.169479,
BR-1257,-15.720262,-42.406305,
SWTQ,-17.768871,-48.761807,
BR-0946,-9.836388,-47.305152,
SJ2I,-9.730556,-47.525278,
BR-1650,-6.792254,-35.101147,
SWQC,-17.500746,-51.597187,
BR-0312,-17.741666,-50.968612,
SS7F,-18.130484,-50.724837,
SIMR,-17.751364,-51.151936,
SN9G,-18.650779,-54.885994,
SS8L,-18.513139,-55.153003,
SS8A,-18.960108,-54.798939,
BR-0161,-18.908559,-54.83163,
SDXW,-18.996412,-55.133827,
SDQK,-18.883,-55.366876,
SJ7O,-18.576024,-54.944981,
BR-1478,-18.544192,-55.570832,
BR-1355,-18.937671,-55.201856,
SI27,-18.622638,-54.712653,
SI37,-18.784733,-54.820279,
SDP9,-18.720556,-55.253333,
BR-0773,-18.853717,-54.672754,
BR-0915,-18.623287,-55.104928,
BR-1036,-19.006884,-55.000703,
BR-0655,-18.829941,-55.206932,
BR-1802,-18.794444,-55.246389,
SN3B,-18.601667,-55.188056,
SIYH,-18.981943,-55.291829,
SIIM,-18.803423,-54.851448,
SJ7D,-19.96223,-54.84555,
BR-0447,-10.559263,-61.433012,
BR-0250,-10.114436,-61.391242,
BR-2162,-18.872575,-47.558148,
SJB6,-24.555267,-52.38221,
SN9M,-10.36115,-61.077316,
BR-0077,-10.861378,-61.495263,
BR-2333,-4.236688,-48.4791,
BR-2782,-4.25033,-48.770077,
BR-3186,-4.800556,-48.393333,
BR-3214,-4.131535,-48.686382,
BR-1800,-4.871802,-48.957443,
SJN2,-4.630278,-48.087222,
SJ6Y,-4.712778,-48.039167,
BR-1819,-16.608919,-54.913112,
SD3G,-16.589892,-54.859883,
SWMZ,-16.442424,-54.701269,
SWRS,-16.933332443237305,-54.906944274902344,
BR-2301,-16.466992,-54.714028,
SWEO,0.20972199738025665,-61.54999923706055,
SW1Q,0.285045,-60.514423,
SS6J,0.183483,-60.796575,
BR-3283,0.884157,-60.424498,
SI78,-0.516359,-61.786672,
BR-1941,-22.525679,-52.972172,
BR-0628,-22.354727,-52.674356,
BR-3045,-14.816944,-56.417221,
SSRZ,-30.277493,-54.923916,
BR-1546,-30.345,-55.003056,
BR-0905,-14.476571,-55.712029,
BR-0410,-14.62657,-55.649945,
SI23,-14.504167,-55.492778,
SWRJ,-15.084167,-56.552222,
BR-2537,-14.558785,-55.834554,
SNVN,-21.305062,-50.757018,
BR-2763,-4.089306,-54.908863,
BR-0672,-4.160526,-55.381793,
BR-2892,-4.840574,-38.155054,
BR-0775,-4.847581,-37.942214,
BR-1701,-12.271628,-40.530149,
SNSC,-19.89310073852539,-47.42219924926758,
SS39,-19.959416,-47.0951,
SNSG,-8.04716,-39.136398,
SDDI,-21.59237,-50.833044,
BR-2787,-16.213504,-39.948415,
SWTV,-15.054098,-57.968368,
BR-3082,-15.050278,-57.500557,
SS7S,-15.094922,-57.714973,
BR-1627,-14.940775,-58.088695,
BR-0605,-22.8875,-49.891389,
BR-0028,-0.7687,-48.5278,
BR-0512,-7.62694,-45.693068,
SIRW,-6.874737,-45.306809,
BR-0134,-16.208928,-50.336632,
SJFL,-12.560166,-49.866018,
SWGU,-12.402723,-50.063592,
BR-3164,-12.101389,-49.951111,
SNHG,-12.341389,-49.621111,
SIUG,-22.496183,-51.905572,
SICN,-22.506518,-51.816696,
SDL2,-12.08991,-54.940149,
BR-1906,-11.816111,-54.875556,
BR-1199,-11.994913,-54.680842,
BR-3084,-11.944323,-54.516617,
BR-1438,-4.886897,-39.390892,
BR-2635,-26.989703,-50.383442,
SJAR,-20.017684,-50.893669,
BR-0116,-6.276513,-36.034278,
BR-1665,-16.1585,-38.96344,
SJXC,-16.183056,-39.358055,
BR-1660,-0.66631,-49.176804,
BR-1753,-22.818111,-49.380855,
BR-2269,-22.73013,-49.478916,
SJRB,-10.113056182861328,-52.505001068115234,
SDI9,-10.236829,-52.427014,
SIB8,-10.204176,-52.274173,
SIJ6,-10.30802,-52.719378,
BR-0906,-10.136081,-52.558165,
SS78,-10.098012,-52.779639,
BR-2233,-21.467199,-48.367199,
BR-2868,-6.976671,-49.199481,
BR-0816,-15.567429,-51.210555,
SJ8X,-15.549428,-51.103377,
SSUI,-7.096976,-48.760541,
SI97,-9.136451,-45.886406,
BR-0771,-9.105337,-45.618233,
BR-0522,-8.870885,-45.561229,
SN3G,-8.699167,-45.717222,
SSDG,-9.335862,-45.57298,
BR-1603,-17.784334,-50.592395,
BR-2764,-3.655,-45.451111,
SJBY,-3.65428,-45.3452,
SNT7,-15.422397,-49.408625,
SINT,-15.193743,-49.37641,
SSGU,-23.186335,-53.326093,
SJY8,-23.183889,-53.215556,
BR-0584,-1.224084,-48.041476,
BR-2999,-1.284956,-48.214081,
BR-3247,-32.10042,-52.60265,
BR-3248,-32.10729,-52.66101,
BR-0923,-25.788383,-53.500649,
SD1P,-1.208081,-48.162119,
SJQL,-19.322112,-47.555554,
BR-0665,-3.911944,-45.786175,
SNHW,-4.3222222328186035,-46.22833251953125,
SJK9,-1.517778,-46.948611,
SJNK,-12.081667,-61.639999,
SJYD,-11.9647216796875,-61.686668395996094,
BR-2857,-8.782063,-39.872223,
SNVD,-13.404851,-44.222878,
SDVJ,-8.7225,-50.455,
BR-0097,-8.922531,-50.348346,
SSCU,-8.86894,-50.481324,
SSWP,-8.741466,-50.209812,
SDZ8,-8.571615,-50.305273,
SI2F,-8.649806,-50.874767,
SD2F,-8.9575,-50.104167,
SNU7,-8.468725,-50.483226,
SS6I,-8.557242,-49.957156,
SJM2,-8.528517,-50.584075,
SSZO,-8.541299,-50.652199,
SIT4,-8.950106,-49.976961,
SDC0,-8.850278,-49.725833,
SN4I,-8.637424,-50.692422,
BR-0711,-8.71659,-50.406398,
SIDJ,-8.948639,-50.513596,
SNSI,-18.198610305786133,-42.46611022949219,
BR-2998,-23.029883,-50.493068,
SNPL,-21.256389617919922,-51.72888946533203,
SSKE,-23.12116,-53.078492,
BR-0107,-3.498477,-42.615958,
SJ2N,-7.236667,-34.968611,
BR-1400,-7.046264,-34.912914,
SS6A,-11.380416,-44.81754,
BR-0985,-10.598333,-44.388056,
BR-0638,-11.408109,-44.659746,
SNKS,-10.98927,-44.51572,
BR-2397,-17.3208,-53.194,
SJIC,-21.244874,-52.76981,
SIOT,-21.488074,-52.407285,
BR-2505,-20.870001,-53.154999,
BR-2519,-20.872778,-53.210835,
SIWQ,-20.96167,-53.070509,
SSUR,-21.585423,-52.869372,
BR-0722,-21.561111,-52.975,
SS4W,-20.769713,-53.061975,
BR-0271,-21.272796,-52.853856,
SIV8,-21.323333,-52.606389,
BR-2299,-21.641922,-47.469993,
SDSQ,-21.725668,-47.657853,
SNSK,-22.27298,-45.639991,
SDW7,-10.84,-49.468333,
BR-1124,-10.954588,-48.994872,
SIZ9,-13.947143,-55.244686,
SS8I,-13.914234,-55.252054,
BR-0564,-13.67169,-55.533357,
BR-0980,-13.7971,-55.280063,
SDM2,-14.104477,-55.197791,
SBOV,-14.158204,-54.926212,
SJ2S,-13.868611,-55.081111,
SJM6,-13.805381,-55.494831,
BR-2515,-13.410938,-55.673611,
SIWK,-14.050007,-55.38485,
SSPQ,-9.446646,-70.483364,
SDFH,-21.444259,-47.370899,
SI6U,-7.066386,-37.350571,
BR-0143,-13.733495,-49.039767,
BR-3056,-13.535,-48.901669,
SN7Q,-25.048598,-53.563337,
SIT2,-10.045839,-50.612975,
SJG4,-10.632301,-51.046605,
SJ84,-10.466081,-50.534172,
BR-0340,-10.35564,-50.682799,
BR-0341,-10.361881,-50.610394,
BR-0559,-10.542347,-50.560027,
BR-3115,-10.267499,-51.24404,
SWXY,-10.355752,-50.676797,
SJYW,-10.319167,-50.949444,
BR-0200,-14.453288,-49.67461,
BR-1592,-25.548148,-54.486641,
SWIT,-25.484879,-54.441354,
SNUA,-25.392105,-54.409799,
SSAF,-25.36971,-54.470508,
BR-1395,-18.93304,-50.373019,
BR-1247,-19.227737,-50.31409,
SIEX,-19.010015,-50.431983,
SWAJ,-33.215966,-53.266308,
BR-1641,-32.94744,-52.76305,
BR-1898,-33.185828,-52.999231,
SJEN,-33.142894,-52.977319,
BR-2236,-33.502038,-53.344911,CTQ
BR-2766,-12.976279,-44.039165,
SN3O,-13.016028,-44.045892,
BR-0932,-13.006439,-44.060617,
BR-0718,-8.977778,-50.368611,
BR-0733,-9.511944,-50.831944,
SN8H,-9.655319,-50.900989,
SIM8,-8.769167,-50.933056,
SJS4,-9.686389,-50.391944,
SIX6,-9.305139,-50.904781,
BR-1405,-9.38165,-50.566145,
SD0E,-9.668485,-50.782555,
SJ3J,-9.320278,-50.239444,
SN4W,-9.445742,-50.872315,
SNR6,-9.101959,-50.936136,
SNE3,-9.077222,-50.632642,
SS3C,-9.665048,-50.691904,
SDI8,-9.431412,-50.306768,
SI26,-9.008245,-50.997537,
SJYH,-8.780178,-50.969022,
BR-1948,-9.319906,-50.328536,CMP
SJRK,-9.232221603393555,-50.93027877807617,
BR-2469,-9.575096,-50.351872,
BR-2611,-9.428611,-51.026943,
BR-3072,-9.791667,-50.82,
SIXD,-30.844725,-55.566051,
BR-2911,-30.822349,-55.579652,
SNCJ,-2.543727,-54.711039,
SNSH,-2.574525,-54.734431,
SN8A,-3.023333,-55.956944,
SSST,-29.215,-54.84222,
SNV1,-22.040231,-51.786357,
BR-0501,-17.598061,-50.694442,
SI9I,-29.843613,-50.67574,
BR-0607,-16.4625,-49.228333,
SIJ3,-20.824649,-50.647305,
SWTG,-20.847244,-50.788229,
SJOW,-20.981666564941406,-50.52694320678711,
BR-3125,-15.930556,-48.333611,
BR-0064,-3.084476,-67.958457,
SWNX,-14.863708,-53.495098,
SI7N,-14.933899,-53.884436,
SI62,-14.865671,-53.881941,
SJ29,-16.294952,-55.665592,
BR-1724,-17.324701,-55.528808,
SJ6X,-17.096677,-54.980637,
BR-0387,-16.161389,-56.007778,
BR-0794,-16.980691,-54.954897,
BR-0952,-15.847588,-55.838125,
BR-1466,-15.82089,-55.999297,
SD2B,-16.693637,-55.13625,
BR-1527,-16.205334,-55.296685,
SDL9,-17.096071,-55.238954,
SWDQ,-16.437618,-55.266176,
BR-3152,-15.896666526794,-55.31555557251,
SJFJ,-17.234575,-55.226651,
SWCE,-16.2043,-55.398701,
BR-2843,-2.704618,-44.844578,
BR-0850,-23.784505,-46.596576,
SNN8,-28.602042,-55.813411,
SJGH,-28.710631,-55.988827,
SDOX,-21.780125,-47.882849,
SDST,-21.881406,-47.775972,
SSWH,-21.906268,-47.820806,
SWXH,-13.064413,-46.258833,
SDEX,-12.58051,-45.824347,
SJAX,-12.95931,-45.972805,
BR-2570,-13.160833,-46.200832,
SJAZ,-12.770401,-46.023488,
BR-2599,-13.011111,-46.238056,
SJEX,-13.008656,-46.107366,
BR-2605,-12.798333,-46.095833,
SJGC,-12.899685,-45.494492,
SJGD,-12.7948,-45.721911,
SDCM,-12.863937,-46.163263,
SNSD,-12.91656,-45.722453,
SJMZ,-12.95748,-46.006204,
SJOX,-12.825,-46.244999,
SDTV,-12.607373,-46.23946,
SJQA,-13.201802,-46.239696,
SJWP,-12.619443893432617,-45.92361068725586,
SNDQ,-12.921111106872559,-45.56944274902344,
SSC9,-12.843055,-45.941828,
SD0G,-12.815254,-45.485565,
SNK9,-12.873376,-45.641289,
SNT4,-12.434605,-45.292296,
SNT6,-12.999335,-45.359483,
BR-3273,-13.182736,-45.636497,
SN8S,-12.706411,-45.457906,
SW1W,-12.580049,-46.022057,
BR-0757,-12.998064,-46.077443,
SWBK,-13.089444,-45.8325,
BR-0613,-12.811941,-46.140404,
BR-0615,-13.070162,-45.936828,
BR-0426,-12.79711,-44.72025,
BR-0538,-13.059219,-45.133013,
SJY7,-13.32,-45.976944,
SN7T,-12.777222,-44.8772,
SJM9,-12.794391,-45.153997,
SIF8,-12.607222,-44.728611,
SS2O,-13.027838,-45.410591,
SIY2,-13.136646,-45.997353,
SDN6,-12.453823,-45.388307,
SDM9,-12.901667,-46.155833,
SJ6Z,-12.677222,-45.770556,
BR-1609,-13.141003,-46.164143,
SDD4,-12.448789,-45.452741,
BR-1296,-13.175612,-45.699831,
SWRH,-12.710022,-46.156952,
BR-1394,-13.179712,-46.238848,
SDI2,-13.148611,-45.553056,
SJ8A,-13.27646,-45.945415,
SJ3L,-13.190361,-46.077921,
SJ8D,-12.688333,-44.749722,
SN6K,-12.898333,-46.190278,
SJ7J,-12.624542,-46.156236,
SJ7L,-12.650924,-45.621572,
BR-1785,-12.448897,-45.680652,
SDW6,-13.248889,-45.855,
SI3R,-12.676389,-46.211667,
SI4M,-12.565232,-45.874972,
SI9Q,-13.282943,-46.013271,
SJY3,-13.427778,-46.580278,
SSA8,-13.6382,-46.720928,
SSEB,-13.772931,-46.772192,
BR-2493,-13.651944160461,-46.541389465332,
SJGY,-13.708326,-46.743243,
SWJD,-13.452221870422363,-46.679443359375,
BR-0032,-13.4121,-46.2983,
SNZ6,-12.058083,-61.511473,
SIM3,-7.414449,-45.029271,
BR-1553,-7.325833,-44.895,
BR-1490,-11.540556,-51.724444,
SNC3,-11.141452,-52.542223,
SS68,-11.630948,-52.021672,
SN8U,-11.455569,-52.758636,
BR-0799,-11.425494,-52.219024,
SSAH,-11.527549,-51.223622,
BR-1046,-11.670907,-52.094715,
SDT6,-11.54667,-52.140613,
SI44,-11.384096,-52.499706,
SI33,-11.266389,-52.323889,
SNA9,-11.260998,-52.553166,
SID3,-11.99213,-51.190147,
SDKX,-11.513307,-52.411426,
BR-1866,-11.564245,-52.257381,
SJX2,-11.560423,-52.021217,
BR-2500,-12.00613,-50.869457,
SJAC,-11.47151,-51.688922,
SDLX,-11.441834,-52.200036,
SSND,-11.16,-52.82,
SWJT,-11.493914,-52.620184,
SWSC,-11.65102,-52.736311,
BR-0208,-10.158514,-46.641853,
SNGM,-5.559945,-50.965282,
BR-0863,-9.308215,-51.610344,
BR-0983,-7.459986,-52.657731,
BR-1050,-7.434674,-51.819449,
BR-0633,-9.740699,-51.497209,
BR-0489,-6.223943,-51.756718,
BR-0334,-9.28425,-51.75188,
SN9E,-9.139224,-51.81541,
SSB8,-6.691142,-51.945554,
SS4T,-9.731261,-51.713205,
BR-1260,-7.812897,-52.151482,
BR-1065,-7.210354,-52.569512,
BR-1066,-6.415966,-52.381032,
BR-1155,-9.449839,-52.138842,
SBQK,-6.539099,-51.442256,
SJ6D,-6.254842,-51.525185,
SS2R,-9.148372,-51.756822,
SJW6,-7.095833,-52.468889,
SDE1,-9.343584,-51.744906,
SWXO,-7.138207,-52.728145,
BR-2687,-5.775964,-52.622373,
BR-2759,-6.281542,-51.746123,
SNJZ,-7.090949,-52.935777,
SNXK,-6.536944,-52.769169,
BR-0166,-15.972953,-44.817481,
SI3Y,-29.399722,-55.234444,
BR-1121,-15.854633,-49.244362,
BR-1060,-21.458133,-41.051632,
BR-0859,-29.324402,-50.739777,
SIF6,-12.073611,-63.661944,
SNM9,-12.849533,-62.900483,
SD9Y,-12.096198,-63.509715,
BR-2694,-19.831655,-49.679395,
SSTA,-30.245832443237305,-54.80083465576172,
SSSG,-30.344999313354492,-54.267799377441406,
BR-0405,-29.951531,-54.148725,
SJ32,-30.502993,-54.279663,
SJ3E,-30.155468,-54.503399,
SWKU,1.119536,-66.841421,
SWMK,0.628269,-66.115097,
SWSQ,1.700207,-69.389702,
SBYA,0.610384,-69.179992,
SWAK,1.061726,-67.603585,
SWAO,1.785851,-67.406097,
SWAZ,0.470769,-69.35463,
SWPC,0.265565,-69.79404,
SWQE,1.08777,-69.838048,
SWTR,0.121279,-68.548543,
SWUK,1.199392,-69.211847,
BR-3275,0.322621,-67.343575,
SNL7,-18.74609,-54.408543,
BR-0412,-19.31996,-54.520702,
SSJB,-18.862268,-54.348861,
BR-2473,-18.108372,-45.217416,
BR-1695,-19.3475,-46.104167,
SIS9,-20.641003,-46.338861,
SJ8T,0.816667,-59.853611,
BR-1061,-21.638073,-41.028187,
BR-0694,-16.867921,-50.410767,
SNJV,-15.998333,-43.73833,
SJ4J,-5.447313,-48.918968,
SJK4,-6.340833,-47.019167,
BR-2363,-6.6779,-38.496,
SJ4A,-6.361111,-43.688333,
BR-3259,-6.49999,-43.684519,
SNNE,-21.542221069335938,-43.02111053466797,
BR-2229,-28.24552,-49.897648,
BR-1646,-8.86545,-35.17027,
SN1M,-9.593878,-37.409671,
BR-2192,-24.769501,-54.118698,
BR-1444,-6.011487,-35.291144,
BR-2860,-7.486944,-37.291111,
BR-2794,-11.451631,-40.0463,
SJBX,-6.018827,-35.241276,
SIP9,-7.371517,-42.761364,
SWZP,-16.385464,-54.204144,
BR-2498,-13.722044,-57.028009,
SJGN,-13.668074,-56.481761,
SDAO,-14.025612,-56.543219,
SWOG,-13.7525,-56.96111,
BR-2202,-13.274331,-56.892163,
BR-1900,-13.788961,-56.689408,
BR-1390,-13.509056,-56.63685,
SBQG,-13.513056,-56.598333,
BR-0183,-13.434683,-56.730358,
SI6T,-13.8442,-57.1929,
BR-3277,-13.800079,-57.179986,
SS3L,-10.735478,-52.830153,
SIJ7,-10.337353,-52.243608,
SIL8,-10.497811,-52.293139,
SJS7,-10.730382,-52.295369,
SN8Z,-11.000292,-52.733169,
BR-0919,-10.89,-52.734722,
SWAI,-10.706667,-52.654444,
SD3Z,-10.823056,-52.371389,
BR-1170,-10.59728,-52.554567,
SNJU,-10.812993,-52.746539,
BR-3195,-10.780518,-53.07022,
BR-3174,-10.321111,-52.210556,
BR-2484,-10.716667,-52.801945,
SIUO,-10.720669,-52.27856,
SJHQ,-11.016676,-52.368194,
BR-1305,-23.118831,-45.851006,
SNZ7,-15.421028,-58.195,
BR-2461,-15.631273,-58.308819,
SWLF,-15.620278358459473,-58.20888900756836,
SJVK,-31.079916,-51.895627,
BR-0126,-16.547606,-50.418487,
SSLG,-28.376388549804688,-55.037498474121094,
BR-0069,1.01821,-60.026079,
SJSN,-14.83666706085205,-49.36138916015625,
SSYA,-14.87732,-49.195157,
SIZG,-22.607901,-48.387901,
SDSM,-22.758795,-48.542027,
SW2H,-18.751067,-40.262235,
BR-0875,-28.817551,-54.382433,
BR-1922,-7.246443,-35.173947,
SJWV,-13.378055572509766,-50.424442291259766,
BR-0043,-13.1546,-50.593,
BR-0044,-13.2133,-50.5657,
BR-0045,-13.2912,-50.5468,
SWDE,-12.822572,-50.328188,
BR-2198,-13.3149,-49.774899,
SS3Q,-12.006555,-62.792236,
SNF9,-11.99335,-62.961806,
BR-0893,-12.04,-63.042222,
BR-1337,-12.128955,-63.008976,
SNJ3,-11.909943,-62.802968,
BR-0076,-11.703,-62.679631,
SSMY,-25.398889,-54.234722,
SSOE,-26.781601,-53.503502,SQX
BR-2477,-16.992365,-48.736353,
BR-1508,-5.492027,-41.300894,
BR-2727,-5.541667,-47.502499,
SJ2B,-28.191944,-55.271667,
SJ2H,-28.310556,-55.120278,
BR-0326,-23.621055,-48.510232,
BR-1818,-22.572222,-46.942222,
SDCG,-3.46907,-68.921056,OLC
BR-2576,-23.837871,-51.902381,
BR-2447,-22.788889,-53.197777,
SDF5,-29.626906,-54.099952,
BR-1458,-29.650909,-54.386115,
SIZL,-22.747696,-49.844977,
SN3L,-6.786108,-45.734577,
BR-0182,-7.230963,-45.881872,
BR-2516,-6.823333,-45.411945,
BR-2525,-6.775556,-45.891666,
BR-2887,-16.370139,-45.123556,
SSOT,-16.34694480895996,-45.34916687011719,
SJSV,-20.248257,-46.191348,
SNC9,-12.277605,-48.33,
SNFQ,-22.147502,-45.763611,
SD6H,-29.563301,-51.374597,
BR-1873,-20.231536,-44.925753,
BR-0565,-12.51833,-38.501036,
SNUE,-30.18543,-53.639973,
BR-2204,-18.9865,-50.563599,
SJH3,-11.64,-48.218333,
SN6M,-11.564203,-48.250785,
SIY8,-11.540317,-48.402683,
SBOA,-6.974453,-35.252233,
BR-0914,-13.454916,-58.589466,
BR-0521,-13.609167,-58.525555,
BR-1056,-13.926097,-58.883294,
BR-1098,-13.404506,-58.772422,
BR-1334,-12.990556,-58.609167,
SSFS,-13.332545,-58.782143,
SDC3,-13.690859,-58.863761,
SJY9,-13.567222,-58.465833,
SWTU,-13.465528,-58.866935,AZL
SWET,-13.312904,-58.799697,
SWLN,-13.417998,-58.471792,
SWOT,-13.943333,-58.895278,
SILG,-13.762288,-58.747817,
SNSJ,-13.529722213745117,-58.573333740234375,
SIQV,-12.891057,-58.57503,
SIAF,-13.741112,-58.885555,
SICJ,-13.462628,-58.778328,
SJHM,-12.949012,-58.587798,
BR-2629,-13.547967,-58.858561,
BR-2643,-13.532222,-58.765278,
SJNZ,-13.258413,-58.727975,
BR-2728,-13.61527,-58.570966,
BR-2734,-13.07048,-58.707823,
SWXP,-13.732873,-58.888168,
SNRV,-6.882778167724609,-49.463890075683594,
SNK2,-6.984752,-49.693094,
SDJ9,-6.758333,-49.438333,
SNXG,-6.774796,-49.361131,
BR-1777,-22.85,-42.555833,
SSXD,-27.98110008239746,-52.86360168457031,
SW2E,-11.4897,-38.656428,
SDR1,-10.563555,-44.80925,
BR-0949,-7.850249,-44.069167,
SIGY,-7.502616,-44.198505,
SWJQ,-20.226944,-51.845833,
BR-2218,-20.353197,-51.544644,
BR-2527,-20.317736,-51.78159,
ZMD,-9.116,-68.6108,ZMD
SD3S,-9.132778,-68.586709,
SD9F,-9.224444,-68.840278,
SDNQ,-9.980571,-67.491113,
SDWV,-2.572744,-51.953758,
SNWR,-2.636603,-51.82708,
BR-1446,-5.567728,-39.354633,
SJ09,-10.51862,-40.084642,
SNSE,-9.7576,-41.854662,
BR-0164,-15.563234,-45.414942,
SNRE,-12.6827,-43.871498,
BR-3017,-12.061019,-51.530589,
BR-1859,-11.829167,-51.179167,
BR-1504,-11.93208,-51.615657,
BR-3274,-12.020664,-51.334969,
SJZT,-13.242396,-43.737819,
BR-0049,-18.2887,-51.9412,
SJHH,-18.119722,-52.217222,
BR-3070,-18.39139,-52.104443,
BR-1071,-18.232039,-52.294363,
SNSO,-18.60849952697754,-43.42409896850586,
SWEP,-22.804394,-50.982379,
BR-3132,-13.750278,-55.633888,
BR-2862,-8.0575,-37.289444,
SSSZ,-23.062201,-51.013901,
BR-0712,-27.956351,-52.50813,
SDTN,-21.121212,-47.947913,
BR-0062,-24.419054,-47.869082,
BR-3282,-19.373892,-44.178094,
BR-0404,-19.430741,-44.304789,
SJ2X,-23.878611,-55.036944,
BR-1931,-23.903611,-54.981944,
SNZN,-23.839362,-55.185006,
SSQF,-23.815239,-54.698456,
SDBI,-23.885222,-55.055907,
BR-2924,-23.848057,-54.816113,
BR-1248,-17.686776,-42.289206,
BR-1801,-17.653191,-42.265834,
SJSD,-21.071248,-55.123229,
SSBW,-20.914864,-55.016881,
BR-2986,-20.757508,-55.032374,
SDZ2,-21.158889,-54.727535,
SJ69,-21.479722,-55.043333,
SNET,-21.273939,-55.215984,
BR-1853,-21.065631,-55.029691,
SJ8G,-20.712778,-54.781944,
SS3K,-21.268611,-55.011667,
SNE7,-21.327621,-55.179773,
BR-1487,-2.83737,-58.22133,
BR-2779,-12.663814,-38.406567,
BR-1870,-14.46482,-46.475944,
BR-0236,-7.823368,-41.958934,
SIVG,-11.876013,-55.444443,
SJGW,-11.783531,-55.540395,
BR-3116,-13.617222,-55.013332,
BR-3148,-12.100592,-54.175429,
BR-3061,-10.707025,-54.835554,
BR-3065,-13.544931,-54.928071,
SS29,-11.708809,-55.309502,
BR-0796,-11.917246,-55.43445,
BR-0953,-11.754112,-55.359073,
SNR3,-12.039232,-55.491976,
SSTV,-12.120698,-55.40103,
BR-1612,-11.844123,-55.452546,
BR-2203,-11.4678,-56.437599,
BR-3250,-32.12129,-52.41537,
SSQC,-23.67462,-49.815582,
SJD4,-14.635,-46.406944,
SNJF,-12.64743,-43.518764,
BR-2903,-29.396898,-52.99117,
SD4V,-22.560973,-46.545574,
SSSD,-28.863762,-52.540569,
BR-0244,-5.713798,-39.00966,
SSUA,-17.63111114501953,-54.77000045776367,
BR-3019,-17.714736,-54.411307,
SSBK,-17.583754,-54.641158,
BR-2288,-17.844999,-54.76889,
BR-2421,-17.403739,-53.716557,
SJKJ,-17.440417,-53.809748,
SJMA,-17.939595,-54.930143,
SIMZ,-17.875572,-54.941565,
BR-2503,-17.545344,-53.895174,
BR-0515,-17.66482,-54.820711,
BR-1214,-17.23552,-53.730581,
BR-1912,-17.6382,-54.0787,
BR-1927,-12.681798,-55.67655,
SID9,-13.06605,-55.819036,
SI7Y,-12.544547,-55.668347,
SIC3,-12.598703,-55.885036,
BR-1651,-13.25999,-55.67175,
SJ9V,-11.922222,-55.731389,
SJG3,-12.589167,-55.661944,
SN4S,-13.356944,-55.666944,
BR-1775,-12.616659,-55.610976,
SD3A,-12.307531,-55.849349,
BR-1524,-13.389444,-55.2475,
SD2V,-12.911667,-55.845833,
SD3U,-12.427696,-55.680445,
BR-1468,-12.408611,-55.935,
BR-1192,-12.558928,-55.632403,
BR-1221,-13.152644,-55.377261,
BR-1236,-13.073688,-55.375859,
SNW7,-11.993664,-55.737042,
SS8F,-12.901194,-55.928706,
SNJ4,-13.018333,-55.885833,
BR-2177,-13.395093,-55.642545,
SWBZ,-12.60692,-55.764263,
SWNG,-12.896987,-55.834751,
SSDW,-12.915799,-55.535563,
SNFP,-12.181388854980469,-55.788612365722656,
SSQI,-12.509166666699999,-55.684722222199994,
BR-3218,-12.5275,-55.6247222222,
BR-3196,-13.41,-55.233611,
SIQY,-12.628056,-55.945,
BR-2491,-12.3886108398,-55.2427787781,
BR-2520,-13.527772,-55.12879,
SJSS,-12.508333206176758,-55.69527816772461,
SNSW,-0.697844,-48.519759,SFK
BR-2894,-0.27314,-48.577588,
SN9J,-0.292883,-48.778092,
SNST,-12.0973,-41.640701,
SNY3,-6.320522,-43.423594,
SDER,-20.764496,-50.856979,
BR-2335,-20.724605,-50.972013,
SIXA,-20.529893,-51.096039,
BR-1684,-11.298828,-56.836578,
SSXI,-11.182804,-56.798977,
BR-3269,-11.222681,-56.353686,
SS97,-11.446719,-56.453747,
SI6N,-11.163762,-56.911765,
SI6R,-11.034233,-56.622559,
SJ4P,-10.901857,-56.613084,
SN6S,-11.558371,-56.237043,
SS22,-11.63365,-56.181522,
BR-1888,-11.420057,-55.816018,
SDQ9,-11.490833,-56.171667,
BR-0675,-11.54746,-56.027202,
BR-0848,-12.224904,-44.039167,
SDYN,-22.584782,-51.304197,
SNCO,-23.516971,-55.063155,
BR-2442,-23.624619,-55.178896,
SNOQ,-23.599379,-55.145457,
SSON,-23.787778854370117,-55.02916717529297,
BR-2971,-23.401932,-55.248989,
SSVE,-23.81277847290039,-55.057777404785156,
SSZH,-23.645969,-54.714375,
SWTY,-12.435274,-46.400438,
SNTP,-2.525278091430664,-48.75194549560547,
SJJX,-2.898056,-48.958611,
SD1F,-2.755831,-48.526283,
SNS7,-3.196351,-48.906014,
BR-0684,-3.012491,-48.900361,
SIO3,-2.759308,-48.632394,
SW2G,-2.982699,-48.934162,
BR-0715,-32.264038,-52.567134,
BR-3249,-32.41501,-52.52974,
BR-2183,-15.655382,-41.654114,
BR-0110,-15.77619,-42.193654,
BR-0202,-12.178581,-46.970934,
SJ78,-12.784784,-49.006227,
BR-0144,-12.804638,-49.091759,
BR-0192,-23.717042,-51.116039,
BR-3187,-21.697056,-47.315556,
SNTL,-4.857619,-40.37473,
SITL,-5.049167,-40.234167,
BR-2719,-20.467606,-49.529292,
SJ3Y,-20.662231,-49.639024,
SNEG,-14.650115,-57.888688,
BR-1424,-14.405693,-58.229595,
BR-1392,-14.703746,-58.543031,
SI7R,-14.353427,-57.920433,
SN5Z,-14.575339,-58.703116,
SILS,-14.63693,-57.608147,
SDVI,-14.65,-57.5,
SSKY,-14.4736111111,-58.3552777778,
BR-2704,-14.450278,-57.800556,
SWTJ,-14.565272,-57.778042,
BR-2987,-14.4496,-58.294859,
SWJB,-14.744999885559082,-58.128334045410156,
SWKM,-14.644166946411133,-57.50416564941406,
BR-2230,-13.54133,-42.475591,
BR-0063,-5.636109,-63.185731,
SWJH,-28.0525,-51.968333,
SDHX,-30.75022,-51.53543,
SSAU,-30.745976,-51.430526,
SDOB,-21.4252,-46.754299,
SJTP,-12.722894,-56.502102,
BR-2555,-12.791704,-56.498608,
SDOL,-12.442313,-56.907682,
SID6,-12.750189,-56.578083,
SS07,-12.707482,-56.809923,
SD08,-12.53175,-56.708081,
BR-0611,-12.429516,-56.196698,
BR-1509,-12.779444,-56.480278,
BR-1164,-11.913015,-56.158982,
BR-1197,-12.616146,-56.623049,
SJ9Z,-23.63453,-49.145413,
SWAM,-23.64966,-49.151692,
BR-2587,-22.512725,-53.333845,
BR-2386,-22.653055,-53.393055,
SSIX,-22.652796,-53.507444,
BR-2950,-22.530745,-53.431263,
SSTS,-22.610683,-53.444055,
SDM6,-22.536414,-53.324424,
SNKV,1.04278004169,-50.516700744599994,
SDP2,-7.956223,-45.756617,
SD7Q,-8.423611,-45.923611,
SII8,-7.874319,-45.751614,
SDU1,-8.646111,-46.166111,
SS9A,-7.869755,-45.736574,
SJ9X,-8.798611,-46.260278,
SNYF,-8.509897,-46.074772,
BR-2535,-8.298889,-45.763332,
BR-2246,-23.307971,-47.933743,
SIG2,-23.013259,-45.679296,
SN2X,-23.2875,-49.241389,
BR-2252,-22.289652,-52.254839,
BR-2852,-9.897149,-36.293064,
BR-1118,-20.499236,-54.808442,
SITR,-20.140971,-55.074709,
BR-2933,-20.562363,-54.864178,
SIQD,-20.644541,-54.791619,
BR-2313,-20.326131,-55.100824,
BR-1269,-5.032856,-42.718443,
SD7E,-4.960619,-42.792601,
BR-1825,-5.060555,-42.674444,
SNNF,-5.033611,-42.705555,
BR-2848,-5.160819,-42.72031,
BR-0047,-13.7782,-47.282,
SSJZ,-24.052209,-54.007129,
SJTS,-2.0727779865264893,-56.488887786865234,
SD9G,-2.065833,-56.4475,
BR-0055,-16.0734,-53.5692,
BR-2231,-15.5564,-53.075298,
SJT9,-15.972208,-53.477082,
SBOH,-16.000866,-53.543618,
SBQT,-15.801978,-53.556395,
SNV4,-15.873589,-53.255914,
BR-1811,-29.482236,-51.848535,
BR-0583,-3.74,-41.023333,
BR-2705,-24.527779,-50.365833,
BR-2296,-24.65,-50.362499,
BR-2392,-24.628946,-50.46511,
SJ2C,-4.863218,-37.251184,
SDA9,-25.873888,-49.175278,
BR-0117,-23.270862,-49.546126,
BR-1249,-5.322304,-42.82918,
BR-1153,-18.84797,-45.864098,
BR-0093,-6.333432,-47.471938,
BR-1833,-24.881409,-53.754773,
SI4Z,-24.638918,-53.6549,
SSWV,-23.589072,-50.036105,
SNZU,-2.855909,-48.231727,
SNQ9,-2.142919,-48.070794,
SJ6B,-3.029722,-48.385,
BR-0058,-16.1753,-52.5761,
BR-3141,-16.141908,-52.967341,
SIM9,-16.416233,-52.833931,
SJ92,-16.120274,-52.485403,
SNZO,-5.297096,-35.536667,
SD39,-5.50723,-56.568259,
BR-3271,-3.25825,-39.342575,
BR-0233,-15.255545,-48.277789,
SDMA,-22.954517,-45.603636,
SN4V,-21.744167,-45.045556,
BR-0709,-20.113124,-52.54643,
BR-1064,-20.996905,-52.169736,
BR-2865,-20.499184,-52.369036,
BR-2922,-20.868606,-52.169783,
SSGE,-20.501698,-51.833131,
BR-2367,-20.661722,-52.339675,
SJID,-19.917221069335938,-52.63138961791992,
BR-2749,-20.237858,-52.380688,
SJZF,-20.629329,-52.028074,
SSYR,-20.346468,-52.319283,
SSYS,-19.90889,-52.536388,
SIUW,-20.839112,-52.301478,
SNAS,-18.222401,-45.188999,
BR-0397,-18.308846,-45.29456,
SDN1,-18.267978,-44.914322,
SN1S,-18.580319,-45.157111,
SJ4X,-18.468611,-45.291944,
BR-2232,-27.512734,-53.898302,
SSTJ,-27.3491668701,-49.818611145,
BR-0855,-28.528067,-48.949088,
BR-2277,-11.042089,-38.783727,
BR-0808,-3.863484,-49.683008,
SNB7,-5.627047,-44.8174,
SS2N,-5.968696,-44.633059,
BR-0132,1.387973,-68.158747,
BR-0445,-22.005324,-50.49046,
BR-2898,-21.999513,-50.596862,
SNGP,-18.586944580078125,-48.86916732788086,
SJAK,-18.364181,-48.872128,
SNFI,-18.387500762939453,-48.86166763305664,
BR-0708,-18.610359,-48.719649,
BR-0982,-29.08499,-53.864991,
SJ4M,-28.872859,-53.914382,
SJL8,-8.977778,-48.225833,
BR-2851,-1.665439,-45.392948,
SNTM,-17.233888626098633,-42.733890533447266,
SJ6Q,-17.165507,-42.83123,
BR-2510,-17.668163,-50.390614,
SITU,-17.944125,-50.339237,
SSTP,-17.970833,-50.320556,
BR-2861,-9.832062,-39.499733,
SSFH,-19.785486,-47.811638,
SNHE,-19.305833,-48.193333,
BR-2856,-19.518497,-47.852107,
SIMV,-19.838343,-47.849836,
BR-2585,-19.22192,-48.123623,
SS8X,-19.402583,-48.057722,
BR-0448,-19.384722,-48.274167,
BR-1047,-19.033062,-48.30689,
BR-1268,-18.973799,-48.105909,
SI2T,-19.155455,-48.390518,
SD9Q,-19.019806,-48.334372,
SNZ2,-19.138008,-48.149308,
SIL1,-19.150296,-48.673488,
BR-2781,-19.047777,-48.582222,
SJHS,-19.310409,-48.343315,
SNHD,-19.0775,-48.130278,
SWXX,-18.8619,-48.423,
SIB7,-24.467597,-52.884557,
SJKM,4.812213,-60.026486,
SJKN,4.700648,-60.267033,
SJKP,4.542682,-60.463032,
SJKQ,5.129066,-60.588872,
SJKU,4.815093,-60.470941,
SJKZ,4.444776,-60.436378,
SJLA,4.666607,-60.290176,
SJLO,5.084169864654541,-60.37889862060547,
SJLV,4.35722017288208,-59.970001220703125,
SJLX,4.453060150146484,-59.85390090942383,
BR-2653,4.743619,-60.038545,
SJMJ,4.455811,-60.269018,
SJMK,4.711271,-60.476604,
SJMM,4.931882,-60.319226,
SJMU,4.98971986771,-60.4356002808,
SJMV,4.942500114440918,-60.47529983520508,
SJMW,4.46999979019165,-60.17689895629883,
SJNF,4.635000228881836,-60.17610168457031,
SJYP,4.321109771728516,-60.19390106201172,
SDVP,4.333889,-60.493611,
SDKZ,4.557947,-60.470043,
SDZO,4.576131,-60.443718,
SDZN,4.804871,-60.219015,
SDJS,4.727303,-60.241678,
SJYQ,4.330405,-60.28783,
SDUC,4.426748,-60.188598,
SDXK,4.413334,-60.116667,
SDPI,4.687776,-60.244722,
SDVF,4.589723,-60.181388,
BR-1741,-14.296646,-49.920337,
BR-2968,-14.114289,-50.117869,
BR-1685,-14.016944,-59.367222,
SIAW,-3.739167,-47.516389,
SJVX,-3.7005560398101807,-47.76333236694336,
SNZV,-3.722566,-47.477739,
BR-1342,-3.694658,-39.408527,
SNQT,-23.795833587646484,-53.47972106933594,
SIVD,-16.944212,-46.272526,
SNFA,-16.716028,-46.521124,
SNUN,-16.356501,-46.9277,
SNT3,-15.835125,-46.700889,
SI7M,-16.181386,-46.617741,
SI2A,-15.841423,-46.510593,
SN2G,-16.846734,-46.426248,
BR-1375,-16.542942,-47.175992,
BR-0586,-16.594886,-47.291674,
BR-0834,-16.799457,-46.744627,
SNBL,-16.55293,-46.7692,
BR-1313,-16.644909,-47.107984,
SJ6I,-16.546641,-47.319496,
SNYI,-16.611883,-47.296011,
BR-2440,-15.973684,-46.709447,
SJAQ,-16.116865,-46.354453,
SJDZ,-15.833989,-46.571946,
BR-2604,-15.937888,-46.479165,
SJPQ,-16.319721,-47.225277,
SI8N,-19.271667,-50.291389,
SIS7,-11.324712,-53.979022,
SJY2,-11.503738,-54.202544,
BR-1267,-11.791489,-54.443706,
BR-1275,-11.468114,-54.055199,
BR-0815,-11.323909,-54.573555,
BR-2460,-11.764696,-54.343145,
BR-2463,-11.538889,-54.19389,
BR-2873,-9.313889,-36.056389,
SS34,-14.639864,-42.706858,
SIK4,-3.366389,-43.178889,
BR-2855,-3.197967,-43.388718,
SWWU,-14.544723,-49.09111,
BR-0137,-15.520599,-49.690334,
BR-2650,-3.503126,-54.09343,
SJQX,-3.523351,-53.393923,
BR-2200,-2.52889,-57.755798,
SJCW,-1.71205,-58.5112,
BR-2621,-7.372222,-44.396111,
BR-2754,-7.439039,-44.352021,
SJZS,-7.539999961853027,-44.8224983215332,
SNG6,-7.434561,-44.521825,
SN7S,-7.907471,-44.881175,
SJI3,-7.326197,-44.426017,
BR-1882,-7.942778,-44.383611,
SI3V,-8.343333,-44.438611,
SBQP,-7.752392,-44.315921,
BR-0552,-8.011944,-44.721111,
SDD6,-7.523437,-44.499934,
BR-2965,-16.144897,-45.82042,
SJDJ,-29.889211,-57.14191,
SJDU,-29.728093,-56.960771,
BR-0989,-30.025758,-56.287292,
BR-1440,-5.151465,-39.171473,
SNUT,-12.1055,-41.074501,
BR-0301,-15.848721,-50.428838,
BR-1925,-14.607462,-58.780025,
SDB3,-14.600279,-58.903478,
SSMB,-22.282949,-43.628157,
BR-2320,-22.242779,-43.713612,
BR-0238,-6.388103,-41.763983,
SNVV,-11.411776,-39.440988,
BR-2279,-20.469131,-50.140786,
BR-1156,-20.480036,-50.187631,
SD2W,-21.212285,-50.944467,
SJQR,-21.14233,-50.900817,
BR-0104,-3.53481,-43.9239,
BR-0232,-15.361532,-42.21974,
SDVA,-21.83222198486328,-46.9555549621582,
BR-2886,-18.425829,-46.051215,
BR-2870,-17.651265,-44.705923,
BR-2358,-17.527861,-44.770374,
BR-1396,-17.580049,-44.96227,
SSHV,-17.724468,-44.61594,
SI73,-17.654177,-45.025261,
BR-0509,-22.251257,-43.399781,
SIJK,-17.955,-46.861668,
BR-2842,-17.608448,-46.698738,
BR-1673,-20.389449,-41.079437,
SN6D,-12.583057,-55.560643,
SJ7I,-12.139661,-55.224217,
SDF0,-12.363246,-55.416746,
SNX9,-12.406672,-55.525821,
SDKW,-12.296355,-55.538442,
SJEM,-12.319167,-55.333889,
BR-3143,-12.208737,-55.375568,
SIED,-15.450541,-43.402595,
SJH2,-7.881667,-35.989444,
BR-1782,-22.387733,-54.471473,
SD6E,-17.750567,-49.779031,
SNVC,-20.744722,-42.841946,
BR-1359,-15.467652,-59.943735,
BR-1310,-14.708345,-59.887693,
SS3B,-15.898611,-60.088611,
SS9Z,-16.225,-60.08916,
SD6K,-15.050319,-60.018426,
BR-1480,-14.40675,-60.210164,
SD3R,-15.366667,-60.045556,
SD6V,-14.447571,-60.124823,
SD8N,-15.356406,-60.105561,
BR-0339,-16.255972,-59.716035,
BR-0782,-16.224266,-59.755164,
BR-0500,-16.112453,-60.014395,
BR-0520,-16.132092,-59.897897,
SJ34,-14.962778,-59.709167,
SJ7V,-14.955556,-59.919722,
SI2W,-15.950278,-60.113056,
SIF2,-14.340083,-60.190672,
SD8W,-15.235,-60.246389,
SWQU,-14.600982,-60.121808,
BR-3127,-15.161573,-60.440383,
BR-3135,-15.914596,-60.148355,
SWTK,-14.201944,-60.280834,
BR-3150,-14.995499,-59.945662,MTG
SWVF,-16.008766,-59.920008,
SWVS,-15.861972,-60.04039,
SWVV,-15.755134,-60.095739,
SWXT,-16.105056,-60.067974,
BR-3029,-13.733611,-59.71722,
BR-3031,-14.777229,-60.039213,
BR-3038,-15.489446,-60.085352,
BR-3068,-14.8225,-60.017223,
SWHQ,-15.189167022700001,-59.9391670227,
BR-3090,-15.296307,-60.368679,
SIFT,-16.144278,-60.12017,
SJHU,-13.882563,-60.096176,
SJRC,-14.8272218704,-59.68805694579999,
SJUB,-15.1833333969,-60.221668243399996,
BR-2718,-15.089966,-60.116555,
SSDP,-14.463956,-60.174884,
SNOM,-15.00665,-60.220738,
SWSF,-15.2241001129,-60.217201232899995,
SIM7,-6.42005,-39.278517,
BR-3252,-31.61955,-52.28224,
SNF8,-9.832902,-50.875615,
SJU8,-9.893333,-51.798889,
BR-1361,-10.0812,-51.888582,
SD3H,-9.805995,-51.870092,
SDO3,-10.017874,-51.99157,
BR-1784,-10.026667,-51.809444,
SN6B,-9.850243,-51.692276,
BR-2164,-10.041933,-51.588514,
BR-3067,-9.966944,-50.950558,
SWVC,-9.981057,-51.140358,VLP
SNIZ,-12.8825,-60.119444,
BR-1585,-12.791561,-60.171619,
SDJ2,-12.734734,-60.199102,
SD9A,-12.719167,-60.2025,
SD9Z,-12.579633,-60.135748,
BR-2866,-16.773969,-42.386425,
SI2K,-1.697482,-46.769528,
SD38,-9.729995,-65.642753,
BR-0425,-9.621389,-65.770278,
SBOG,-14.784789,-40.817046,
SIG3,-14.8357,-40.7611,
SI2O,-14.887378,-40.738261,
BR-1240,-14.963339,-40.814563,
BR-2642,-3.249444,-51.7225,
BR-0102,-4.251292,-45.233199,
SD8S,-4.319444,-45.367778,
BR-0222,-6.823287,-47.978165,
BR-1924,-11.448803,-43.865304,
BR-0279,-12.103822,-43.906958,
BR-0281,-11.660292,-43.817836,
BR-0282,-11.819883,-43.804469,
BR-1762,-11.756839,-44.133335,
BR-0224,-6.418838,-48.550643,
SSXX,-26.875067,-52.372862,AXE
XIG,-7.0906,-49.9765,XIG
BR-0061,-7.0161,-49.366,
SNSU,-6.882288,-49.15766,
SN6U,-7.007385,-49.966291,
SNAC,-7.033812,-50.091425,
SNXQ,-10.8341,-42.683399,
BR-1497,-21.114963,-50.039613,
BR-0103,-3.263659,-45.66214,