icao,season,period,view,condition,taf_forecast,taf_hit,taf_pct,metar_observed,metar_caught,metar_pct
SBAC,Verao,00-06,exato,TS,0,0,,0,0,
SBAC,Verao,00-06,exato,+RA,0,0,,0,0,
SBAC,Verao,00-06,exato,+TSRA,0,0,,0,0,
SBAC,Verao,00-06,exato,TSRA,0,0,,0,0,
SBAC,Verao,00-06,sem_intensidade,TS,0,0,,0,0,
SBAC,Verao,00-06,sem_intensidade,TSRA,0,0,,0,0,
SBAC,Verao,00-06,sem_intensidade,+RA,0,0,,0,0,
SBAC,Verao,06-12,exato,TS,0,0,,0,0,
SBAC,Verao,06-12,exato,+RA,0,0,,0,0,
SBAC,Verao,06-12,exato,+TSRA,0,0,,0,0,
SBAC,Verao,06-12,exato,TSRA,0,0,,0,0,
SBAC,Verao,06-12,sem_intensidade,TS,0,0,,0,0,
SBAC,Verao,06-12,sem_intensidade,TSRA,0,0,,0,0,
SBAC,Verao,06-12,sem_intensidade,+RA,0,0,,0,0,
SBAC,Verao,12-18,exato,TS,0,0,,0,0,
SBAC,Verao,12-18,exato,+RA,0,0,,0,0,
SBAC,Verao,12-18,exato,+TSRA,0,0,,0,0,
SBAC,Verao,12-18,exato,TSRA,0,0,,0,0,
SBAC,Verao,12-18,sem_intensidade,TS,0,0,,0,0,
SBAC,Verao,12-18,sem_intensidade,TSRA,0,0,,0,0,
SBAC,Verao,12-18,sem_intensidade,+RA,0,0,,0,0,
SBAC,Verao,18-24,exato,TS,0,0,,0,0,
SBAC,Verao,18-24,exato,+RA,0,0,,0,0,
SBAC,Verao,18-24,exato,+TSRA,0,0,,0,0,
SBAC,Verao,18-24,exato,TSRA,0,0,,0,0,
SBAC,Verao,18-24,sem_intensidade,TS,0,0,,0,0,
SBAC,Verao,18-24,sem_intensidade,TSRA,0,0,,0,0,
SBAC,Verao,18-24,sem_intensidade,+RA,0,0,,0,0,
SBAC,Verao,TODOS,exato,TS,0,0,,0,0,
SBAC,Verao,TODOS,exato,+RA,0,0,,0,0,
SBAC,Verao,TODOS,exato,+TSRA,0,0,,0,0,
SBAC,Verao,TODOS,exato,TSRA,0,0,,0,0,
SBAC,Verao,TODOS,sem_intensidade,TS,0,0,,0,0,
SBAC,Verao,TODOS,sem_intensidade,TSRA,0,0,,0,0,
SBAC,Verao,TODOS,sem_intensidade,+RA,0,0,,0,0,
SBAC,Outono,00-06,exato,TS,0,0,,0,0,
SBAC,Outono,00-06,exato,+RA,0,0,,0,0,
SBAC,Outono,00-06,exato,+TSRA,0,0,,0,0,
SBAC,Outono,00-06,exato,TSRA,0,0,,0,0,
SBAC,Outono,00-06,sem_intensidade,TS,0,0,,0,0,
SBAC,Outono,00-06,sem_intensidade,TSRA,0,0,,0,0,
SBAC,Outono,00-06,sem_intensidade,+RA,0,0,,0,0,
SBAC,Outono,06-12,exato,TS,0,0,,0,0,
SBAC,Outono,06-12,exato,+RA,0,0,,0,0,
SBAC,Outono,06-12,exato,+TSRA,0,0,,0,0,
SBAC,Outono,06-12,exato,TSRA,0,0,,0,0,
SBAC,Outono,06-12,sem_intensidade,TS,0,0,,0,0,
SBAC,Outono,06-12,sem_intensidade,TSRA,0,0,,0,0,
SBAC,Outono,06-12,sem_intensidade,+RA,0,0,,0,0,
SBAC,Outono,12-18,exato,TS,0,0,,0,0,
SBAC,Outono,12-18,exato,+RA,0,0,,0,0,
SBAC,Outono,12-18,exato,+TSRA,0,0,,0,0,
SBAC,Outono,12-18,exato,TSRA,0,0,,0,0,
SBAC,Outono,12-18,sem_intensidade,TS,0,0,,0,0,
SBAC,Outono,12-18,sem_intensidade,TSRA,0,0,,0,0,
SBAC,Outono,12-18,sem_intensidade,+RA,0,0,,0,0,
SBAC,Outono,18-24,exato,TS,0,0,,0,0,
SBAC,Outono,18-24,exato,+RA,0,0,,0,0,
SBAC,Outono,18-24,exato,+TSRA,0,0,,0,0,
SBAC,Outono,18-24,exato,TSRA,0,0,,0,0,
SBAC,Outono,18-24,sem_intensidade,TS,0,0,,0,0,
SBAC,Outono,18-24,sem_intensidade,TSRA,0,0,,0,0,
SBAC,Outono,18-24,sem_intensidade,+RA,0,0,,0,0,
SBAC,Outono,TODOS,exato,TS,0,0,,0,0,
SBAC,Outono,TODOS,exato,+RA,0,0,,0,0,
SBAC,Outono,TODOS,exato,+TSRA,0,0,,0,0,
SBAC,Outono,TODOS,exato,TSRA,0,0,,0,0,
SBAC,Outono,TODOS,sem_intensidade,TS,0,0,,0,0,
SBAC,Outono,TODOS,sem_intensidade,TSRA,0,0,,0,0,
SBAC,Outono,TODOS,sem_intensidade,+RA,0,0,,0,0,
SBAC,Inverno,00-06,exato,TS,0,0,,0,0,
SBAC,Inverno,00-06,exato,+RA,0,0,,0,0,
SBAC,Inverno,00-06,exato,+TSRA,0,0,,0,0,
SBAC,Inverno,00-06,exato,TSRA,0,0,,0,0,
SBAC,Inverno,00-06,sem_intensidade,TS,0,0,,0,0,
SBAC,Inverno,00-06,sem_intensidade,TSRA,0,0,,0,0,
SBAC,Inverno,00-06,sem_intensidade,+RA,0,0,,0,0,
SBAC,Inverno,06-12,exato,TS,0,0,,0,0,
SBAC,Inverno,06-12,exato,+RA,0,0,,0,0,
SBAC,Inverno,06-12,exato,+TSRA,0,0,,0,0,
SBAC,Inverno,06-12,exato,TSRA,0,0,,0,0,
SBAC,Inverno,06-12,sem_intensidade,TS,0,0,,0,0,
SBAC,Inverno,06-12,sem_intensidade,TSRA,0,0,,0,0,
SBAC,Inverno,06-12,sem_intensidade,+RA,0,0,,0,0,
SBAC,Inverno,12-18,exato,TS,0,0,,0,0,
SBAC,Inverno,12-18,exato,+RA,0,0,,0,0,
SBAC,Inverno,12-18,exato,+TSRA,0,0,,0,0,
SBAC,Inverno,12-18,exato,TSRA,0,0,,0,0,
SBAC,Inverno,12-18,sem_intensidade,TS,0,0,,0,0,
SBAC,Inverno,12-18,sem_intensidade,TSRA,0,0,,0,0,
SBAC,Inverno,12-18,sem_intensidade,+RA,0,0,,0,0,
SBAC,Inverno,18-24,exato,TS,0,0,,0,0,
SBAC,Inverno,18-24,exato,+RA,0,0,,0,0,
SBAC,Inverno,18-24,exato,+TSRA,0,0,,0,0,
SBAC,Inverno,18-24,exato,TSRA,0,0,,0,0,
SBAC,Inverno,18-24,sem_intensidade,TS,0,0,,0,0,
SBAC,Inverno,18-24,sem_intensidade,TSRA,0,0,,0,0,
SBAC,Inverno,18-24,sem_intensidade,+RA,0,0,,0,0,
SBAC,Inverno,TODOS,exato,TS,0,0,,0,0,
SBAC,Inverno,TODOS,exato,+RA,0,0,,0,0,
SBAC,Inverno,TODOS,exato,+TSRA,0,0,,0,0,
SBAC,Inverno,TODOS,exato,TSRA,0,0,,0,0,
SBAC,Inverno,TODOS,sem_intensidade,TS,0,0,,0,0,
SBAC,Inverno,TODOS,sem_intensidade,TSRA,0,0,,0,0,
SBAC,Inverno,TODOS,sem_intensidade,+RA,0,0,,0,0,
SBAC,Primavera,00-06,exato,TS,0,0,,0,0,
SBAC,Primavera,00-06,exato,+RA,0,0,,0,0,
SBAC,Primavera,00-06,exato,+TSRA,0,0,,0,0,
SBAC,Primavera,00-06,exato,TSRA,0,0,,0,0,
SBAC,Primavera,00-06,sem_intensidade,TS,0,0,,0,0,
SBAC,Primavera,00-06,sem_intensidade,TSRA,0,0,,0,0,
SBAC,Primavera,00-06,sem_intensidade,+RA,0,0,,0,0,
SBAC,Primavera,06-12,exato,TS,0,0,,0,0,
SBAC,Primavera,06-12,exato,+RA,0,0,,0,0,
SBAC,Primavera,06-12,exato,+TSRA,0,0,,0,0,
SBAC,Primavera,06-12,exato,TSRA,0,0,,0,0,
SBAC,Primavera,06-12,sem_intensidade,TS,0,0,,0,0,
SBAC,Primavera,06-12,sem_intensidade,TSRA,0,0,,0,0,
SBAC,Primavera,06-12,sem_intensidade,+RA,0,0,,0,0,
SBAC,Primavera,12-18,exato,TS,0,0,,0,0,
SBAC,Primavera,12-18,exato,+RA,0,0,,0,0,
SBAC,Primavera,12-18,exato,+TSRA,0,0,,0,0,
SBAC,Primavera,12-18,exato,TSRA,0,0,,0,0,
SBAC,Primavera,12-18,sem_intensidade,TS,0,0,,0,0,
SBAC,Primavera,12-18,sem_intensidade,TSRA,0,0,,0,0,
SBAC,Primavera,12-18,sem_intensidade,+RA,0,0,,0,0,
SBAC,Primavera,18-24,exato,TS,0,0,,0,0,
SBAC,Primavera,18-24,exato,+RA,0,0,,0,0,
SBAC,Primavera,18-24,exato,+TSRA,0,0,,0,0,
SBAC,Primavera,18-24,exato,TSRA,0,0,,0,0,
SBAC,Primavera,18-24,sem_intensidade,TS,0,0,,0,0,
SBAC,Primavera,18-24,sem_intensidade,TSRA,0,0,,0,0,
SBAC,Primavera,18-24,sem_intensidade,+RA,0,0,,0,0,
SBAC,Primavera,TODOS,exato,TS,0,0,,0,0,
SBAC,Primavera,TODOS,exato,+RA,0,0,,0,0,
SBAC,Primavera,TODOS,exato,+TSRA,0,0,,0,0,
SBAC,Primavera,TODOS,exato,TSRA,0,0,,0,0,
SBAC,Primavera,TODOS,sem_intensidade,TS,0,0,,0,0,
SBAC,Primavera,TODOS,sem_intensidade,TSRA,0,0,,0,0,
SBAC,Primavera,TODOS,sem_intensidade,+RA,0,0,,0,0,
SBAC,TODAS,00-06,exato,TS,0,0,,0,0,
SBAC,TODAS,00-06,exato,+RA,0,0,,0,0,
SBAC,TODAS,00-06,exato,+TSRA,0,0,,0,0,
SBAC,TODAS,00-06,exato,TSRA,0,0,,0,0,
SBAC,TODAS,00-06,sem_intensidade,TS,0,0,,0,0,
SBAC,TODAS,00-06,sem_intensidade,TSRA,0,0,,0,0,
SBAC,TODAS,00-06,sem_intensidade,+RA,0,0,,0,0,
SBAC,TODAS,06-12,exato,TS,0,0,,0,0,
SBAC,TODAS,06-12,exato,+RA,0,0,,0,0,
SBAC,TODAS,06-12,exato,+TSRA,0,0,,0,0,
SBAC,TODAS,06-12,exato,TSRA,0,0,,0,0,
SBAC,TODAS,06-12,sem_intensidade,TS,0,0,,0,0,
SBAC,TODAS,06-12,sem_intensidade,TSRA,0,0,,0,0,
SBAC,TODAS,06-12,sem_intensidade,+RA,0,0,,0,0,
SBAC,TODAS,12-18,exato,TS,0,0,,0,0,
SBAC,TODAS,12-18,exato,+RA,0,0,,0,0,
SBAC,TODAS,12-18,exato,+TSRA,0,0,,0,0,
SBAC,TODAS,12-18,exato,TSRA,0,0,,0,0,
SBAC,TODAS,12-18,sem_intensidade,TS,0,0,,0,0,
SBAC,TODAS,12-18,sem_intensidade,TSRA,0,0,,0,0,
SBAC,TODAS,12-18,sem_intensidade,+RA,0,0,,0,0,
SBAC,TODAS,18-24,exato,TS,0,0,,0,0,
SBAC,TODAS,18-24,exato,+RA,0,0,,0,0,
SBAC,TODAS,18-24,exato,+TSRA,0,0,,0,0,
SBAC,TODAS,18-24,exato,TSRA,0,0,,0,0,
SBAC,TODAS,18-24,sem_intensidade,TS,0,0,,0,0,
SBAC,TODAS,18-24,sem_intensidade,TSRA,0,0,,0,0,
SBAC,TODAS,18-24,sem_intensidade,+RA,0,0,,0,0,
SBAC,TODAS,TODOS,exato,TS,0,0,,0,0,
SBAC,TODAS,TODOS,exato,+RA,0,0,,0,0,
SBAC,TODAS,TODOS,exato,+TSRA,0,0,,0,0,
SBAC,TODAS,TODOS,exato,TSRA,0,0,,0,0,
SBAC,TODAS,TODOS,sem_intensidade,TS,0,0,,0,0,
SBAC,TODAS,TODOS,sem_intensidade,TSRA,0,0,,0,0,
SBAC,TODAS,TODOS,sem_intensidade,+RA,0,0,,0,0,
SBAQ,Verao,00-06,exato,TS,0,0,,0,0,
SBAQ,Verao,00-06,exato,+RA,0,0,,0,0,
SBAQ,Verao,00-06,exato,+TSRA,0,0,,0,0,
SBAQ,Verao,00-06,exato,TSRA,0,0,,0,0,
SBAQ,Verao,00-06,sem_intensidade,TS,0,0,,0,0,
SBAQ,Verao,00-06,sem_intensidade,TSRA,0,0,,0,0,
SBAQ,Verao,00-06,sem_intensidade,+RA,0,0,,0,0,
SBAQ,Verao,06-12,exato,TS,0,0,,0,0,
SBAQ,Verao,06-12,exato,+RA,0,0,,0,0,
SBAQ,Verao,06-12,exato,+TSRA,0,0,,0,0,
SBAQ,Verao,06-12,exato,TSRA,0,0,,0,0,
SBAQ,Verao,06-12,sem_intensidade,TS,0,0,,0,0,
SBAQ,Verao,06-12,sem_intensidade,TSRA,0,0,,0,0,
SBAQ,Verao,06-12,sem_intensidade,+RA,0,0,,0,0,
SBAQ,Verao,12-18,exato,TS,0,0,,0,0,
SBAQ,Verao,12-18,exato,+RA,0,0,,0,0,
SBAQ,Verao,12-18,exato,+TSRA,0,0,,0,0,
SBAQ,Verao,12-18,exato,TSRA,0,0,,0,0,
SBAQ,Verao,12-18,sem_intensidade,TS,0,0,,0,0,
SBAQ,Verao,12-18,sem_intensidade,TSRA,0,0,,0,0,
SBAQ,Verao,12-18,sem_intensidade,+RA,0,0,,0,0,
SBAQ,Verao,18-24,exato,TS,0,0,,0,0,
SBAQ,Verao,18-24,exato,+RA,0,0,,0,0,
SBAQ,Verao,18-24,exato,+TSRA,0,0,,0,0,
SBAQ,Verao,18-24,exato,TSRA,0,0,,0,0,
SBAQ,Verao,18-24,sem_intensidade,TS,0,0,,0,0,
SBAQ,Verao,18-24,sem_intensidade,TSRA,0,0,,0,0,
SBAQ,Verao,18-24,sem_intensidade,+RA,0,0,,0,0,
SBAQ,Verao,TODOS,exato,TS,0,0,,0,0,
SBAQ,Verao,TODOS,exato,+RA,0,0,,0,0,
SBAQ,Verao,TODOS,exato,+TSRA,0,0,,0,0,
SBAQ,Verao,TODOS,exato,TSRA,0,0,,0,0,
SBAQ,Verao,TODOS,sem_intensidade,TS,0,0,,0,0,
SBAQ,Verao,TODOS,sem_intensidade,TSRA,0,0,,0,0,
SBAQ,Verao,TODOS,sem_intensidade,+RA,0,0,,0,0,
SBAQ,Outono,00-06,exato,TS,0,0,,0,0,
SBAQ,Outono,00-06,exato,+RA,0,0,,0,0,
SBAQ,Outono,00-06,exato,+TSRA,0,0,,0,0,
SBAQ,Outono,00-06,exato,TSRA,0,0,,0,0,
SBAQ,Outono,00-06,sem_intensidade,TS,0,0,,0,0,
SBAQ,Outono,00-06,sem_intensidade,TSRA,0,0,,0,0,
SBAQ,Outono,00-06,sem_intensidade,+RA,0,0,,0,0,
SBAQ,Outono,06-12,exato,TS,0,0,,0,0,
SBAQ,Outono,06-12,exato,+RA,0,0,,0,0,
SBAQ,Outono,06-12,exato,+TSRA,0,0,,0,0,
SBAQ,Outono,06-12,exato,TSRA,0,0,,0,0,
SBAQ,Outono,06-12,sem_intensidade,TS,0,0,,0,0,
SBAQ,Outono,06-12,sem_intensidade,TSRA,0,0,,0,0,
SBAQ,Outono,06-12,sem_intensidade,+RA,0,0,,0,0,
SBAQ,Outono,12-18,exato,TS,0,0,,0,0,
SBAQ,Outono,12-18,exato,+RA,0,0,,0,0,
SBAQ,Outono,12-18,exato,+TSRA,0,0,,0,0,
SBAQ,Outono,12-18,exato,TSRA,0,0,,0,0,
SBAQ,Outono,12-18,sem_intensidade,TS,0,0,,0,0,
SBAQ,Outono,12-18,sem_intensidade,TSRA,0,0,,0,0,
SBAQ,Outono,12-18,sem_intensidade,+RA,0,0,,0,0,
SBAQ,Outono,18-24,exato,TS,0,0,,0,0,
SBAQ,Outono,18-24,exato,+RA,0,0,,0,0,
SBAQ,Outono,18-24,exato,+TSRA,0,0,,0,0,
SBAQ,Outono,18-24,exato,TSRA,0,0,,0,0,
SBAQ,Outono,18-24,sem_intensidade,TS,0,0,,0,0,
SBAQ,Outono,18-24,sem_intensidade,TSRA,0,0,,0,0,
SBAQ,Outono,18-24,sem_intensidade,+RA,0,0,,0,0,
SBAQ,Outono,TODOS,exato,TS,0,0,,0,0,
SBAQ,Outono,TODOS,exato,+RA,0,0,,0,0,
SBAQ,Outono,TODOS,exato,+TSRA,0,0,,0,0,
SBAQ,Outono,TODOS,exato,TSRA,0,0,,0,0,
SBAQ,Outono,TODOS,sem_intensidade,TS,0,0,,0,0,
SBAQ,Outono,TODOS,sem_intensidade,TSRA,0,0,,0,0,
SBAQ,Outono,TODOS,sem_intensidade,+RA,0,0,,0,0,
SBAQ,Inverno,00-06,exato,TS,0,0,,0,0,
SBAQ,Inverno,00-06,exato,+RA,0,0,,0,0,
SBAQ,Inverno,00-06,exato,+TSRA,0,0,,0,0,
SBAQ,Inverno,00-06,exato,TSRA,0,0,,0,0,
SBAQ,Inverno,00-06,sem_intensidade,TS,0,0,,0,0,
SBAQ,Inverno,00-06,sem_intensidade,TSRA,0,0,,0,0,
SBAQ,Inverno,00-06,sem_intensidade,+RA,0,0,,0,0,
SBAQ,Inverno,06-12,exato,TS,0,0,,0,0,
SBAQ,Inverno,06-12,exato,+RA,0,0,,0,0,
SBAQ,Inverno,06-12,exato,+TSRA,0,0,,0,0,
SBAQ,Inverno,06-12,exato,TSRA,0,0,,0,0,
SBAQ,Inverno,06-12,sem_intensidade,TS,0,0,,0,0,
SBAQ,Inverno,06-12,sem_intensidade,TSRA,0,0,,0,0,
SBAQ,Inverno,06-12,sem_intensidade,+RA,0,0,,0,0,
SBAQ,Inverno,12-18,exato,TS,0,0,,0,0,
SBAQ,Inverno,12-18,exato,+RA,0,0,,0,0,
SBAQ,Inverno,12-18,exato,+TSRA,0,0,,0,0,
SBAQ,Inverno,12-18,exato,TSRA,0,0,,0,0,
SBAQ,Inverno,12-18,sem_intensidade,TS,0,0,,0,0,
SBAQ,Inverno,12-18,sem_intensidade,TSRA,0,0,,0,0,
SBAQ,Inverno,12-18,sem_intensidade,+RA,0,0,,0,0,
SBAQ,Inverno,18-24,exato,TS,0,0,,0,0,
SBAQ,Inverno,18-24,exato,+RA,0,0,,0,0,
SBAQ,Inverno,18-24,exato,+TSRA,0,0,,0,0,
SBAQ,Inverno,18-24,exato,TSRA,0,0,,0,0,
SBAQ,Inverno,18-24,sem_intensidade,TS,0,0,,0,0,
SBAQ,Inverno,18-24,sem_intensidade,TSRA,0,0,,0,0,
SBAQ,Inverno,18-24,sem_intensidade,+RA,0,0,,0,0,
SBAQ,Inverno,TODOS,exato,TS,0,0,,0,0,
SBAQ,Inverno,TODOS,exato,+RA,0,0,,0,0,
SBAQ,Inverno,TODOS,exato,+TSRA,0,0,,0,0,
SBAQ,Inverno,TODOS,exato,TSRA,0,0,,0,0,
SBAQ,Inverno,TODOS,sem_intensidade,TS,0,0,,0,0,
SBAQ,Inverno,TODOS,sem_intensidade,TSRA,0,0,,0,0,
SBAQ,Inverno,TODOS,sem_intensidade,+RA,0,0,,0,0,
SBAQ,Primavera,00-06,exato,TS,0,0,,0,0,
SBAQ,Primavera,00-06,exato,+RA,0,0,,0,0,
SBAQ,Primavera,00-06,exato,+TSRA,0,0,,0,0,
SBAQ,Primavera,00-06,exato,TSRA,0,0,,0,0,
SBAQ,Primavera,00-06,sem_intensidade,TS,0,0,,0,0,
SBAQ,Primavera,00-06,sem_intensidade,TSRA,0,0,,0,0,
SBAQ,Primavera,00-06,sem_intensidade,+RA,0,0,,0,0,
SBAQ,Primavera,06-12,exato,TS,0,0,,0,0,
SBAQ,Primavera,06-12,exato,+RA,0,0,,0,0,
SBAQ,Primavera,06-12,exato,+TSRA,0,0,,0,0,
SBAQ,Primavera,06-12,exato,TSRA,0,0,,0,0,
SBAQ,Primavera,06-12,sem_intensidade,TS,0,0,,0,0,
SBAQ,Primavera,06-12,sem_intensidade,TSRA,0,0,,0,0,
SBAQ,Primavera,06-12,sem_intensidade,+RA,0,0,,0,0,
SBAQ,Primavera,12-18,exato,TS,0,0,,0,0,
SBAQ,Primavera,12-18,exato,+RA,0,0,,0,0,
SBAQ,Primavera,12-18,exato,+TSRA,0,0,,0,0,
SBAQ,Primavera,12-18,exato,TSRA,0,0,,0,0,
SBAQ,Primavera,12-18,sem_intensidade,TS,0,0,,0,0,
SBAQ,Primavera,12-18,sem_intensidade,TSRA,0,0,,0,0,
SBAQ,Primavera,12-18,sem_intensidade,+RA,0,0,,0,0,
SBAQ,Primavera,18-24,exato,TS,0,0,,0,0,
SBAQ,Primavera,18-24,exato,+RA,0,0,,0,0,
SBAQ,Primavera,18-24,exato,+TSRA,0,0,,0,0,
SBAQ,Primavera,18-24,exato,TSRA,0,0,,0,0,
SBAQ,Primavera,18-24,sem_intensidade,TS,0,0,,0,0,
SBAQ,Primavera,18-24,sem_intensidade,TSRA,0,0,,0,0,
SBAQ,Primavera,18-24,sem_intensidade,+RA,0,0,,0,0,
SBAQ,Primavera,TODOS,exato,TS,0,0,,0,0,
SBAQ,Primavera,TODOS,exato,+RA,0,0,,0,0,
SBAQ,Primavera,TODOS,exato,+TSRA,0,0,,0,0,
SBAQ,Primavera,TODOS,exato,TSRA,0,0,,0,0,
SBAQ,Primavera,TODOS,sem_intensidade,TS,0,0,,0,0,
SBAQ,Primavera,TODOS,sem_intensidade,TSRA,0,0,,0,0,
SBAQ,Primavera,TODOS,sem_intensidade,+RA,0,0,,0,0,
SBAQ,TODAS,00-06,exato,TS,0,0,,0,0,
SBAQ,TODAS,00-06,exato,+RA,0,0,,0,0,
SBAQ,TODAS,00-06,exato,+TSRA,0,0,,0,0,
SBAQ,TODAS,00-06,exato,TSRA,0,0,,0,0,
SBAQ,TODAS,00-06,sem_intensidade,TS,0,0,,0,0,
SBAQ,TODAS,00-06,sem_intensidade,TSRA,0,0,,0,0,
SBAQ,TODAS,00-06,sem_intensidade,+RA,0,0,,0,0,
SBAQ,TODAS,06-12,exato,TS,0,0,,0,0,
SBAQ,TODAS,06-12,exato,+RA,0,0,,0,0,
SBAQ,TODAS,06-12,exato,+TSRA,0,0,,0,0,
SBAQ,TODAS,06-12,exato,TSRA,0,0,,0,0,
SBAQ,TODAS,06-12,sem_intensidade,TS,0,0,,0,0,
SBAQ,TODAS,06-12,sem_intensidade,TSRA,0,0,,0,0,
SBAQ,TODAS,06-12,sem_intensidade,+RA,0,0,,0,0,
SBAQ,TODAS,12-18,exato,TS,0,0,,0,0,
SBAQ,TODAS,12-18,exato,+RA,0,0,,0,0,
SBAQ,TODAS,12-18,exato,+TSRA,0,0,,0,0,
SBAQ,TODAS,12-18,exato,TSRA,0,0,,0,0,
SBAQ,TODAS,12-18,sem_intensidade,TS,0,0,,0,0,
SBAQ,TODAS,12-18,sem_intensidade,TSRA,0,0,,0,0,
SBAQ,TODAS,12-18,sem_intensidade,+RA,0,0,,0,0,
SBAQ,TODAS,18-24,exato,TS,0,0,,0,0,
SBAQ,TODAS,18-24,exato,+RA,0,0,,0,0,
SBAQ,TODAS,18-24,exato,+TSRA,0,0,,0,0,
SBAQ,TODAS,18-24,exato,TSRA,0,0,,0,0,
SBAQ,TODAS,18-24,sem_intensidade,TS,0,0,,0,0,
SBAQ,TODAS,18-24,sem_intensidade,TSRA,0,0,,0,0,
SBAQ,TODAS,18-24,sem_intensidade,+RA,0,0,,0,0,
SBAQ,TODAS,TODOS,exato,TS,0,0,,0,0,
SBAQ,TODAS,TODOS,exato,+RA,0,0,,0,0,
SBAQ,TODAS,TODOS,exato,+TSRA,0,0,,0,0,
SBAQ,TODAS,TODOS,exato,TSRA,0,0,,0,0,
SBAQ,TODAS,TODOS,sem_intensidade,TS,0,0,,0,0,
SBAQ,TODAS,TODOS,sem_intensidade,TSRA,0,0,,0,0,
SBAQ,TODAS,TODOS,sem_intensidade,+RA,0,0,,0,0,
SBAT,Verao,00-06,exato,TS,0,0,,0,0,
SBAT,Verao,00-06,exato,+RA,0,0,,0,0,
SBAT,Verao,00-06,exato,+TSRA,0,0,,0,0,
SBAT,Verao,00-06,exato,TSRA,0,0,,0,0,
SBAT,Verao,00-06,sem_intensidade,TS,0,0,,0,0,
SBAT,Verao,00-06,sem_intensidade,TSRA,0,0,,0,0,
SBAT,Verao,00-06,sem_intensidade,+RA,0,0,,0,0,
SBAT,Verao,06-12,exato,TS,0,0,,0,0,
SBAT,Verao,06-12,exato,+RA,0,0,,0,0,
SBAT,Verao,06-12,exato,+TSRA,0,0,,0,0,
SBAT,Verao,06-12,exato,TSRA,0,0,,0,0,
SBAT,Verao,06-12,sem_intensidade,TS,0,0,,0,0,
SBAT,Verao,06-12,sem_intensidade,TSRA,0,0,,0,0,
SBAT,Verao,06-12,sem_intensidade,+RA,0,0,,0,0,
SBAT,Verao,12-18,exato,TS,6,0,0.0,2,0,0.0
SBAT,Verao,12-18,exato,+RA,0,0,,0,0,
SBAT,Verao,12-18,exato,+TSRA,0,0,,0,0,
SBAT,Verao,12-18,exato,TSRA,19,0,0.0,0,0,
SBAT,Verao,12-18,sem_intensidade,TS,6,0,0.0,2,0,0.0
SBAT,Verao,12-18,sem_intensidade,TSRA,19,0,0.0,0,0,
SBAT,Verao,12-18,sem_intensidade,+RA,0,0,,0,0,
SBAT,Verao,18-24,exato,TS,0,0,,0,0,
SBAT,Verao,18-24,exato,+RA,0,0,,0,0,
SBAT,Verao,18-24,exato,+TSRA,0,0,,0,0,
SBAT,Verao,18-24,exato,TSRA,0,0,,0,0,
SBAT,Verao,18-24,sem_intensidade,TS,0,0,,0,0,
SBAT,Verao,18-24,sem_intensidade,TSRA,0,0,,0,0,
SBAT,Verao,18-24,sem_intensidade,+RA,0,0,,0,0,
SBAT,Verao,TODOS,exato,TS,6,0,0.0,2,0,0.0
SBAT,Verao,TODOS,exato,+RA,0,0,,0,0,
SBAT,Verao,TODOS,exato,+TSRA,0,0,,0,0,
SBAT,Verao,TODOS,exato,TSRA,19,0,0.0,0,0,
SBAT,Verao,TODOS,sem_intensidade,TS,6,0,0.0,2,0,0.0
SBAT,Verao,TODOS,sem_intensidade,TSRA,19,0,0.0,0,0,
SBAT,Verao,TODOS,sem_intensidade,+RA,0,0,,0,0,
SBAT,Outono,00-06,exato,TS,0,0,,0,0,
SBAT,Outono,00-06,exato,+RA,0,0,,0,0,
SBAT,Outono,00-06,exato,+TSRA,0,0,,0,0,
SBAT,Outono,00-06,exato,TSRA,0,0,,0,0,
SBAT,Outono,00-06,sem_intensidade,TS,0,0,,0,0,
SBAT,Outono,00-06,sem_intensidade,TSRA,0,0,,0,0,
SBAT,Outono,00-06,sem_intensidade,+RA,0,0,,0,0,
SBAT,Outono,06-12,exato,TS,0,0,,0,0,
SBAT,Outono,06-12,exato,+RA,0,0,,0,0,
SBAT,Outono,06-12,exato,+TSRA,0,0,,0,0,
SBAT,Outono,06-12,exato,TSRA,0,0,,0,0,
SBAT,Outono,06-12,sem_intensidade,TS,0,0,,0,0,
SBAT,Outono,06-12,sem_intensidade,TSRA,0,0,,0,0,
SBAT,Outono,06-12,sem_intensidade,+RA,0,0,,0,0,
SBAT,Outono,12-18,exato,TS,1,0,0.0,0,0,
SBAT,Outono,12-18,exato,+RA,0,0,,0,0,
SBAT,Outono,12-18,exato,+TSRA,0,0,,0,0,
SBAT,Outono,12-18,exato,TSRA,1,0,0.0,0,0,
SBAT,Outono,12-18,sem_intensidade,TS,1,0,0.0,0,0,
SBAT,Outono,12-18,sem_intensidade,TSRA,1,0,0.0,2,0,0.0
SBAT,Outono,12-18,sem_intensidade,+RA,0,0,,0,0,
SBAT,Outono,18-24,exato,TS,1,0,0.0,0,0,
SBAT,Outono,18-24,exato,+RA,0,0,,0,0,
SBAT,Outono,18-24,exato,+TSRA,0,0,,0,0,
SBAT,Outono,18-24,exato,TSRA,0,0,,0,0,
SBAT,Outono,18-24,sem_intensidade,TS,1,0,0.0,0,0,
SBAT,Outono,18-24,sem_intensidade,TSRA,0,0,,0,0,
SBAT,Outono,18-24,sem_intensidade,+RA,0,0,,0,0,
SBAT,Outono,TODOS,exato,TS,2,0,0.0,0,0,
SBAT,Outono,TODOS,exato,+RA,0,0,,0,0,
SBAT,Outono,TODOS,exato,+TSRA,0,0,,0,0,
SBAT,Outono,TODOS,exato,TSRA,1,0,0.0,0,0,
SBAT,Outono,TODOS,sem_intensidade,TS,2,0,0.0,0,0,
SBAT,Outono,TODOS,sem_intensidade,TSRA,1,0,0.0,2,0,0.0
SBAT,Outono,TODOS,sem_intensidade,+RA,0,0,,0,0,
SBAT,Inverno,00-06,exato,TS,0,0,,0,0,
SBAT,Inverno,00-06,exato,+RA,0,0,,0,0,
SBAT,Inverno,00-06,exato,+TSRA,0,0,,0,0,
SBAT,Inverno,00-06,exato,TSRA,0,0,,0,0,
SBAT,Inverno,00-06,sem_intensidade,TS,0,0,,0,0,
SBAT,Inverno,00-06,sem_intensidade,TSRA,0,0,,0,0,
SBAT,Inverno,00-06,sem_intensidade,+RA,0,0,,0,0,
SBAT,Inverno,06-12,exato,TS,0,0,,0,0,
SBAT,Inverno,06-12,exato,+RA,0,0,,0,0,
SBAT,Inverno,06-12,exato,+TSRA,0,0,,0,0,
SBAT,Inverno,06-12,exato,TSRA,0,0,,0,0,
SBAT,Inverno,06-12,sem_intensidade,TS,0,0,,0,0,
SBAT,Inverno,06-12,sem_intensidade,TSRA,0,0,,0,0,
SBAT,Inverno,06-12,sem_intensidade,+RA,0,0,,0,0,
SBAT,Inverno,12-18,exato,TS,0,0,,0,0,
SBAT,Inverno,12-18,exato,+RA,0,0,,0,0,
SBAT,Inverno,12-18,exato,+TSRA,0,0,,0,0,
SBAT,Inverno,12-18,exato,TSRA,0,0,,0,0,
SBAT,Inverno,12-18,sem_intensidade,TS,0,0,,0,0,
SBAT,Inverno,12-18,sem_intensidade,TSRA,0,0,,0,0,
SBAT,Inverno,12-18,sem_intensidade,+RA,0,0,,0,0,
SBAT,Inverno,18-24,exato,TS,4,0,0.0,0,0,
SBAT,Inverno,18-24,exato,+RA,0,0,,0,0,
SBAT,Inverno,18-24,exato,+TSRA,0,0,,0,0,
SBAT,Inverno,18-24,exato,TSRA,1,0,0.0,0,0,
SBAT,Inverno,18-24,sem_intensidade,TS,4,0,0.0,0,0,
SBAT,Inverno,18-24,sem_intensidade,TSRA,1,0,0.0,0,0,
SBAT,Inverno,18-24,sem_intensidade,+RA,0,0,,0,0,
SBAT,Inverno,TODOS,exato,TS,4,0,0.0,0,0,
SBAT,Inverno,TODOS,exato,+RA,0,0,,0,0,
SBAT,Inverno,TODOS,exato,+TSRA,0,0,,0,0,
SBAT,Inverno,TODOS,exato,TSRA,1,0,0.0,0,0,
SBAT,Inverno,TODOS,sem_intensidade,TS,4,0,0.0,0,0,
SBAT,Inverno,TODOS,sem_intensidade,TSRA,1,0,0.0,0,0,
SBAT,Inverno,TODOS,sem_intensidade,+RA,0,0,,0,0,
SBAT,Primavera,00-06,exato,TS,0,0,,0,0,
SBAT,Primavera,00-06,exato,+RA,0,0,,0,0,
SBAT,Primavera,00-06,exato,+TSRA,0,0,,0,0,
SBAT,Primavera,00-06,exato,TSRA,0,0,,0,0,
SBAT,Primavera,00-06,sem_intensidade,TS,0,0,,0,0,
SBAT,Primavera,00-06,sem_intensidade,TSRA,0,0,,0,0,
SBAT,Primavera,00-06,sem_intensidade,+RA,0,0,,0,0,
SBAT,Primavera,06-12,exato,TS,0,0,,0,0,
SBAT,Primavera,06-12,exato,+RA,0,0,,0,0,
SBAT,Primavera,06-12,exato,+TSRA,0,0,,0,0,
SBAT,Primavera,06-12,exato,TSRA,0,0,,0,0,
SBAT,Primavera,06-12,sem_intensidade,TS,0,0,,0,0,
SBAT,Primavera,06-12,sem_intensidade,TSRA,0,0,,0,0,
SBAT,Primavera,06-12,sem_intensidade,+RA,0,0,,0,0,
SBAT,Primavera,12-18,exato,TS,3,0,0.0,2,0,0.0
SBAT,Primavera,12-18,exato,+RA,0,0,,0,0,
SBAT,Primavera,12-18,exato,+TSRA,0,0,,0,0,
SBAT,Primavera,12-18,exato,TSRA,8,0,0.0,1,0,0.0
SBAT,Primavera,12-18,sem_intensidade,TS,3,0,0.0,2,0,0.0
SBAT,Primavera,12-18,sem_intensidade,TSRA,8,0,0.0,3,0,0.0
SBAT,Primavera,12-18,sem_intensidade,+RA,0,0,,0,0,
SBAT,Primavera,18-24,exato,TS,11,1,9.1,2,1,50.0
SBAT,Primavera,18-24,exato,+RA,0,0,,0,0,
SBAT,Primavera,18-24,exato,+TSRA,0,0,,0,0,
SBAT,Primavera,18-24,exato,TSRA,8,0,0.0,0,0,
SBAT,Primavera,18-24,sem_intensidade,TS,11,1,9.1,2,1,50.0
SBAT,Primavera,18-24,sem_intensidade,TSRA,8,2,25.0,2,2,100.0
SBAT,Primavera,18-24,sem_intensidade,+RA,0,0,,0,0,
SBAT,Primavera,TODOS,exato,TS,14,1,7.1,4,1,25.0
SBAT,Primavera,TODOS,exato,+RA,0,0,,0,0,
SBAT,Primavera,TODOS,exato,+TSRA,0,0,,0,0,
SBAT,Primavera,TODOS,exato,TSRA,16,0,0.0,1,0,0.0
SBAT,Primavera,TODOS,sem_intensidade,TS,14,1,7.1,4,1,25.0
SBAT,Primavera,TODOS,sem_intensidade,TSRA,16,2,12.5,5,2,40.0
SBAT,Primavera,TODOS,sem_intensidade,+RA,0,0,,0,0,
SBAT,TODAS,00-06,exato,TS,0,0,,0,0,
SBAT,TODAS,00-06,exato,+RA,0,0,,0,0,
SBAT,TODAS,00-06,exato,+TSRA,0,0,,0,0,
SBAT,TODAS,00-06,exato,TSRA,0,0,,0,0,
SBAT,TODAS,00-06,sem_intensidade,TS,0,0,,0,0,
SBAT,TODAS,00-06,sem_intensidade,TSRA,0,0,,0,0,
SBAT,TODAS,00-06,sem_intensidade,+RA,0,0,,0,0,
SBAT,TODAS,06-12,exato,TS,0,0,,0,0,
SBAT,TODAS,06-12,exato,+RA,0,0,,0,0,
SBAT,TODAS,06-12,exato,+TSRA,0,0,,0,0,
SBAT,TODAS,06-12,exato,TSRA,0,0,,0,0,
SBAT,TODAS,06-12,sem_intensidade,TS,0,0,,0,0,
SBAT,TODAS,06-12,sem_intensidade,TSRA,0,0,,0,0,
SBAT,TODAS,06-12,sem_intensidade,+RA,0,0,,0,0,
SBAT,TODAS,12-18,exato,TS,10,0,0.0,4,0,0.0
SBAT,TODAS,12-18,exato,+RA,0,0,,0,0,
SBAT,TODAS,12-18,exato,+TSRA,0,0,,0,0,
SBAT,TODAS,12-18,exato,TSRA,28,0,0.0,1,0,0.0
SBAT,TODAS,12-18,sem_intensidade,TS,10,0,0.0,4,0,0.0
SBAT,TODAS,12-18,sem_intensidade,TSRA,28,0,0.0,5,0,0.0
SBAT,TODAS,12-18,sem_intensidade,+RA,0,0,,0,0,
SBAT,TODAS,18-24,exato,TS,16,1,6.2,2,1,50.0
SBAT,TODAS,18-24,exato,+RA,0,0,,0,0,
SBAT,TODAS,18-24,exato,+TSRA,0,0,,0,0,
SBAT,TODAS,18-24,exato,TSRA,9,0,0.0,0,0,
SBAT,TODAS,18-24,sem_intensidade,TS,16,1,6.2,2,1,50.0
SBAT,TODAS,18-24,sem_intensidade,TSRA,9,2,22.2,2,2,100.0
SBAT,TODAS,18-24,sem_intensidade,+RA,0,0,,0,0,
SBAT,TODAS,TODOS,exato,TS,26,1,3.8,6,1,16.7
SBAT,TODAS,TODOS,exato,+RA,0,0,,0,0,
SBAT,TODAS,TODOS,exato,+TSRA,0,0,,0,0,
SBAT,TODAS,TODOS,exato,TSRA,37,0,0.0,1,0,0.0
SBAT,TODAS,TODOS,sem_intensidade,TS,26,1,3.8,6,1,16.7
SBAT,TODAS,TODOS,sem_intensidade,TSRA,37,2,5.4,7,2,28.6
SBAT,TODAS,TODOS,sem_intensidade,+RA,0,0,,0,0,
SBAU,Verao,00-06,exato,TS,0,0,,2,0,0.0
SBAU,Verao,00-06,exato,+RA,0,0,,0,0,
SBAU,Verao,00-06,exato,+TSRA,0,0,,0,0,
SBAU,Verao,00-06,exato,TSRA,5,0,0.0,0,0,
SBAU,Verao,00-06,sem_intensidade,TS,0,0,,2,0,0.0
SBAU,Verao,00-06,sem_intensidade,TSRA,5,0,0.0,2,0,0.0
SBAU,Verao,00-06,sem_intensidade,+RA,0,0,,0,0,
SBAU,Verao,06-12,exato,TS,0,0,,1,0,0.0
SBAU,Verao,06-12,exato,+RA,0,0,,0,0,
SBAU,Verao,06-12,exato,+TSRA,0,0,,0,0,
SBAU,Verao,06-12,exato,TSRA,0,0,,0,0,
SBAU,Verao,06-12,sem_intensidade,TS,0,0,,1,0,0.0
SBAU,Verao,06-12,sem_intensidade,TSRA,0,0,,3,0,0.0
SBAU,Verao,06-12,sem_intensidade,+RA,0,0,,0,0,
SBAU,Verao,12-18,exato,TS,0,0,,7,0,0.0
SBAU,Verao,12-18,exato,+RA,0,0,,0,0,
SBAU,Verao,12-18,exato,+TSRA,0,0,,0,0,
SBAU,Verao,12-18,exato,TSRA,6,0,0.0,0,0,
SBAU,Verao,12-18,sem_intensidade,TS,0,0,,7,0,0.0
SBAU,Verao,12-18,sem_intensidade,TSRA,6,1,16.7,1,1,100.0
SBAU,Verao,12-18,sem_intensidade,+RA,0,0,,0,0,
SBAU,Verao,18-24,exato,TS,5,0,0.0,10,0,0.0
SBAU,Verao,18-24,exato,+RA,0,0,,0,0,
SBAU,Verao,18-24,exato,+TSRA,0,0,,0,0,
SBAU,Verao,18-24,exato,TSRA,32,0,0.0,0,0,
SBAU,Verao,18-24,sem_intensidade,TS,5,0,0.0,10,0,0.0
SBAU,Verao,18-24,sem_intensidade,TSRA,32,1,3.1,3,1,33.3
SBAU,Verao,18-24,sem_intensidade,+RA,0,0,,0,0,
SBAU,Verao,TODOS,exato,TS,5,0,0.0,20,0,0.0
SBAU,Verao,TODOS,exato,+RA,0,0,,0,0,
SBAU,Verao,TODOS,exato,+TSRA,0,0,,0,0,
SBAU,Verao,TODOS,exato,TSRA,43,0,0.0,0,0,
SBAU,Verao,TODOS,sem_intensidade,TS,5,0,0.0,20,0,0.0
SBAU,Verao,TODOS,sem_intensidade,TSRA,43,2,4.7,9,2,22.2
SBAU,Verao,TODOS,sem_intensidade,+RA,0,0,,0,0,
SBAU,Outono,00-06,exato,TS,0,0,,2,0,0.0
SBAU,Outono,00-06,exato,+RA,0,0,,0,0,
SBAU,Outono,00-06,exato,+TSRA,0,0,,0,0,
SBAU,Outono,00-06,exato,TSRA,0,0,,0,0,
SBAU,Outono,00-06,sem_intensidade,TS,0,0,,2,0,0.0
SBAU,Outono,00-06,sem_intensidade,TSRA,0,0,,1,0,0.0
SBAU,Outono,00-06,sem_intensidade,+RA,0,0,,0,0,
SBAU,Outono,06-12,exato,TS,0,0,,0,0,
SBAU,Outono,06-12,exato,+RA,0,0,,0,0,
SBAU,Outono,06-12,exato,+TSRA,0,0,,0,0,
SBAU,Outono,06-12,exato,TSRA,0,0,,0,0,
SBAU,Outono,06-12,sem_intensidade,TS,0,0,,0,0,
SBAU,Outono,06-12,sem_intensidade,TSRA,0,0,,0,0,
SBAU,Outono,06-12,sem_intensidade,+RA,0,0,,0,0,
SBAU,Outono,12-18,exato,TS,0,0,,3,0,0.0
SBAU,Outono,12-18,exato,+RA,0,0,,0,0,
SBAU,Outono,12-18,exato,+TSRA,0,0,,0,0,
SBAU,Outono,12-18,exato,TSRA,5,0,0.0,0,0,
SBAU,Outono,12-18,sem_intensidade,TS,0,0,,3,0,0.0
SBAU,Outono,12-18,sem_intensidade,TSRA,5,3,60.0,4,3,75.0
SBAU,Outono,12-18,sem_intensidade,+RA,0,0,,0,0,
SBAU,Outono,18-24,exato,TS,0,0,,3,0,0.0
SBAU,Outono,18-24,exato,+RA,0,0,,0,0,
SBAU,Outono,18-24,exato,+TSRA,0,0,,0,0,
SBAU,Outono,18-24,exato,TSRA,9,0,0.0,0,0,
SBAU,Outono,18-24,sem_intensidade,TS,0,0,,3,0,0.0
SBAU,Outono,18-24,sem_intensidade,TSRA,9,5,55.6,5,5,100.0
SBAU,Outono,18-24,sem_intensidade,+RA,0,0,,0,0,
SBAU,Outono,TODOS,exato,TS,0,0,,8,0,0.0
SBAU,Outono,TODOS,exato,+RA,0,0,,0,0,
SBAU,Outono,TODOS,exato,+TSRA,0,0,,0,0,
SBAU,Outono,TODOS,exato,TSRA,14,0,0.0,0,0,
SBAU,Outono,TODOS,sem_intensidade,TS,0,0,,8,0,0.0
SBAU,Outono,TODOS,sem_intensidade,TSRA,14,8,57.1,10,8,80.0
SBAU,Outono,TODOS,sem_intensidade,+RA,0,0,,0,0,
SBAU,Inverno,00-06,exato,TS,0,0,,0,0,
SBAU,Inverno,00-06,exato,+RA,0,0,,0,0,
SBAU,Inverno,00-06,exato,+TSRA,0,0,,0,0,
SBAU,Inverno,00-06,exato,TSRA,0,0,,0,0,
SBAU,Inverno,00-06,sem_intensidade,TS,0,0,,0,0,
SBAU,Inverno,00-06,sem_intensidade,TSRA,0,0,,0,0,
SBAU,Inverno,00-06,sem_intensidade,+RA,0,0,,0,0,
SBAU,Inverno,06-12,exato,TS,0,0,,0,0,
SBAU,Inverno,06-12,exato,+RA,0,0,,0,0,
SBAU,Inverno,06-12,exato,+TSRA,0,0,,0,0,
SBAU,Inverno,06-12,exato,TSRA,0,0,,0,0,
SBAU,Inverno,06-12,sem_intensidade,TS,0,0,,0,0,
SBAU,Inverno,06-12,sem_intensidade,TSRA,0,0,,0,0,
SBAU,Inverno,06-12,sem_intensidade,+RA,0,0,,0,0,
SBAU,Inverno,12-18,exato,TS,0,0,,0,0,
SBAU,Inverno,12-18,exato,+RA,0,0,,0,0,
SBAU,Inverno,12-18,exato,+TSRA,0,0,,0,0,
SBAU,Inverno,12-18,exato,TSRA,0,0,,0,0,
SBAU,Inverno,12-18,sem_intensidade,TS,0,0,,0,0,
SBAU,Inverno,12-18,sem_intensidade,TSRA,0,0,,0,0,
SBAU,Inverno,12-18,sem_intensidade,+RA,0,0,,0,0,
SBAU,Inverno,18-24,exato,TS,2,0,0.0,0,0,
SBAU,Inverno,18-24,exato,+RA,0,0,,0,0,
SBAU,Inverno,18-24,exato,+TSRA,0,0,,0,0,
SBAU,Inverno,18-24,exato,TSRA,0,0,,0,0,
SBAU,Inverno,18-24,sem_intensidade,TS,2,0,0.0,0,0,
SBAU,Inverno,18-24,sem_intensidade,TSRA,0,0,,1,0,0.0
SBAU,Inverno,18-24,sem_intensidade,+RA,0,0,,0,0,
SBAU,Inverno,TODOS,exato,TS,2,0,0.0,0,0,
SBAU,Inverno,TODOS,exato,+RA,0,0,,0,0,
SBAU,Inverno,TODOS,exato,+TSRA,0,0,,0,0,
SBAU,Inverno,TODOS,exato,TSRA,0,0,,0,0,
SBAU,Inverno,TODOS,sem_intensidade,TS,2,0,0.0,0,0,
SBAU,Inverno,TODOS,sem_intensidade,TSRA,0,0,,1,0,0.0
SBAU,Inverno,TODOS,sem_intensidade,+RA,0,0,,0,0,
SBAU,Primavera,00-06,exato,TS,0,0,,4,0,0.0
SBAU,Primavera,00-06,exato,+RA,0,0,,0,0,
SBAU,Primavera,00-06,exato,+TSRA,0,0,,0,0,
SBAU,Primavera,00-06,exato,TSRA,1,0,0.0,0,0,
SBAU,Primavera,00-06,sem_intensidade,TS,0,0,,4,0,0.0
SBAU,Primavera,00-06,sem_intensidade,TSRA,1,0,0.0,1,0,0.0
SBAU,Primavera,00-06,sem_intensidade,+RA,0,0,,0,0,
SBAU,Primavera,06-12,exato,TS,0,0,,3,0,0.0
SBAU,Primavera,06-12,exato,+RA,0,0,,0,0,
SBAU,Primavera,06-12,exato,+TSRA,0,0,,0,0,
SBAU,Primavera,06-12,exato,TSRA,1,0,0.0,0,0,
SBAU,Primavera,06-12,sem_intensidade,TS,0,0,,3,0,0.0
SBAU,Primavera,06-12,sem_intensidade,TSRA,1,0,0.0,0,0,
SBAU,Primavera,06-12,sem_intensidade,+RA,0,0,,0,0,
SBAU,Primavera,12-18,exato,TS,1,0,0.0,13,0,0.0
SBAU,Primavera,12-18,exato,+RA,0,0,,0,0,
SBAU,Primavera,12-18,exato,+TSRA,0,0,,0,0,
SBAU,Primavera,12-18,exato,TSRA,13,0,0.0,0,0,
SBAU,Primavera,12-18,sem_intensidade,TS,1,0,0.0,13,0,0.0
SBAU,Primavera,12-18,sem_intensidade,TSRA,13,4,30.8,8,4,50.0
SBAU,Primavera,12-18,sem_intensidade,+RA,0,0,,0,0,
SBAU,Primavera,18-24,exato,TS,1,1,100.0,16,1,6.2
SBAU,Primavera,18-24,exato,+RA,0,0,,0,0,
SBAU,Primavera,18-24,exato,+TSRA,0,0,,0,0,
SBAU,Primavera,18-24,exato,TSRA,30,0,0.0,0,0,
SBAU,Primavera,18-24,sem_intensidade,TS,1,1,100.0,16,1,6.2
SBAU,Primavera,18-24,sem_intensidade,TSRA,30,4,13.3,8,4,50.0
SBAU,Primavera,18-24,sem_intensidade,+RA,0,0,,0,0,
SBAU,Primavera,TODOS,exato,TS,2,1,50.0,36,1,2.8
SBAU,Primavera,TODOS,exato,+RA,0,0,,0,0,
SBAU,Primavera,TODOS,exato,+TSRA,0,0,,0,0,
SBAU,Primavera,TODOS,exato,TSRA,45,0,0.0,0,0,
SBAU,Primavera,TODOS,sem_intensidade,TS,2,1,50.0,36,1,2.8
SBAU,Primavera,TODOS,sem_intensidade,TSRA,45,8,17.8,17,8,47.1
SBAU,Primavera,TODOS,sem_intensidade,+RA,0,0,,0,0,
SBAU,TODAS,00-06,exato,TS,0,0,,8,0,0.0
SBAU,TODAS,00-06,exato,+RA,0,0,,0,0,
SBAU,TODAS,00-06,exato,+TSRA,0,0,,0,0,
SBAU,TODAS,00-06,exato,TSRA,6,0,0.0,0,0,
SBAU,TODAS,00-06,sem_intensidade,TS,0,0,,8,0,0.0
SBAU,TODAS,00-06,sem_intensidade,TSRA,6,0,0.0,4,0,0.0
SBAU,TODAS,00-06,sem_intensidade,+RA,0,0,,0,0,
SBAU,TODAS,06-12,exato,TS,0,0,,4,0,0.0
SBAU,TODAS,06-12,exato,+RA,0,0,,0,0,
SBAU,TODAS,06-12,exato,+TSRA,0,0,,0,0,
SBAU,TODAS,06-12,exato,TSRA,1,0,0.0,0,0,
SBAU,TODAS,06-12,sem_intensidade,TS,0,0,,4,0,0.0
SBAU,TODAS,06-12,sem_intensidade,TSRA,1,0,0.0,3,0,0.0
SBAU,TODAS,06-12,sem_intensidade,+RA,0,0,,0,0,
SBAU,TODAS,12-18,exato,TS,1,0,0.0,23,0,0.0
SBAU,TODAS,12-18,exato,+RA,0,0,,0,0,
SBAU,TODAS,12-18,exato,+TSRA,0,0,,0,0,
SBAU,TODAS,12-18,exato,TSRA,24,0,0.0,0,0,
SBAU,TODAS,12-18,sem_intensidade,TS,1,0,0.0,23,0,0.0
SBAU,TODAS,12-18,sem_intensidade,TSRA,24,8,33.3,13,8,61.5
SBAU,TODAS,12-18,sem_intensidade,+RA,0,0,,0,0,
SBAU,TODAS,18-24,exato,TS,8,1,12.5,29,1,3.4
SBAU,TODAS,18-24,exato,+RA,0,0,,0,0,
SBAU,TODAS,18-24,exato,+TSRA,0,0,,0,0,
SBAU,TODAS,18-24,exato,TSRA,71,0,0.0,0,0,
SBAU,TODAS,18-24,sem_intensidade,TS,8,1,12.5,29,1,3.4
SBAU,TODAS,18-24,sem_intensidade,TSRA,71,10,14.1,17,10,58.8
SBAU,TODAS,18-24,sem_intensidade,+RA,0,0,,0,0,
SBAU,TODAS,TODOS,exato,TS,9,1,11.1,64,1,1.6
SBAU,TODAS,TODOS,exato,+RA,0,0,,0,0,
SBAU,TODAS,TODOS,exato,+TSRA,0,0,,0,0,
SBAU,TODAS,TODOS,exato,TSRA,102,0,0.0,0,0,
SBAU,TODAS,TODOS,sem_intensidade,TS,9,1,11.1,64,1,1.6
SBAU,TODAS,TODOS,sem_intensidade,TSRA,102,18,17.6,37,18,48.6
SBAU,TODAS,TODOS,sem_intensidade,+RA,0,0,,0,0,
SBAX,Verao,00-06,exato,TS,0,0,,0,0,
SBAX,Verao,00-06,exato,+RA,0,0,,0,0,
SBAX,Verao,00-06,exato,+TSRA,0,0,,0,0,
SBAX,Verao,00-06,exato,TSRA,0,0,,0,0,
SBAX,Verao,00-06,sem_intensidade,TS,0,0,,0,0,
SBAX,Verao,00-06,sem_intensidade,TSRA,0,0,,0,0,
SBAX,Verao,00-06,sem_intensidade,+RA,0,0,,0,0,
SBAX,Verao,06-12,exato,TS,0,0,,0,0,
SBAX,Verao,06-12,exato,+RA,0,0,,0,0,
SBAX,Verao,06-12,exato,+TSRA,0,0,,0,0,
SBAX,Verao,06-12,exato,TSRA,0,0,,0,0,
SBAX,Verao,06-12,sem_intensidade,TS,0,0,,0,0,
SBAX,Verao,06-12,sem_intensidade,TSRA,0,0,,0,0,
SBAX,Verao,06-12,sem_intensidade,+RA,0,0,,0,0,
SBAX,Verao,12-18,exato,TS,0,0,,0,0,
SBAX,Verao,12-18,exato,+RA,0,0,,0,0,
SBAX,Verao,12-18,exato,+TSRA,0,0,,0,0,
SBAX,Verao,12-18,exato,TSRA,0,0,,0,0,
SBAX,Verao,12-18,sem_intensidade,TS,0,0,,0,0,
SBAX,Verao,12-18,sem_intensidade,TSRA,0,0,,0,0,
SBAX,Verao,12-18,sem_intensidade,+RA,0,0,,0,0,
SBAX,Verao,18-24,exato,TS,0,0,,0,0,
SBAX,Verao,18-24,exato,+RA,0,0,,0,0,
SBAX,Verao,18-24,exato,+TSRA,0,0,,0,0,
SBAX,Verao,18-24,exato,TSRA,0,0,,0,0,
SBAX,Verao,18-24,sem_intensidade,TS,0,0,,0,0,
SBAX,Verao,18-24,sem_intensidade,TSRA,0,0,,0,0,
SBAX,Verao,18-24,sem_intensidade,+RA,0,0,,0,0,
SBAX,Verao,TODOS,exato,TS,0,0,,0,0,
SBAX,Verao,TODOS,exato,+RA,0,0,,0,0,
SBAX,Verao,TODOS,exato,+TSRA,0,0,,0,0,
SBAX,Verao,TODOS,exato,TSRA,0,0,,0,0,
SBAX,Verao,TODOS,sem_intensidade,TS,0,0,,0,0,
SBAX,Verao,TODOS,sem_intensidade,TSRA,0,0,,0,0,
SBAX,Verao,TODOS,sem_intensidade,+RA,0,0,,0,0,
SBAX,Outono,00-06,exato,TS,0,0,,0,0,
SBAX,Outono,00-06,exato,+RA,0,0,,0,0,
SBAX,Outono,00-06,exato,+TSRA,0,0,,0,0,
SBAX,Outono,00-06,exato,TSRA,0,0,,0,0,
SBAX,Outono,00-06,sem_intensidade,TS,0,0,,0,0,
SBAX,Outono,00-06,sem_intensidade,TSRA,0,0,,0,0,
SBAX,Outono,00-06,sem_intensidade,+RA,0,0,,0,0,
SBAX,Outono,06-12,exato,TS,0,0,,0,0,
SBAX,Outono,06-12,exato,+RA,0,0,,0,0,
SBAX,Outono,06-12,exato,+TSRA,0,0,,0,0,
SBAX,Outono,06-12,exato,TSRA,0,0,,0,0,
SBAX,Outono,06-12,sem_intensidade,TS,0,0,,0,0,
SBAX,Outono,06-12,sem_intensidade,TSRA,0,0,,0,0,
SBAX,Outono,06-12,sem_intensidade,+RA,0,0,,0,0,
SBAX,Outono,12-18,exato,TS,0,0,,0,0,
SBAX,Outono,12-18,exato,+RA,0,0,,0,0,
SBAX,Outono,12-18,exato,+TSRA,0,0,,0,0,
SBAX,Outono,12-18,exato,TSRA,0,0,,0,0,
SBAX,Outono,12-18,sem_intensidade,TS,0,0,,0,0,
SBAX,Outono,12-18,sem_intensidade,TSRA,0,0,,0,0,
SBAX,Outono,12-18,sem_intensidade,+RA,0,0,,0,0,
SBAX,Outono,18-24,exato,TS,0,0,,0,0,
SBAX,Outono,18-24,exato,+RA,0,0,,0,0,
SBAX,Outono,18-24,exato,+TSRA,0,0,,0,0,
SBAX,Outono,18-24,exato,TSRA,0,0,,0,0,
SBAX,Outono,18-24,sem_intensidade,TS,0,0,,0,0,
SBAX,Outono,18-24,sem_intensidade,TSRA,0,0,,0,0,
SBAX,Outono,18-24,sem_intensidade,+RA,0,0,,0,0,
SBAX,Outono,TODOS,exato,TS,0,0,,0,0,
SBAX,Outono,TODOS,exato,+RA,0,0,,0,0,
SBAX,Outono,TODOS,exato,+TSRA,0,0,,0,0,
SBAX,Outono,TODOS,exato,TSRA,0,0,,0,0,
SBAX,Outono,TODOS,sem_intensidade,TS,0,0,,0,0,
SBAX,Outono,TODOS,sem_intensidade,TSRA,0,0,,0,0,
SBAX,Outono,TODOS,sem_intensidade,+RA,0,0,,0,0,
SBAX,Inverno,00-06,exato,TS,0,0,,0,0,
SBAX,Inverno,00-06,exato,+RA,0,0,,0,0,
SBAX,Inverno,00-06,exato,+TSRA,0,0,,0,0,
SBAX,Inverno,00-06,exato,TSRA,0,0,,0,0,
SBAX,Inverno,00-06,sem_intensidade,TS,0,0,,0,0,
SBAX,Inverno,00-06,sem_intensidade,TSRA,0,0,,0,0,
SBAX,Inverno,00-06,sem_intensidade,+RA,0,0,,0,0,
SBAX,Inverno,06-12,exato,TS,0,0,,0,0,
SBAX,Inverno,06-12,exato,+RA,0,0,,0,0,
SBAX,Inverno,06-12,exato,+TSRA,0,0,,0,0,
SBAX,Inverno,06-12,exato,TSRA,0,0,,0,0,
SBAX,Inverno,06-12,sem_intensidade,TS,0,0,,0,0,
SBAX,Inverno,06-12,sem_intensidade,TSRA,0,0,,0,0,
SBAX,Inverno,06-12,sem_intensidade,+RA,0,0,,0,0,
SBAX,Inverno,12-18,exato,TS,0,0,,0,0,
SBAX,Inverno,12-18,exato,+RA,0,0,,0,0,
SBAX,Inverno,12-18,exato,+TSRA,0,0,,0,0,
SBAX,Inverno,12-18,exato,TSRA,0,0,,0,0,
SBAX,Inverno,12-18,sem_intensidade,TS,0,0,,0,0,
SBAX,Inverno,12-18,sem_intensidade,TSRA,0,0,,0,0,
SBAX,Inverno,12-18,sem_intensidade,+RA,0,0,,0,0,
SBAX,Inverno,18-24,exato,TS,0,0,,0,0,
SBAX,Inverno,18-24,exato,+RA,0,0,,0,0,
SBAX,Inverno,18-24,exato,+TSRA,0,0,,0,0,
SBAX,Inverno,18-24,exato,TSRA,0,0,,0,0,
SBAX,Inverno,18-24,sem_intensidade,TS,0,0,,0,0,
SBAX,Inverno,18-24,sem_intensidade,TSRA,0,0,,0,0,
SBAX,Inverno,18-24,sem_intensidade,+RA,0,0,,0,0,
SBAX,Inverno,TODOS,exato,TS,0,0,,0,0,
SBAX,Inverno,TODOS,exato,+RA,0,0,,0,0,
SBAX,Inverno,TODOS,exato,+TSRA,0,0,,0,0,
SBAX,Inverno,TODOS,exato,TSRA,0,0,,0,0,
SBAX,Inverno,TODOS,sem_intensidade,TS,0,0,,0,0,
SBAX,Inverno,TODOS,sem_intensidade,TSRA,0,0,,0,0,
SBAX,Inverno,TODOS,sem_intensidade,+RA,0,0,,0,0,
SBAX,Primavera,00-06,exato,TS,0,0,,0,0,
SBAX,Primavera,00-06,exato,+RA,0,0,,0,0,
SBAX,Primavera,00-06,exato,+TSRA,0,0,,0,0,
SBAX,Primavera,00-06,exato,TSRA,0,0,,0,0,
SBAX,Primavera,00-06,sem_intensidade,TS,0,0,,0,0,
SBAX,Primavera,00-06,sem_intensidade,TSRA,0,0,,0,0,
SBAX,Primavera,00-06,sem_intensidade,+RA,0,0,,0,0,
SBAX,Primavera,06-12,exato,TS,0,0,,0,0,
SBAX,Primavera,06-12,exato,+RA,0,0,,0,0,
SBAX,Primavera,06-12,exato,+TSRA,0,0,,0,0,
SBAX,Primavera,06-12,exato,TSRA,0,0,,0,0,
SBAX,Primavera,06-12,sem_intensidade,TS,0,0,,0,0,
SBAX,Primavera,06-12,sem_intensidade,TSRA,0,0,,0,0,
SBAX,Primavera,06-12,sem_intensidade,+RA,0,0,,0,0,
SBAX,Primavera,12-18,exato,TS,0,0,,0,0,
SBAX,Primavera,12-18,exato,+RA,0,0,,0,0,
SBAX,Primavera,12-18,exato,+TSRA,0,0,,0,0,
SBAX,Primavera,12-18,exato,TSRA,0,0,,0,0,
SBAX,Primavera,12-18,sem_intensidade,TS,0,0,,0,0,
SBAX,Primavera,12-18,sem_intensidade,TSRA,0,0,,0,0,
SBAX,Primavera,12-18,sem_intensidade,+RA,0,0,,0,0,
SBAX,Primavera,18-24,exato,TS,0,0,,0,0,
SBAX,Primavera,18-24,exato,+RA,0,0,,0,0,
SBAX,Primavera,18-24,exato,+TSRA,0,0,,0,0,
SBAX,Primavera,18-24,exato,TSRA,0,0,,0,0,
SBAX,Primavera,18-24,sem_intensidade,TS,0,0,,0,0,
SBAX,Primavera,18-24,sem_intensidade,TSRA,0,0,,0,0,
SBAX,Primavera,18-24,sem_intensidade,+RA,0,0,,0,0,
SBAX,Primavera,TODOS,exato,TS,0,0,,0,0,
SBAX,Primavera,TODOS,exato,+RA,0,0,,0,0,
SBAX,Primavera,TODOS,exato,+TSRA,0,0,,0,0,
SBAX,Primavera,TODOS,exato,TSRA,0,0,,0,0,
SBAX,Primavera,TODOS,sem_intensidade,TS,0,0,,0,0,
SBAX,Primavera,TODOS,sem_intensidade,TSRA,0,0,,0,0,
SBAX,Primavera,TODOS,sem_intensidade,+RA,0,0,,0,0,
SBAX,TODAS,00-06,exato,TS,0,0,,0,0,
SBAX,TODAS,00-06,exato,+RA,0,0,,0,0,
SBAX,TODAS,00-06,exato,+TSRA,0,0,,0,0,
SBAX,TODAS,00-06,exato,TSRA,0,0,,0,0,
SBAX,TODAS,00-06,sem_intensidade,TS,0,0,,0,0,
SBAX,TODAS,00-06,sem_intensidade,TSRA,0,0,,0,0,
SBAX,TODAS,00-06,sem_intensidade,+RA,0,0,,0,0,
SBAX,TODAS,06-12,exato,TS,0,0,,0,0,
SBAX,TODAS,06-12,exato,+RA,0,0,,0,0,
SBAX,TODAS,06-12,exato,+TSRA,0,0,,0,0,
SBAX,TODAS,06-12,exato,TSRA,0,0,,0,0,
SBAX,TODAS,06-12,sem_intensidade,TS,0,0,,0,0,
SBAX,TODAS,06-12,sem_intensidade,TSRA,0,0,,0,0,
SBAX,TODAS,06-12,sem_intensidade,+RA,0,0,,0,0,
SBAX,TODAS,12-18,exato,TS,0,0,,0,0,
SBAX,TODAS,12-18,exato,+RA,0,0,,0,0,
SBAX,TODAS,12-18,exato,+TSRA,0,0,,0,0,
SBAX,TODAS,12-18,exato,TSRA,0,0,,0,0,
SBAX,TODAS,12-18,sem_intensidade,TS,0,0,,0,0,
SBAX,TODAS,12-18,sem_intensidade,TSRA,0,0,,0,0,
SBAX,TODAS,12-18,sem_intensidade,+RA,0,0,,0,0,
SBAX,TODAS,18-24,exato,TS,0,0,,0,0,
SBAX,TODAS,18-24,exato,+RA,0,0,,0,0,
SBAX,TODAS,18-24,exato,+TSRA,0,0,,0,0,
SBAX,TODAS,18-24,exato,TSRA,0,0,,0,0,
SBAX,TODAS,18-24,sem_intensidade,TS,0,0,,0,0,
SBAX,TODAS,18-24,sem_intensidade,TSRA,0,0,,0,0,
SBAX,TODAS,18-24,sem_intensidade,+RA,0,0,,0,0,
SBAX,TODAS,TODOS,exato,TS,0,0,,0,0,
SBAX,TODAS,TODOS,exato,+RA,0,0,,0,0,
SBAX,TODAS,TODOS,exato,+TSRA,0,0,,0,0,
SBAX,TODAS,TODOS,exato,TSRA,0,0,,0,0,
SBAX,TODAS,TODOS,sem_intensidade,TS,0,0,,0,0,
SBAX,TODAS,TODOS,sem_intensidade,TSRA,0,0,,0,0,
SBAX,TODAS,TODOS,sem_intensidade,+RA,0,0,,0,0,
SBBE,Verao,00-06,exato,TS,0,0,,0,0,
SBBE,Verao,00-06,exato,+RA,0,0,,0,0,
SBBE,Verao,00-06,exato,+TSRA,0,0,,0,0,
SBBE,Verao,00-06,exato,TSRA,0,0,,0,0,
SBBE,Verao,00-06,sem_intensidade,TS,0,0,,0,0,
SBBE,Verao,00-06,sem_intensidade,TSRA,0,0,,0,0,
SBBE,Verao,00-06,sem_intensidade,+RA,0,0,,0,0,
SBBE,Verao,06-12,exato,TS,0,0,,0,0,
SBBE,Verao,06-12,exato,+RA,0,0,,0,0,
SBBE,Verao,06-12,exato,+TSRA,0,0,,0,0,
SBBE,Verao,06-12,exato,TSRA,0,0,,0,0,
SBBE,Verao,06-12,sem_intensidade,TS,0,0,,0,0,
SBBE,Verao,06-12,sem_intensidade,TSRA,0,0,,0,0,
SBBE,Verao,06-12,sem_intensidade,+RA,0,0,,0,0,
SBBE,Verao,12-18,exato,TS,6,1,16.7,3,1,33.3
SBBE,Verao,12-18,exato,+RA,0,0,,0,0,
SBBE,Verao,12-18,exato,+TSRA,0,0,,1,0,0.0
SBBE,Verao,12-18,exato,TSRA,11,0,0.0,2,0,0.0
SBBE,Verao,12-18,sem_intensidade,TS,6,1,16.7,3,1,33.3
SBBE,Verao,12-18,sem_intensidade,TSRA,11,0,0.0,8,0,0.0
SBBE,Verao,12-18,sem_intensidade,+RA,0,0,,0,0,
SBBE,Verao,18-24,exato,TS,1,0,0.0,0,0,
SBBE,Verao,18-24,exato,+RA,0,0,,0,0,
SBBE,Verao,18-24,exato,+TSRA,0,0,,0,0,
SBBE,Verao,18-24,exato,TSRA,11,1,9.1,2,1,50.0
SBBE,Verao,18-24,sem_intensidade,TS,1,0,0.0,0,0,
SBBE,Verao,18-24,sem_intensidade,TSRA,11,2,18.2,4,2,50.0
SBBE,Verao,18-24,sem_intensidade,+RA,0,0,,0,0,
SBBE,Verao,TODOS,exato,TS,7,1,14.3,3,1,33.3
SBBE,Verao,TODOS,exato,+RA,0,0,,0,0,
SBBE,Verao,TODOS,exato,+TSRA,0,0,,1,0,0.0
SBBE,Verao,TODOS,exato,TSRA,22,1,4.5,4,1,25.0
SBBE,Verao,TODOS,sem_intensidade,TS,7,1,14.3,3,1,33.3
SBBE,Verao,TODOS,sem_intensidade,TSRA,22,2,9.1,12,2,16.7
SBBE,Verao,TODOS,sem_intensidade,+RA,0,0,,0,0,
SBBE,Outono,00-06,exato,TS,0,0,,0,0,
SBBE,Outono,00-06,exato,+RA,0,0,,0,0,
SBBE,Outono,00-06,exato,+TSRA,0,0,,0,0,
SBBE,Outono,00-06,exato,TSRA,0,0,,0,0,
SBBE,Outono,00-06,sem_intensidade,TS,0,0,,0,0,
SBBE,Outono,00-06,sem_intensidade,TSRA,0,0,,0,0,
SBBE,Outono,00-06,sem_intensidade,+RA,0,0,,0,0,
SBBE,Outono,06-12,exato,TS,0,0,,0,0,
SBBE,Outono,06-12,exato,+RA,0,0,,0,0,
SBBE,Outono,06-12,exato,+TSRA,0,0,,0,0,
SBBE,Outono,06-12,exato,TSRA,3,0,0.0,0,0,
SBBE,Outono,06-12,sem_intensidade,TS,0,0,,0,0,
SBBE,Outono,06-12,sem_intensidade,TSRA,3,0,0.0,1,0,0.0
SBBE,Outono,06-12,sem_intensidade,+RA,0,0,,0,0,
SBBE,Outono,12-18,exato,TS,1,0,0.0,3,0,0.0
SBBE,Outono,12-18,exato,+RA,0,0,,2,0,0.0
SBBE,Outono,12-18,exato,+TSRA,0,0,,0,0,
SBBE,Outono,12-18,exato,TSRA,8,0,0.0,2,0,0.0
SBBE,Outono,12-18,sem_intensidade,TS,1,0,0.0,3,0,0.0
SBBE,Outono,12-18,sem_intensidade,TSRA,8,1,12.5,7,1,14.3
SBBE,Outono,12-18,sem_intensidade,+RA,0,0,,2,0,0.0
SBBE,Outono,18-24,exato,TS,7,0,0.0,2,0,0.0
SBBE,Outono,18-24,exato,+RA,0,0,,0,0,
SBBE,Outono,18-24,exato,+TSRA,0,0,,0,0,
SBBE,Outono,18-24,exato,TSRA,16,0,0.0,1,0,0.0
SBBE,Outono,18-24,sem_intensidade,TS,7,0,0.0,2,0,0.0
SBBE,Outono,18-24,sem_intensidade,TSRA,16,0,0.0,2,0,0.0
SBBE,Outono,18-24,sem_intensidade,+RA,0,0,,0,0,
SBBE,Outono,TODOS,exato,TS,8,0,0.0,5,0,0.0
SBBE,Outono,TODOS,exato,+RA,0,0,,2,0,0.0
SBBE,Outono,TODOS,exato,+TSRA,0,0,,0,0,
SBBE,Outono,TODOS,exato,TSRA,27,0,0.0,3,0,0.0
SBBE,Outono,TODOS,sem_intensidade,TS,8,0,0.0,5,0,0.0
SBBE,Outono,TODOS,sem_intensidade,TSRA,27,1,3.7,10,1,10.0
SBBE,Outono,TODOS,sem_intensidade,+RA,0,0,,2,0,0.0
SBBE,Inverno,00-06,exato,TS,0,0,,0,0,
SBBE,Inverno,00-06,exato,+RA,0,0,,0,0,
SBBE,Inverno,00-06,exato,+TSRA,0,0,,0,0,
SBBE,Inverno,00-06,exato,TSRA,0,0,,0,0,
SBBE,Inverno,00-06,sem_intensidade,TS,0,0,,0,0,
SBBE,Inverno,00-06,sem_intensidade,TSRA,0,0,,0,0,
SBBE,Inverno,00-06,sem_intensidade,+RA,0,0,,0,0,
SBBE,Inverno,06-12,exato,TS,0,0,,0,0,
SBBE,Inverno,06-12,exato,+RA,0,0,,0,0,
SBBE,Inverno,06-12,exato,+TSRA,0,0,,0,0,
SBBE,Inverno,06-12,exato,TSRA,0,0,,0,0,
SBBE,Inverno,06-12,sem_intensidade,TS,0,0,,0,0,
SBBE,Inverno,06-12,sem_intensidade,TSRA,0,0,,0,0,
SBBE,Inverno,06-12,sem_intensidade,+RA,0,0,,0,0,
SBBE,Inverno,12-18,exato,TS,0,0,,2,0,0.0
SBBE,Inverno,12-18,exato,+RA,0,0,,0,0,
SBBE,Inverno,12-18,exato,+TSRA,0,0,,0,0,
SBBE,Inverno,12-18,exato,TSRA,3,0,0.0,0,0,
SBBE,Inverno,12-18,sem_intensidade,TS,0,0,,2,0,0.0
SBBE,Inverno,12-18,sem_intensidade,TSRA,3,0,0.0,0,0,
SBBE,Inverno,12-18,sem_intensidade,+RA,0,0,,0,0,
SBBE,Inverno,18-24,exato,TS,12,0,0.0,1,0,0.0
SBBE,Inverno,18-24,exato,+RA,0,0,,2,0,0.0
SBBE,Inverno,18-24,exato,+TSRA,0,0,,0,0,
SBBE,Inverno,18-24,exato,TSRA,8,0,0.0,0,0,
SBBE,Inverno,18-24,sem_intensidade,TS,12,0,0.0,1,0,0.0
SBBE,Inverno,18-24,sem_intensidade,TSRA,8,1,12.5,4,1,25.0
SBBE,Inverno,18-24,sem_intensidade,+RA,0,0,,2,0,0.0
SBBE,Inverno,TODOS,exato,TS,12,0,0.0,3,0,0.0
SBBE,Inverno,TODOS,exato,+RA,0,0,,2,0,0.0
SBBE,Inverno,TODOS,exato,+TSRA,0,0,,0,0,
SBBE,Inverno,TODOS,exato,TSRA,11,0,0.0,0,0,
SBBE,Inverno,TODOS,sem_intensidade,TS,12,0,0.0,3,0,0.0
SBBE,Inverno,TODOS,sem_intensidade,TSRA,11,1,9.1,4,1,25.0
SBBE,Inverno,TODOS,sem_intensidade,+RA,0,0,,2,0,0.0
SBBE,Primavera,00-06,exato,TS,0,0,,0,0,
SBBE,Primavera,00-06,exato,+RA,0,0,,0,0,
SBBE,Primavera,00-06,exato,+TSRA,0,0,,0,0,
SBBE,Primavera,00-06,exato,TSRA,0,0,,0,0,
SBBE,Primavera,00-06,sem_intensidade,TS,0,0,,0,0,
SBBE,Primavera,00-06,sem_intensidade,TSRA,0,0,,0,0,
SBBE,Primavera,00-06,sem_intensidade,+RA,0,0,,0,0,
SBBE,Primavera,06-12,exato,TS,0,0,,0,0,
SBBE,Primavera,06-12,exato,+RA,0,0,,0,0,
SBBE,Primavera,06-12,exato,+TSRA,0,0,,0,0,
SBBE,Primavera,06-12,exato,TSRA,0,0,,0,0,
SBBE,Primavera,06-12,sem_intensidade,TS,0,0,,0,0,
SBBE,Primavera,06-12,sem_intensidade,TSRA,0,0,,0,0,
SBBE,Primavera,06-12,sem_intensidade,+RA,0,0,,0,0,
SBBE,Primavera,12-18,exato,TS,1,0,0.0,0,0,
SBBE,Primavera,12-18,exato,+RA,0,0,,1,0,0.0
SBBE,Primavera,12-18,exato,+TSRA,0,0,,1,0,0.0
SBBE,Primavera,12-18,exato,TSRA,4,0,0.0,0,0,
SBBE,Primavera,12-18,sem_intensidade,TS,1,0,0.0,0,0,
SBBE,Primavera,12-18,sem_intensidade,TSRA,4,0,0.0,3,0,0.0
SBBE,Primavera,12-18,sem_intensidade,+RA,0,0,,1,0,0.0
SBBE,Primavera,18-24,exato,TS,9,0,0.0,0,0,
SBBE,Primavera,18-24,exato,+RA,0,0,,0,0,
SBBE,Primavera,18-24,exato,+TSRA,0,0,,0,0,
SBBE,Primavera,18-24,exato,TSRA,6,0,0.0,0,0,
SBBE,Primavera,18-24,sem_intensidade,TS,9,0,0.0,0,0,
SBBE,Primavera,18-24,sem_intensidade,TSRA,6,0,0.0,0,0,
SBBE,Primavera,18-24,sem_intensidade,+RA,0,0,,0,0,
SBBE,Primavera,TODOS,exato,TS,10,0,0.0,0,0,
SBBE,Primavera,TODOS,exato,+RA,0,0,,1,0,0.0
SBBE,Primavera,TODOS,exato,+TSRA,0,0,,1,0,0.0
SBBE,Primavera,TODOS,exato,TSRA,10,0,0.0,0,0,
SBBE,Primavera,TODOS,sem_intensidade,TS,10,0,0.0,0,0,
SBBE,Primavera,TODOS,sem_intensidade,TSRA,10,0,0.0,3,0,0.0
SBBE,Primavera,TODOS,sem_intensidade,+RA,0,0,,1,0,0.0
SBBE,TODAS,00-06,exato,TS,0,0,,0,0,
SBBE,TODAS,00-06,exato,+RA,0,0,,0,0,
SBBE,TODAS,00-06,exato,+TSRA,0,0,,0,0,
SBBE,TODAS,00-06,exato,TSRA,0,0,,0,0,
SBBE,TODAS,00-06,sem_intensidade,TS,0,0,,0,0,
SBBE,TODAS,00-06,sem_intensidade,TSRA,0,0,,0,0,
SBBE,TODAS,00-06,sem_intensidade,+RA,0,0,,0,0,
SBBE,TODAS,06-12,exato,TS,0,0,,0,0,
SBBE,TODAS,06-12,exato,+RA,0,0,,0,0,
SBBE,TODAS,06-12,exato,+TSRA,0,0,,0,0,
SBBE,TODAS,06-12,exato,TSRA,3,0,0.0,0,0,
SBBE,TODAS,06-12,sem_intensidade,TS,0,0,,0,0,
SBBE,TODAS,06-12,sem_intensidade,TSRA,3,0,0.0,1,0,0.0
SBBE,TODAS,06-12,sem_intensidade,+RA,0,0,,0,0,
SBBE,TODAS,12-18,exato,TS,8,1,12.5,8,1,12.5
SBBE,TODAS,12-18,exato,+RA,0,0,,3,0,0.0
SBBE,TODAS,12-18,exato,+TSRA,0,0,,2,0,0.0
SBBE,TODAS,12-18,exato,TSRA,26,0,0.0,4,0,0.0
SBBE,TODAS,12-18,sem_intensidade,TS,8,1,12.5,8,1,12.5
SBBE,TODAS,12-18,sem_intensidade,TSRA,26,1,3.8,18,1,5.6
SBBE,TODAS,12-18,sem_intensidade,+RA,0,0,,3,0,0.0
SBBE,TODAS,18-24,exato,TS,29,0,0.0,3,0,0.0
SBBE,TODAS,18-24,exato,+RA,0,0,,2,0,0.0
SBBE,TODAS,18-24,exato,+TSRA,0,0,,0,0,
SBBE,TODAS,18-24,exato,TSRA,41,1,2.4,3,1,33.3
SBBE,TODAS,18-24,sem_intensidade,TS,29,0,0.0,3,0,0.0
SBBE,TODAS,18-24,sem_intensidade,TSRA,41,3,7.3,10,3,30.0
SBBE,TODAS,18-24,sem_intensidade,+RA,0,0,,2,0,0.0
SBBE,TODAS,TODOS,exato,TS,37,1,2.7,11,1,9.1
SBBE,TODAS,TODOS,exato,+RA,0,0,,5,0,0.0
SBBE,TODAS,TODOS,exato,+TSRA,0,0,,2,0,0.0
SBBE,TODAS,TODOS,exato,TSRA,70,1,1.4,7,1,14.3
SBBE,TODAS,TODOS,sem_intensidade,TS,37,1,2.7,11,1,9.1
SBBE,TODAS,TODOS,sem_intensidade,TSRA,70,4,5.7,29,4,13.8
SBBE,TODAS,TODOS,sem_intensidade,+RA,0,0,,5,0,0.0
SBBR,Verao,00-06,exato,TS,0,0,,1,0,0.0
SBBR,Verao,00-06,exato,+RA,0,0,,0,0,
SBBR,Verao,00-06,exato,+TSRA,0,0,,0,0,
SBBR,Verao,00-06,exato,TSRA,4,0,0.0,0,0,
SBBR,Verao,00-06,sem_intensidade,TS,0,0,,1,0,0.0
SBBR,Verao,00-06,sem_intensidade,TSRA,4,0,0.0,4,0,0.0
SBBR,Verao,00-06,sem_intensidade,+RA,0,0,,0,0,
SBBR,Verao,06-12,exato,TS,0,0,,0,0,
SBBR,Verao,06-12,exato,+RA,0,0,,0,0,
SBBR,Verao,06-12,exato,+TSRA,0,0,,0,0,
SBBR,Verao,06-12,exato,TSRA,2,0,0.0,0,0,
SBBR,Verao,06-12,sem_intensidade,TS,0,0,,0,0,
SBBR,Verao,06-12,sem_intensidade,TSRA,2,0,0.0,3,0,0.0
SBBR,Verao,06-12,sem_intensidade,+RA,0,0,,0,0,
SBBR,Verao,12-18,exato,TS,3,0,0.0,6,0,0.0
SBBR,Verao,12-18,exato,+RA,0,0,,0,0,
SBBR,Verao,12-18,exato,+TSRA,0,0,,0,0,
SBBR,Verao,12-18,exato,TSRA,3,0,0.0,0,0,
SBBR,Verao,12-18,sem_intensidade,TS,3,0,0.0,6,0,0.0
SBBR,Verao,12-18,sem_intensidade,TSRA,3,0,0.0,4,0,0.0
SBBR,Verao,12-18,sem_intensidade,+RA,0,0,,0,0,
SBBR,Verao,18-24,exato,TS,16,0,0.0,7,0,0.0
SBBR,Verao,18-24,exato,+RA,0,0,,2,0,0.0
SBBR,Verao,18-24,exato,+TSRA,0,0,,1,0,0.0
SBBR,Verao,18-24,exato,TSRA,99,0,0.0,0,0,
SBBR,Verao,18-24,sem_intensidade,TS,16,0,0.0,7,0,0.0
SBBR,Verao,18-24,sem_intensidade,TSRA,99,5,5.1,8,5,62.5
SBBR,Verao,18-24,sem_intensidade,+RA,0,0,,2,0,0.0
SBBR,Verao,TODOS,exato,TS,19,0,0.0,14,0,0.0
SBBR,Verao,TODOS,exato,+RA,0,0,,2,0,0.0
SBBR,Verao,TODOS,exato,+TSRA,0,0,,1,0,0.0
SBBR,Verao,TODOS,exato,TSRA,108,0,0.0,0,0,
SBBR,Verao,TODOS,sem_intensidade,TS,19,0,0.0,14,0,0.0
SBBR,Verao,TODOS,sem_intensidade,TSRA,108,5,4.6,19,5,26.3
SBBR,Verao,TODOS,sem_intensidade,+RA,0,0,,2,0,0.0
SBBR,Outono,00-06,exato,TS,1,0,0.0,0,0,
SBBR,Outono,00-06,exato,+RA,0,0,,0,0,
SBBR,Outono,00-06,exato,+TSRA,0,0,,1,0,0.0
SBBR,Outono,00-06,exato,TSRA,9,0,0.0,3,0,0.0
SBBR,Outono,00-06,sem_intensidade,TS,1,0,0.0,0,0,
SBBR,Outono,00-06,sem_intensidade,TSRA,9,0,0.0,4,0,0.0
SBBR,Outono,00-06,sem_intensidade,+RA,0,0,,0,0,
SBBR,Outono,06-12,exato,TS,0,0,,0,0,
SBBR,Outono,06-12,exato,+RA,0,0,,0,0,
SBBR,Outono,06-12,exato,+TSRA,0,0,,0,0,
SBBR,Outono,06-12,exato,TSRA,0,0,,2,0,0.0
SBBR,Outono,06-12,sem_intensidade,TS,0,0,,0,0,
SBBR,Outono,06-12,sem_intensidade,TSRA,0,0,,2,0,0.0
SBBR,Outono,06-12,sem_intensidade,+RA,0,0,,0,0,
SBBR,Outono,12-18,exato,TS,0,0,,5,0,0.0
SBBR,Outono,12-18,exato,+RA,0,0,,0,0,
SBBR,Outono,12-18,exato,+TSRA,0,0,,1,0,0.0
SBBR,Outono,12-18,exato,TSRA,0,0,,2,0,0.0
SBBR,Outono,12-18,sem_intensidade,TS,0,0,,5,0,0.0
SBBR,Outono,12-18,sem_intensidade,TSRA,0,0,,5,0,0.0
SBBR,Outono,12-18,sem_intensidade,+RA,0,0,,0,0,
SBBR,Outono,18-24,exato,TS,5,0,0.0,5,0,0.0
SBBR,Outono,18-24,exato,+RA,0,0,,0,0,
SBBR,Outono,18-24,exato,+TSRA,0,0,,1,0,0.0
SBBR,Outono,18-24,exato,TSRA,28,2,7.1,2,2,100.0
SBBR,Outono,18-24,sem_intensidade,TS,5,0,0.0,5,0,0.0
SBBR,Outono,18-24,sem_intensidade,TSRA,28,4,14.3,8,4,50.0
SBBR,Outono,18-24,sem_intensidade,+RA,0,0,,0,0,
SBBR,Outono,TODOS,exato,TS,6,0,0.0,10,0,0.0
SBBR,Outono,TODOS,exato,+RA,0,0,,0,0,
SBBR,Outono,TODOS,exato,+TSRA,0,0,,3,0,0.0
SBBR,Outono,TODOS,exato,TSRA,37,2,5.4,9,2,22.2
SBBR,Outono,TODOS,sem_intensidade,TS,6,0,0.0,10,0,0.0
SBBR,Outono,TODOS,sem_intensidade,TSRA,37,4,10.8,19,4,21.1
SBBR,Outono,TODOS,sem_intensidade,+RA,0,0,,0,0,
SBBR,Inverno,00-06,exato,TS,0,0,,0,0,
SBBR,Inverno,00-06,exato,+RA,0,0,,0,0,
SBBR,Inverno,00-06,exato,+TSRA,0,0,,0,0,
SBBR,Inverno,00-06,exato,TSRA,0,0,,0,0,
SBBR,Inverno,00-06,sem_intensidade,TS,0,0,,0,0,
SBBR,Inverno,00-06,sem_intensidade,TSRA,0,0,,0,0,
SBBR,Inverno,00-06,sem_intensidade,+RA,0,0,,0,0,
SBBR,Inverno,06-12,exato,TS,0,0,,0,0,
SBBR,Inverno,06-12,exato,+RA,0,0,,0,0,
SBBR,Inverno,06-12,exato,+TSRA,0,0,,0,0,
SBBR,Inverno,06-12,exato,TSRA,0,0,,0,0,
SBBR,Inverno,06-12,sem_intensidade,TS,0,0,,0,0,
SBBR,Inverno,06-12,sem_intensidade,TSRA,0,0,,0,0,
SBBR,Inverno,06-12,sem_intensidade,+RA,0,0,,0,0,
SBBR,Inverno,12-18,exato,TS,0,0,,0,0,
SBBR,Inverno,12-18,exato,+RA,0,0,,0,0,
SBBR,Inverno,12-18,exato,+TSRA,0,0,,0,0,
SBBR,Inverno,12-18,exato,TSRA,0,0,,1,0,0.0
SBBR,Inverno,12-18,sem_intensidade,TS,0,0,,0,0,
SBBR,Inverno,12-18,sem_intensidade,TSRA,0,0,,1,0,0.0
SBBR,Inverno,12-18,sem_intensidade,+RA,0,0,,0,0,
SBBR,Inverno,18-24,exato,TS,2,0,0.0,1,0,0.0
SBBR,Inverno,18-24,exato,+RA,0,0,,0,0,
SBBR,Inverno,18-24,exato,+TSRA,0,0,,0,0,
SBBR,Inverno,18-24,exato,TSRA,0,0,,0,0,
SBBR,Inverno,18-24,sem_intensidade,TS,2,0,0.0,1,0,0.0
SBBR,Inverno,18-24,sem_intensidade,TSRA,0,0,,0,0,
SBBR,Inverno,18-24,sem_intensidade,+RA,0,0,,0,0,
SBBR,Inverno,TODOS,exato,TS,2,0,0.0,1,0,0.0
SBBR,Inverno,TODOS,exato,+RA,0,0,,0,0,
SBBR,Inverno,TODOS,exato,+TSRA,0,0,,0,0,
SBBR,Inverno,TODOS,exato,TSRA,0,0,,1,0,0.0
SBBR,Inverno,TODOS,sem_intensidade,TS,2,0,0.0,1,0,0.0
SBBR,Inverno,TODOS,sem_intensidade,TSRA,0,0,,1,0,0.0
SBBR,Inverno,TODOS,sem_intensidade,+RA,0,0,,0,0,
SBBR,Primavera,00-06,exato,TS,7,0,0.0,1,0,0.0
SBBR,Primavera,00-06,exato,+RA,0,0,,1,0,0.0
SBBR,Primavera,00-06,exato,+TSRA,0,0,,0,0,
SBBR,Primavera,00-06,exato,TSRA,12,0,0.0,1,0,0.0
SBBR,Primavera,00-06,sem_intensidade,TS,7,0,0.0,1,0,0.0
SBBR,Primavera,00-06,sem_intensidade,TSRA,12,2,16.7,9,2,22.2
SBBR,Primavera,00-06,sem_intensidade,+RA,0,0,,1,0,0.0
SBBR,Primavera,06-12,exato,TS,2,0,0.0,1,0,0.0
SBBR,Primavera,06-12,exato,+RA,0,0,,0,0,
SBBR,Primavera,06-12,exato,+TSRA,0,0,,0,0,
SBBR,Primavera,06-12,exato,TSRA,3,3,100.0,3,3,100.0
SBBR,Primavera,06-12,sem_intensidade,TS,2,0,0.0,1,0,0.0
SBBR,Primavera,06-12,sem_intensidade,TSRA,3,3,100.0,3,3,100.0
SBBR,Primavera,06-12,sem_intensidade,+RA,0,0,,0,0,
SBBR,Primavera,12-18,exato,TS,1,0,0.0,4,0,0.0
SBBR,Primavera,12-18,exato,+RA,0,0,,0,0,
SBBR,Primavera,12-18,exato,+TSRA,0,0,,0,0,
SBBR,Primavera,12-18,exato,TSRA,7,0,0.0,2,0,0.0
SBBR,Primavera,12-18,sem_intensidade,TS,1,0,0.0,4,0,0.0
SBBR,Primavera,12-18,sem_intensidade,TSRA,7,3,42.9,13,3,23.1
SBBR,Primavera,12-18,sem_intensidade,+RA,0,0,,0,0,
SBBR,Primavera,18-24,exato,TS,7,0,0.0,21,0,0.0
SBBR,Primavera,18-24,exato,+RA,0,0,,2,0,0.0
SBBR,Primavera,18-24,exato,+TSRA,0,0,,0,0,
SBBR,Primavera,18-24,exato,TSRA,96,2,2.1,3,2,66.7
SBBR,Primavera,18-24,sem_intensidade,TS,7,0,0.0,21,0,0.0
SBBR,Primavera,18-24,sem_intensidade,TSRA,96,7,7.3,9,7,77.8
SBBR,Primavera,18-24,sem_intensidade,+RA,0,0,,2,0,0.0
SBBR,Primavera,TODOS,exato,TS,17,0,0.0,27,0,0.0
SBBR,Primavera,TODOS,exato,+RA,0,0,,3,0,0.0
SBBR,Primavera,TODOS,exato,+TSRA,0,0,,0,0,
SBBR,Primavera,TODOS,exato,TSRA,118,5,4.2,9,5,55.6
SBBR,Primavera,TODOS,sem_intensidade,TS,17,0,0.0,27,0,0.0
SBBR,Primavera,TODOS,sem_intensidade,TSRA,118,15,12.7,34,15,44.1
SBBR,Primavera,TODOS,sem_intensidade,+RA,0,0,,3,0,0.0
SBBR,TODAS,00-06,exato,TS,8,0,0.0,2,0,0.0
SBBR,TODAS,00-06,exato,+RA,0,0,,1,0,0.0
SBBR,TODAS,00-06,exato,+TSRA,0,0,,1,0,0.0
SBBR,TODAS,00-06,exato,TSRA,25,0,0.0,4,0,0.0
SBBR,TODAS,00-06,sem_intensidade,TS,8,0,0.0,2,0,0.0
SBBR,TODAS,00-06,sem_intensidade,TSRA,25,2,8.0,17,2,11.8
SBBR,TODAS,00-06,sem_intensidade,+RA,0,0,,1,0,0.0
SBBR,TODAS,06-12,exato,TS,2,0,0.0,1,0,0.0
SBBR,TODAS,06-12,exato,+RA,0,0,,0,0,
SBBR,TODAS,06-12,exato,+TSRA,0,0,,0,0,
SBBR,TODAS,06-12,exato,TSRA,5,3,60.0,5,3,60.0
SBBR,TODAS,06-12,sem_intensidade,TS,2,0,0.0,1,0,0.0
SBBR,TODAS,06-12,sem_intensidade,TSRA,5,3,60.0,8,3,37.5
SBBR,TODAS,06-12,sem_intensidade,+RA,0,0,,0,0,
SBBR,TODAS,12-18,exato,TS,4,0,0.0,15,0,0.0
SBBR,TODAS,12-18,exato,+RA,0,0,,0,0,
SBBR,TODAS,12-18,exato,+TSRA,0,0,,1,0,0.0
SBBR,TODAS,12-18,exato,TSRA,10,0,0.0,5,0,0.0
SBBR,TODAS,12-18,sem_intensidade,TS,4,0,0.0,15,0,0.0
SBBR,TODAS,12-18,sem_intensidade,TSRA,10,3,30.0,23,3,13.0
SBBR,TODAS,12-18,sem_intensidade,+RA,0,0,,0,0,
SBBR,TODAS,18-24,exato,TS,30,0,0.0,34,0,0.0
SBBR,TODAS,18-24,exato,+RA,0,0,,4,0,0.0
SBBR,TODAS,18-24,exato,+TSRA,0,0,,2,0,0.0
SBBR,TODAS,18-24,exato,TSRA,223,4,1.8,5,4,80.0
SBBR,TODAS,18-24,sem_intensidade,TS,30,0,0.0,34,0,0.0
SBBR,TODAS,18-24,sem_intensidade,TSRA,223,16,7.2,25,16,64.0
SBBR,TODAS,18-24,sem_intensidade,+RA,0,0,,4,0,0.0
SBBR,TODAS,TODOS,exato,TS,44,0,0.0,52,0,0.0
SBBR,TODAS,TODOS,exato,+RA,0,0,,5,0,0.0
SBBR,TODAS,TODOS,exato,+TSRA,0,0,,4,0,0.0
SBBR,TODAS,TODOS,exato,TSRA,263,7,2.7,19,7,36.8
SBBR,TODAS,TODOS,sem_intensidade,TS,44,0,0.0,52,0,0.0
SBBR,TODAS,TODOS,sem_intensidade,TSRA,263,24,9.1,73,24,32.9
SBBR,TODAS,TODOS,sem_intensidade,+RA,0,0,,5,0,0.0
SBBV,Verao,00-06,exato,TS,6,0,0.0,0,0,
SBBV,Verao,00-06,exato,+RA,0,0,,0,0,
SBBV,Verao,00-06,exato,+TSRA,0,0,,0,0,
SBBV,Verao,00-06,exato,TSRA,6,0,0.0,0,0,
SBBV,Verao,00-06,sem_intensidade,TS,6,0,0.0,0,0,
SBBV,Verao,00-06,sem_intensidade,TSRA,6,0,0.0,0,0,
SBBV,Verao,00-06,sem_intensidade,+RA,0,0,,0,0,
SBBV,Verao,06-12,exato,TS,0,0,,0,0,
SBBV,Verao,06-12,exato,+RA,0,0,,0,0,
SBBV,Verao,06-12,exato,+TSRA,0,0,,0,0,
SBBV,Verao,06-12,exato,TSRA,6,0,0.0,0,0,
SBBV,Verao,06-12,sem_intensidade,TS,0,0,,0,0,
SBBV,Verao,06-12,sem_intensidade,TSRA,6,0,0.0,0,0,
SBBV,Verao,06-12,sem_intensidade,+RA,0,0,,0,0,
SBBV,Verao,12-18,exato,TS,0,0,,0,0,
SBBV,Verao,12-18,exato,+RA,0,0,,0,0,
SBBV,Verao,12-18,exato,+TSRA,0,0,,0,0,
SBBV,Verao,12-18,exato,TSRA,0,0,,0,0,
SBBV,Verao,12-18,sem_intensidade,TS,0,0,,0,0,
SBBV,Verao,12-18,sem_intensidade,TSRA,0,0,,0,0,
SBBV,Verao,12-18,sem_intensidade,+RA,0,0,,0,0,
SBBV,Verao,18-24,exato,TS,6,0,0.0,1,0,0.0
SBBV,Verao,18-24,exato,+RA,0,0,,0,0,
SBBV,Verao,18-24,exato,+TSRA,0,0,,0,0,
SBBV,Verao,18-24,exato,TSRA,6,0,0.0,0,0,
SBBV,Verao,18-24,sem_intensidade,TS,6,0,0.0,1,0,0.0
SBBV,Verao,18-24,sem_intensidade,TSRA,6,0,0.0,0,0,
SBBV,Verao,18-24,sem_intensidade,+RA,0,0,,0,0,
SBBV,Verao,TODOS,exato,TS,12,0,0.0,1,0,0.0
SBBV,Verao,TODOS,exato,+RA,0,0,,0,0,
SBBV,Verao,TODOS,exato,+TSRA,0,0,,0,0,
SBBV,Verao,TODOS,exato,TSRA,18,0,0.0,0,0,
SBBV,Verao,TODOS,sem_intensidade,TS,12,0,0.0,1,0,0.0
SBBV,Verao,TODOS,sem_intensidade,TSRA,18,0,0.0,0,0,
SBBV,Verao,TODOS,sem_intensidade,+RA,0,0,,0,0,
SBBV,Outono,00-06,exato,TS,12,0,0.0,0,0,
SBBV,Outono,00-06,exato,+RA,0,0,,0,0,
SBBV,Outono,00-06,exato,+TSRA,0,0,,0,0,
SBBV,Outono,00-06,exato,TSRA,23,0,0.0,0,0,
SBBV,Outono,00-06,sem_intensidade,TS,12,0,0.0,0,0,
SBBV,Outono,00-06,sem_intensidade,TSRA,23,0,0.0,0,0,
SBBV,Outono,00-06,sem_intensidade,+RA,0,0,,0,0,
SBBV,Outono,06-12,exato,TS,15,0,0.0,0,0,
SBBV,Outono,06-12,exato,+RA,0,0,,0,0,
SBBV,Outono,06-12,exato,+TSRA,0,0,,0,0,
SBBV,Outono,06-12,exato,TSRA,34,2,5.9,2,2,100.0
SBBV,Outono,06-12,sem_intensidade,TS,15,0,0.0,0,0,
SBBV,Outono,06-12,sem_intensidade,TSRA,34,2,5.9,4,2,50.0
SBBV,Outono,06-12,sem_intensidade,+RA,0,0,,0,0,
SBBV,Outono,12-18,exato,TS,5,0,0.0,0,0,
SBBV,Outono,12-18,exato,+RA,0,0,,0,0,
SBBV,Outono,12-18,exato,+TSRA,0,0,,0,0,
SBBV,Outono,12-18,exato,TSRA,11,0,0.0,0,0,
SBBV,Outono,12-18,sem_intensidade,TS,5,0,0.0,0,0,
SBBV,Outono,12-18,sem_intensidade,TSRA,11,0,0.0,1,0,0.0
SBBV,Outono,12-18,sem_intensidade,+RA,0,0,,0,0,
SBBV,Outono,18-24,exato,TS,9,0,0.0,1,0,0.0
SBBV,Outono,18-24,exato,+RA,0,0,,0,0,
SBBV,Outono,18-24,exato,+TSRA,0,0,,0,0,
SBBV,Outono,18-24,exato,TSRA,23,0,0.0,0,0,
SBBV,Outono,18-24,sem_intensidade,TS,9,0,0.0,1,0,0.0
SBBV,Outono,18-24,sem_intensidade,TSRA,23,0,0.0,2,0,0.0
SBBV,Outono,18-24,sem_intensidade,+RA,0,0,,0,0,
SBBV,Outono,TODOS,exato,TS,41,0,0.0,1,0,0.0
SBBV,Outono,TODOS,exato,+RA,0,0,,0,0,
SBBV,Outono,TODOS,exato,+TSRA,0,0,,0,0,
SBBV,Outono,TODOS,exato,TSRA,91,2,2.2,2,2,100.0
SBBV,Outono,TODOS,sem_intensidade,TS,41,0,0.0,1,0,0.0
SBBV,Outono,TODOS,sem_intensidade,TSRA,91,2,2.2,7,2,28.6
SBBV,Outono,TODOS,sem_intensidade,+RA,0,0,,0,0,
SBBV,Inverno,00-06,exato,TS,9,0,0.0,3,0,0.0
SBBV,Inverno,00-06,exato,+RA,0,0,,0,0,
SBBV,Inverno,00-06,exato,+TSRA,0,0,,0,0,
SBBV,Inverno,00-06,exato,TSRA,7,0,0.0,0,0,
SBBV,Inverno,00-06,sem_intensidade,TS,9,0,0.0,3,0,0.0
SBBV,Inverno,00-06,sem_intensidade,TSRA,7,0,0.0,2,0,0.0
SBBV,Inverno,00-06,sem_intensidade,+RA,0,0,,0,0,
SBBV,Inverno,06-12,exato,TS,17,0,0.0,0,0,
SBBV,Inverno,06-12,exato,+RA,0,0,,0,0,
SBBV,Inverno,06-12,exato,+TSRA,0,0,,0,0,
SBBV,Inverno,06-12,exato,TSRA,32,0,0.0,0,0,
SBBV,Inverno,06-12,sem_intensidade,TS,17,0,0.0,0,0,
SBBV,Inverno,06-12,sem_intensidade,TSRA,32,0,0.0,0,0,
SBBV,Inverno,06-12,sem_intensidade,+RA,0,0,,0,0,
SBBV,Inverno,12-18,exato,TS,8,0,0.0,2,0,0.0
SBBV,Inverno,12-18,exato,+RA,0,0,,0,0,
SBBV,Inverno,12-18,exato,+TSRA,0,0,,0,0,
SBBV,Inverno,12-18,exato,TSRA,8,0,0.0,0,0,
SBBV,Inverno,12-18,sem_intensidade,TS,8,0,0.0,2,0,0.0
SBBV,Inverno,12-18,sem_intensidade,TSRA,8,0,0.0,1,0,0.0
SBBV,Inverno,12-18,sem_intensidade,+RA,0,0,,0,0,
SBBV,Inverno,18-24,exato,TS,27,2,7.4,11,2,18.2
SBBV,Inverno,18-24,exato,+RA,0,0,,2,0,0.0
SBBV,Inverno,18-24,exato,+TSRA,0,0,,1,0,0.0
SBBV,Inverno,18-24,exato,TSRA,22,0,0.0,0,0,
SBBV,Inverno,18-24,sem_intensidade,TS,27,2,7.4,11,2,18.2
SBBV,Inverno,18-24,sem_intensidade,TSRA,22,1,4.5,2,1,50.0
SBBV,Inverno,18-24,sem_intensidade,+RA,0,0,,2,0,0.0
SBBV,Inverno,TODOS,exato,TS,61,2,3.3,16,2,12.5
SBBV,Inverno,TODOS,exato,+RA,0,0,,2,0,0.0
SBBV,Inverno,TODOS,exato,+TSRA,0,0,,1,0,0.0
SBBV,Inverno,TODOS,exato,TSRA,69,0,0.0,0,0,
SBBV,Inverno,TODOS,sem_intensidade,TS,61,2,3.3,16,2,12.5
SBBV,Inverno,TODOS,sem_intensidade,TSRA,69,1,1.4,5,1,20.0
SBBV,Inverno,TODOS,sem_intensidade,+RA,0,0,,2,0,0.0
SBBV,Primavera,00-06,exato,TS,14,1,7.1,5,1,20.0
SBBV,Primavera,00-06,exato,+RA,0,0,,0,0,
SBBV,Primavera,00-06,exato,+TSRA,0,0,,0,0,
SBBV,Primavera,00-06,exato,TSRA,12,0,0.0,1,0,0.0
SBBV,Primavera,00-06,sem_intensidade,TS,14,1,7.1,5,1,20.0
SBBV,Primavera,00-06,sem_intensidade,TSRA,12,0,0.0,2,0,0.0
SBBV,Primavera,00-06,sem_intensidade,+RA,0,0,,0,0,
SBBV,Primavera,06-12,exato,TS,23,0,0.0,2,0,0.0
SBBV,Primavera,06-12,exato,+RA,0,0,,0,0,
SBBV,Primavera,06-12,exato,+TSRA,0,0,,0,0,
SBBV,Primavera,06-12,exato,TSRA,14,0,0.0,0,0,
SBBV,Primavera,06-12,sem_intensidade,TS,23,0,0.0,2,0,0.0
SBBV,Primavera,06-12,sem_intensidade,TSRA,14,0,0.0,4,0,0.0
SBBV,Primavera,06-12,sem_intensidade,+RA,0,0,,0,0,
SBBV,Primavera,12-18,exato,TS,3,0,0.0,3,0,0.0
SBBV,Primavera,12-18,exato,+RA,0,0,,0,0,
SBBV,Primavera,12-18,exato,+TSRA,0,0,,0,0,
SBBV,Primavera,12-18,exato,TSRA,7,0,0.0,0,0,
SBBV,Primavera,12-18,sem_intensidade,TS,3,0,0.0,3,0,0.0
SBBV,Primavera,12-18,sem_intensidade,TSRA,7,0,0.0,1,0,0.0
SBBV,Primavera,12-18,sem_intensidade,+RA,0,0,,0,0,
SBBV,Primavera,18-24,exato,TS,33,1,3.0,21,1,4.8
SBBV,Primavera,18-24,exato,+RA,0,0,,0,0,
SBBV,Primavera,18-24,exato,+TSRA,0,0,,0,0,
SBBV,Primavera,18-24,exato,TSRA,11,0,0.0,0,0,
SBBV,Primavera,18-24,sem_intensidade,TS,33,1,3.0,21,1,4.8
SBBV,Primavera,18-24,sem_intensidade,TSRA,11,0,0.0,0,0,
SBBV,Primavera,18-24,sem_intensidade,+RA,0,0,,0,0,
SBBV,Primavera,TODOS,exato,TS,73,2,2.7,31,2,6.5
SBBV,Primavera,TODOS,exato,+RA,0,0,,0,0,
SBBV,Primavera,TODOS,exato,+TSRA,0,0,,0,0,
SBBV,Primavera,TODOS,exato,TSRA,44,0,0.0,1,0,0.0
SBBV,Primavera,TODOS,sem_intensidade,TS,73,2,2.7,31,2,6.5
SBBV,Primavera,TODOS,sem_intensidade,TSRA,44,0,0.0,7,0,0.0
SBBV,Primavera,TODOS,sem_intensidade,+RA,0,0,,0,0,
SBBV,TODAS,00-06,exato,TS,41,1,2.4,8,1,12.5
SBBV,TODAS,00-06,exato,+RA,0,0,,0,0,
SBBV,TODAS,00-06,exato,+TSRA,0,0,,0,0,
SBBV,TODAS,00-06,exato,TSRA,48,0,0.0,1,0,0.0
SBBV,TODAS,00-06,sem_intensidade,TS,41,1,2.4,8,1,12.5
SBBV,TODAS,00-06,sem_intensidade,TSRA,48,0,0.0,4,0,0.0
SBBV,TODAS,00-06,sem_intensidade,+RA,0,0,,0,0,
SBBV,TODAS,06-12,exato,TS,55,0,0.0,2,0,0.0
SBBV,TODAS,06-12,exato,+RA,0,0,,0,0,
SBBV,TODAS,06-12,exato,+TSRA,0,0,,0,0,
SBBV,TODAS,06-12,exato,TSRA,86,2,2.3,2,2,100.0
SBBV,TODAS,06-12,sem_intensidade,TS,55,0,0.0,2,0,0.0
SBBV,TODAS,06-12,sem_intensidade,TSRA,86,2,2.3,8,2,25.0
SBBV,TODAS,06-12,sem_intensidade,+RA,0,0,,0,0,
SBBV,TODAS,12-18,exato,TS,16,0,0.0,5,0,0.0
SBBV,TODAS,12-18,exato,+RA,0,0,,0,0,
SBBV,TODAS,12-18,exato,+TSRA,0,0,,0,0,
SBBV,TODAS,12-18,exato,TSRA,26,0,0.0,0,0,
SBBV,TODAS,12-18,sem_intensidade,TS,16,0,0.0,5,0,0.0
SBBV,TODAS,12-18,sem_intensidade,TSRA,26,0,0.0,3,0,0.0
SBBV,TODAS,12-18,sem_intensidade,+RA,0,0,,0,0,
SBBV,TODAS,18-24,exato,TS,75,3,4.0,34,3,8.8
SBBV,TODAS,18-24,exato,+RA,0,0,,2,0,0.0
SBBV,TODAS,18-24,exato,+TSRA,0,0,,1,0,0.0
SBBV,TODAS,18-24,exato,TSRA,62,0,0.0,0,0,
SBBV,TODAS,18-24,sem_intensidade,TS,75,3,4.0,34,3,8.8
SBBV,TODAS,18-24,sem_intensidade,TSRA,62,1,1.6,4,1,25.0
SBBV,TODAS,18-24,sem_intensidade,+RA,0,0,,2,0,0.0
SBBV,TODAS,TODOS,exato,TS,187,4,2.1,49,4,8.2
SBBV,TODAS,TODOS,exato,+RA,0,0,,2,0,0.0
SBBV,TODAS,TODOS,exato,+TSRA,0,0,,1,0,0.0
SBBV,TODAS,TODOS,exato,TSRA,222,2,0.9,3,2,66.7
SBBV,TODAS,TODOS,sem_intensidade,TS,187,4,2.1,49,4,8.2
SBBV,TODAS,TODOS,sem_intensidade,TSRA,222,3,1.4,19,3,15.8
SBBV,TODAS,TODOS,sem_intensidade,+RA,0,0,,2,0,0.0
SBCA,Verao,00-06,exato,TS,0,0,,0,0,
SBCA,Verao,00-06,exato,+RA,0,0,,0,0,
SBCA,Verao,00-06,exato,+TSRA,0,0,,0,0,
SBCA,Verao,00-06,exato,TSRA,0,0,,0,0,
SBCA,Verao,00-06,sem_intensidade,TS,0,0,,0,0,
SBCA,Verao,00-06,sem_intensidade,TSRA,0,0,,0,0,
SBCA,Verao,00-06,sem_intensidade,+RA,0,0,,0,0,
SBCA,Verao,06-12,exato,TS,0,0,,0,0,
SBCA,Verao,06-12,exato,+RA,0,0,,0,0,
SBCA,Verao,06-12,exato,+TSRA,0,0,,0,0,
SBCA,Verao,06-12,exato,TSRA,0,0,,0,0,
SBCA,Verao,06-12,sem_intensidade,TS,0,0,,0,0,
SBCA,Verao,06-12,sem_intensidade,TSRA,0,0,,0,0,
SBCA,Verao,06-12,sem_intensidade,+RA,0,0,,0,0,
SBCA,Verao,12-18,exato,TS,0,0,,5,0,0.0
SBCA,Verao,12-18,exato,+RA,0,0,,1,0,0.0
SBCA,Verao,12-18,exato,+TSRA,0,0,,0,0,
SBCA,Verao,12-18,exato,TSRA,4,0,0.0,0,0,
SBCA,Verao,12-18,sem_intensidade,TS,0,0,,5,0,0.0
SBCA,Verao,12-18,sem_intensidade,TSRA,4,0,0.0,10,0,0.0
SBCA,Verao,12-18,sem_intensidade,+RA,0,0,,1,0,0.0
SBCA,Verao,18-24,exato,TS,0,0,,2,0,0.0
SBCA,Verao,18-24,exato,+RA,0,0,,0,0,
SBCA,Verao,18-24,exato,+TSRA,0,0,,0,0,
SBCA,Verao,18-24,exato,TSRA,3,0,0.0,0,0,
SBCA,Verao,18-24,sem_intensidade,TS,0,0,,2,0,0.0
SBCA,Verao,18-24,sem_intensidade,TSRA,3,0,0.0,0,0,
SBCA,Verao,18-24,sem_intensidade,+RA,0,0,,0,0,
SBCA,Verao,TODOS,exato,TS,0,0,,7,0,0.0
SBCA,Verao,TODOS,exato,+RA,0,0,,1,0,0.0
SBCA,Verao,TODOS,exato,+TSRA,0,0,,0,0,
SBCA,Verao,TODOS,exato,TSRA,7,0,0.0,0,0,
SBCA,Verao,TODOS,sem_intensidade,TS,0,0,,7,0,0.0
SBCA,Verao,TODOS,sem_intensidade,TSRA,7,0,0.0,10,0,0.0
SBCA,Verao,TODOS,sem_intensidade,+RA,0,0,,1,0,0.0
SBCA,Outono,00-06,exato,TS,0,0,,0,0,
SBCA,Outono,00-06,exato,+RA,0,0,,0,0,
SBCA,Outono,00-06,exato,+TSRA,0,0,,0,0,
SBCA,Outono,00-06,exato,TSRA,0,0,,0,0,
SBCA,Outono,00-06,sem_intensidade,TS,0,0,,0,0,
SBCA,Outono,00-06,sem_intensidade,TSRA,0,0,,1,0,0.0
SBCA,Outono,00-06,sem_intensidade,+RA,0,0,,0,0,
SBCA,Outono,06-12,exato,TS,0,0,,0,0,
SBCA,Outono,06-12,exato,+RA,0,0,,0,0,
SBCA,Outono,06-12,exato,+TSRA,0,0,,0,0,
SBCA,Outono,06-12,exato,TSRA,0,0,,0,0,
SBCA,Outono,06-12,sem_intensidade,TS,0,0,,0,0,
SBCA,Outono,06-12,sem_intensidade,TSRA,0,0,,0,0,
SBCA,Outono,06-12,sem_intensidade,+RA,0,0,,0,0,
SBCA,Outono,12-18,exato,TS,0,0,,0,0,
SBCA,Outono,12-18,exato,+RA,0,0,,0,0,
SBCA,Outono,12-18,exato,+TSRA,0,0,,0,0,
SBCA,Outono,12-18,exato,TSRA,3,0,0.0,1,0,0.0
SBCA,Outono,12-18,sem_intensidade,TS,0,0,,0,0,
SBCA,Outono,12-18,sem_intensidade,TSRA,3,0,0.0,7,0,0.0
SBCA,Outono,12-18,sem_intensidade,+RA,0,0,,0,0,
SBCA,Outono,18-24,exato,TS,0,0,,0,0,
SBCA,Outono,18-24,exato,+RA,0,0,,0,0,
SBCA,Outono,18-24,exato,+TSRA,0,0,,0,0,
SBCA,Outono,18-24,exato,TSRA,3,0,0.0,0,0,
SBCA,Outono,18-24,sem_intensidade,TS,0,0,,0,0,
SBCA,Outono,18-24,sem_intensidade,TSRA,3,0,0.0,0,0,
SBCA,Outono,18-24,sem_intensidade,+RA,0,0,,0,0,
SBCA,Outono,TODOS,exato,TS,0,0,,0,0,
SBCA,Outono,TODOS,exato,+RA,0,0,,0,0,
SBCA,Outono,TODOS,exato,+TSRA,0,0,,0,0,
SBCA,Outono,TODOS,exato,TSRA,6,0,0.0,1,0,0.0
SBCA,Outono,TODOS,sem_intensidade,TS,0,0,,0,0,
SBCA,Outono,TODOS,sem_intensidade,TSRA,6,0,0.0,8,0,0.0
SBCA,Outono,TODOS,sem_intensidade,+RA,0,0,,0,0,
SBCA,Inverno,00-06,exato,TS,0,0,,0,0,
SBCA,Inverno,00-06,exato,+RA,0,0,,0,0,
SBCA,Inverno,00-06,exato,+TSRA,0,0,,0,0,
SBCA,Inverno,00-06,exato,TSRA,0,0,,0,0,
SBCA,Inverno,00-06,sem_intensidade,TS,0,0,,0,0,
SBCA,Inverno,00-06,sem_intensidade,TSRA,0,0,,0,0,
SBCA,Inverno,00-06,sem_intensidade,+RA,0,0,,0,0,
SBCA,Inverno,06-12,exato,TS,0,0,,0,0,
SBCA,Inverno,06-12,exato,+RA,0,0,,0,0,
SBCA,Inverno,06-12,exato,+TSRA,0,0,,0,0,
SBCA,Inverno,06-12,exato,TSRA,1,0,0.0,0,0,
SBCA,Inverno,06-12,sem_intensidade,TS,0,0,,0,0,
SBCA,Inverno,06-12,sem_intensidade,TSRA,1,0,0.0,0,0,
SBCA,Inverno,06-12,sem_intensidade,+RA,0,0,,0,0,
SBCA,Inverno,12-18,exato,TS,0,0,,5,0,0.0
SBCA,Inverno,12-18,exato,+RA,0,0,,0,0,
SBCA,Inverno,12-18,exato,+TSRA,0,0,,0,0,
SBCA,Inverno,12-18,exato,TSRA,10,0,0.0,0,0,
SBCA,Inverno,12-18,sem_intensidade,TS,0,0,,5,0,0.0
SBCA,Inverno,12-18,sem_intensidade,TSRA,10,1,10.0,5,1,20.0
SBCA,Inverno,12-18,sem_intensidade,+RA,0,0,,0,0,
SBCA,Inverno,18-24,exato,TS,1,0,0.0,0,0,
SBCA,Inverno,18-24,exato,+RA,0,0,,0,0,
SBCA,Inverno,18-24,exato,+TSRA,0,0,,1,0,0.0
SBCA,Inverno,18-24,exato,TSRA,3,0,0.0,0,0,
SBCA,Inverno,18-24,sem_intensidade,TS,1,0,0.0,0,0,
SBCA,Inverno,18-24,sem_intensidade,TSRA,3,1,33.3,2,1,50.0
SBCA,Inverno,18-24,sem_intensidade,+RA,0,0,,0,0,
SBCA,Inverno,TODOS,exato,TS,1,0,0.0,5,0,0.0
SBCA,Inverno,TODOS,exato,+RA,0,0,,0,0,
SBCA,Inverno,TODOS,exato,+TSRA,0,0,,1,0,0.0
SBCA,Inverno,TODOS,exato,TSRA,14,0,0.0,0,0,
SBCA,Inverno,TODOS,sem_intensidade,TS,1,0,0.0,5,0,0.0
SBCA,Inverno,TODOS,sem_intensidade,TSRA,14,2,14.3,7,2,28.6
SBCA,Inverno,TODOS,sem_intensidade,+RA,0,0,,0,0,
SBCA,Primavera,00-06,exato,TS,0,0,,1,0,0.0
SBCA,Primavera,00-06,exato,+RA,0,0,,0,0,
SBCA,Primavera,00-06,exato,+TSRA,0,0,,0,0,
SBCA,Primavera,00-06,exato,TSRA,0,0,,0,0,
SBCA,Primavera,00-06,sem_intensidade,TS,0,0,,1,0,0.0
SBCA,Primavera,00-06,sem_intensidade,TSRA,0,0,,0,0,
SBCA,Primavera,00-06,sem_intensidade,+RA,0,0,,0,0,
SBCA,Primavera,06-12,exato,TS,0,0,,1,0,0.0
SBCA,Primavera,06-12,exato,+RA,0,0,,0,0,
SBCA,Primavera,06-12,exato,+TSRA,0,0,,0,0,
SBCA,Primavera,06-12,exato,TSRA,3,0,0.0,0,0,
SBCA,Primavera,06-12,sem_intensidade,TS,0,0,,1,0,0.0
SBCA,Primavera,06-12,sem_intensidade,TSRA,3,0,0.0,0,0,
SBCA,Primavera,06-12,sem_intensidade,+RA,0,0,,0,0,
SBCA,Primavera,12-18,exato,TS,1,0,0.0,0,0,
SBCA,Primavera,12-18,exato,+RA,0,0,,0,0,
SBCA,Primavera,12-18,exato,+TSRA,0,0,,0,0,
SBCA,Primavera,12-18,exato,TSRA,26,4,15.4,6,4,66.7
SBCA,Primavera,12-18,sem_intensidade,TS,1,0,0.0,0,0,
SBCA,Primavera,12-18,sem_intensidade,TSRA,26,10,38.5,16,10,62.5
SBCA,Primavera,12-18,sem_intensidade,+RA,0,0,,0,0,
SBCA,Primavera,18-24,exato,TS,0,0,,1,0,0.0
SBCA,Primavera,18-24,exato,+RA,0,0,,0,0,
SBCA,Primavera,18-24,exato,+TSRA,0,0,,0,0,
SBCA,Primavera,18-24,exato,TSRA,1,0,0.0,0,0,
SBCA,Primavera,18-24,sem_intensidade,TS,0,0,,1,0,0.0
SBCA,Primavera,18-24,sem_intensidade,TSRA,1,1,100.0,1,1,100.0
SBCA,Primavera,18-24,sem_intensidade,+RA,0,0,,0,0,
SBCA,Primavera,TODOS,exato,TS,1,0,0.0,3,0,0.0
SBCA,Primavera,TODOS,exato,+RA,0,0,,0,0,
SBCA,Primavera,TODOS,exato,+TSRA,0,0,,0,0,
SBCA,Primavera,TODOS,exato,TSRA,30,4,13.3,6,4,66.7
SBCA,Primavera,TODOS,sem_intensidade,TS,1,0,0.0,3,0,0.0
SBCA,Primavera,TODOS,sem_intensidade,TSRA,30,11,36.7,17,11,64.7
SBCA,Primavera,TODOS,sem_intensidade,+RA,0,0,,0,0,
SBCA,TODAS,00-06,exato,TS,0,0,,1,0,0.0
SBCA,TODAS,00-06,exato,+RA,0,0,,0,0,
SBCA,TODAS,00-06,exato,+TSRA,0,0,,0,0,
SBCA,TODAS,00-06,exato,TSRA,0,0,,0,0,
SBCA,TODAS,00-06,sem_intensidade,TS,0,0,,1,0,0.0
SBCA,TODAS,00-06,sem_intensidade,TSRA,0,0,,1,0,0.0
SBCA,TODAS,00-06,sem_intensidade,+RA,0,0,,0,0,
SBCA,TODAS,06-12,exato,TS,0,0,,1,0,0.0
SBCA,TODAS,06-12,exato,+RA,0,0,,0,0,
SBCA,TODAS,06-12,exato,+TSRA,0,0,,0,0,
SBCA,TODAS,06-12,exato,TSRA,4,0,0.0,0,0,
SBCA,TODAS,06-12,sem_intensidade,TS,0,0,,1,0,0.0
SBCA,TODAS,06-12,sem_intensidade,TSRA,4,0,0.0,0,0,
SBCA,TODAS,06-12,sem_intensidade,+RA,0,0,,0,0,
SBCA,TODAS,12-18,exato,TS,1,0,0.0,10,0,0.0
SBCA,TODAS,12-18,exato,+RA,0,0,,1,0,0.0
SBCA,TODAS,12-18,exato,+TSRA,0,0,,0,0,
SBCA,TODAS,12-18,exato,TSRA,43,4,9.3,7,4,57.1
SBCA,TODAS,12-18,sem_intensidade,TS,1,0,0.0,10,0,0.0
SBCA,TODAS,12-18,sem_intensidade,TSRA,43,11,25.6,38,11,28.9
SBCA,TODAS,12-18,sem_intensidade,+RA,0,0,,1,0,0.0
SBCA,TODAS,18-24,exato,TS,1,0,0.0,3,0,0.0
SBCA,TODAS,18-24,exato,+RA,0,0,,0,0,
SBCA,TODAS,18-24,exato,+TSRA,0,0,,1,0,0.0
SBCA,TODAS,18-24,exato,TSRA,10,0,0.0,0,0,
SBCA,TODAS,18-24,sem_intensidade,TS,1,0,0.0,3,0,0.0
SBCA,TODAS,18-24,sem_intensidade,TSRA,10,2,20.0,3,2,66.7
SBCA,TODAS,18-24,sem_intensidade,+RA,0,0,,0,0,
SBCA,TODAS,TODOS,exato,TS,2,0,0.0,15,0,0.0
SBCA,TODAS,TODOS,exato,+RA,0,0,,1,0,0.0
SBCA,TODAS,TODOS,exato,+TSRA,0,0,,1,0,0.0
SBCA,TODAS,TODOS,exato,TSRA,57,4,7.0,7,4,57.1
SBCA,TODAS,TODOS,sem_intensidade,TS,2,0,0.0,15,0,0.0
SBCA,TODAS,TODOS,sem_intensidade,TSRA,57,13,22.8,42,13,31.0
SBCA,TODAS,TODOS,sem_intensidade,+RA,0,0,,1,0,0.0
SBCB,Verao,00-06,exato,TS,0,0,,0,0,
SBCB,Verao,00-06,exato,+RA,0,0,,0,0,
SBCB,Verao,00-06,exato,+TSRA,0,0,,0,0,
SBCB,Verao,00-06,exato,TSRA,0,0,,0,0,
SBCB,Verao,00-06,sem_intensidade,TS,0,0,,0,0,
SBCB,Verao,00-06,sem_intensidade,TSRA,0,0,,0,0,
SBCB,Verao,00-06,sem_intensidade,+RA,0,0,,0,0,
SBCB,Verao,06-12,exato,TS,0,0,,0,0,
SBCB,Verao,06-12,exato,+RA,0,0,,0,0,
SBCB,Verao,06-12,exato,+TSRA,0,0,,0,0,
SBCB,Verao,06-12,exato,TSRA,0,0,,0,0,
SBCB,Verao,06-12,sem_intensidade,TS,0,0,,0,0,
SBCB,Verao,06-12,sem_intensidade,TSRA,0,0,,0,0,
SBCB,Verao,06-12,sem_intensidade,+RA,0,0,,0,0,
SBCB,Verao,12-18,exato,TS,0,0,,0,0,
SBCB,Verao,12-18,exato,+RA,0,0,,0,0,
SBCB,Verao,12-18,exato,+TSRA,0,0,,0,0,
SBCB,Verao,12-18,exato,TSRA,0,0,,0,0,
SBCB,Verao,12-18,sem_intensidade,TS,0,0,,0,0,
SBCB,Verao,12-18,sem_intensidade,TSRA,0,0,,0,0,
SBCB,Verao,12-18,sem_intensidade,+RA,0,0,,0,0,
SBCB,Verao,18-24,exato,TS,0,0,,0,0,
SBCB,Verao,18-24,exato,+RA,0,0,,0,0,
SBCB,Verao,18-24,exato,+TSRA,0,0,,0,0,
SBCB,Verao,18-24,exato,TSRA,0,0,,0,0,
SBCB,Verao,18-24,sem_intensidade,TS,0,0,,0,0,
SBCB,Verao,18-24,sem_intensidade,TSRA,0,0,,0,0,
SBCB,Verao,18-24,sem_intensidade,+RA,0,0,,0,0,
SBCB,Verao,TODOS,exato,TS,0,0,,0,0,
SBCB,Verao,TODOS,exato,+RA,0,0,,0,0,
SBCB,Verao,TODOS,exato,+TSRA,0,0,,0,0,
SBCB,Verao,TODOS,exato,TSRA,0,0,,0,0,
SBCB,Verao,TODOS,sem_intensidade,TS,0,0,,0,0,
SBCB,Verao,TODOS,sem_intensidade,TSRA,0,0,,0,0,
SBCB,Verao,TODOS,sem_intensidade,+RA,0,0,,0,0,
SBCB,Outono,00-06,exato,TS,0,0,,0,0,
SBCB,Outono,00-06,exato,+RA,0,0,,0,0,
SBCB,Outono,00-06,exato,+TSRA,0,0,,0,0,
SBCB,Outono,00-06,exato,TSRA,0,0,,0,0,
SBCB,Outono,00-06,sem_intensidade,TS,0,0,,0,0,
SBCB,Outono,00-06,sem_intensidade,TSRA,0,0,,0,0,
SBCB,Outono,00-06,sem_intensidade,+RA,0,0,,0,0,
SBCB,Outono,06-12,exato,TS,0,0,,0,0,
SBCB,Outono,06-12,exato,+RA,0,0,,0,0,
SBCB,Outono,06-12,exato,+TSRA,0,0,,0,0,
SBCB,Outono,06-12,exato,TSRA,0,0,,0,0,
SBCB,Outono,06-12,sem_intensidade,TS,0,0,,0,0,
SBCB,Outono,06-12,sem_intensidade,TSRA,0,0,,0,0,
SBCB,Outono,06-12,sem_intensidade,+RA,0,0,,0,0,
SBCB,Outono,12-18,exato,TS,0,0,,0,0,
SBCB,Outono,12-18,exato,+RA,0,0,,0,0,
SBCB,Outono,12-18,exato,+TSRA,0,0,,0,0,
SBCB,Outono,12-18,exato,TSRA,0,0,,0,0,
SBCB,Outono,12-18,sem_intensidade,TS,0,0,,0,0,
SBCB,Outono,12-18,sem_intensidade,TSRA,0,0,,0,0,
SBCB,Outono,12-18,sem_intensidade,+RA,0,0,,0,0,
SBCB,Outono,18-24,exato,TS,0,0,,0,0,
SBCB,Outono,18-24,exato,+RA,0,0,,0,0,
SBCB,Outono,18-24,exato,+TSRA,0,0,,0,0,
SBCB,Outono,18-24,exato,TSRA,0,0,,0,0,
SBCB,Outono,18-24,sem_intensidade,TS,0,0,,0,0,
SBCB,Outono,18-24,sem_intensidade,TSRA,0,0,,0,0,
SBCB,Outono,18-24,sem_intensidade,+RA,0,0,,0,0,
SBCB,Outono,TODOS,exato,TS,0,0,,0,0,
SBCB,Outono,TODOS,exato,+RA,0,0,,0,0,
SBCB,Outono,TODOS,exato,+TSRA,0,0,,0,0,
SBCB,Outono,TODOS,exato,TSRA,0,0,,0,0,
SBCB,Outono,TODOS,sem_intensidade,TS,0,0,,0,0,
SBCB,Outono,TODOS,sem_intensidade,TSRA,0,0,,0,0,
SBCB,Outono,TODOS,sem_intensidade,+RA,0,0,,0,0,
SBCB,Inverno,00-06,exato,TS,0,0,,0,0,
SBCB,Inverno,00-06,exato,+RA,0,0,,0,0,
SBCB,Inverno,00-06,exato,+TSRA,0,0,,0,0,
SBCB,Inverno,00-06,exato,TSRA,0,0,,0,0,
SBCB,Inverno,00-06,sem_intensidade,TS,0,0,,0,0,
SBCB,Inverno,00-06,sem_intensidade,TSRA,0,0,,0,0,
SBCB,Inverno,00-06,sem_intensidade,+RA,0,0,,0,0,
SBCB,Inverno,06-12,exato,TS,0,0,,0,0,
SBCB,Inverno,06-12,exato,+RA,0,0,,0,0,
SBCB,Inverno,06-12,exato,+TSRA,0,0,,0,0,
SBCB,Inverno,06-12,exato,TSRA,0,0,,0,0,
SBCB,Inverno,06-12,sem_intensidade,TS,0,0,,0,0,
SBCB,Inverno,06-12,sem_intensidade,TSRA,0,0,,0,0,
SBCB,Inverno,06-12,sem_intensidade,+RA,0,0,,0,0,
SBCB,Inverno,12-18,exato,TS,0,0,,0,0,
SBCB,Inverno,12-18,exato,+RA,0,0,,0,0,
SBCB,Inverno,12-18,exato,+TSRA,0,0,,0,0,
SBCB,Inverno,12-18,exato,TSRA,0,0,,0,0,
SBCB,Inverno,12-18,sem_intensidade,TS,0,0,,0,0,
SBCB,Inverno,12-18,sem_intensidade,TSRA,0,0,,0,0,
SBCB,Inverno,12-18,sem_intensidade,+RA,0,0,,0,0,
SBCB,Inverno,18-24,exato,TS,0,0,,0,0,
SBCB,Inverno,18-24,exato,+RA,0,0,,0,0,
SBCB,Inverno,18-24,exato,+TSRA,0,0,,0,0,
SBCB,Inverno,18-24,exato,TSRA,0,0,,0,0,
SBCB,Inverno,18-24,sem_intensidade,TS,0,0,,0,0,
SBCB,Inverno,18-24,sem_intensidade,TSRA,0,0,,0,0,
SBCB,Inverno,18-24,sem_intensidade,+RA,0,0,,0,0,
SBCB,Inverno,TODOS,exato,TS,0,0,,0,0,
SBCB,Inverno,TODOS,exato,+RA,0,0,,0,0,
SBCB,Inverno,TODOS,exato,+TSRA,0,0,,0,0,
SBCB,Inverno,TODOS,exato,TSRA,0,0,,0,0,
SBCB,Inverno,TODOS,sem_intensidade,TS,0,0,,0,0,
SBCB,Inverno,TODOS,sem_intensidade,TSRA,0,0,,0,0,
SBCB,Inverno,TODOS,sem_intensidade,+RA,0,0,,0,0,
SBCB,Primavera,00-06,exato,TS,0,0,,0,0,
SBCB,Primavera,00-06,exato,+RA,0,0,,0,0,
SBCB,Primavera,00-06,exato,+TSRA,0,0,,0,0,
SBCB,Primavera,00-06,exato,TSRA,0,0,,0,0,
SBCB,Primavera,00-06,sem_intensidade,TS,0,0,,0,0,
SBCB,Primavera,00-06,sem_intensidade,TSRA,0,0,,0,0,
SBCB,Primavera,00-06,sem_intensidade,+RA,0,0,,0,0,
SBCB,Primavera,06-12,exato,TS,0,0,,0,0,
SBCB,Primavera,06-12,exato,+RA,0,0,,0,0,
SBCB,Primavera,06-12,exato,+TSRA,0,0,,0,0,
SBCB,Primavera,06-12,exato,TSRA,0,0,,0,0,
SBCB,Primavera,06-12,sem_intensidade,TS,0,0,,0,0,
SBCB,Primavera,06-12,sem_intensidade,TSRA,0,0,,0,0,
SBCB,Primavera,06-12,sem_intensidade,+RA,0,0,,0,0,
SBCB,Primavera,12-18,exato,TS,0,0,,0,0,
SBCB,Primavera,12-18,exato,+RA,0,0,,0,0,
SBCB,Primavera,12-18,exato,+TSRA,0,0,,0,0,
SBCB,Primavera,12-18,exato,TSRA,0,0,,0,0,
SBCB,Primavera,12-18,sem_intensidade,TS,0,0,,0,0,
SBCB,Primavera,12-18,sem_intensidade,TSRA,0,0,,0,0,
SBCB,Primavera,12-18,sem_intensidade,+RA,0,0,,0,0,
SBCB,Primavera,18-24,exato,TS,0,0,,0,0,
SBCB,Primavera,18-24,exato,+RA,0,0,,0,0,
SBCB,Primavera,18-24,exato,+TSRA,0,0,,0,0,
SBCB,Primavera,18-24,exato,TSRA,0,0,,0,0,
SBCB,Primavera,18-24,sem_intensidade,TS,0,0,,0,0,
SBCB,Primavera,18-24,sem_intensidade,TSRA,0,0,,0,0,
SBCB,Primavera,18-24,sem_intensidade,+RA,0,0,,0,0,
SBCB,Primavera,TODOS,exato,TS,0,0,,0,0,
SBCB,Primavera,TODOS,exato,+RA,0,0,,0,0,
SBCB,Primavera,TODOS,exato,+TSRA,0,0,,0,0,
SBCB,Primavera,TODOS,exato,TSRA,0,0,,0,0,
SBCB,Primavera,TODOS,sem_intensidade,TS,0,0,,0,0,
SBCB,Primavera,TODOS,sem_intensidade,TSRA,0,0,,0,0,
SBCB,Primavera,TODOS,sem_intensidade,+RA,0,0,,0,0,
SBCB,TODAS,00-06,exato,TS,0,0,,0,0,
SBCB,TODAS,00-06,exato,+RA,0,0,,0,0,
SBCB,TODAS,00-06,exato,+TSRA,0,0,,0,0,
SBCB,TODAS,00-06,exato,TSRA,0,0,,0,0,
SBCB,TODAS,00-06,sem_intensidade,TS,0,0,,0,0,
SBCB,TODAS,00-06,sem_intensidade,TSRA,0,0,,0,0,
SBCB,TODAS,00-06,sem_intensidade,+RA,0,0,,0,0,
SBCB,TODAS,06-12,exato,TS,0,0,,0,0,
SBCB,TODAS,06-12,exato,+RA,0,0,,0,0,
SBCB,TODAS,06-12,exato,+TSRA,0,0,,0,0,
SBCB,TODAS,06-12,exato,TSRA,0,0,,0,0,
SBCB,TODAS,06-12,sem_intensidade,TS,0,0,,0,0,
SBCB,TODAS,06-12,sem_intensidade,TSRA,0,0,,0,0,
SBCB,TODAS,06-12,sem_intensidade,+RA,0,0,,0,0,
SBCB,TODAS,12-18,exato,TS,0,0,,0,0,
SBCB,TODAS,12-18,exato,+RA,0,0,,0,0,
SBCB,TODAS,12-18,exato,+TSRA,0,0,,0,0,
SBCB,TODAS,12-18,exato,TSRA,0,0,,0,0,
SBCB,TODAS,12-18,sem_intensidade,TS,0,0,,0,0,
SBCB,TODAS,12-18,sem_intensidade,TSRA,0,0,,0,0,
SBCB,TODAS,12-18,sem_intensidade,+RA,0,0,,0,0,
SBCB,TODAS,18-24,exato,TS,0,0,,0,0,
SBCB,TODAS,18-24,exato,+RA,0,0,,0,0,
SBCB,TODAS,18-24,exato,+TSRA,0,0,,0,0,
SBCB,TODAS,18-24,exato,TSRA,0,0,,0,0,
SBCB,TODAS,18-24,sem_intensidade,TS,0,0,,0,0,
SBCB,TODAS,18-24,sem_intensidade,TSRA,0,0,,0,0,
SBCB,TODAS,18-24,sem_intensidade,+RA,0,0,,0,0,
SBCB,TODAS,TODOS,exato,TS,0,0,,0,0,
SBCB,TODAS,TODOS,exato,+RA,0,0,,0,0,
SBCB,TODAS,TODOS,exato,+TSRA,0,0,,0,0,
SBCB,TODAS,TODOS,exato,TSRA,0,0,,0,0,
SBCB,TODAS,TODOS,sem_intensidade,TS,0,0,,0,0,
SBCB,TODAS,TODOS,sem_intensidade,TSRA,0,0,,0,0,
SBCB,TODAS,TODOS,sem_intensidade,+RA,0,0,,0,0,
SBCF,Verao,00-06,exato,TS,9,0,0.0,4,0,0.0
SBCF,Verao,00-06,exato,+RA,0,0,,0,0,
SBCF,Verao,00-06,exato,+TSRA,0,0,,1,0,0.0
SBCF,Verao,00-06,exato,TSRA,20,0,0.0,0,0,
SBCF,Verao,00-06,sem_intensidade,TS,9,0,0.0,4,0,0.0
SBCF,Verao,00-06,sem_intensidade,TSRA,20,2,10.0,14,2,14.3
SBCF,Verao,00-06,sem_intensidade,+RA,0,0,,0,0,
SBCF,Verao,06-12,exato,TS,0,0,,0,0,
SBCF,Verao,06-12,exato,+RA,0,0,,0,0,
SBCF,Verao,06-12,exato,+TSRA,0,0,,0,0,
SBCF,Verao,06-12,exato,TSRA,1,0,0.0,0,0,
SBCF,Verao,06-12,sem_intensidade,TS,0,0,,0,0,
SBCF,Verao,06-12,sem_intensidade,TSRA,1,1,100.0,1,1,100.0
SBCF,Verao,06-12,sem_intensidade,+RA,0,0,,0,0,
SBCF,Verao,12-18,exato,TS,0,0,,6,0,0.0
SBCF,Verao,12-18,exato,+RA,0,0,,3,0,0.0
SBCF,Verao,12-18,exato,+TSRA,0,0,,0,0,
SBCF,Verao,12-18,exato,TSRA,3,0,0.0,0,0,
SBCF,Verao,12-18,sem_intensidade,TS,0,0,,6,0,0.0
SBCF,Verao,12-18,sem_intensidade,TSRA,3,0,0.0,0,0,
SBCF,Verao,12-18,sem_intensidade,+RA,0,0,,3,0,0.0
SBCF,Verao,18-24,exato,TS,11,0,0.0,33,0,0.0
SBCF,Verao,18-24,exato,+RA,0,0,,0,0,
SBCF,Verao,18-24,exato,+TSRA,0,0,,8,0,0.0
SBCF,Verao,18-24,exato,TSRA,189,7,3.7,8,7,87.5
SBCF,Verao,18-24,sem_intensidade,TS,11,0,0.0,33,0,0.0
SBCF,Verao,18-24,sem_intensidade,TSRA,189,19,10.1,29,19,65.5
SBCF,Verao,18-24,sem_intensidade,+RA,0,0,,0,0,
SBCF,Verao,TODOS,exato,TS,20,0,0.0,43,0,0.0
SBCF,Verao,TODOS,exato,+RA,0,0,,3,0,0.0
SBCF,Verao,TODOS,exato,+TSRA,0,0,,9,0,0.0
SBCF,Verao,TODOS,exato,TSRA,213,7,3.3,8,7,87.5
SBCF,Verao,TODOS,sem_intensidade,TS,20,0,0.0,43,0,0.0
SBCF,Verao,TODOS,sem_intensidade,TSRA,213,22,10.3,44,22,50.0
SBCF,Verao,TODOS,sem_intensidade,+RA,0,0,,3,0,0.0
SBCF,Outono,00-06,exato,TS,0,0,,1,0,0.0
SBCF,Outono,00-06,exato,+RA,0,0,,0,0,
SBCF,Outono,00-06,exato,+TSRA,0,0,,1,0,0.0
SBCF,Outono,00-06,exato,TSRA,0,0,,1,0,0.0
SBCF,Outono,00-06,sem_intensidade,TS,0,0,,1,0,0.0
SBCF,Outono,00-06,sem_intensidade,TSRA,0,0,,3,0,0.0
SBCF,Outono,00-06,sem_intensidade,+RA,0,0,,0,0,
SBCF,Outono,06-12,exato,TS,0,0,,0,0,
SBCF,Outono,06-12,exato,+RA,0,0,,0,0,
SBCF,Outono,06-12,exato,+TSRA,0,0,,0,0,
SBCF,Outono,06-12,exato,TSRA,0,0,,0,0,
SBCF,Outono,06-12,sem_intensidade,TS,0,0,,0,0,
SBCF,Outono,06-12,sem_intensidade,TSRA,0,0,,0,0,
SBCF,Outono,06-12,sem_intensidade,+RA,0,0,,0,0,
SBCF,Outono,12-18,exato,TS,0,0,,0,0,
SBCF,Outono,12-18,exato,+RA,0,0,,0,0,
SBCF,Outono,12-18,exato,+TSRA,0,0,,0,0,
SBCF,Outono,12-18,exato,TSRA,4,0,0.0,0,0,
SBCF,Outono,12-18,sem_intensidade,TS,0,0,,0,0,
SBCF,Outono,12-18,sem_intensidade,TSRA,4,0,0.0,0,0,
SBCF,Outono,12-18,sem_intensidade,+RA,0,0,,0,0,
SBCF,Outono,18-24,exato,TS,0,0,,6,0,0.0
SBCF,Outono,18-24,exato,+RA,0,0,,0,0,
SBCF,Outono,18-24,exato,+TSRA,0,0,,0,0,
SBCF,Outono,18-24,exato,TSRA,61,0,0.0,0,0,
SBCF,Outono,18-24,sem_intensidade,TS,0,0,,6,0,0.0
SBCF,Outono,18-24,sem_intensidade,TSRA,61,0,0.0,0,0,
SBCF,Outono,18-24,sem_intensidade,+RA,0,0,,0,0,
SBCF,Outono,TODOS,exato,TS,0,0,,7,0,0.0
SBCF,Outono,TODOS,exato,+RA,0,0,,0,0,
SBCF,Outono,TODOS,exato,+TSRA,0,0,,1,0,0.0
SBCF,Outono,TODOS,exato,TSRA,65,0,0.0,1,0,0.0
SBCF,Outono,TODOS,sem_intensidade,TS,0,0,,7,0,0.0
SBCF,Outono,TODOS,sem_intensidade,TSRA,65,0,0.0,3,0,0.0
SBCF,Outono,TODOS,sem_intensidade,+RA,0,0,,0,0,
SBCF,Inverno,00-06,exato,TS,0,0,,0,0,
SBCF,Inverno,00-06,exato,+RA,0,0,,0,0,
SBCF,Inverno,00-06,exato,+TSRA,0,0,,0,0,
SBCF,Inverno,00-06,exato,TSRA,0,0,,0,0,
SBCF,Inverno,00-06,sem_intensidade,TS,0,0,,0,0,
SBCF,Inverno,00-06,sem_intensidade,TSRA,0,0,,0,0,
SBCF,Inverno,00-06,sem_intensidade,+RA,0,0,,0,0,
SBCF,Inverno,06-12,exato,TS,0,0,,0,0,
SBCF,Inverno,06-12,exato,+RA,0,0,,0,0,
SBCF,Inverno,06-12,exato,+TSRA,0,0,,0,0,
SBCF,Inverno,06-12,exato,TSRA,0,0,,0,0,
SBCF,Inverno,06-12,sem_intensidade,TS,0,0,,0,0,
SBCF,Inverno,06-12,sem_intensidade,TSRA,0,0,,0,0,
SBCF,Inverno,06-12,sem_intensidade,+RA,0,0,,0,0,
SBCF,Inverno,12-18,exato,TS,0,0,,0,0,
SBCF,Inverno,12-18,exato,+RA,0,0,,0,0,
SBCF,Inverno,12-18,exato,+TSRA,0,0,,0,0,
SBCF,Inverno,12-18,exato,TSRA,0,0,,0,0,
SBCF,Inverno,12-18,sem_intensidade,TS,0,0,,0,0,
SBCF,Inverno,12-18,sem_intensidade,TSRA,0,0,,0,0,
SBCF,Inverno,12-18,sem_intensidade,+RA,0,0,,0,0,
SBCF,Inverno,18-24,exato,TS,0,0,,0,0,
SBCF,Inverno,18-24,exato,+RA,0,0,,0,0,
SBCF,Inverno,18-24,exato,+TSRA,0,0,,0,0,
SBCF,Inverno,18-24,exato,TSRA,1,0,0.0,0,0,
SBCF,Inverno,18-24,sem_intensidade,TS,0,0,,0,0,
SBCF,Inverno,18-24,sem_intensidade,TSRA,1,0,0.0,2,0,0.0
SBCF,Inverno,18-24,sem_intensidade,+RA,0,0,,0,0,
SBCF,Inverno,TODOS,exato,TS,0,0,,0,0,
SBCF,Inverno,TODOS,exato,+RA,0,0,,0,0,
SBCF,Inverno,TODOS,exato,+TSRA,0,0,,0,0,
SBCF,Inverno,TODOS,exato,TSRA,1,0,0.0,0,0,
SBCF,Inverno,TODOS,sem_intensidade,TS,0,0,,0,0,
SBCF,Inverno,TODOS,sem_intensidade,TSRA,1,0,0.0,2,0,0.0
SBCF,Inverno,TODOS,sem_intensidade,+RA,0,0,,0,0,
SBCF,Primavera,00-06,exato,TS,0,0,,3,0,0.0
SBCF,Primavera,00-06,exato,+RA,0,0,,0,0,
SBCF,Primavera,00-06,exato,+TSRA,0,0,,0,0,
SBCF,Primavera,00-06,exato,TSRA,24,0,0.0,9,0,0.0
SBCF,Primavera,00-06,sem_intensidade,TS,0,0,,3,0,0.0
SBCF,Primavera,00-06,sem_intensidade,TSRA,24,0,0.0,19,0,0.0
SBCF,Primavera,00-06,sem_intensidade,+RA,0,0,,0,0,
SBCF,Primavera,06-12,exato,TS,0,0,,0,0,
SBCF,Primavera,06-12,exato,+RA,0,0,,1,0,0.0
SBCF,Primavera,06-12,exato,+TSRA,0,0,,0,0,
SBCF,Primavera,06-12,exato,TSRA,5,0,0.0,0,0,
SBCF,Primavera,06-12,sem_intensidade,TS,0,0,,0,0,
SBCF,Primavera,06-12,sem_intensidade,TSRA,5,0,0.0,0,0,
SBCF,Primavera,06-12,sem_intensidade,+RA,0,0,,1,0,0.0
SBCF,Primavera,12-18,exato,TS,0,0,,0,0,
SBCF,Primavera,12-18,exato,+RA,0,0,,0,0,
SBCF,Primavera,12-18,exato,+TSRA,0,0,,0,0,
SBCF,Primavera,12-18,exato,TSRA,17,0,0.0,0,0,
SBCF,Primavera,12-18,sem_intensidade,TS,0,0,,0,0,
SBCF,Primavera,12-18,sem_intensidade,TSRA,17,0,0.0,1,0,0.0
SBCF,Primavera,12-18,sem_intensidade,+RA,0,0,,0,0,
SBCF,Primavera,18-24,exato,TS,3,0,0.0,5,0,0.0
SBCF,Primavera,18-24,exato,+RA,0,0,,0,0,
SBCF,Primavera,18-24,exato,+TSRA,0,0,,4,0,0.0
SBCF,Primavera,18-24,exato,TSRA,119,1,0.8,2,1,50.0
SBCF,Primavera,18-24,sem_intensidade,TS,3,0,0.0,5,0,0.0
SBCF,Primavera,18-24,sem_intensidade,TSRA,119,6,5.0,16,6,37.5
SBCF,Primavera,18-24,sem_intensidade,+RA,0,0,,0,0,
SBCF,Primavera,TODOS,exato,TS,3,0,0.0,8,0,0.0
SBCF,Primavera,TODOS,exato,+RA,0,0,,1,0,0.0
SBCF,Primavera,TODOS,exato,+TSRA,0,0,,4,0,0.0
SBCF,Primavera,TODOS,exato,TSRA,165,1,0.6,11,1,9.1
SBCF,Primavera,TODOS,sem_intensidade,TS,3,0,0.0,8,0,0.0
SBCF,Primavera,TODOS,sem_intensidade,TSRA,165,6,3.6,36,6,16.7
SBCF,Primavera,TODOS,sem_intensidade,+RA,0,0,,1,0,0.0
SBCF,TODAS,00-06,exato,TS,9,0,0.0,8,0,0.0
SBCF,TODAS,00-06,exato,+RA,0,0,,0,0,
SBCF,TODAS,00-06,exato,+TSRA,0,0,,2,0,0.0
SBCF,TODAS,00-06,exato,TSRA,44,0,0.0,10,0,0.0
SBCF,TODAS,00-06,sem_intensidade,TS,9,0,0.0,8,0,0.0
SBCF,TODAS,00-06,sem_intensidade,TSRA,44,2,4.5,36,2,5.6
SBCF,TODAS,00-06,sem_intensidade,+RA,0,0,,0,0,
SBCF,TODAS,06-12,exato,TS,0,0,,0,0,
SBCF,TODAS,06-12,exato,+RA,0,0,,1,0,0.0
SBCF,TODAS,06-12,exato,+TSRA,0,0,,0,0,
SBCF,TODAS,06-12,exato,TSRA,6,0,0.0,0,0,
SBCF,TODAS,06-12,sem_intensidade,TS,0,0,,0,0,
SBCF,TODAS,06-12,sem_intensidade,TSRA,6,1,16.7,1,1,100.0
SBCF,TODAS,06-12,sem_intensidade,+RA,0,0,,1,0,0.0
SBCF,TODAS,12-18,exato,TS,0,0,,6,0,0.0
SBCF,TODAS,12-18,exato,+RA,0,0,,3,0,0.0
SBCF,TODAS,12-18,exato,+TSRA,0,0,,0,0,
SBCF,TODAS,12-18,exato,TSRA,24,0,0.0,0,0,
SBCF,TODAS,12-18,sem_intensidade,TS,0,0,,6,0,0.0
SBCF,TODAS,12-18,sem_intensidade,TSRA,24,0,0.0,1,0,0.0
SBCF,TODAS,12-18,sem_intensidade,+RA,0,0,,3,0,0.0
SBCF,TODAS,18-24,exato,TS,14,0,0.0,44,0,0.0
SBCF,TODAS,18-24,exato,+RA,0,0,,0,0,
SBCF,TODAS,18-24,exato,+TSRA,0,0,,12,0,0.0
SBCF,TODAS,18-24,exato,TSRA,370,8,2.2,10,8,80.0
SBCF,TODAS,18-24,sem_intensidade,TS,14,0,0.0,44,0,0.0
SBCF,TODAS,18-24,sem_intensidade,TSRA,370,25,6.8,47,25,53.2
SBCF,TODAS,18-24,sem_intensidade,+RA,0,0,,0,0,
SBCF,TODAS,TODOS,exato,TS,23,0,0.0,58,0,0.0
SBCF,TODAS,TODOS,exato,+RA,0,0,,4,0,0.0
SBCF,TODAS,TODOS,exato,+TSRA,0,0,,14,0,0.0
SBCF,TODAS,TODOS,exato,TSRA,444,8,1.8,20,8,40.0
SBCF,TODAS,TODOS,sem_intensidade,TS,23,0,0.0,58,0,0.0
SBCF,TODAS,TODOS,sem_intensidade,TSRA,444,28,6.3,85,28,32.9
SBCF,TODAS,TODOS,sem_intensidade,+RA,0,0,,4,0,0.0
SBCG,Verao,00-06,exato,TS,0,0,,0,0,
SBCG,Verao,00-06,exato,+RA,0,0,,0,0,
SBCG,Verao,00-06,exato,+TSRA,0,0,,0,0,
SBCG,Verao,00-06,exato,TSRA,0,0,,0,0,
SBCG,Verao,00-06,sem_intensidade,TS,0,0,,0,0,
SBCG,Verao,00-06,sem_intensidade,TSRA,0,0,,0,0,
SBCG,Verao,00-06,sem_intensidade,+RA,0,0,,0,0,
SBCG,Verao,06-12,exato,TS,0,0,,0,0,
SBCG,Verao,06-12,exato,+RA,0,0,,0,0,
SBCG,Verao,06-12,exato,+TSRA,0,0,,0,0,
SBCG,Verao,06-12,exato,TSRA,0,0,,0,0,
SBCG,Verao,06-12,sem_intensidade,TS,0,0,,0,0,
SBCG,Verao,06-12,sem_intensidade,TSRA,0,0,,0,0,
SBCG,Verao,06-12,sem_intensidade,+RA,0,0,,0,0,
SBCG,Verao,12-18,exato,TS,2,0,0.0,3,0,0.0
SBCG,Verao,12-18,exato,+RA,0,0,,1,0,0.0
SBCG,Verao,12-18,exato,+TSRA,0,0,,0,0,
SBCG,Verao,12-18,exato,TSRA,1,0,0.0,1,0,0.0
SBCG,Verao,12-18,sem_intensidade,TS,2,0,0.0,3,0,0.0
SBCG,Verao,12-18,sem_intensidade,TSRA,1,0,0.0,6,0,0.0
SBCG,Verao,12-18,sem_intensidade,+RA,0,0,,1,0,0.0
SBCG,Verao,18-24,exato,TS,8,0,0.0,12,0,0.0
SBCG,Verao,18-24,exato,+RA,0,0,,0,0,
SBCG,Verao,18-24,exato,+TSRA,0,0,,0,0,
SBCG,Verao,18-24,exato,TSRA,38,3,7.9,3,3,100.0
SBCG,Verao,18-24,sem_intensidade,TS,8,0,0.0,12,0,0.0
SBCG,Verao,18-24,sem_intensidade,TSRA,38,5,13.2,7,5,71.4
SBCG,Verao,18-24,sem_intensidade,+RA,0,0,,0,0,
SBCG,Verao,TODOS,exato,TS,10,0,0.0,15,0,0.0
SBCG,Verao,TODOS,exato,+RA,0,0,,1,0,0.0
SBCG,Verao,TODOS,exato,+TSRA,0,0,,0,0,
SBCG,Verao,TODOS,exato,TSRA,39,3,7.7,4,3,75.0
SBCG,Verao,TODOS,sem_intensidade,TS,10,0,0.0,15,0,0.0
SBCG,Verao,TODOS,sem_intensidade,TSRA,39,5,12.8,13,5,38.5
SBCG,Verao,TODOS,sem_intensidade,+RA,0,0,,1,0,0.0
SBCG,Outono,00-06,exato,TS,0,0,,0,0,
SBCG,Outono,00-06,exato,+RA,0,0,,0,0,
SBCG,Outono,00-06,exato,+TSRA,0,0,,0,0,
SBCG,Outono,00-06,exato,TSRA,0,0,,0,0,
SBCG,Outono,00-06,sem_intensidade,TS,0,0,,0,0,
SBCG,Outono,00-06,sem_intensidade,TSRA,0,0,,0,0,
SBCG,Outono,00-06,sem_intensidade,+RA,0,0,,0,0,
SBCG,Outono,06-12,exato,TS,1,0,0.0,0,0,
SBCG,Outono,06-12,exato,+RA,0,0,,0,0,
SBCG,Outono,06-12,exato,+TSRA,0,0,,0,0,
SBCG,Outono,06-12,exato,TSRA,3,0,0.0,0,0,
SBCG,Outono,06-12,sem_intensidade,TS,1,0,0.0,0,0,
SBCG,Outono,06-12,sem_intensidade,TSRA,3,0,0.0,0,0,
SBCG,Outono,06-12,sem_intensidade,+RA,0,0,,0,0,
SBCG,Outono,12-18,exato,TS,0,0,,2,0,0.0
SBCG,Outono,12-18,exato,+RA,0,0,,0,0,
SBCG,Outono,12-18,exato,+TSRA,0,0,,0,0,
SBCG,Outono,12-18,exato,TSRA,5,1,20.0,1,1,100.0
SBCG,Outono,12-18,sem_intensidade,TS,0,0,,2,0,0.0
SBCG,Outono,12-18,sem_intensidade,TSRA,5,4,80.0,5,4,80.0
SBCG,Outono,12-18,sem_intensidade,+RA,0,0,,0,0,
SBCG,Outono,18-24,exato,TS,1,0,0.0,0,0,
SBCG,Outono,18-24,exato,+RA,0,0,,0,0,
SBCG,Outono,18-24,exato,+TSRA,0,0,,2,0,0.0
SBCG,Outono,18-24,exato,TSRA,17,1,5.9,3,1,33.3
SBCG,Outono,18-24,sem_intensidade,TS,1,0,0.0,0,0,
SBCG,Outono,18-24,sem_intensidade,TSRA,17,3,17.6,8,3,37.5
SBCG,Outono,18-24,sem_intensidade,+RA,0,0,,0,0,
SBCG,Outono,TODOS,exato,TS,2,0,0.0,2,0,0.0
SBCG,Outono,TODOS,exato,+RA,0,0,,0,0,
SBCG,Outono,TODOS,exato,+TSRA,0,0,,2,0,0.0
SBCG,Outono,TODOS,exato,TSRA,25,2,8.0,4,2,50.0
SBCG,Outono,TODOS,sem_intensidade,TS,2,0,0.0,2,0,0.0
SBCG,Outono,TODOS,sem_intensidade,TSRA,25,7,28.0,13,7,53.8
SBCG,Outono,TODOS,sem_intensidade,+RA,0,0,,0,0,
SBCG,Inverno,00-06,exato,TS,0,0,,0,0,
SBCG,Inverno,00-06,exato,+RA,0,0,,0,0,
SBCG,Inverno,00-06,exato,+TSRA,0,0,,0,0,
SBCG,Inverno,00-06,exato,TSRA,0,0,,0,0,
SBCG,Inverno,00-06,sem_intensidade,TS,0,0,,0,0,
SBCG,Inverno,00-06,sem_intensidade,TSRA,0,0,,0,0,
SBCG,Inverno,00-06,sem_intensidade,+RA,0,0,,0,0,
SBCG,Inverno,06-12,exato,TS,0,0,,2,0,0.0
SBCG,Inverno,06-12,exato,+RA,0,0,,0,0,
SBCG,Inverno,06-12,exato,+TSRA,0,0,,0,0,
SBCG,Inverno,06-12,exato,TSRA,1,0,0.0,0,0,
SBCG,Inverno,06-12,sem_intensidade,TS,0,0,,2,0,0.0
SBCG,Inverno,06-12,sem_intensidade,TSRA,1,0,0.0,0,0,
SBCG,Inverno,06-12,sem_intensidade,+RA,0,0,,0,0,
SBCG,Inverno,12-18,exato,TS,0,0,,1,0,0.0
SBCG,Inverno,12-18,exato,+RA,0,0,,0,0,
SBCG,Inverno,12-18,exato,+TSRA,0,0,,0,0,
SBCG,Inverno,12-18,exato,TSRA,2,0,0.0,0,0,
SBCG,Inverno,12-18,sem_intensidade,TS,0,0,,1,0,0.0
SBCG,Inverno,12-18,sem_intensidade,TSRA,2,0,0.0,2,0,0.0
SBCG,Inverno,12-18,sem_intensidade,+RA,0,0,,0,0,
SBCG,Inverno,18-24,exato,TS,0,0,,1,0,0.0
SBCG,Inverno,18-24,exato,+RA,0,0,,0,0,
SBCG,Inverno,18-24,exato,+TSRA,0,0,,0,0,
SBCG,Inverno,18-24,exato,TSRA,2,0,0.0,0,0,
SBCG,Inverno,18-24,sem_intensidade,TS,0,0,,1,0,0.0
SBCG,Inverno,18-24,sem_intensidade,TSRA,2,0,0.0,0,0,
SBCG,Inverno,18-24,sem_intensidade,+RA,0,0,,0,0,
SBCG,Inverno,TODOS,exato,TS,0,0,,4,0,0.0
SBCG,Inverno,TODOS,exato,+RA,0,0,,0,0,
SBCG,Inverno,TODOS,exato,+TSRA,0,0,,0,0,
SBCG,Inverno,TODOS,exato,TSRA,5,0,0.0,0,0,
SBCG,Inverno,TODOS,sem_intensidade,TS,0,0,,4,0,0.0
SBCG,Inverno,TODOS,sem_intensidade,TSRA,5,0,0.0,2,0,0.0
SBCG,Inverno,TODOS,sem_intensidade,+RA,0,0,,0,0,
SBCG,Primavera,00-06,exato,TS,0,0,,0,0,
SBCG,Primavera,00-06,exato,+RA,0,0,,0,0,
SBCG,Primavera,00-06,exato,+TSRA,0,0,,0,0,
SBCG,Primavera,00-06,exato,TSRA,0,0,,0,0,
SBCG,Primavera,00-06,sem_intensidade,TS,0,0,,0,0,
SBCG,Primavera,00-06,sem_intensidade,TSRA,0,0,,0,0,
SBCG,Primavera,00-06,sem_intensidade,+RA,0,0,,0,0,
SBCG,Primavera,06-12,exato,TS,0,0,,2,0,0.0
SBCG,Primavera,06-12,exato,+RA,0,0,,0,0,
SBCG,Primavera,06-12,exato,+TSRA,0,0,,0,0,
SBCG,Primavera,06-12,exato,TSRA,2,0,0.0,0,0,
SBCG,Primavera,06-12,sem_intensidade,TS,0,0,,2,0,0.0
SBCG,Primavera,06-12,sem_intensidade,TSRA,2,0,0.0,0,0,
SBCG,Primavera,06-12,sem_intensidade,+RA,0,0,,0,0,
SBCG,Primavera,12-18,exato,TS,0,0,,1,0,0.0
SBCG,Primavera,12-18,exato,+RA,0,0,,0,0,
SBCG,Primavera,12-18,exato,+TSRA,0,0,,2,0,0.0
SBCG,Primavera,12-18,exato,TSRA,7,0,0.0,1,0,0.0
SBCG,Primavera,12-18,sem_intensidade,TS,0,0,,1,0,0.0
SBCG,Primavera,12-18,sem_intensidade,TSRA,7,2,28.6,4,2,50.0
SBCG,Primavera,12-18,sem_intensidade,+RA,0,0,,0,0,
SBCG,Primavera,18-24,exato,TS,6,1,16.7,4,1,25.0
SBCG,Primavera,18-24,exato,+RA,0,0,,1,0,0.0
SBCG,Primavera,18-24,exato,+TSRA,0,0,,0,0,
SBCG,Primavera,18-24,exato,TSRA,22,0,0.0,1,0,0.0
SBCG,Primavera,18-24,sem_intensidade,TS,6,1,16.7,4,1,25.0
SBCG,Primavera,18-24,sem_intensidade,TSRA,22,2,9.1,5,2,40.0
SBCG,Primavera,18-24,sem_intensidade,+RA,0,0,,1,0,0.0
SBCG,Primavera,TODOS,exato,TS,6,1,16.7,7,1,14.3
SBCG,Primavera,TODOS,exato,+RA,0,0,,1,0,0.0
SBCG,Primavera,TODOS,exato,+TSRA,0,0,,2,0,0.0
SBCG,Primavera,TODOS,exato,TSRA,31,0,0.0,2,0,0.0
SBCG,Primavera,TODOS,sem_intensidade,TS,6,1,16.7,7,1,14.3
SBCG,Primavera,TODOS,sem_intensidade,TSRA,31,4,12.9,9,4,44.4
SBCG,Primavera,TODOS,sem_intensidade,+RA,0,0,,1,0,0.0
SBCG,TODAS,00-06,exato,TS,0,0,,0,0,
SBCG,TODAS,00-06,exato,+RA,0,0,,0,0,
SBCG,TODAS,00-06,exato,+TSRA,0,0,,0,0,
SBCG,TODAS,00-06,exato,TSRA,0,0,,0,0,
SBCG,TODAS,00-06,sem_intensidade,TS,0,0,,0,0,
SBCG,TODAS,00-06,sem_intensidade,TSRA,0,0,,0,0,
SBCG,TODAS,00-06,sem_intensidade,+RA,0,0,,0,0,
SBCG,TODAS,06-12,exato,TS,1,0,0.0,4,0,0.0
SBCG,TODAS,06-12,exato,+RA,0,0,,0,0,
SBCG,TODAS,06-12,exato,+TSRA,0,0,,0,0,
SBCG,TODAS,06-12,exato,TSRA,6,0,0.0,0,0,
SBCG,TODAS,06-12,sem_intensidade,TS,1,0,0.0,4,0,0.0
SBCG,TODAS,06-12,sem_intensidade,TSRA,6,0,0.0,0,0,
SBCG,TODAS,06-12,sem_intensidade,+RA,0,0,,0,0,
SBCG,TODAS,12-18,exato,TS,2,0,0.0,7,0,0.0
SBCG,TODAS,12-18,exato,+RA,0,0,,1,0,0.0
SBCG,TODAS,12-18,exato,+TSRA,0,0,,2,0,0.0
SBCG,TODAS,12-18,exato,TSRA,15,1,6.7,3,1,33.3
SBCG,TODAS,12-18,sem_intensidade,TS,2,0,0.0,7,0,0.0
SBCG,TODAS,12-18,sem_intensidade,TSRA,15,6,40.0,17,6,35.3
SBCG,TODAS,12-18,sem_intensidade,+RA,0,0,,1,0,0.0
SBCG,TODAS,18-24,exato,TS,15,1,6.7,17,1,5.9
SBCG,TODAS,18-24,exato,+RA,0,0,,1,0,0.0
SBCG,TODAS,18-24,exato,+TSRA,0,0,,2,0,0.0
SBCG,TODAS,18-24,exato,TSRA,79,4,5.1,7,4,57.1
SBCG,TODAS,18-24,sem_intensidade,TS,15,1,6.7,17,1,5.9
SBCG,TODAS,18-24,sem_intensidade,TSRA,79,10,12.7,20,10,50.0
SBCG,TODAS,18-24,sem_intensidade,+RA,0,0,,1,0,0.0
SBCG,TODAS,TODOS,exato,TS,18,1,5.6,28,1,3.6
SBCG,TODAS,TODOS,exato,+RA,0,0,,2,0,0.0
SBCG,TODAS,TODOS,exato,+TSRA,0,0,,4,0,0.0
SBCG,TODAS,TODOS,exato,TSRA,100,5,5.0,10,5,50.0
SBCG,TODAS,TODOS,sem_intensidade,TS,18,1,5.6,28,1,3.6
SBCG,TODAS,TODOS,sem_intensidade,TSRA,100,16,16.0,37,16,43.2
SBCG,TODAS,TODOS,sem_intensidade,+RA,0,0,,2,0,0.0
SBCH,Verao,00-06,exato,TS,0,0,,0,0,
SBCH,Verao,00-06,exato,+RA,0,0,,0,0,
SBCH,Verao,00-06,exato,+TSRA,0,0,,0,0,
SBCH,Verao,00-06,exato,TSRA,0,0,,0,0,
SBCH,Verao,00-06,sem_intensidade,TS,0,0,,0,0,
SBCH,Verao,00-06,sem_intensidade,TSRA,0,0,,0,0,
SBCH,Verao,00-06,sem_intensidade,+RA,0,0,,0,0,
SBCH,Verao,06-12,exato,TS,0,0,,0,0,
SBCH,Verao,06-12,exato,+RA,0,0,,0,0,
SBCH,Verao,06-12,exato,+TSRA,0,0,,0,0,
SBCH,Verao,06-12,exato,TSRA,0,0,,0,0,
SBCH,Verao,06-12,sem_intensidade,TS,0,0,,0,0,
SBCH,Verao,06-12,sem_intensidade,TSRA,0,0,,0,0,
SBCH,Verao,06-12,sem_intensidade,+RA,0,0,,0,0,
SBCH,Verao,12-18,exato,TS,0,0,,0,0,
SBCH,Verao,12-18,exato,+RA,0,0,,0,0,
SBCH,Verao,12-18,exato,+TSRA,0,0,,0,0,
SBCH,Verao,12-18,exato,TSRA,0,0,,0,0,
SBCH,Verao,12-18,sem_intensidade,TS,0,0,,0,0,
SBCH,Verao,12-18,sem_intensidade,TSRA,0,0,,0,0,
SBCH,Verao,12-18,sem_intensidade,+RA,0,0,,0,0,
SBCH,Verao,18-24,exato,TS,0,0,,0,0,
SBCH,Verao,18-24,exato,+RA,0,0,,0,0,
SBCH,Verao,18-24,exato,+TSRA,0,0,,0,0,
SBCH,Verao,18-24,exato,TSRA,0,0,,0,0,
SBCH,Verao,18-24,sem_intensidade,TS,0,0,,0,0,
SBCH,Verao,18-24,sem_intensidade,TSRA,0,0,,0,0,
SBCH,Verao,18-24,sem_intensidade,+RA,0,0,,0,0,
SBCH,Verao,TODOS,exato,TS,0,0,,0,0,
SBCH,Verao,TODOS,exato,+RA,0,0,,0,0,
SBCH,Verao,TODOS,exato,+TSRA,0,0,,0,0,
SBCH,Verao,TODOS,exato,TSRA,0,0,,0,0,
SBCH,Verao,TODOS,sem_intensidade,TS,0,0,,0,0,
SBCH,Verao,TODOS,sem_intensidade,TSRA,0,0,,0,0,
SBCH,Verao,TODOS,sem_intensidade,+RA,0,0,,0,0,
SBCH,Outono,00-06,exato,TS,0,0,,0,0,
SBCH,Outono,00-06,exato,+RA,0,0,,0,0,
SBCH,Outono,00-06,exato,+TSRA,0,0,,0,0,
SBCH,Outono,00-06,exato,TSRA,0,0,,0,0,
SBCH,Outono,00-06,sem_intensidade,TS,0,0,,0,0,
SBCH,Outono,00-06,sem_intensidade,TSRA,0,0,,0,0,
SBCH,Outono,00-06,sem_intensidade,+RA,0,0,,0,0,
SBCH,Outono,06-12,exato,TS,0,0,,0,0,
SBCH,Outono,06-12,exato,+RA,0,0,,0,0,
SBCH,Outono,06-12,exato,+TSRA,0,0,,0,0,
SBCH,Outono,06-12,exato,TSRA,0,0,,0,0,
SBCH,Outono,06-12,sem_intensidade,TS,0,0,,0,0,
SBCH,Outono,06-12,sem_intensidade,TSRA,0,0,,0,0,
SBCH,Outono,06-12,sem_intensidade,+RA,0,0,,0,0,
SBCH,Outono,12-18,exato,TS,0,0,,0,0,
SBCH,Outono,12-18,exato,+RA,0,0,,0,0,
SBCH,Outono,12-18,exato,+TSRA,0,0,,0,0,
SBCH,Outono,12-18,exato,TSRA,0,0,,0,0,
SBCH,Outono,12-18,sem_intensidade,TS,0,0,,0,0,
SBCH,Outono,12-18,sem_intensidade,TSRA,0,0,,0,0,
SBCH,Outono,12-18,sem_intensidade,+RA,0,0,,0,0,
SBCH,Outono,18-24,exato,TS,0,0,,0,0,
SBCH,Outono,18-24,exato,+RA,0,0,,0,0,
SBCH,Outono,18-24,exato,+TSRA,0,0,,0,0,
SBCH,Outono,18-24,exato,TSRA,0,0,,0,0,
SBCH,Outono,18-24,sem_intensidade,TS,0,0,,0,0,
SBCH,Outono,18-24,sem_intensidade,TSRA,0,0,,0,0,
SBCH,Outono,18-24,sem_intensidade,+RA,0,0,,0,0,
SBCH,Outono,TODOS,exato,TS,0,0,,0,0,
SBCH,Outono,TODOS,exato,+RA,0,0,,0,0,
SBCH,Outono,TODOS,exato,+TSRA,0,0,,0,0,
SBCH,Outono,TODOS,exato,TSRA,0,0,,0,0,
SBCH,Outono,TODOS,sem_intensidade,TS,0,0,,0,0,
SBCH,Outono,TODOS,sem_intensidade,TSRA,0,0,,0,0,
SBCH,Outono,TODOS,sem_intensidade,+RA,0,0,,0,0,
SBCH,Inverno,00-06,exato,TS,0,0,,0,0,
SBCH,Inverno,00-06,exato,+RA,0,0,,0,0,
SBCH,Inverno,00-06,exato,+TSRA,0,0,,0,0,
SBCH,Inverno,00-06,exato,TSRA,0,0,,0,0,
SBCH,Inverno,00-06,sem_intensidade,TS,0,0,,0,0,
SBCH,Inverno,00-06,sem_intensidade,TSRA,0,0,,0,0,
SBCH,Inverno,00-06,sem_intensidade,+RA,0,0,,0,0,
SBCH,Inverno,06-12,exato,TS,0,0,,0,0,
SBCH,Inverno,06-12,exato,+RA,0,0,,0,0,
SBCH,Inverno,06-12,exato,+TSRA,0,0,,0,0,
SBCH,Inverno,06-12,exato,TSRA,0,0,,0,0,
SBCH,Inverno,06-12,sem_intensidade,TS,0,0,,0,0,
SBCH,Inverno,06-12,sem_intensidade,TSRA,0,0,,0,0,
SBCH,Inverno,06-12,sem_intensidade,+RA,0,0,,0,0,
SBCH,Inverno,12-18,exato,TS,0,0,,0,0,
SBCH,Inverno,12-18,exato,+RA,0,0,,0,0,
SBCH,Inverno,12-18,exato,+TSRA,0,0,,0,0,
SBCH,Inverno,12-18,exato,TSRA,0,0,,0,0,
SBCH,Inverno,12-18,sem_intensidade,TS,0,0,,0,0,
SBCH,Inverno,12-18,sem_intensidade,TSRA,0,0,,0,0,
SBCH,Inverno,12-18,sem_intensidade,+RA,0,0,,0,0,
SBCH,Inverno,18-24,exato,TS,0,0,,0,0,
SBCH,Inverno,18-24,exato,+RA,0,0,,0,0,
SBCH,Inverno,18-24,exato,+TSRA,0,0,,0,0,
SBCH,Inverno,18-24,exato,TSRA,0,0,,0,0,
SBCH,Inverno,18-24,sem_intensidade,TS,0,0,,0,0,
SBCH,Inverno,18-24,sem_intensidade,TSRA,0,0,,0,0,
SBCH,Inverno,18-24,sem_intensidade,+RA,0,0,,0,0,
SBCH,Inverno,TODOS,exato,TS,0,0,,0,0,
SBCH,Inverno,TODOS,exato,+RA,0,0,,0,0,
SBCH,Inverno,TODOS,exato,+TSRA,0,0,,0,0,
SBCH,Inverno,TODOS,exato,TSRA,0,0,,0,0,
SBCH,Inverno,TODOS,sem_intensidade,TS,0,0,,0,0,
SBCH,Inverno,TODOS,sem_intensidade,TSRA,0,0,,0,0,
SBCH,Inverno,TODOS,sem_intensidade,+RA,0,0,,0,0,
SBCH,Primavera,00-06,exato,TS,0,0,,0,0,
SBCH,Primavera,00-06,exato,+RA,0,0,,0,0,
SBCH,Primavera,00-06,exato,+TSRA,0,0,,0,0,
SBCH,Primavera,00-06,exato,TSRA,0,0,,0,0,
SBCH,Primavera,00-06,sem_intensidade,TS,0,0,,0,0,
SBCH,Primavera,00-06,sem_intensidade,TSRA,0,0,,0,0,
SBCH,Primavera,00-06,sem_intensidade,+RA,0,0,,0,0,
SBCH,Primavera,06-12,exato,TS,0,0,,0,0,
SBCH,Primavera,06-12,exato,+RA,0,0,,0,0,
SBCH,Primavera,06-12,exato,+TSRA,0,0,,0,0,
SBCH,Primavera,06-12,exato,TSRA,0,0,,0,0,
SBCH,Primavera,06-12,sem_intensidade,TS,0,0,,0,0,
SBCH,Primavera,06-12,sem_intensidade,TSRA,0,0,,0,0,
SBCH,Primavera,06-12,sem_intensidade,+RA,0,0,,0,0,
SBCH,Primavera,12-18,exato,TS,0,0,,0,0,
SBCH,Primavera,12-18,exato,+RA,0,0,,0,0,
SBCH,Primavera,12-18,exato,+TSRA,0,0,,0,0,
SBCH,Primavera,12-18,exato,TSRA,0,0,,0,0,
SBCH,Primavera,12-18,sem_intensidade,TS,0,0,,0,0,
SBCH,Primavera,12-18,sem_intensidade,TSRA,0,0,,0,0,
SBCH,Primavera,12-18,sem_intensidade,+RA,0,0,,0,0,
SBCH,Primavera,18-24,exato,TS,0,0,,0,0,
SBCH,Primavera,18-24,exato,+RA,0,0,,0,0,
SBCH,Primavera,18-24,exato,+TSRA,0,0,,0,0,
SBCH,Primavera,18-24,exato,TSRA,0,0,,0,0,
SBCH,Primavera,18-24,sem_intensidade,TS,0,0,,0,0,
SBCH,Primavera,18-24,sem_intensidade,TSRA,0,0,,0,0,
SBCH,Primavera,18-24,sem_intensidade,+RA,0,0,,0,0,
SBCH,Primavera,TODOS,exato,TS,0,0,,0,0,
SBCH,Primavera,TODOS,exato,+RA,0,0,,0,0,
SBCH,Primavera,TODOS,exato,+TSRA,0,0,,0,0,
SBCH,Primavera,TODOS,exato,TSRA,0,0,,0,0,
SBCH,Primavera,TODOS,sem_intensidade,TS,0,0,,0,0,
SBCH,Primavera,TODOS,sem_intensidade,TSRA,0,0,,0,0,
SBCH,Primavera,TODOS,sem_intensidade,+RA,0,0,,0,0,
SBCH,TODAS,00-06,exato,TS,0,0,,0,0,
SBCH,TODAS,00-06,exato,+RA,0,0,,0,0,
SBCH,TODAS,00-06,exato,+TSRA,0,0,,0,0,
SBCH,TODAS,00-06,exato,TSRA,0,0,,0,0,
SBCH,TODAS,00-06,sem_intensidade,TS,0,0,,0,0,
SBCH,TODAS,00-06,sem_intensidade,TSRA,0,0,,0,0,
SBCH,TODAS,00-06,sem_intensidade,+RA,0,0,,0,0,
SBCH,TODAS,06-12,exato,TS,0,0,,0,0,
SBCH,TODAS,06-12,exato,+RA,0,0,,0,0,
SBCH,TODAS,06-12,exato,+TSRA,0,0,,0,0,
SBCH,TODAS,06-12,exato,TSRA,0,0,,0,0,
SBCH,TODAS,06-12,sem_intensidade,TS,0,0,,0,0,
SBCH,TODAS,06-12,sem_intensidade,TSRA,0,0,,0,0,
SBCH,TODAS,06-12,sem_intensidade,+RA,0,0,,0,0,
SBCH,TODAS,12-18,exato,TS,0,0,,0,0,
SBCH,TODAS,12-18,exato,+RA,0,0,,0,0,
SBCH,TODAS,12-18,exato,+TSRA,0,0,,0,0,
SBCH,TODAS,12-18,exato,TSRA,0,0,,0,0,
SBCH,TODAS,12-18,sem_intensidade,TS,0,0,,0,0,
SBCH,TODAS,12-18,sem_intensidade,TSRA,0,0,,0,0,
SBCH,TODAS,12-18,sem_intensidade,+RA,0,0,,0,0,
SBCH,TODAS,18-24,exato,TS,0,0,,0,0,
SBCH,TODAS,18-24,exato,+RA,0,0,,0,0,
SBCH,TODAS,18-24,exato,+TSRA,0,0,,0,0,
SBCH,TODAS,18-24,exato,TSRA,0,0,,0,0,
SBCH,TODAS,18-24,sem_intensidade,TS,0,0,,0,0,
SBCH,TODAS,18-24,sem_intensidade,TSRA,0,0,,0,0,
SBCH,TODAS,18-24,sem_intensidade,+RA,0,0,,0,0,
SBCH,TODAS,TODOS,exato,TS,0,0,,0,0,
SBCH,TODAS,TODOS,exato,+RA,0,0,,0,0,
SBCH,TODAS,TODOS,exato,+TSRA,0,0,,0,0,
SBCH,TODAS,TODOS,exato,TSRA,0,0,,0,0,
SBCH,TODAS,TODOS,sem_intensidade,TS,0,0,,0,0,
SBCH,TODAS,TODOS,sem_intensidade,TSRA,0,0,,0,0,
SBCH,TODAS,TODOS,sem_intensidade,+RA,0,0,,0,0,
SBCI,Verao,00-06,exato,TS,0,0,,0,0,
SBCI,Verao,00-06,exato,+RA,0,0,,0,0,
SBCI,Verao,00-06,exato,+TSRA,0,0,,0,0,
SBCI,Verao,00-06,exato,TSRA,0,0,,0,0,
SBCI,Verao,00-06,sem_intensidade,TS,0,0,,0,0,
SBCI,Verao,00-06,sem_intensidade,TSRA,0,0,,0,0,
SBCI,Verao,00-06,sem_intensidade,+RA,0,0,,0,0,
SBCI,Verao,06-12,exato,TS,0,0,,0,0,
SBCI,Verao,06-12,exato,+RA,0,0,,0,0,
SBCI,Verao,06-12,exato,+TSRA,0,0,,0,0,
SBCI,Verao,06-12,exato,TSRA,0,0,,0,0,
SBCI,Verao,06-12,sem_intensidade,TS,0,0,,0,0,
SBCI,Verao,06-12,sem_intensidade,TSRA,0,0,,0,0,
SBCI,Verao,06-12,sem_intensidade,+RA,0,0,,0,0,
SBCI,Verao,12-18,exato,TS,0,0,,0,0,
SBCI,Verao,12-18,exato,+RA,0,0,,0,0,
SBCI,Verao,12-18,exato,+TSRA,0,0,,0,0,
SBCI,Verao,12-18,exato,TSRA,0,0,,0,0,
SBCI,Verao,12-18,sem_intensidade,TS,0,0,,0,0,
SBCI,Verao,12-18,sem_intensidade,TSRA,0,0,,0,0,
SBCI,Verao,12-18,sem_intensidade,+RA,0,0,,0,0,
SBCI,Verao,18-24,exato,TS,0,0,,0,0,
SBCI,Verao,18-24,exato,+RA,0,0,,0,0,
SBCI,Verao,18-24,exato,+TSRA,0,0,,0,0,
SBCI,Verao,18-24,exato,TSRA,0,0,,0,0,
SBCI,Verao,18-24,sem_intensidade,TS,0,0,,0,0,
SBCI,Verao,18-24,sem_intensidade,TSRA,0,0,,0,0,
SBCI,Verao,18-24,sem_intensidade,+RA,0,0,,0,0,
SBCI,Verao,TODOS,exato,TS,0,0,,0,0,
SBCI,Verao,TODOS,exato,+RA,0,0,,0,0,
SBCI,Verao,TODOS,exato,+TSRA,0,0,,0,0,
SBCI,Verao,TODOS,exato,TSRA,0,0,,0,0,
SBCI,Verao,TODOS,sem_intensidade,TS,0,0,,0,0,
SBCI,Verao,TODOS,sem_intensidade,TSRA,0,0,,0,0,
SBCI,Verao,TODOS,sem_intensidade,+RA,0,0,,0,0,
SBCI,Outono,00-06,exato,TS,0,0,,0,0,
SBCI,Outono,00-06,exato,+RA,0,0,,0,0,
SBCI,Outono,00-06,exato,+TSRA,0,0,,0,0,
SBCI,Outono,00-06,exato,TSRA,0,0,,0,0,
SBCI,Outono,00-06,sem_intensidade,TS,0,0,,0,0,
SBCI,Outono,00-06,sem_intensidade,TSRA,0,0,,0,0,
SBCI,Outono,00-06,sem_intensidade,+RA,0,0,,0,0,
SBCI,Outono,06-12,exato,TS,0,0,,0,0,
SBCI,Outono,06-12,exato,+RA,0,0,,0,0,
SBCI,Outono,06-12,exato,+TSRA,0,0,,0,0,
SBCI,Outono,06-12,exato,TSRA,0,0,,0,0,
SBCI,Outono,06-12,sem_intensidade,TS,0,0,,0,0,
SBCI,Outono,06-12,sem_intensidade,TSRA,0,0,,0,0,
SBCI,Outono,06-12,sem_intensidade,+RA,0,0,,0,0,
SBCI,Outono,12-18,exato,TS,0,0,,0,0,
SBCI,Outono,12-18,exato,+RA,0,0,,0,0,
SBCI,Outono,12-18,exato,+TSRA,0,0,,0,0,
SBCI,Outono,12-18,exato,TSRA,0,0,,0,0,
SBCI,Outono,12-18,sem_intensidade,TS,0,0,,0,0,
SBCI,Outono,12-18,sem_intensidade,TSRA,0,0,,0,0,
SBCI,Outono,12-18,sem_intensidade,+RA,0,0,,0,0,
SBCI,Outono,18-24,exato,TS,0,0,,0,0,
SBCI,Outono,18-24,exato,+RA,0,0,,0,0,
SBCI,Outono,18-24,exato,+TSRA,0,0,,0,0,
SBCI,Outono,18-24,exato,TSRA,0,0,,0,0,
SBCI,Outono,18-24,sem_intensidade,TS,0,0,,0,0,
SBCI,Outono,18-24,sem_intensidade,TSRA,0,0,,0,0,
SBCI,Outono,18-24,sem_intensidade,+RA,0,0,,0,0,
SBCI,Outono,TODOS,exato,TS,0,0,,0,0,
SBCI,Outono,TODOS,exato,+RA,0,0,,0,0,
SBCI,Outono,TODOS,exato,+TSRA,0,0,,0,0,
SBCI,Outono,TODOS,exato,TSRA,0,0,,0,0,
SBCI,Outono,TODOS,sem_intensidade,TS,0,0,,0,0,
SBCI,Outono,TODOS,sem_intensidade,TSRA,0,0,,0,0,
SBCI,Outono,TODOS,sem_intensidade,+RA,0,0,,0,0,
SBCI,Inverno,00-06,exato,TS,0,0,,0,0,
SBCI,Inverno,00-06,exato,+RA,0,0,,0,0,
SBCI,Inverno,00-06,exato,+TSRA,0,0,,0,0,
SBCI,Inverno,00-06,exato,TSRA,0,0,,0,0,
SBCI,Inverno,00-06,sem_intensidade,TS,0,0,,0,0,
SBCI,Inverno,00-06,sem_intensidade,TSRA,0,0,,0,0,
SBCI,Inverno,00-06,sem_intensidade,+RA,0,0,,0,0,
SBCI,Inverno,06-12,exato,TS,0,0,,0,0,
SBCI,Inverno,06-12,exato,+RA,0,0,,0,0,
SBCI,Inverno,06-12,exato,+TSRA,0,0,,0,0,
SBCI,Inverno,06-12,exato,TSRA,0,0,,0,0,
SBCI,Inverno,06-12,sem_intensidade,TS,0,0,,0,0,
SBCI,Inverno,06-12,sem_intensidade,TSRA,0,0,,0,0,
SBCI,Inverno,06-12,sem_intensidade,+RA,0,0,,0,0,
SBCI,Inverno,12-18,exato,TS,0,0,,0,0,
SBCI,Inverno,12-18,exato,+RA,0,0,,0,0,
SBCI,Inverno,12-18,exato,+TSRA,0,0,,0,0,
SBCI,Inverno,12-18,exato,TSRA,0,0,,0,0,
SBCI,Inverno,12-18,sem_intensidade,TS,0,0,,0,0,
SBCI,Inverno,12-18,sem_intensidade,TSRA,0,0,,0,0,
SBCI,Inverno,12-18,sem_intensidade,+RA,0,0,,0,0,
SBCI,Inverno,18-24,exato,TS,0,0,,0,0,
SBCI,Inverno,18-24,exato,+RA,0,0,,0,0,
SBCI,Inverno,18-24,exato,+TSRA,0,0,,0,0,
SBCI,Inverno,18-24,exato,TSRA,0,0,,0,0,
SBCI,Inverno,18-24,sem_intensidade,TS,0,0,,0,0,
SBCI,Inverno,18-24,sem_intensidade,TSRA,0,0,,0,0,
SBCI,Inverno,18-24,sem_intensidade,+RA,0,0,,0,0,
SBCI,Inverno,TODOS,exato,TS,0,0,,0,0,
SBCI,Inverno,TODOS,exato,+RA,0,0,,0,0,
SBCI,Inverno,TODOS,exato,+TSRA,0,0,,0,0,
SBCI,Inverno,TODOS,exato,TSRA,0,0,,0,0,
SBCI,Inverno,TODOS,sem_intensidade,TS,0,0,,0,0,
SBCI,Inverno,TODOS,sem_intensidade,TSRA,0,0,,0,0,
SBCI,Inverno,TODOS,sem_intensidade,+RA,0,0,,0,0,
SBCI,Primavera,00-06,exato,TS,0,0,,0,0,
SBCI,Primavera,00-06,exato,+RA,0,0,,0,0,
SBCI,Primavera,00-06,exato,+TSRA,0,0,,0,0,
SBCI,Primavera,00-06,exato,TSRA,0,0,,0,0,
SBCI,Primavera,00-06,sem_intensidade,TS,0,0,,0,0,
SBCI,Primavera,00-06,sem_intensidade,TSRA,0,0,,0,0,
SBCI,Primavera,00-06,sem_intensidade,+RA,0,0,,0,0,
SBCI,Primavera,06-12,exato,TS,0,0,,0,0,
SBCI,Primavera,06-12,exato,+RA,0,0,,0,0,
SBCI,Primavera,06-12,exato,+TSRA,0,0,,0,0,
SBCI,Primavera,06-12,exato,TSRA,0,0,,0,0,
SBCI,Primavera,06-12,sem_intensidade,TS,0,0,,0,0,
SBCI,Primavera,06-12,sem_intensidade,TSRA,0,0,,0,0,
SBCI,Primavera,06-12,sem_intensidade,+RA,0,0,,0,0,
SBCI,Primavera,12-18,exato,TS,0,0,,0,0,
SBCI,Primavera,12-18,exato,+RA,0,0,,0,0,
SBCI,Primavera,12-18,exato,+TSRA,0,0,,0,0,
SBCI,Primavera,12-18,exato,TSRA,0,0,,0,0,
SBCI,Primavera,12-18,sem_intensidade,TS,0,0,,0,0,
SBCI,Primavera,12-18,sem_intensidade,TSRA,0,0,,0,0,
SBCI,Primavera,12-18,sem_intensidade,+RA,0,0,,0,0,
SBCI,Primavera,18-24,exato,TS,0,0,,0,0,
SBCI,Primavera,18-24,exato,+RA,0,0,,0,0,
SBCI,Primavera,18-24,exato,+TSRA,0,0,,0,0,
SBCI,Primavera,18-24,exato,TSRA,0,0,,0,0,
SBCI,Primavera,18-24,sem_intensidade,TS,0,0,,0,0,
SBCI,Primavera,18-24,sem_intensidade,TSRA,0,0,,0,0,
SBCI,Primavera,18-24,sem_intensidade,+RA,0,0,,0,0,
SBCI,Primavera,TODOS,exato,TS,0,0,,0,0,
SBCI,Primavera,TODOS,exato,+RA,0,0,,0,0,
SBCI,Primavera,TODOS,exato,+TSRA,0,0,,0,0,
SBCI,Primavera,TODOS,exato,TSRA,0,0,,0,0,
SBCI,Primavera,TODOS,sem_intensidade,TS,0,0,,0,0,
SBCI,Primavera,TODOS,sem_intensidade,TSRA,0,0,,0,0,
SBCI,Primavera,TODOS,sem_intensidade,+RA,0,0,,0,0,
SBCI,TODAS,00-06,exato,TS,0,0,,0,0,
SBCI,TODAS,00-06,exato,+RA,0,0,,0,0,
SBCI,TODAS,00-06,exato,+TSRA,0,0,,0,0,
SBCI,TODAS,00-06,exato,TSRA,0,0,,0,0,
SBCI,TODAS,00-06,sem_intensidade,TS,0,0,,0,0,
SBCI,TODAS,00-06,sem_intensidade,TSRA,0,0,,0,0,
SBCI,TODAS,00-06,sem_intensidade,+RA,0,0,,0,0,
SBCI,TODAS,06-12,exato,TS,0,0,,0,0,
SBCI,TODAS,06-12,exato,+RA,0,0,,0,0,
SBCI,TODAS,06-12,exato,+TSRA,0,0,,0,0,
SBCI,TODAS,06-12,exato,TSRA,0,0,,0,0,
SBCI,TODAS,06-12,sem_intensidade,TS,0,0,,0,0,
SBCI,TODAS,06-12,sem_intensidade,TSRA,0,0,,0,0,
SBCI,TODAS,06-12,sem_intensidade,+RA,0,0,,0,0,
SBCI,TODAS,12-18,exato,TS,0,0,,0,0,
SBCI,TODAS,12-18,exato,+RA,0,0,,0,0,
SBCI,TODAS,12-18,exato,+TSRA,0,0,,0,0,
SBCI,TODAS,12-18,exato,TSRA,0,0,,0,0,
SBCI,TODAS,12-18,sem_intensidade,TS,0,0,,0,0,
SBCI,TODAS,12-18,sem_intensidade,TSRA,0,0,,0,0,
SBCI,TODAS,12-18,sem_intensidade,+RA,0,0,,0,0,
SBCI,TODAS,18-24,exato,TS,0,0,,0,0,
SBCI,TODAS,18-24,exato,+RA,0,0,,0,0,
SBCI,TODAS,18-24,exato,+TSRA,0,0,,0,0,
SBCI,TODAS,18-24,exato,TSRA,0,0,,0,0,
SBCI,TODAS,18-24,sem_intensidade,TS,0,0,,0,0,
SBCI,TODAS,18-24,sem_intensidade,TSRA,0,0,,0,0,
SBCI,TODAS,18-24,sem_intensidade,+RA,0,0,,0,0,
SBCI,TODAS,TODOS,exato,TS,0,0,,0,0,
SBCI,TODAS,TODOS,exato,+RA,0,0,,0,0,
SBCI,TODAS,TODOS,exato,+TSRA,0,0,,0,0,
SBCI,TODAS,TODOS,exato,TSRA,0,0,,0,0,
SBCI,TODAS,TODOS,sem_intensidade,TS,0,0,,0,0,
SBCI,TODAS,TODOS,sem_intensidade,TSRA,0,0,,0,0,
SBCI,TODAS,TODOS,sem_intensidade,+RA,0,0,,0,0,
SBCN,Verao,00-06,exato,TS,0,0,,0,0,
SBCN,Verao,00-06,exato,+RA,0,0,,0,0,
SBCN,Verao,00-06,exato,+TSRA,0,0,,0,0,
SBCN,Verao,00-06,exato,TSRA,0,0,,0,0,
SBCN,Verao,00-06,sem_intensidade,TS,0,0,,0,0,
SBCN,Verao,00-06,sem_intensidade,TSRA,0,0,,0,0,
SBCN,Verao,00-06,sem_intensidade,+RA,0,0,,0,0,
SBCN,Verao,06-12,exato,TS,0,0,,0,0,
SBCN,Verao,06-12,exato,+RA,0,0,,0,0,
SBCN,Verao,06-12,exato,+TSRA,0,0,,0,0,
SBCN,Verao,06-12,exato,TSRA,0,0,,0,0,
SBCN,Verao,06-12,sem_intensidade,TS,0,0,,0,0,
SBCN,Verao,06-12,sem_intensidade,TSRA,0,0,,0,0,
SBCN,Verao,06-12,sem_intensidade,+RA,0,0,,0,0,
SBCN,Verao,12-18,exato,TS,0,0,,0,0,
SBCN,Verao,12-18,exato,+RA,0,0,,0,0,
SBCN,Verao,12-18,exato,+TSRA,0,0,,0,0,
SBCN,Verao,12-18,exato,TSRA,0,0,,0,0,
SBCN,Verao,12-18,sem_intensidade,TS,0,0,,0,0,
SBCN,Verao,12-18,sem_intensidade,TSRA,0,0,,0,0,
SBCN,Verao,12-18,sem_intensidade,+RA,0,0,,0,0,
SBCN,Verao,18-24,exato,TS,0,0,,0,0,
SBCN,Verao,18-24,exato,+RA,0,0,,0,0,
SBCN,Verao,18-24,exato,+TSRA,0,0,,0,0,
SBCN,Verao,18-24,exato,TSRA,0,0,,0,0,
SBCN,Verao,18-24,sem_intensidade,TS,0,0,,0,0,
SBCN,Verao,18-24,sem_intensidade,TSRA,0,0,,0,0,
SBCN,Verao,18-24,sem_intensidade,+RA,0,0,,0,0,
SBCN,Verao,TODOS,exato,TS,0,0,,0,0,
SBCN,Verao,TODOS,exato,+RA,0,0,,0,0,
SBCN,Verao,TODOS,exato,+TSRA,0,0,,0,0,
SBCN,Verao,TODOS,exato,TSRA,0,0,,0,0,
SBCN,Verao,TODOS,sem_intensidade,TS,0,0,,0,0,
SBCN,Verao,TODOS,sem_intensidade,TSRA,0,0,,0,0,
SBCN,Verao,TODOS,sem_intensidade,+RA,0,0,,0,0,
SBCN,Outono,00-06,exato,TS,0,0,,0,0,
SBCN,Outono,00-06,exato,+RA,0,0,,0,0,
SBCN,Outono,00-06,exato,+TSRA,0,0,,0,0,
SBCN,Outono,00-06,exato,TSRA,0,0,,0,0,
SBCN,Outono,00-06,sem_intensidade,TS,0,0,,0,0,
SBCN,Outono,00-06,sem_intensidade,TSRA,0,0,,0,0,
SBCN,Outono,00-06,sem_intensidade,+RA,0,0,,0,0,
SBCN,Outono,06-12,exato,TS,0,0,,0,0,
SBCN,Outono,06-12,exato,+RA,0,0,,0,0,
SBCN,Outono,06-12,exato,+TSRA,0,0,,0,0,
SBCN,Outono,06-12,exato,TSRA,0,0,,0,0,
SBCN,Outono,06-12,sem_intensidade,TS,0,0,,0,0,
SBCN,Outono,06-12,sem_intensidade,TSRA,0,0,,0,0,
SBCN,Outono,06-12,sem_intensidade,+RA,0,0,,0,0,
SBCN,Outono,12-18,exato,TS,0,0,,0,0,
SBCN,Outono,12-18,exato,+RA,0,0,,0,0,
SBCN,Outono,12-18,exato,+TSRA,0,0,,0,0,
SBCN,Outono,12-18,exato,TSRA,0,0,,0,0,
SBCN,Outono,12-18,sem_intensidade,TS,0,0,,0,0,
SBCN,Outono,12-18,sem_intensidade,TSRA,0,0,,0,0,
SBCN,Outono,12-18,sem_intensidade,+RA,0,0,,0,0,
SBCN,Outono,18-24,exato,TS,0,0,,0,0,
SBCN,Outono,18-24,exato,+RA,0,0,,0,0,
SBCN,Outono,18-24,exato,+TSRA,0,0,,0,0,
SBCN,Outono,18-24,exato,TSRA,0,0,,0,0,
SBCN,Outono,18-24,sem_intensidade,TS,0,0,,0,0,
SBCN,Outono,18-24,sem_intensidade,TSRA,0,0,,0,0,
SBCN,Outono,18-24,sem_intensidade,+RA,0,0,,0,0,
SBCN,Outono,TODOS,exato,TS,0,0,,0,0,
SBCN,Outono,TODOS,exato,+RA,0,0,,0,0,
SBCN,Outono,TODOS,exato,+TSRA,0,0,,0,0,
SBCN,Outono,TODOS,exato,TSRA,0,0,,0,0,
SBCN,Outono,TODOS,sem_intensidade,TS,0,0,,0,0,
SBCN,Outono,TODOS,sem_intensidade,TSRA,0,0,,0,0,
SBCN,Outono,TODOS,sem_intensidade,+RA,0,0,,0,0,
SBCN,Inverno,00-06,exato,TS,0,0,,0,0,
SBCN,Inverno,00-06,exato,+RA,0,0,,0,0,
SBCN,Inverno,00-06,exato,+TSRA,0,0,,0,0,
SBCN,Inverno,00-06,exato,TSRA,0,0,,0,0,
SBCN,Inverno,00-06,sem_intensidade,TS,0,0,,0,0,
SBCN,Inverno,00-06,sem_intensidade,TSRA,0,0,,0,0,
SBCN,Inverno,00-06,sem_intensidade,+RA,0,0,,0,0,
SBCN,Inverno,06-12,exato,TS,0,0,,0,0,
SBCN,Inverno,06-12,exato,+RA,0,0,,0,0,
SBCN,Inverno,06-12,exato,+TSRA,0,0,,0,0,
SBCN,Inverno,06-12,exato,TSRA,0,0,,0,0,
SBCN,Inverno,06-12,sem_intensidade,TS,0,0,,0,0,
SBCN,Inverno,06-12,sem_intensidade,TSRA,0,0,,0,0,
SBCN,Inverno,06-12,sem_intensidade,+RA,0,0,,0,0,
SBCN,Inverno,12-18,exato,TS,0,0,,0,0,
SBCN,Inverno,12-18,exato,+RA,0,0,,0,0,
SBCN,Inverno,12-18,exato,+TSRA,0,0,,0,0,
SBCN,Inverno,12-18,exato,TSRA,0,0,,0,0,
SBCN,Inverno,12-18,sem_intensidade,TS,0,0,,0,0,
SBCN,Inverno,12-18,sem_intensidade,TSRA,0,0,,0,0,
SBCN,Inverno,12-18,sem_intensidade,+RA,0,0,,0,0,
SBCN,Inverno,18-24,exato,TS,0,0,,0,0,
SBCN,Inverno,18-24,exato,+RA,0,0,,0,0,
SBCN,Inverno,18-24,exato,+TSRA,0,0,,0,0,
SBCN,Inverno,18-24,exato,TSRA,0,0,,0,0,
SBCN,Inverno,18-24,sem_intensidade,TS,0,0,,0,0,
SBCN,Inverno,18-24,sem_intensidade,TSRA,0,0,,0,0,
SBCN,Inverno,18-24,sem_intensidade,+RA,0,0,,0,0,
SBCN,Inverno,TODOS,exato,TS,0,0,,0,0,
SBCN,Inverno,TODOS,exato,+RA,0,0,,0,0,
SBCN,Inverno,TODOS,exato,+TSRA,0,0,,0,0,
SBCN,Inverno,TODOS,exato,TSRA,0,0,,0,0,
SBCN,Inverno,TODOS,sem_intensidade,TS,0,0,,0,0,
SBCN,Inverno,TODOS,sem_intensidade,TSRA,0,0,,0,0,
SBCN,Inverno,TODOS,sem_intensidade,+RA,0,0,,0,0,
SBCN,Primavera,00-06,exato,TS,0,0,,0,0,
SBCN,Primavera,00-06,exato,+RA,0,0,,0,0,
SBCN,Primavera,00-06,exato,+TSRA,0,0,,0,0,
SBCN,Primavera,00-06,exato,TSRA,0,0,,0,0,
SBCN,Primavera,00-06,sem_intensidade,TS,0,0,,0,0,
SBCN,Primavera,00-06,sem_intensidade,TSRA,0,0,,0,0,
SBCN,Primavera,00-06,sem_intensidade,+RA,0,0,,0,0,
SBCN,Primavera,06-12,exato,TS,0,0,,0,0,
SBCN,Primavera,06-12,exato,+RA,0,0,,0,0,
SBCN,Primavera,06-12,exato,+TSRA,0,0,,0,0,
SBCN,Primavera,06-12,exato,TSRA,0,0,,0,0,
SBCN,Primavera,06-12,sem_intensidade,TS,0,0,,0,0,
SBCN,Primavera,06-12,sem_intensidade,TSRA,0,0,,0,0,
SBCN,Primavera,06-12,sem_intensidade,+RA,0,0,,0,0,
SBCN,Primavera,12-18,exato,TS,0,0,,0,0,
SBCN,Primavera,12-18,exato,+RA,0,0,,0,0,
SBCN,Primavera,12-18,exato,+TSRA,0,0,,0,0,
SBCN,Primavera,12-18,exato,TSRA,0,0,,0,0,
SBCN,Primavera,12-18,sem_intensidade,TS,0,0,,0,0,
SBCN,Primavera,12-18,sem_intensidade,TSRA,0,0,,0,0,
SBCN,Primavera,12-18,sem_intensidade,+RA,0,0,,0,0,
SBCN,Primavera,18-24,exato,TS,0,0,,0,0,
SBCN,Primavera,18-24,exato,+RA,0,0,,0,0,
SBCN,Primavera,18-24,exato,+TSRA,0,0,,0,0,
SBCN,Primavera,18-24,exato,TSRA,0,0,,0,0,
SBCN,Primavera,18-24,sem_intensidade,TS,0,0,,0,0,
SBCN,Primavera,18-24,sem_intensidade,TSRA,0,0,,0,0,
SBCN,Primavera,18-24,sem_intensidade,+RA,0,0,,0,0,
SBCN,Primavera,TODOS,exato,TS,0,0,,0,0,
SBCN,Primavera,TODOS,exato,+RA,0,0,,0,0,
SBCN,Primavera,TODOS,exato,+TSRA,0,0,,0,0,
SBCN,Primavera,TODOS,exato,TSRA,0,0,,0,0,
SBCN,Primavera,TODOS,sem_intensidade,TS,0,0,,0,0,
SBCN,Primavera,TODOS,sem_intensidade,TSRA,0,0,,0,0,
SBCN,Primavera,TODOS,sem_intensidade,+RA,0,0,,0,0,
SBCN,TODAS,00-06,exato,TS,0,0,,0,0,
SBCN,TODAS,00-06,exato,+RA,0,0,,0,0,
SBCN,TODAS,00-06,exato,+TSRA,0,0,,0,0,
SBCN,TODAS,00-06,exato,TSRA,0,0,,0,0,
SBCN,TODAS,00-06,sem_intensidade,TS,0,0,,0,0,
SBCN,TODAS,00-06,sem_intensidade,TSRA,0,0,,0,0,
SBCN,TODAS,00-06,sem_intensidade,+RA,0,0,,0,0,
SBCN,TODAS,06-12,exato,TS,0,0,,0,0,
SBCN,TODAS,06-12,exato,+RA,0,0,,0,0,
SBCN,TODAS,06-12,exato,+TSRA,0,0,,0,0,
SBCN,TODAS,06-12,exato,TSRA,0,0,,0,0,
SBCN,TODAS,06-12,sem_intensidade,TS,0,0,,0,0,
SBCN,TODAS,06-12,sem_intensidade,TSRA,0,0,,0,0,
SBCN,TODAS,06-12,sem_intensidade,+RA,0,0,,0,0,
SBCN,TODAS,12-18,exato,TS,0,0,,0,0,
SBCN,TODAS,12-18,exato,+RA,0,0,,0,0,
SBCN,TODAS,12-18,exato,+TSRA,0,0,,0,0,
SBCN,TODAS,12-18,exato,TSRA,0,0,,0,0,
SBCN,TODAS,12-18,sem_intensidade,TS,0,0,,0,0,
SBCN,TODAS,12-18,sem_intensidade,TSRA,0,0,,0,0,
SBCN,TODAS,12-18,sem_intensidade,+RA,0,0,,0,0,
SBCN,TODAS,18-24,exato,TS,0,0,,0,0,
SBCN,TODAS,18-24,exato,+RA,0,0,,0,0,
SBCN,TODAS,18-24,exato,+TSRA,0,0,,0,0,
SBCN,TODAS,18-24,exato,TSRA,0,0,,0,0,
SBCN,TODAS,18-24,sem_intensidade,TS,0,0,,0,0,
SBCN,TODAS,18-24,sem_intensidade,TSRA,0,0,,0,0,
SBCN,TODAS,18-24,sem_intensidade,+RA,0,0,,0,0,
SBCN,TODAS,TODOS,exato,TS,0,0,,0,0,
SBCN,TODAS,TODOS,exato,+RA,0,0,,0,0,
SBCN,TODAS,TODOS,exato,+TSRA,0,0,,0,0,
SBCN,TODAS,TODOS,exato,TSRA,0,0,,0,0,
SBCN,TODAS,TODOS,sem_intensidade,TS,0,0,,0,0,
SBCN,TODAS,TODOS,sem_intensidade,TSRA,0,0,,0,0,
SBCN,TODAS,TODOS,sem_intensidade,+RA,0,0,,0,0,
SBCO,Verao,00-06,exato,TS,0,0,,0,0,
SBCO,Verao,00-06,exato,+RA,0,0,,0,0,
SBCO,Verao,00-06,exato,+TSRA,0,0,,0,0,
SBCO,Verao,00-06,exato,TSRA,0,0,,0,0,
SBCO,Verao,00-06,sem_intensidade,TS,0,0,,0,0,
SBCO,Verao,00-06,sem_intensidade,TSRA,0,0,,0,0,
SBCO,Verao,00-06,sem_intensidade,+RA,0,0,,0,0,
SBCO,Verao,06-12,exato,TS,0,0,,0,0,
SBCO,Verao,06-12,exato,+RA,0,0,,0,0,
SBCO,Verao,06-12,exato,+TSRA,0,0,,0,0,
SBCO,Verao,06-12,exato,TSRA,0,0,,0,0,
SBCO,Verao,06-12,sem_intensidade,TS,0,0,,0,0,
SBCO,Verao,06-12,sem_intensidade,TSRA,0,0,,0,0,
SBCO,Verao,06-12,sem_intensidade,+RA,0,0,,0,0,
SBCO,Verao,12-18,exato,TS,0,0,,0,0,
SBCO,Verao,12-18,exato,+RA,0,0,,0,0,
SBCO,Verao,12-18,exato,+TSRA,0,0,,0,0,
SBCO,Verao,12-18,exato,TSRA,0,0,,0,0,
SBCO,Verao,12-18,sem_intensidade,TS,0,0,,0,0,
SBCO,Verao,12-18,sem_intensidade,TSRA,0,0,,0,0,
SBCO,Verao,12-18,sem_intensidade,+RA,0,0,,0,0,
SBCO,Verao,18-24,exato,TS,0,0,,0,0,
SBCO,Verao,18-24,exato,+RA,0,0,,0,0,
SBCO,Verao,18-24,exato,+TSRA,0,0,,0,0,
SBCO,Verao,18-24,exato,TSRA,0,0,,0,0,
SBCO,Verao,18-24,sem_intensidade,TS,0,0,,0,0,
SBCO,Verao,18-24,sem_intensidade,TSRA,0,0,,0,0,
SBCO,Verao,18-24,sem_intensidade,+RA,0,0,,0,0,
SBCO,Verao,TODOS,exato,TS,0,0,,0,0,
SBCO,Verao,TODOS,exato,+RA,0,0,,0,0,
SBCO,Verao,TODOS,exato,+TSRA,0,0,,0,0,
SBCO,Verao,TODOS,exato,TSRA,0,0,,0,0,
SBCO,Verao,TODOS,sem_intensidade,TS,0,0,,0,0,
SBCO,Verao,TODOS,sem_intensidade,TSRA,0,0,,0,0,
SBCO,Verao,TODOS,sem_intensidade,+RA,0,0,,0,0,
SBCO,Outono,00-06,exato,TS,0,0,,0,0,
SBCO,Outono,00-06,exato,+RA,0,0,,0,0,
SBCO,Outono,00-06,exato,+TSRA,0,0,,0,0,
SBCO,Outono,00-06,exato,TSRA,0,0,,0,0,
SBCO,Outono,00-06,sem_intensidade,TS,0,0,,0,0,
SBCO,Outono,00-06,sem_intensidade,TSRA,0,0,,0,0,
SBCO,Outono,00-06,sem_intensidade,+RA,0,0,,0,0,
SBCO,Outono,06-12,exato,TS,0,0,,0,0,
SBCO,Outono,06-12,exato,+RA,0,0,,0,0,
SBCO,Outono,06-12,exato,+TSRA,0,0,,0,0,
SBCO,Outono,06-12,exato,TSRA,0,0,,0,0,
SBCO,Outono,06-12,sem_intensidade,TS,0,0,,0,0,
SBCO,Outono,06-12,sem_intensidade,TSRA,0,0,,0,0,
SBCO,Outono,06-12,sem_intensidade,+RA,0,0,,0,0,
SBCO,Outono,12-18,exato,TS,0,0,,0,0,
SBCO,Outono,12-18,exato,+RA,0,0,,0,0,
SBCO,Outono,12-18,exato,+TSRA,0,0,,0,0,
SBCO,Outono,12-18,exato,TSRA,0,0,,0,0,
SBCO,Outono,12-18,sem_intensidade,TS,0,0,,0,0,
SBCO,Outono,12-18,sem_intensidade,TSRA,0,0,,0,0,
SBCO,Outono,12-18,sem_intensidade,+RA,0,0,,0,0,
SBCO,Outono,18-24,exato,TS,0,0,,0,0,
SBCO,Outono,18-24,exato,+RA,0,0,,0,0,
SBCO,Outono,18-24,exato,+TSRA,0,0,,0,0,
SBCO,Outono,18-24,exato,TSRA,0,0,,0,0,
SBCO,Outono,18-24,sem_intensidade,TS,0,0,,0,0,
SBCO,Outono,18-24,sem_intensidade,TSRA,0,0,,0,0,
SBCO,Outono,18-24,sem_intensidade,+RA,0,0,,0,0,
SBCO,Outono,TODOS,exato,TS,0,0,,0,0,
SBCO,Outono,TODOS,exato,+RA,0,0,,0,0,
SBCO,Outono,TODOS,exato,+TSRA,0,0,,0,0,
SBCO,Outono,TODOS,exato,TSRA,0,0,,0,0,
SBCO,Outono,TODOS,sem_intensidade,TS,0,0,,0,0,
SBCO,Outono,TODOS,sem_intensidade,TSRA,0,0,,0,0,
SBCO,Outono,TODOS,sem_intensidade,+RA,0,0,,0,0,
SBCO,Inverno,00-06,exato,TS,0,0,,0,0,
SBCO,Inverno,00-06,exato,+RA,0,0,,0,0,
SBCO,Inverno,00-06,exato,+TSRA,0,0,,0,0,
SBCO,Inverno,00-06,exato,TSRA,0,0,,0,0,
SBCO,Inverno,00-06,sem_intensidade,TS,0,0,,0,0,
SBCO,Inverno,00-06,sem_intensidade,TSRA,0,0,,0,0,
SBCO,Inverno,00-06,sem_intensidade,+RA,0,0,,0,0,
SBCO,Inverno,06-12,exato,TS,0,0,,0,0,
SBCO,Inverno,06-12,exato,+RA,0,0,,0,0,
SBCO,Inverno,06-12,exato,+TSRA,0,0,,0,0,
SBCO,Inverno,06-12,exato,TSRA,0,0,,0,0,
SBCO,Inverno,06-12,sem_intensidade,TS,0,0,,0,0,
SBCO,Inverno,06-12,sem_intensidade,TSRA,0,0,,0,0,
SBCO,Inverno,06-12,sem_intensidade,+RA,0,0,,0,0,
SBCO,Inverno,12-18,exato,TS,0,0,,0,0,
SBCO,Inverno,12-18,exato,+RA,0,0,,0,0,
SBCO,Inverno,12-18,exato,+TSRA,0,0,,0,0,
SBCO,Inverno,12-18,exato,TSRA,0,0,,0,0,
SBCO,Inverno,12-18,sem_intensidade,TS,0,0,,0,0,
SBCO,Inverno,12-18,sem_intensidade,TSRA,0,0,,0,0,
SBCO,Inverno,12-18,sem_intensidade,+RA,0,0,,0,0,
SBCO,Inverno,18-24,exato,TS,0,0,,0,0,
SBCO,Inverno,18-24,exato,+RA,0,0,,0,0,
SBCO,Inverno,18-24,exato,+TSRA,0,0,,0,0,
SBCO,Inverno,18-24,exato,TSRA,0,0,,0,0,
SBCO,Inverno,18-24,sem_intensidade,TS,0,0,,0,0,
SBCO,Inverno,18-24,sem_intensidade,TSRA,0,0,,0,0,
SBCO,Inverno,18-24,sem_intensidade,+RA,0,0,,0,0,
SBCO,Inverno,TODOS,exato,TS,0,0,,0,0,
SBCO,Inverno,TODOS,exato,+RA,0,0,,0,0,
SBCO,Inverno,TODOS,exato,+TSRA,0,0,,0,0,
SBCO,Inverno,TODOS,exato,TSRA,0,0,,0,0,
SBCO,Inverno,TODOS,sem_intensidade,TS,0,0,,0,0,
SBCO,Inverno,TODOS,sem_intensidade,TSRA,0,0,,0,0,
SBCO,Inverno,TODOS,sem_intensidade,+RA,0,0,,0,0,
SBCO,Primavera,00-06,exato,TS,0,0,,0,0,
SBCO,Primavera,00-06,exato,+RA,0,0,,0,0,
SBCO,Primavera,00-06,exato,+TSRA,0,0,,0,0,
SBCO,Primavera,00-06,exato,TSRA,0,0,,0,0,
SBCO,Primavera,00-06,sem_intensidade,TS,0,0,,0,0,
SBCO,Primavera,00-06,sem_intensidade,TSRA,0,0,,0,0,
SBCO,Primavera,00-06,sem_intensidade,+RA,0,0,,0,0,
SBCO,Primavera,06-12,exato,TS,0,0,,0,0,
SBCO,Primavera,06-12,exato,+RA,0,0,,0,0,
SBCO,Primavera,06-12,exato,+TSRA,0,0,,0,0,
SBCO,Primavera,06-12,exato,TSRA,0,0,,0,0,
SBCO,Primavera,06-12,sem_intensidade,TS,0,0,,0,0,
SBCO,Primavera,06-12,sem_intensidade,TSRA,0,0,,0,0,
SBCO,Primavera,06-12,sem_intensidade,+RA,0,0,,0,0,
SBCO,Primavera,12-18,exato,TS,0,0,,0,0,
SBCO,Primavera,12-18,exato,+RA,0,0,,0,0,
SBCO,Primavera,12-18,exato,+TSRA,0,0,,0,0,
SBCO,Primavera,12-18,exato,TSRA,0,0,,0,0,
SBCO,Primavera,12-18,sem_intensidade,TS,0,0,,0,0,
SBCO,Primavera,12-18,sem_intensidade,TSRA,0,0,,0,0,
SBCO,Primavera,12-18,sem_intensidade,+RA,0,0,,0,0,
SBCO,Primavera,18-24,exato,TS,0,0,,0,0,
SBCO,Primavera,18-24,exato,+RA,0,0,,0,0,
SBCO,Primavera,18-24,exato,+TSRA,0,0,,0,0,
SBCO,Primavera,18-24,exato,TSRA,0,0,,0,0,
SBCO,Primavera,18-24,sem_intensidade,TS,0,0,,0,0,
SBCO,Primavera,18-24,sem_intensidade,TSRA,0,0,,0,0,
SBCO,Primavera,18-24,sem_intensidade,+RA,0,0,,0,0,
SBCO,Primavera,TODOS,exato,TS,0,0,,0,0,
SBCO,Primavera,TODOS,exato,+RA,0,0,,0,0,
SBCO,Primavera,TODOS,exato,+TSRA,0,0,,0,0,
SBCO,Primavera,TODOS,exato,TSRA,0,0,,0,0,
SBCO,Primavera,TODOS,sem_intensidade,TS,0,0,,0,0,
SBCO,Primavera,TODOS,sem_intensidade,TSRA,0,0,,0,0,
SBCO,Primavera,TODOS,sem_intensidade,+RA,0,0,,0,0,
SBCO,TODAS,00-06,exato,TS,0,0,,0,0,
SBCO,TODAS,00-06,exato,+RA,0,0,,0,0,
SBCO,TODAS,00-06,exato,+TSRA,0,0,,0,0,
SBCO,TODAS,00-06,exato,TSRA,0,0,,0,0,
SBCO,TODAS,00-06,sem_intensidade,TS,0,0,,0,0,
SBCO,TODAS,00-06,sem_intensidade,TSRA,0,0,,0,0,
SBCO,TODAS,00-06,sem_intensidade,+RA,0,0,,0,0,
SBCO,TODAS,06-12,exato,TS,0,0,,0,0,
SBCO,TODAS,06-12,exato,+RA,0,0,,0,0,
SBCO,TODAS,06-12,exato,+TSRA,0,0,,0,0,
SBCO,TODAS,06-12,exato,TSRA,0,0,,0,0,
SBCO,TODAS,06-12,sem_intensidade,TS,0,0,,0,0,
SBCO,TODAS,06-12,sem_intensidade,TSRA,0,0,,0,0,
SBCO,TODAS,06-12,sem_intensidade,+RA,0,0,,0,0,
SBCO,TODAS,12-18,exato,TS,0,0,,0,0,
SBCO,TODAS,12-18,exato,+RA,0,0,,0,0,
SBCO,TODAS,12-18,exato,+TSRA,0,0,,0,0,
SBCO,TODAS,12-18,exato,TSRA,0,0,,0,0,
SBCO,TODAS,12-18,sem_intensidade,TS,0,0,,0,0,
SBCO,TODAS,12-18,sem_intensidade,TSRA,0,0,,0,0,
SBCO,TODAS,12-18,sem_intensidade,+RA,0,0,,0,0,
SBCO,TODAS,18-24,exato,TS,0,0,,0,0,
SBCO,TODAS,18-24,exato,+RA,0,0,,0,0,
SBCO,TODAS,18-24,exato,+TSRA,0,0,,0,0,
SBCO,TODAS,18-24,exato,TSRA,0,0,,0,0,
SBCO,TODAS,18-24,sem_intensidade,TS,0,0,,0,0,
SBCO,TODAS,18-24,sem_intensidade,TSRA,0,0,,0,0,
SBCO,TODAS,18-24,sem_intensidade,+RA,0,0,,0,0,
SBCO,TODAS,TODOS,exato,TS,0,0,,0,0,
SBCO,TODAS,TODOS,exato,+RA,0,0,,0,0,
SBCO,TODAS,TODOS,exato,+TSRA,0,0,,0,0,
SBCO,TODAS,TODOS,exato,TSRA,0,0,,0,0,
SBCO,TODAS,TODOS,sem_intensidade,TS,0,0,,0,0,
SBCO,TODAS,TODOS,sem_intensidade,TSRA,0,0,,0,0,
SBCO,TODAS,TODOS,sem_intensidade,+RA,0,0,,0,0,
SBCR,Verao,00-06,exato,TS,0,0,,0,0,
SBCR,Verao,00-06,exato,+RA,0,0,,0,0,
SBCR,Verao,00-06,exato,+TSRA,0,0,,0,0,
SBCR,Verao,00-06,exato,TSRA,0,0,,0,0,
SBCR,Verao,00-06,sem_intensidade,TS,0,0,,0,0,
SBCR,Verao,00-06,sem_intensidade,TSRA,0,0,,0,0,
SBCR,Verao,00-06,sem_intensidade,+RA,0,0,,0,0,
SBCR,Verao,06-12,exato,TS,0,0,,0,0,
SBCR,Verao,06-12,exato,+RA,0,0,,0,0,
SBCR,Verao,06-12,exato,+TSRA,0,0,,0,0,
SBCR,Verao,06-12,exato,TSRA,0,0,,0,0,
SBCR,Verao,06-12,sem_intensidade,TS,0,0,,0,0,
SBCR,Verao,06-12,sem_intensidade,TSRA,0,0,,0,0,
SBCR,Verao,06-12,sem_intensidade,+RA,0,0,,0,0,
SBCR,Verao,12-18,exato,TS,0,0,,0,0,
SBCR,Verao,12-18,exato,+RA,0,0,,0,0,
SBCR,Verao,12-18,exato,+TSRA,0,0,,0,0,
SBCR,Verao,12-18,exato,TSRA,0,0,,0,0,
SBCR,Verao,12-18,sem_intensidade,TS,0,0,,0,0,
SBCR,Verao,12-18,sem_intensidade,TSRA,0,0,,0,0,
SBCR,Verao,12-18,sem_intensidade,+RA,0,0,,0,0,
SBCR,Verao,18-24,exato,TS,0,0,,0,0,
SBCR,Verao,18-24,exato,+RA,0,0,,0,0,
SBCR,Verao,18-24,exato,+TSRA,0,0,,0,0,
SBCR,Verao,18-24,exato,TSRA,0,0,,0,0,
SBCR,Verao,18-24,sem_intensidade,TS,0,0,,0,0,
SBCR,Verao,18-24,sem_intensidade,TSRA,0,0,,0,0,
SBCR,Verao,18-24,sem_intensidade,+RA,0,0,,0,0,
SBCR,Verao,TODOS,exato,TS,0,0,,0,0,
SBCR,Verao,TODOS,exato,+RA,0,0,,0,0,
SBCR,Verao,TODOS,exato,+TSRA,0,0,,0,0,
SBCR,Verao,TODOS,exato,TSRA,0,0,,0,0,
SBCR,Verao,TODOS,sem_intensidade,TS,0,0,,0,0,
SBCR,Verao,TODOS,sem_intensidade,TSRA,0,0,,0,0,
SBCR,Verao,TODOS,sem_intensidade,+RA,0,0,,0,0,
SBCR,Outono,00-06,exato,TS,0,0,,0,0,
SBCR,Outono,00-06,exato,+RA,0,0,,0,0,
SBCR,Outono,00-06,exato,+TSRA,0,0,,0,0,
SBCR,Outono,00-06,exato,TSRA,0,0,,0,0,
SBCR,Outono,00-06,sem_intensidade,TS,0,0,,0,0,
SBCR,Outono,00-06,sem_intensidade,TSRA,0,0,,0,0,
SBCR,Outono,00-06,sem_intensidade,+RA,0,0,,0,0,
SBCR,Outono,06-12,exato,TS,0,0,,0,0,
SBCR,Outono,06-12,exato,+RA,0,0,,0,0,
SBCR,Outono,06-12,exato,+TSRA,0,0,,0,0,
SBCR,Outono,06-12,exato,TSRA,0,0,,0,0,
SBCR,Outono,06-12,sem_intensidade,TS,0,0,,0,0,
SBCR,Outono,06-12,sem_intensidade,TSRA,0,0,,0,0,
SBCR,Outono,06-12,sem_intensidade,+RA,0,0,,0,0,
SBCR,Outono,12-18,exato,TS,0,0,,0,0,
SBCR,Outono,12-18,exato,+RA,0,0,,0,0,
SBCR,Outono,12-18,exato,+TSRA,0,0,,0,0,
SBCR,Outono,12-18,exato,TSRA,0,0,,0,0,
SBCR,Outono,12-18,sem_intensidade,TS,0,0,,0,0,
SBCR,Outono,12-18,sem_intensidade,TSRA,0,0,,0,0,
SBCR,Outono,12-18,sem_intensidade,+RA,0,0,,0,0,
SBCR,Outono,18-24,exato,TS,0,0,,0,0,
SBCR,Outono,18-24,exato,+RA,0,0,,0,0,
SBCR,Outono,18-24,exato,+TSRA,0,0,,0,0,
SBCR,Outono,18-24,exato,TSRA,0,0,,0,0,
SBCR,Outono,18-24,sem_intensidade,TS,0,0,,0,0,
SBCR,Outono,18-24,sem_intensidade,TSRA,0,0,,0,0,
SBCR,Outono,18-24,sem_intensidade,+RA,0,0,,0,0,
SBCR,Outono,TODOS,exato,TS,0,0,,0,0,
SBCR,Outono,TODOS,exato,+RA,0,0,,0,0,
SBCR,Outono,TODOS,exato,+TSRA,0,0,,0,0,
SBCR,Outono,TODOS,exato,TSRA,0,0,,0,0,
SBCR,Outono,TODOS,sem_intensidade,TS,0,0,,0,0,
SBCR,Outono,TODOS,sem_intensidade,TSRA,0,0,,0,0,
SBCR,Outono,TODOS,sem_intensidade,+RA,0,0,,0,0,
SBCR,Inverno,00-06,exato,TS,0,0,,0,0,
SBCR,Inverno,00-06,exato,+RA,0,0,,0,0,
SBCR,Inverno,00-06,exato,+TSRA,0,0,,0,0,
SBCR,Inverno,00-06,exato,TSRA,0,0,,0,0,
SBCR,Inverno,00-06,sem_intensidade,TS,0,0,,0,0,
SBCR,Inverno,00-06,sem_intensidade,TSRA,0,0,,0,0,
SBCR,Inverno,00-06,sem_intensidade,+RA,0,0,,0,0,
SBCR,Inverno,06-12,exato,TS,0,0,,0,0,
SBCR,Inverno,06-12,exato,+RA,0,0,,0,0,
SBCR,Inverno,06-12,exato,+TSRA,0,0,,0,0,
SBCR,Inverno,06-12,exato,TSRA,0,0,,0,0,
SBCR,Inverno,06-12,sem_intensidade,TS,0,0,,0,0,
SBCR,Inverno,06-12,sem_intensidade,TSRA,0,0,,0,0,
SBCR,Inverno,06-12,sem_intensidade,+RA,0,0,,0,0,
SBCR,Inverno,12-18,exato,TS,0,0,,0,0,
SBCR,Inverno,12-18,exato,+RA,0,0,,0,0,
SBCR,Inverno,12-18,exato,+TSRA,0,0,,0,0,
SBCR,Inverno,12-18,exato,TSRA,0,0,,0,0,
SBCR,Inverno,12-18,sem_intensidade,TS,0,0,,0,0,
SBCR,Inverno,12-18,sem_intensidade,TSRA,0,0,,0,0,
SBCR,Inverno,12-18,sem_intensidade,+RA,0,0,,0,0,
SBCR,Inverno,18-24,exato,TS,0,0,,0,0,
SBCR,Inverno,18-24,exato,+RA,0,0,,0,0,
SBCR,Inverno,18-24,exato,+TSRA,0,0,,0,0,
SBCR,Inverno,18-24,exato,TSRA,0,0,,0,0,
SBCR,Inverno,18-24,sem_intensidade,TS,0,0,,0,0,
SBCR,Inverno,18-24,sem_intensidade,TSRA,0,0,,0,0,
SBCR,Inverno,18-24,sem_intensidade,+RA,0,0,,0,0,
SBCR,Inverno,TODOS,exato,TS,0,0,,0,0,
SBCR,Inverno,TODOS,exato,+RA,0,0,,0,0,
SBCR,Inverno,TODOS,exato,+TSRA,0,0,,0,0,
SBCR,Inverno,TODOS,exato,TSRA,0,0,,0,0,
SBCR,Inverno,TODOS,sem_intensidade,TS,0,0,,0,0,
SBCR,Inverno,TODOS,sem_intensidade,TSRA,0,0,,0,0,
SBCR,Inverno,TODOS,sem_intensidade,+RA,0,0,,0,0,
SBCR,Primavera,00-06,exato,TS,0,0,,0,0,
SBCR,Primavera,00-06,exato,+RA,0,0,,0,0,
SBCR,Primavera,00-06,exato,+TSRA,0,0,,0,0,
SBCR,Primavera,00-06,exato,TSRA,0,0,,0,0,
SBCR,Primavera,00-06,sem_intensidade,TS,0,0,,0,0,
SBCR,Primavera,00-06,sem_intensidade,TSRA,0,0,,0,0,
SBCR,Primavera,00-06,sem_intensidade,+RA,0,0,,0,0,
SBCR,Primavera,06-12,exato,TS,0,0,,0,0,
SBCR,Primavera,06-12,exato,+RA,0,0,,0,0,
SBCR,Primavera,06-12,exato,+TSRA,0,0,,0,0,
SBCR,Primavera,06-12,exato,TSRA,0,0,,0,0,
SBCR,Primavera,06-12,sem_intensidade,TS,0,0,,0,0,
SBCR,Primavera,06-12,sem_intensidade,TSRA,0,0,,0,0,
SBCR,Primavera,06-12,sem_intensidade,+RA,0,0,,0,0,
SBCR,Primavera,12-18,exato,TS,0,0,,0,0,
SBCR,Primavera,12-18,exato,+RA,0,0,,0,0,
SBCR,Primavera,12-18,exato,+TSRA,0,0,,0,0,
SBCR,Primavera,12-18,exato,TSRA,0,0,,0,0,
SBCR,Primavera,12-18,sem_intensidade,TS,0,0,,0,0,
SBCR,Primavera,12-18,sem_intensidade,TSRA,0,0,,0,0,
SBCR,Primavera,12-18,sem_intensidade,+RA,0,0,,0,0,
SBCR,Primavera,18-24,exato,TS,0,0,,0,0,
SBCR,Primavera,18-24,exato,+RA,0,0,,0,0,
SBCR,Primavera,18-24,exato,+TSRA,0,0,,0,0,
SBCR,Primavera,18-24,exato,TSRA,0,0,,0,0,
SBCR,Primavera,18-24,sem_intensidade,TS,0,0,,0,0,
SBCR,Primavera,18-24,sem_intensidade,TSRA,0,0,,0,0,
SBCR,Primavera,18-24,sem_intensidade,+RA,0,0,,0,0,
SBCR,Primavera,TODOS,exato,TS,0,0,,0,0,
SBCR,Primavera,TODOS,exato,+RA,0,0,,0,0,
SBCR,Primavera,TODOS,exato,+TSRA,0,0,,0,0,
SBCR,Primavera,TODOS,exato,TSRA,0,0,,0,0,
SBCR,Primavera,TODOS,sem_intensidade,TS,0,0,,0,0,
SBCR,Primavera,TODOS,sem_intensidade,TSRA,0,0,,0,0,
SBCR,Primavera,TODOS,sem_intensidade,+RA,0,0,,0,0,
SBCR,TODAS,00-06,exato,TS,0,0,,0,0,
SBCR,TODAS,00-06,exato,+RA,0,0,,0,0,
SBCR,TODAS,00-06,exato,+TSRA,0,0,,0,0,
SBCR,TODAS,00-06,exato,TSRA,0,0,,0,0,
SBCR,TODAS,00-06,sem_intensidade,TS,0,0,,0,0,
SBCR,TODAS,00-06,sem_intensidade,TSRA,0,0,,0,0,
SBCR,TODAS,00-06,sem_intensidade,+RA,0,0,,0,0,
SBCR,TODAS,06-12,exato,TS,0,0,,0,0,
SBCR,TODAS,06-12,exato,+RA,0,0,,0,0,
SBCR,TODAS,06-12,exato,+TSRA,0,0,,0,0,
SBCR,TODAS,06-12,exato,TSRA,0,0,,0,0,
SBCR,TODAS,06-12,sem_intensidade,TS,0,0,,0,0,
SBCR,TODAS,06-12,sem_intensidade,TSRA,0,0,,0,0,
SBCR,TODAS,06-12,sem_intensidade,+RA,0,0,,0,0,
SBCR,TODAS,12-18,exato,TS,0,0,,0,0,
SBCR,TODAS,12-18,exato,+RA,0,0,,0,0,
SBCR,TODAS,12-18,exato,+TSRA,0,0,,0,0,
SBCR,TODAS,12-18,exato,TSRA,0,0,,0,0,
SBCR,TODAS,12-18,sem_intensidade,TS,0,0,,0,0,
SBCR,TODAS,12-18,sem_intensidade,TSRA,0,0,,0,0,
SBCR,TODAS,12-18,sem_intensidade,+RA,0,0,,0,0,
SBCR,TODAS,18-24,exato,TS,0,0,,0,0,
SBCR,TODAS,18-24,exato,+RA,0,0,,0,0,
SBCR,TODAS,18-24,exato,+TSRA,0,0,,0,0,
SBCR,TODAS,18-24,exato,TSRA,0,0,,0,0,
SBCR,TODAS,18-24,sem_intensidade,TS,0,0,,0,0,
SBCR,TODAS,18-24,sem_intensidade,TSRA,0,0,,0,0,
SBCR,TODAS,18-24,sem_intensidade,+RA,0,0,,0,0,
SBCR,TODAS,TODOS,exato,TS,0,0,,0,0,
SBCR,TODAS,TODOS,exato,+RA,0,0,,0,0,
SBCR,TODAS,TODOS,exato,+TSRA,0,0,,0,0,
SBCR,TODAS,TODOS,exato,TSRA,0,0,,0,0,
SBCR,TODAS,TODOS,sem_intensidade,TS,0,0,,0,0,
SBCR,TODAS,TODOS,sem_intensidade,TSRA,0,0,,0,0,
SBCR,TODAS,TODOS,sem_intensidade,+RA,0,0,,0,0,
SBCT,Verao,00-06,exato,TS,0,0,,7,0,0.0
SBCT,Verao,00-06,exato,+RA,0,0,,0,0,
SBCT,Verao,00-06,exato,+TSRA,0,0,,7,0,0.0
SBCT,Verao,00-06,exato,TSRA,35,0,0.0,5,0,0.0
SBCT,Verao,00-06,sem_intensidade,TS,0,0,,7,0,0.0
SBCT,Verao,00-06,sem_intensidade,TSRA,47,0,0.0,24,0,0.0
SBCT,Verao,00-06,sem_intensidade,+RA,0,0,,0,0,
SBCT,Verao,06-12,exato,TS,0,0,,0,0,
SBCT,Verao,06-12,exato,+RA,0,0,,0,0,
SBCT,Verao,06-12,exato,+TSRA,0,0,,0,0,
SBCT,Verao,06-12,exato,TSRA,12,0,0.0,0,0,
SBCT,Verao,06-12,sem_intensidade,TS,0,0,,0,0,
SBCT,Verao,06-12,sem_intensidade,TSRA,12,5,41.7,18,5,27.8
SBCT,Verao,06-12,sem_intensidade,+RA,0,0,,0,0,
SBCT,Verao,12-18,exato,TS,0,0,,20,0,0.0
SBCT,Verao,12-18,exato,+RA,0,0,,0,0,
SBCT,Verao,12-18,exato,+TSRA,0,0,,0,0,
SBCT,Verao,12-18,exato,TSRA,121,0,0.0,1,0,0.0
SBCT,Verao,12-18,sem_intensidade,TS,0,0,,20,0,0.0
SBCT,Verao,12-18,sem_intensidade,TSRA,127,1,0.8,18,1,5.6
SBCT,Verao,12-18,sem_intensidade,+RA,0,0,,0,0,
SBCT,Verao,18-24,exato,TS,7,0,0.0,97,0,0.0
SBCT,Verao,18-24,exato,+RA,0,0,,0,0,
SBCT,Verao,18-24,exato,+TSRA,28,0,0.0,14,0,0.0
SBCT,Verao,18-24,exato,TSRA,348,2,0.6,22,2,9.1
SBCT,Verao,18-24,sem_intensidade,TS,7,0,0.0,97,0,0.0
SBCT,Verao,18-24,sem_intensidade,TSRA,462,43,9.3,109,43,39.4
SBCT,Verao,18-24,sem_intensidade,+RA,0,0,,0,0,
SBCT,Verao,TODOS,exato,TS,7,0,0.0,124,0,0.0
SBCT,Verao,TODOS,exato,+RA,0,0,,0,0,
SBCT,Verao,TODOS,exato,+TSRA,28,0,0.0,21,0,0.0
SBCT,Verao,TODOS,exato,TSRA,516,2,0.4,28,2,7.1
SBCT,Verao,TODOS,sem_intensidade,TS,7,0,0.0,124,0,0.0
SBCT,Verao,TODOS,sem_intensidade,TSRA,648,49,7.6,169,49,29.0
SBCT,Verao,TODOS,sem_intensidade,+RA,0,0,,0,0,
SBCT,Outono,00-06,exato,TS,0,0,,0,0,
SBCT,Outono,00-06,exato,+RA,0,0,,0,0,
SBCT,Outono,00-06,exato,+TSRA,0,0,,0,0,
SBCT,Outono,00-06,exato,TSRA,0,0,,1,0,0.0
SBCT,Outono,00-06,sem_intensidade,TS,0,0,,0,0,
SBCT,Outono,00-06,sem_intensidade,TSRA,0,0,,1,0,0.0
SBCT,Outono,00-06,sem_intensidade,+RA,0,0,,0,0,
SBCT,Outono,06-12,exato,TS,0,0,,0,0,
SBCT,Outono,06-12,exato,+RA,0,0,,0,0,
SBCT,Outono,06-12,exato,+TSRA,0,0,,0,0,
SBCT,Outono,06-12,exato,TSRA,1,0,0.0,6,0,0.0
SBCT,Outono,06-12,sem_intensidade,TS,0,0,,0,0,
SBCT,Outono,06-12,sem_intensidade,TSRA,1,0,0.0,16,0,0.0
SBCT,Outono,06-12,sem_intensidade,+RA,0,0,,0,0,
SBCT,Outono,12-18,exato,TS,20,0,0.0,0,0,
SBCT,Outono,12-18,exato,+RA,0,0,,0,0,
SBCT,Outono,12-18,exato,+TSRA,0,0,,0,0,
SBCT,Outono,12-18,exato,TSRA,40,0,0.0,1,0,0.0
SBCT,Outono,12-18,sem_intensidade,TS,20,0,0.0,0,0,
SBCT,Outono,12-18,sem_intensidade,TSRA,48,0,0.0,4,0,0.0
SBCT,Outono,12-18,sem_intensidade,+RA,0,0,,0,0,
SBCT,Outono,18-24,exato,TS,7,0,0.0,2,0,0.0
SBCT,Outono,18-24,exato,+RA,22,0,0.0,0,0,
SBCT,Outono,18-24,exato,+TSRA,0,0,,0,0,
SBCT,Outono,18-24,exato,TSRA,53,0,0.0,0,0,
SBCT,Outono,18-24,sem_intensidade,TS,7,0,0.0,2,0,0.0
SBCT,Outono,18-24,sem_intensidade,TSRA,67,4,6.0,8,4,50.0
SBCT,Outono,18-24,sem_intensidade,+RA,22,0,0.0,0,0,
SBCT,Outono,TODOS,exato,TS,27,0,0.0,2,0,0.0
SBCT,Outono,TODOS,exato,+RA,22,0,0.0,0,0,
SBCT,Outono,TODOS,exato,+TSRA,0,0,,0,0,
SBCT,Outono,TODOS,exato,TSRA,94,0,0.0,8,0,0.0
SBCT,Outono,TODOS,sem_intensidade,TS,27,0,0.0,2,0,0.0
SBCT,Outono,TODOS,sem_intensidade,TSRA,116,4,3.4,29,4,13.8
SBCT,Outono,TODOS,sem_intensidade,+RA,22,0,0.0,0,0,
SBCT,Inverno,00-06,exato,TS,0,0,,1,0,0.0
SBCT,Inverno,00-06,exato,+RA,0,0,,0,0,
SBCT,Inverno,00-06,exato,+TSRA,0,0,,0,0,
SBCT,Inverno,00-06,exato,TSRA,11,0,0.0,0,0,
SBCT,Inverno,00-06,sem_intensidade,TS,0,0,,1,0,0.0
SBCT,Inverno,00-06,sem_intensidade,TSRA,11,0,0.0,1,0,0.0
SBCT,Inverno,00-06,sem_intensidade,+RA,0,0,,0,0,
SBCT,Inverno,06-12,exato,TS,0,0,,4,0,0.0
SBCT,Inverno,06-12,exato,+RA,0,0,,0,0,
SBCT,Inverno,06-12,exato,+TSRA,0,0,,0,0,
SBCT,Inverno,06-12,exato,TSRA,5,0,0.0,0,0,
SBCT,Inverno,06-12,sem_intensidade,TS,0,0,,4,0,0.0
SBCT,Inverno,06-12,sem_intensidade,TSRA,16,0,0.0,3,0,0.0
SBCT,Inverno,06-12,sem_intensidade,+RA,0,0,,0,0,
SBCT,Inverno,12-18,exato,TS,0,0,,1,0,0.0
SBCT,Inverno,12-18,exato,+RA,0,0,,0,0,
SBCT,Inverno,12-18,exato,+TSRA,0,0,,0,0,
SBCT,Inverno,12-18,exato,TSRA,34,0,0.0,11,0,0.0
SBCT,Inverno,12-18,sem_intensidade,TS,0,0,,1,0,0.0
SBCT,Inverno,12-18,sem_intensidade,TSRA,55,16,29.1,27,16,59.3
SBCT,Inverno,12-18,sem_intensidade,+RA,0,0,,0,0,
SBCT,Inverno,18-24,exato,TS,0,0,,2,0,0.0
SBCT,Inverno,18-24,exato,+RA,0,0,,0,0,
SBCT,Inverno,18-24,exato,+TSRA,20,0,0.0,0,0,
SBCT,Inverno,18-24,exato,TSRA,98,9,9.2,9,9,100.0
SBCT,Inverno,18-24,sem_intensidade,TS,0,0,,2,0,0.0
SBCT,Inverno,18-24,sem_intensidade,TSRA,135,21,15.6,23,21,91.3
SBCT,Inverno,18-24,sem_intensidade,+RA,0,0,,0,0,
SBCT,Inverno,TODOS,exato,TS,0,0,,8,0,0.0
SBCT,Inverno,TODOS,exato,+RA,0,0,,0,0,
SBCT,Inverno,TODOS,exato,+TSRA,20,0,0.0,0,0,
SBCT,Inverno,TODOS,exato,TSRA,148,9,6.1,20,9,45.0
SBCT,Inverno,TODOS,sem_intensidade,TS,0,0,,8,0,0.0
SBCT,Inverno,TODOS,sem_intensidade,TSRA,217,37,17.1,54,37,68.5
SBCT,Inverno,TODOS,sem_intensidade,+RA,0,0,,0,0,
SBCT,Primavera,00-06,exato,TS,0,0,,7,0,0.0
SBCT,Primavera,00-06,exato,+RA,0,0,,0,0,
SBCT,Primavera,00-06,exato,+TSRA,0,0,,0,0,
SBCT,Primavera,00-06,exato,TSRA,46,23,50.0,29,23,79.3
SBCT,Primavera,00-06,sem_intensidade,TS,0,0,,7,0,0.0
SBCT,Primavera,00-06,sem_intensidade,TSRA,46,31,67.4,43,31,72.1
SBCT,Primavera,00-06,sem_intensidade,+RA,0,0,,0,0,
SBCT,Primavera,06-12,exato,TS,0,0,,7,0,0.0
SBCT,Primavera,06-12,exato,+RA,0,0,,0,0,
SBCT,Primavera,06-12,exato,+TSRA,0,0,,0,0,
SBCT,Primavera,06-12,exato,TSRA,32,0,0.0,1,0,0.0
SBCT,Primavera,06-12,sem_intensidade,TS,0,0,,7,0,0.0
SBCT,Primavera,06-12,sem_intensidade,TSRA,32,14,43.8,24,14,58.3
SBCT,Primavera,06-12,sem_intensidade,+RA,0,0,,0,0,
SBCT,Primavera,12-18,exato,TS,22,0,0.0,4,0,0.0
SBCT,Primavera,12-18,exato,+RA,0,0,,0,0,
SBCT,Primavera,12-18,exato,+TSRA,21,0,0.0,0,0,
SBCT,Primavera,12-18,exato,TSRA,159,6,3.8,10,6,60.0
SBCT,Primavera,12-18,sem_intensidade,TS,22,0,0.0,4,0,0.0
SBCT,Primavera,12-18,sem_intensidade,TSRA,180,14,7.8,18,14,77.8
SBCT,Primavera,12-18,sem_intensidade,+RA,0,0,,0,0,
SBCT,Primavera,18-24,exato,TS,0,0,,10,0,0.0
SBCT,Primavera,18-24,exato,+RA,0,0,,0,0,
SBCT,Primavera,18-24,exato,+TSRA,0,0,,2,0,0.0
SBCT,Primavera,18-24,exato,TSRA,110,0,0.0,10,0,0.0
SBCT,Primavera,18-24,sem_intensidade,TS,0,0,,10,0,0.0
SBCT,Primavera,18-24,sem_intensidade,TSRA,141,0,0.0,53,0,0.0
SBCT,Primavera,18-24,sem_intensidade,+RA,0,0,,0,0,
SBCT,Primavera,TODOS,exato,TS,22,0,0.0,28,0,0.0
SBCT,Primavera,TODOS,exato,+RA,0,0,,0,0,
SBCT,Primavera,TODOS,exato,+TSRA,21,0,0.0,2,0,0.0
SBCT,Primavera,TODOS,exato,TSRA,347,29,8.4,50,29,58.0
SBCT,Primavera,TODOS,sem_intensidade,TS,22,0,0.0,28,0,0.0
SBCT,Primavera,TODOS,sem_intensidade,TSRA,399,59,14.8,138,59,42.8
SBCT,Primavera,TODOS,sem_intensidade,+RA,0,0,,0,0,
SBCT,TODAS,00-06,exato,TS,0,0,,15,0,0.0
SBCT,TODAS,00-06,exato,+RA,0,0,,0,0,
SBCT,TODAS,00-06,exato,+TSRA,0,0,,7,0,0.0
SBCT,TODAS,00-06,exato,TSRA,92,23,25.0,35,23,65.7
SBCT,TODAS,00-06,sem_intensidade,TS,0,0,,15,0,0.0
SBCT,TODAS,00-06,sem_intensidade,TSRA,104,31,29.8,69,31,44.9
SBCT,TODAS,00-06,sem_intensidade,+RA,0,0,,0,0,
SBCT,TODAS,06-12,exato,TS,0,0,,11,0,0.0
SBCT,TODAS,06-12,exato,+RA,0,0,,0,0,
SBCT,TODAS,06-12,exato,+TSRA,0,0,,0,0,
SBCT,TODAS,06-12,exato,TSRA,50,0,0.0,7,0,0.0
SBCT,TODAS,06-12,sem_intensidade,TS,0,0,,11,0,0.0
SBCT,TODAS,06-12,sem_intensidade,TSRA,61,19,31.1,61,19,31.1
SBCT,TODAS,06-12,sem_intensidade,+RA,0,0,,0,0,
SBCT,TODAS,12-18,exato,TS,42,0,0.0,25,0,0.0
SBCT,TODAS,12-18,exato,+RA,0,0,,0,0,
SBCT,TODAS,12-18,exato,+TSRA,21,0,0.0,0,0,
SBCT,TODAS,12-18,exato,TSRA,354,6,1.7,23,6,26.1
SBCT,TODAS,12-18,sem_intensidade,TS,42,0,0.0,25,0,0.0
SBCT,TODAS,12-18,sem_intensidade,TSRA,410,31,7.6,67,31,46.3
SBCT,TODAS,12-18,sem_intensidade,+RA,0,0,,0,0,
SBCT,TODAS,18-24,exato,TS,14,0,0.0,111,0,0.0
SBCT,TODAS,18-24,exato,+RA,22,0,0.0,0,0,
SBCT,TODAS,18-24,exato,+TSRA,48,0,0.0,16,0,0.0
SBCT,TODAS,18-24,exato,TSRA,609,11,1.8,41,11,26.8
SBCT,TODAS,18-24,sem_intensidade,TS,14,0,0.0,111,0,0.0
SBCT,TODAS,18-24,sem_intensidade,TSRA,805,68,8.4,193,68,35.2
SBCT,TODAS,18-24,sem_intensidade,+RA,22,0,0.0,0,0,
SBCT,TODAS,TODOS,exato,TS,56,0,0.0,162,0,0.0
SBCT,TODAS,TODOS,exato,+RA,22,0,0.0,0,0,
SBCT,TODAS,TODOS,exato,+TSRA,69,0,0.0,23,0,0.0
SBCT,TODAS,TODOS,exato,TSRA,1105,40,3.6,106,40,37.7
SBCT,TODAS,TODOS,sem_intensidade,TS,56,0,0.0,162,0,0.0
SBCT,TODAS,TODOS,sem_intensidade,TSRA,1380,149,10.8,390,149,38.2
SBCT,TODAS,TODOS,sem_intensidade,+RA,22,0,0.0,0,0,
SBCX,Verao,00-06,exato,TS,0,0,,0,0,
SBCX,Verao,00-06,exato,+RA,0,0,,0,0,
SBCX,Verao,00-06,exato,+TSRA,0,0,,0,0,
SBCX,Verao,00-06,exato,TSRA,0,0,,0,0,
SBCX,Verao,00-06,sem_intensidade,TS,0,0,,0,0,
SBCX,Verao,00-06,sem_intensidade,TSRA,0,0,,0,0,
SBCX,Verao,00-06,sem_intensidade,+RA,0,0,,0,0,
SBCX,Verao,06-12,exato,TS,0,0,,0,0,
SBCX,Verao,06-12,exato,+RA,0,0,,0,0,
SBCX,Verao,06-12,exato,+TSRA,0,0,,0,0,
SBCX,Verao,06-12,exato,TSRA,0,0,,0,0,
SBCX,Verao,06-12,sem_intensidade,TS,0,0,,0,0,
SBCX,Verao,06-12,sem_intensidade,TSRA,0,0,,0,0,
SBCX,Verao,06-12,sem_intensidade,+RA,0,0,,0,0,
SBCX,Verao,12-18,exato,TS,0,0,,0,0,
SBCX,Verao,12-18,exato,+RA,0,0,,0,0,
SBCX,Verao,12-18,exato,+TSRA,0,0,,0,0,
SBCX,Verao,12-18,exato,TSRA,0,0,,0,0,
SBCX,Verao,12-18,sem_intensidade,TS,0,0,,0,0,
SBCX,Verao,12-18,sem_intensidade,TSRA,0,0,,0,0,
SBCX,Verao,12-18,sem_intensidade,+RA,0,0,,0,0,
SBCX,Verao,18-24,exato,TS,0,0,,0,0,
SBCX,Verao,18-24,exato,+RA,0,0,,0,0,
SBCX,Verao,18-24,exato,+TSRA,0,0,,0,0,
SBCX,Verao,18-24,exato,TSRA,0,0,,0,0,
SBCX,Verao,18-24,sem_intensidade,TS,0,0,,0,0,
SBCX,Verao,18-24,sem_intensidade,TSRA,0,0,,0,0,
SBCX,Verao,18-24,sem_intensidade,+RA,0,0,,0,0,
SBCX,Verao,TODOS,exato,TS,0,0,,0,0,
SBCX,Verao,TODOS,exato,+RA,0,0,,0,0,
SBCX,Verao,TODOS,exato,+TSRA,0,0,,0,0,
SBCX,Verao,TODOS,exato,TSRA,0,0,,0,0,
SBCX,Verao,TODOS,sem_intensidade,TS,0,0,,0,0,
SBCX,Verao,TODOS,sem_intensidade,TSRA,0,0,,0,0,
SBCX,Verao,TODOS,sem_intensidade,+RA,0,0,,0,0,
SBCX,Outono,00-06,exato,TS,0,0,,0,0,
SBCX,Outono,00-06,exato,+RA,0,0,,0,0,
SBCX,Outono,00-06,exato,+TSRA,0,0,,0,0,
SBCX,Outono,00-06,exato,TSRA,0,0,,0,0,
SBCX,Outono,00-06,sem_intensidade,TS,0,0,,0,0,
SBCX,Outono,00-06,sem_intensidade,TSRA,0,0,,0,0,
SBCX,Outono,00-06,sem_intensidade,+RA,0,0,,0,0,
SBCX,Outono,06-12,exato,TS,0,0,,0,0,
SBCX,Outono,06-12,exato,+RA,0,0,,0,0,
SBCX,Outono,06-12,exato,+TSRA,0,0,,0,0,
SBCX,Outono,06-12,exato,TSRA,0,0,,0,0,
SBCX,Outono,06-12,sem_intensidade,TS,0,0,,0,0,
SBCX,Outono,06-12,sem_intensidade,TSRA,0,0,,0,0,
SBCX,Outono,06-12,sem_intensidade,+RA,0,0,,0,0,
SBCX,Outono,12-18,exato,TS,0,0,,0,0,
SBCX,Outono,12-18,exato,+RA,0,0,,0,0,
SBCX,Outono,12-18,exato,+TSRA,0,0,,0,0,
SBCX,Outono,12-18,exato,TSRA,0,0,,0,0,
SBCX,Outono,12-18,sem_intensidade,TS,0,0,,0,0,
SBCX,Outono,12-18,sem_intensidade,TSRA,0,0,,0,0,
SBCX,Outono,12-18,sem_intensidade,+RA,0,0,,0,0,
SBCX,Outono,18-24,exato,TS,0,0,,0,0,
SBCX,Outono,18-24,exato,+RA,0,0,,0,0,
SBCX,Outono,18-24,exato,+TSRA,0,0,,0,0,
SBCX,Outono,18-24,exato,TSRA,0,0,,0,0,
SBCX,Outono,18-24,sem_intensidade,TS,0,0,,0,0,
SBCX,Outono,18-24,sem_intensidade,TSRA,0,0,,0,0,
SBCX,Outono,18-24,sem_intensidade,+RA,0,0,,0,0,
SBCX,Outono,TODOS,exato,TS,0,0,,0,0,
SBCX,Outono,TODOS,exato,+RA,0,0,,0,0,
SBCX,Outono,TODOS,exato,+TSRA,0,0,,0,0,
SBCX,Outono,TODOS,exato,TSRA,0,0,,0,0,
SBCX,Outono,TODOS,sem_intensidade,TS,0,0,,0,0,
SBCX,Outono,TODOS,sem_intensidade,TSRA,0,0,,0,0,
SBCX,Outono,TODOS,sem_intensidade,+RA,0,0,,0,0,
SBCX,Inverno,00-06,exato,TS,0,0,,0,0,
SBCX,Inverno,00-06,exato,+RA,0,0,,0,0,
SBCX,Inverno,00-06,exato,+TSRA,0,0,,0,0,
SBCX,Inverno,00-06,exato,TSRA,0,0,,0,0,
SBCX,Inverno,00-06,sem_intensidade,TS,0,0,,0,0,
SBCX,Inverno,00-06,sem_intensidade,TSRA,0,0,,0,0,
SBCX,Inverno,00-06,sem_intensidade,+RA,0,0,,0,0,
SBCX,Inverno,06-12,exato,TS,0,0,,0,0,
SBCX,Inverno,06-12,exato,+RA,0,0,,0,0,
SBCX,Inverno,06-12,exato,+TSRA,0,0,,0,0,
SBCX,Inverno,06-12,exato,TSRA,0,0,,0,0,
SBCX,Inverno,06-12,sem_intensidade,TS,0,0,,0,0,
SBCX,Inverno,06-12,sem_intensidade,TSRA,0,0,,0,0,
SBCX,Inverno,06-12,sem_intensidade,+RA,0,0,,0,0,
SBCX,Inverno,12-18,exato,TS,0,0,,0,0,
SBCX,Inverno,12-18,exato,+RA,0,0,,0,0,
SBCX,Inverno,12-18,exato,+TSRA,0,0,,0,0,
SBCX,Inverno,12-18,exato,TSRA,0,0,,0,0,
SBCX,Inverno,12-18,sem_intensidade,TS,0,0,,0,0,
SBCX,Inverno,12-18,sem_intensidade,TSRA,0,0,,0,0,
SBCX,Inverno,12-18,sem_intensidade,+RA,0,0,,0,0,
SBCX,Inverno,18-24,exato,TS,0,0,,0,0,
SBCX,Inverno,18-24,exato,+RA,0,0,,0,0,
SBCX,Inverno,18-24,exato,+TSRA,0,0,,0,0,
SBCX,Inverno,18-24,exato,TSRA,0,0,,0,0,
SBCX,Inverno,18-24,sem_intensidade,TS,0,0,,0,0,
SBCX,Inverno,18-24,sem_intensidade,TSRA,0,0,,0,0,
SBCX,Inverno,18-24,sem_intensidade,+RA,0,0,,0,0,
SBCX,Inverno,TODOS,exato,TS,0,0,,0,0,
SBCX,Inverno,TODOS,exato,+RA,0,0,,0,0,
SBCX,Inverno,TODOS,exato,+TSRA,0,0,,0,0,
SBCX,Inverno,TODOS,exato,TSRA,0,0,,0,0,
SBCX,Inverno,TODOS,sem_intensidade,TS,0,0,,0,0,
SBCX,Inverno,TODOS,sem_intensidade,TSRA,0,0,,0,0,
SBCX,Inverno,TODOS,sem_intensidade,+RA,0,0,,0,0,
SBCX,Primavera,00-06,exato,TS,0,0,,0,0,
SBCX,Primavera,00-06,exato,+RA,0,0,,0,0,
SBCX,Primavera,00-06,exato,+TSRA,0,0,,0,0,
SBCX,Primavera,00-06,exato,TSRA,0,0,,0,0,
SBCX,Primavera,00-06,sem_intensidade,TS,0,0,,0,0,
SBCX,Primavera,00-06,sem_intensidade,TSRA,0,0,,0,0,
SBCX,Primavera,00-06,sem_intensidade,+RA,0,0,,0,0,
SBCX,Primavera,06-12,exato,TS,0,0,,0,0,
SBCX,Primavera,06-12,exato,+RA,0,0,,0,0,
SBCX,Primavera,06-12,exato,+TSRA,0,0,,0,0,
SBCX,Primavera,06-12,exato,TSRA,0,0,,0,0,
SBCX,Primavera,06-12,sem_intensidade,TS,0,0,,0,0,
SBCX,Primavera,06-12,sem_intensidade,TSRA,0,0,,0,0,
SBCX,Primavera,06-12,sem_intensidade,+RA,0,0,,0,0,
SBCX,Primavera,12-18,exato,TS,0,0,,0,0,
SBCX,Primavera,12-18,exato,+RA,0,0,,0,0,
SBCX,Primavera,12-18,exato,+TSRA,0,0,,0,0,
SBCX,Primavera,12-18,exato,TSRA,0,0,,0,0,
SBCX,Primavera,12-18,sem_intensidade,TS,0,0,,0,0,
SBCX,Primavera,12-18,sem_intensidade,TSRA,0,0,,0,0,
SBCX,Primavera,12-18,sem_intensidade,+RA,0,0,,0,0,
SBCX,Primavera,18-24,exato,TS,0,0,,0,0,
SBCX,Primavera,18-24,exato,+RA,0,0,,0,0,
SBCX,Primavera,18-24,exato,+TSRA,0,0,,0,0,
SBCX,Primavera,18-24,exato,TSRA,0,0,,0,0,
SBCX,Primavera,18-24,sem_intensidade,TS,0,0,,0,0,
SBCX,Primavera,18-24,sem_intensidade,TSRA,0,0,,0,0,
SBCX,Primavera,18-24,sem_intensidade,+RA,0,0,,0,0,
SBCX,Primavera,TODOS,exato,TS,0,0,,0,0,
SBCX,Primavera,TODOS,exato,+RA,0,0,,0,0,
SBCX,Primavera,TODOS,exato,+TSRA,0,0,,0,0,
SBCX,Primavera,TODOS,exato,TSRA,0,0,,0,0,
SBCX,Primavera,TODOS,sem_intensidade,TS,0,0,,0,0,
SBCX,Primavera,TODOS,sem_intensidade,TSRA,0,0,,0,0,
SBCX,Primavera,TODOS,sem_intensidade,+RA,0,0,,0,0,
SBCX,TODAS,00-06,exato,TS,0,0,,0,0,
SBCX,TODAS,00-06,exato,+RA,0,0,,0,0,
SBCX,TODAS,00-06,exato,+TSRA,0,0,,0,0,
SBCX,TODAS,00-06,exato,TSRA,0,0,,0,0,
SBCX,TODAS,00-06,sem_intensidade,TS,0,0,,0,0,
SBCX,TODAS,00-06,sem_intensidade,TSRA,0,0,,0,0,
SBCX,TODAS,00-06,sem_intensidade,+RA,0,0,,0,0,
SBCX,TODAS,06-12,exato,TS,0,0,,0,0,
SBCX,TODAS,06-12,exato,+RA,0,0,,0,0,
SBCX,TODAS,06-12,exato,+TSRA,0,0,,0,0,
SBCX,TODAS,06-12,exato,TSRA,0,0,,0,0,
SBCX,TODAS,06-12,sem_intensidade,TS,0,0,,0,0,
SBCX,TODAS,06-12,sem_intensidade,TSRA,0,0,,0,0,
SBCX,TODAS,06-12,sem_intensidade,+RA,0,0,,0,0,
SBCX,TODAS,12-18,exato,TS,0,0,,0,0,
SBCX,TODAS,12-18,exato,+RA,0,0,,0,0,
SBCX,TODAS,12-18,exato,+TSRA,0,0,,0,0,
SBCX,TODAS,12-18,exato,TSRA,0,0,,0,0,
SBCX,TODAS,12-18,sem_intensidade,TS,0,0,,0,0,
SBCX,TODAS,12-18,sem_intensidade,TSRA,0,0,,0,0,
SBCX,TODAS,12-18,sem_intensidade,+RA,0,0,,0,0,
SBCX,TODAS,18-24,exato,TS,0,0,,0,0,
SBCX,TODAS,18-24,exato,+RA,0,0,,0,0,
SBCX,TODAS,18-24,exato,+TSRA,0,0,,0,0,
SBCX,TODAS,18-24,exato,TSRA,0,0,,0,0,
SBCX,TODAS,18-24,sem_intensidade,TS,0,0,,0,0,
SBCX,TODAS,18-24,sem_intensidade,TSRA,0,0,,0,0,
SBCX,TODAS,18-24,sem_intensidade,+RA,0,0,,0,0,
SBCX,TODAS,TODOS,exato,TS,0,0,,0,0,
SBCX,TODAS,TODOS,exato,+RA,0,0,,0,0,
SBCX,TODAS,TODOS,exato,+TSRA,0,0,,0,0,
SBCX,TODAS,TODOS,exato,TSRA,0,0,,0,0,
SBCX,TODAS,TODOS,sem_intensidade,TS,0,0,,0,0,
SBCX,TODAS,TODOS,sem_intensidade,TSRA,0,0,,0,0,
SBCX,TODAS,TODOS,sem_intensidade,+RA,0,0,,0,0,
SBCY,Verao,00-06,exato,TS,0,0,,0,0,
SBCY,Verao,00-06,exato,+RA,0,0,,0,0,
SBCY,Verao,00-06,exato,+TSRA,0,0,,0,0,
SBCY,Verao,00-06,exato,TSRA,0,0,,0,0,
SBCY,Verao,00-06,sem_intensidade,TS,0,0,,0,0,
SBCY,Verao,00-06,sem_intensidade,TSRA,0,0,,0,0,
SBCY,Verao,00-06,sem_intensidade,+RA,0,0,,0,0,
SBCY,Verao,06-12,exato,TS,0,0,,0,0,
SBCY,Verao,06-12,exato,+RA,0,0,,0,0,
SBCY,Verao,06-12,exato,+TSRA,0,0,,0,0,
SBCY,Verao,06-12,exato,TSRA,0,0,,0,0,
SBCY,Verao,06-12,sem_intensidade,TS,0,0,,0,0,
SBCY,Verao,06-12,sem_intensidade,TSRA,0,0,,0,0,
SBCY,Verao,06-12,sem_intensidade,+RA,0,0,,0,0,
SBCY,Verao,12-18,exato,TS,0,0,,0,0,
SBCY,Verao,12-18,exato,+RA,0,0,,0,0,
SBCY,Verao,12-18,exato,+TSRA,0,0,,0,0,
SBCY,Verao,12-18,exato,TSRA,0,0,,0,0,
SBCY,Verao,12-18,sem_intensidade,TS,0,0,,0,0,
SBCY,Verao,12-18,sem_intensidade,TSRA,0,0,,0,0,
SBCY,Verao,12-18,sem_intensidade,+RA,0,0,,0,0,
SBCY,Verao,18-24,exato,TS,28,2,7.1,4,2,50.0
SBCY,Verao,18-24,exato,+RA,0,0,,1,0,0.0
SBCY,Verao,18-24,exato,+TSRA,0,0,,2,0,0.0
SBCY,Verao,18-24,exato,TSRA,33,1,3.0,2,1,50.0
SBCY,Verao,18-24,sem_intensidade,TS,28,2,7.1,4,2,50.0
SBCY,Verao,18-24,sem_intensidade,TSRA,33,1,3.0,7,1,14.3
SBCY,Verao,18-24,sem_intensidade,+RA,0,0,,1,0,0.0
SBCY,Verao,TODOS,exato,TS,28,2,7.1,4,2,50.0
SBCY,Verao,TODOS,exato,+RA,0,0,,1,0,0.0
SBCY,Verao,TODOS,exato,+TSRA,0,0,,2,0,0.0
SBCY,Verao,TODOS,exato,TSRA,33,1,3.0,2,1,50.0
SBCY,Verao,TODOS,sem_intensidade,TS,28,2,7.1,4,2,50.0
SBCY,Verao,TODOS,sem_intensidade,TSRA,33,1,3.0,7,1,14.3
SBCY,Verao,TODOS,sem_intensidade,+RA,0,0,,1,0,0.0
SBCY,Outono,00-06,exato,TS,0,0,,0,0,
SBCY,Outono,00-06,exato,+RA,0,0,,0,0,
SBCY,Outono,00-06,exato,+TSRA,0,0,,0,0,
SBCY,Outono,00-06,exato,TSRA,0,0,,0,0,
SBCY,Outono,00-06,sem_intensidade,TS,0,0,,0,0,
SBCY,Outono,00-06,sem_intensidade,TSRA,0,0,,0,0,
SBCY,Outono,00-06,sem_intensidade,+RA,0,0,,0,0,
SBCY,Outono,06-12,exato,TS,0,0,,0,0,
SBCY,Outono,06-12,exato,+RA,0,0,,0,0,
SBCY,Outono,06-12,exato,+TSRA,0,0,,0,0,
SBCY,Outono,06-12,exato,TSRA,0,0,,0,0,
SBCY,Outono,06-12,sem_intensidade,TS,0,0,,0,0,
SBCY,Outono,06-12,sem_intensidade,TSRA,0,0,,0,0,
SBCY,Outono,06-12,sem_intensidade,+RA,0,0,,0,0,
SBCY,Outono,12-18,exato,TS,0,0,,0,0,
SBCY,Outono,12-18,exato,+RA,0,0,,0,0,
SBCY,Outono,12-18,exato,+TSRA,0,0,,0,0,
SBCY,Outono,12-18,exato,TSRA,0,0,,0,0,
SBCY,Outono,12-18,sem_intensidade,TS,0,0,,0,0,
SBCY,Outono,12-18,sem_intensidade,TSRA,0,0,,0,0,
SBCY,Outono,12-18,sem_intensidade,+RA,0,0,,0,0,
SBCY,Outono,18-24,exato,TS,10,0,0.0,3,0,0.0
SBCY,Outono,18-24,exato,+RA,0,0,,0,0,
SBCY,Outono,18-24,exato,+TSRA,0,0,,0,0,
SBCY,Outono,18-24,exato,TSRA,14,0,0.0,0,0,
SBCY,Outono,18-24,sem_intensidade,TS,10,0,0.0,3,0,0.0
SBCY,Outono,18-24,sem_intensidade,TSRA,14,0,0.0,0,0,
SBCY,Outono,18-24,sem_intensidade,+RA,0,0,,0,0,
SBCY,Outono,TODOS,exato,TS,10,0,0.0,3,0,0.0
SBCY,Outono,TODOS,exato,+RA,0,0,,0,0,
SBCY,Outono,TODOS,exato,+TSRA,0,0,,0,0,
SBCY,Outono,TODOS,exato,TSRA,14,0,0.0,0,0,
SBCY,Outono,TODOS,sem_intensidade,TS,10,0,0.0,3,0,0.0
SBCY,Outono,TODOS,sem_intensidade,TSRA,14,0,0.0,0,0,
SBCY,Outono,TODOS,sem_intensidade,+RA,0,0,,0,0,
SBCY,Inverno,00-06,exato,TS,0,0,,0,0,
SBCY,Inverno,00-06,exato,+RA,0,0,,0,0,
SBCY,Inverno,00-06,exato,+TSRA,0,0,,0,0,
SBCY,Inverno,00-06,exato,TSRA,0,0,,0,0,
SBCY,Inverno,00-06,sem_intensidade,TS,0,0,,0,0,
SBCY,Inverno,00-06,sem_intensidade,TSRA,0,0,,0,0,
SBCY,Inverno,00-06,sem_intensidade,+RA,0,0,,0,0,
SBCY,Inverno,06-12,exato,TS,0,0,,0,0,
SBCY,Inverno,06-12,exato,+RA,0,0,,0,0,
SBCY,Inverno,06-12,exato,+TSRA,0,0,,0,0,
SBCY,Inverno,06-12,exato,TSRA,0,0,,0,0,
SBCY,Inverno,06-12,sem_intensidade,TS,0,0,,0,0,
SBCY,Inverno,06-12,sem_intensidade,TSRA,0,0,,0,0,
SBCY,Inverno,06-12,sem_intensidade,+RA,0,0,,0,0,
SBCY,Inverno,12-18,exato,TS,0,0,,0,0,
SBCY,Inverno,12-18,exato,+RA,0,0,,0,0,
SBCY,Inverno,12-18,exato,+TSRA,0,0,,0,0,
SBCY,Inverno,12-18,exato,TSRA,0,0,,0,0,
SBCY,Inverno,12-18,sem_intensidade,TS,0,0,,0,0,
SBCY,Inverno,12-18,sem_intensidade,TSRA,0,0,,0,0,
SBCY,Inverno,12-18,sem_intensidade,+RA,0,0,,0,0,
SBCY,Inverno,18-24,exato,TS,4,0,0.0,1,0,0.0
SBCY,Inverno,18-24,exato,+RA,0,0,,0,0,
SBCY,Inverno,18-24,exato,+TSRA,0,0,,0,0,
SBCY,Inverno,18-24,exato,TSRA,1,0,0.0,0,0,
SBCY,Inverno,18-24,sem_intensidade,TS,4,0,0.0,1,0,0.0
SBCY,Inverno,18-24,sem_intensidade,TSRA,1,0,0.0,0,0,
SBCY,Inverno,18-24,sem_intensidade,+RA,0,0,,0,0,
SBCY,Inverno,TODOS,exato,TS,4,0,0.0,1,0,0.0
SBCY,Inverno,TODOS,exato,+RA,0,0,,0,0,
SBCY,Inverno,TODOS,exato,+TSRA,0,0,,0,0,
SBCY,Inverno,TODOS,exato,TSRA,1,0,0.0,0,0,
SBCY,Inverno,TODOS,sem_intensidade,TS,4,0,0.0,1,0,0.0
SBCY,Inverno,TODOS,sem_intensidade,TSRA,1,0,0.0,0,0,
SBCY,Inverno,TODOS,sem_intensidade,+RA,0,0,,0,0,
SBCY,Primavera,00-06,exato,TS,0,0,,0,0,
SBCY,Primavera,00-06,exato,+RA,0,0,,0,0,
SBCY,Primavera,00-06,exato,+TSRA,0,0,,0,0,
SBCY,Primavera,00-06,exato,TSRA,0,0,,0,0,
SBCY,Primavera,00-06,sem_intensidade,TS,0,0,,0,0,
SBCY,Primavera,00-06,sem_intensidade,TSRA,0,0,,0,0,
SBCY,Primavera,00-06,sem_intensidade,+RA,0,0,,0,0,
SBCY,Primavera,06-12,exato,TS,0,0,,0,0,
SBCY,Primavera,06-12,exato,+RA,0,0,,0,0,
SBCY,Primavera,06-12,exato,+TSRA,0,0,,0,0,
SBCY,Primavera,06-12,exato,TSRA,0,0,,0,0,
SBCY,Primavera,06-12,sem_intensidade,TS,0,0,,0,0,
SBCY,Primavera,06-12,sem_intensidade,TSRA,0,0,,0,0,
SBCY,Primavera,06-12,sem_intensidade,+RA,0,0,,0,0,
SBCY,Primavera,12-18,exato,TS,0,0,,0,0,
SBCY,Primavera,12-18,exato,+RA,0,0,,0,0,
SBCY,Primavera,12-18,exato,+TSRA,0,0,,0,0,
SBCY,Primavera,12-18,exato,TSRA,0,0,,0,0,
SBCY,Primavera,12-18,sem_intensidade,TS,0,0,,0,0,
SBCY,Primavera,12-18,sem_intensidade,TSRA,0,0,,0,0,
SBCY,Primavera,12-18,sem_intensidade,+RA,0,0,,0,0,
SBCY,Primavera,18-24,exato,TS,27,1,3.7,2,1,50.0
SBCY,Primavera,18-24,exato,+RA,0,0,,0,0,
SBCY,Primavera,18-24,exato,+TSRA,0,0,,0,0,
SBCY,Primavera,18-24,exato,TSRA,20,0,0.0,0,0,
SBCY,Primavera,18-24,sem_intensidade,TS,27,1,3.7,2,1,50.0
SBCY,Primavera,18-24,sem_intensidade,TSRA,20,2,10.0,4,2,50.0
SBCY,Primavera,18-24,sem_intensidade,+RA,0,0,,0,0,
SBCY,Primavera,TODOS,exato,TS,27,1,3.7,2,1,50.0
SBCY,Primavera,TODOS,exato,+RA,0,0,,0,0,
SBCY,Primavera,TODOS,exato,+TSRA,0,0,,0,0,
SBCY,Primavera,TODOS,exato,TSRA,20,0,0.0,0,0,
SBCY,Primavera,TODOS,sem_intensidade,TS,27,1,3.7,2,1,50.0
SBCY,Primavera,TODOS,sem_intensidade,TSRA,20,2,10.0,4,2,50.0
SBCY,Primavera,TODOS,sem_intensidade,+RA,0,0,,0,0,
SBCY,TODAS,00-06,exato,TS,0,0,,0,0,
SBCY,TODAS,00-06,exato,+RA,0,0,,0,0,
SBCY,TODAS,00-06,exato,+TSRA,0,0,,0,0,
SBCY,TODAS,00-06,exato,TSRA,0,0,,0,0,
SBCY,TODAS,00-06,sem_intensidade,TS,0,0,,0,0,
SBCY,TODAS,00-06,sem_intensidade,TSRA,0,0,,0,0,
SBCY,TODAS,00-06,sem_intensidade,+RA,0,0,,0,0,
SBCY,TODAS,06-12,exato,TS,0,0,,0,0,
SBCY,TODAS,06-12,exato,+RA,0,0,,0,0,
SBCY,TODAS,06-12,exato,+TSRA,0,0,,0,0,
SBCY,TODAS,06-12,exato,TSRA,0,0,,0,0,
SBCY,TODAS,06-12,sem_intensidade,TS,0,0,,0,0,
SBCY,TODAS,06-12,sem_intensidade,TSRA,0,0,,0,0,
SBCY,TODAS,06-12,sem_intensidade,+RA,0,0,,0,0,
SBCY,TODAS,12-18,exato,TS,0,0,,0,0,
SBCY,TODAS,12-18,exato,+RA,0,0,,0,0,
SBCY,TODAS,12-18,exato,+TSRA,0,0,,0,0,
SBCY,TODAS,12-18,exato,TSRA,0,0,,0,0,
SBCY,TODAS,12-18,sem_intensidade,TS,0,0,,0,0,
SBCY,TODAS,12-18,sem_intensidade,TSRA,0,0,,0,0,
SBCY,TODAS,12-18,sem_intensidade,+RA,0,0,,0,0,
SBCY,TODAS,18-24,exato,TS,69,3,4.3,10,3,30.0
SBCY,TODAS,18-24,exato,+RA,0,0,,1,0,0.0
SBCY,TODAS,18-24,exato,+TSRA,0,0,,2,0,0.0
SBCY,TODAS,18-24,exato,TSRA,68,1,1.5,2,1,50.0
SBCY,TODAS,18-24,sem_intensidade,TS,69,3,4.3,10,3,30.0
SBCY,TODAS,18-24,sem_intensidade,TSRA,68,3,4.4,11,3,27.3
SBCY,TODAS,18-24,sem_intensidade,+RA,0,0,,1,0,0.0
SBCY,TODAS,TODOS,exato,TS,69,3,4.3,10,3,30.0
SBCY,TODAS,TODOS,exato,+RA,0,0,,1,0,0.0
SBCY,TODAS,TODOS,exato,+TSRA,0,0,,2,0,0.0
SBCY,TODAS,TODOS,exato,TSRA,68,1,1.5,2,1,50.0
SBCY,TODAS,TODOS,sem_intensidade,TS,69,3,4.3,10,3,30.0
SBCY,TODAS,TODOS,sem_intensidade,TSRA,68,3,4.4,11,3,27.3
SBCY,TODAS,TODOS,sem_intensidade,+RA,0,0,,1,0,0.0
SBDB,Verao,00-06,exato,TS,0,0,,0,0,
SBDB,Verao,00-06,exato,+RA,0,0,,0,0,
SBDB,Verao,00-06,exato,+TSRA,0,0,,0,0,
SBDB,Verao,00-06,exato,TSRA,0,0,,0,0,
SBDB,Verao,00-06,sem_intensidade,TS,0,0,,0,0,
SBDB,Verao,00-06,sem_intensidade,TSRA,0,0,,0,0,
SBDB,Verao,00-06,sem_intensidade,+RA,0,0,,0,0,
SBDB,Verao,06-12,exato,TS,0,0,,0,0,
SBDB,Verao,06-12,exato,+RA,0,0,,0,0,
SBDB,Verao,06-12,exato,+TSRA,0,0,,0,0,
SBDB,Verao,06-12,exato,TSRA,0,0,,0,0,
SBDB,Verao,06-12,sem_intensidade,TS,0,0,,0,0,
SBDB,Verao,06-12,sem_intensidade,TSRA,0,0,,0,0,
SBDB,Verao,06-12,sem_intensidade,+RA,0,0,,0,0,
SBDB,Verao,12-18,exato,TS,0,0,,0,0,
SBDB,Verao,12-18,exato,+RA,0,0,,0,0,
SBDB,Verao,12-18,exato,+TSRA,0,0,,0,0,
SBDB,Verao,12-18,exato,TSRA,0,0,,0,0,
SBDB,Verao,12-18,sem_intensidade,TS,0,0,,0,0,
SBDB,Verao,12-18,sem_intensidade,TSRA,0,0,,0,0,
SBDB,Verao,12-18,sem_intensidade,+RA,0,0,,0,0,
SBDB,Verao,18-24,exato,TS,0,0,,0,0,
SBDB,Verao,18-24,exato,+RA,0,0,,0,0,
SBDB,Verao,18-24,exato,+TSRA,0,0,,0,0,
SBDB,Verao,18-24,exato,TSRA,0,0,,0,0,
SBDB,Verao,18-24,sem_intensidade,TS,0,0,,0,0,
SBDB,Verao,18-24,sem_intensidade,TSRA,0,0,,0,0,
SBDB,Verao,18-24,sem_intensidade,+RA,0,0,,0,0,
SBDB,Verao,TODOS,exato,TS,0,0,,0,0,
SBDB,Verao,TODOS,exato,+RA,0,0,,0,0,
SBDB,Verao,TODOS,exato,+TSRA,0,0,,0,0,
SBDB,Verao,TODOS,exato,TSRA,0,0,,0,0,
SBDB,Verao,TODOS,sem_intensidade,TS,0,0,,0,0,
SBDB,Verao,TODOS,sem_intensidade,TSRA,0,0,,0,0,
SBDB,Verao,TODOS,sem_intensidade,+RA,0,0,,0,0,
SBDB,Outono,00-06,exato,TS,0,0,,0,0,
SBDB,Outono,00-06,exato,+RA,0,0,,0,0,
SBDB,Outono,00-06,exato,+TSRA,0,0,,0,0,
SBDB,Outono,00-06,exato,TSRA,0,0,,0,0,
SBDB,Outono,00-06,sem_intensidade,TS,0,0,,0,0,
SBDB,Outono,00-06,sem_intensidade,TSRA,0,0,,0,0,
SBDB,Outono,00-06,sem_intensidade,+RA,0,0,,0,0,
SBDB,Outono,06-12,exato,TS,0,0,,0,0,
SBDB,Outono,06-12,exato,+RA,0,0,,0,0,
SBDB,Outono,06-12,exato,+TSRA,0,0,,0,0,
SBDB,Outono,06-12,exato,TSRA,0,0,,0,0,
SBDB,Outono,06-12,sem_intensidade,TS,0,0,,0,0,
SBDB,Outono,06-12,sem_intensidade,TSRA,0,0,,0,0,
SBDB,Outono,06-12,sem_intensidade,+RA,0,0,,0,0,
SBDB,Outono,12-18,exato,TS,0,0,,0,0,
SBDB,Outono,12-18,exato,+RA,0,0,,0,0,
SBDB,Outono,12-18,exato,+TSRA,0,0,,0,0,
SBDB,Outono,12-18,exato,TSRA,0,0,,0,0,
SBDB,Outono,12-18,sem_intensidade,TS,0,0,,0,0,
SBDB,Outono,12-18,sem_intensidade,TSRA,0,0,,0,0,
SBDB,Outono,12-18,sem_intensidade,+RA,0,0,,0,0,
SBDB,Outono,18-24,exato,TS,0,0,,0,0,
SBDB,Outono,18-24,exato,+RA,0,0,,0,0,
SBDB,Outono,18-24,exato,+TSRA,0,0,,0,0,
SBDB,Outono,18-24,exato,TSRA,0,0,,0,0,
SBDB,Outono,18-24,sem_intensidade,TS,0,0,,0,0,
SBDB,Outono,18-24,sem_intensidade,TSRA,0,0,,0,0,
SBDB,Outono,18-24,sem_intensidade,+RA,0,0,,0,0,
SBDB,Outono,TODOS,exato,TS,0,0,,0,0,
SBDB,Outono,TODOS,exato,+RA,0,0,,0,0,
SBDB,Outono,TODOS,exato,+TSRA,0,0,,0,0,
SBDB,Outono,TODOS,exato,TSRA,0,0,,0,0,
SBDB,Outono,TODOS,sem_intensidade,TS,0,0,,0,0,
SBDB,Outono,TODOS,sem_intensidade,TSRA,0,0,,0,0,
SBDB,Outono,TODOS,sem_intensidade,+RA,0,0,,0,0,
SBDB,Inverno,00-06,exato,TS,0,0,,0,0,
SBDB,Inverno,00-06,exato,+RA,0,0,,0,0,
SBDB,Inverno,00-06,exato,+TSRA,0,0,,0,0,
SBDB,Inverno,00-06,exato,TSRA,0,0,,0,0,
SBDB,Inverno,00-06,sem_intensidade,TS,0,0,,0,0,
SBDB,Inverno,00-06,sem_intensidade,TSRA,0,0,,0,0,
SBDB,Inverno,00-06,sem_intensidade,+RA,0,0,,0,0,
SBDB,Inverno,06-12,exato,TS,0,0,,0,0,
SBDB,Inverno,06-12,exato,+RA,0,0,,0,0,
SBDB,Inverno,06-12,exato,+TSRA,0,0,,0,0,
SBDB,Inverno,06-12,exato,TSRA,0,0,,0,0,
SBDB,Inverno,06-12,sem_intensidade,TS,0,0,,0,0,
SBDB,Inverno,06-12,sem_intensidade,TSRA,0,0,,0,0,
SBDB,Inverno,06-12,sem_intensidade,+RA,0,0,,0,0,
SBDB,Inverno,12-18,exato,TS,0,0,,0,0,
SBDB,Inverno,12-18,exato,+RA,0,0,,0,0,
SBDB,Inverno,12-18,exato,+TSRA,0,0,,0,0,
SBDB,Inverno,12-18,exato,TSRA,0,0,,0,0,
SBDB,Inverno,12-18,sem_intensidade,TS,0,0,,0,0,
SBDB,Inverno,12-18,sem_intensidade,TSRA,0,0,,0,0,
SBDB,Inverno,12-18,sem_intensidade,+RA,0,0,,0,0,
SBDB,Inverno,18-24,exato,TS,0,0,,0,0,
SBDB,Inverno,18-24,exato,+RA,0,0,,0,0,
SBDB,Inverno,18-24,exato,+TSRA,0,0,,0,0,
SBDB,Inverno,18-24,exato,TSRA,0,0,,0,0,
SBDB,Inverno,18-24,sem_intensidade,TS,0,0,,0,0,
SBDB,Inverno,18-24,sem_intensidade,TSRA,0,0,,0,0,
SBDB,Inverno,18-24,sem_intensidade,+RA,0,0,,0,0,
SBDB,Inverno,TODOS,exato,TS,0,0,,0,0,
SBDB,Inverno,TODOS,exato,+RA,0,0,,0,0,
SBDB,Inverno,TODOS,exato,+TSRA,0,0,,0,0,
SBDB,Inverno,TODOS,exato,TSRA,0,0,,0,0,
SBDB,Inverno,TODOS,sem_intensidade,TS,0,0,,0,0,
SBDB,Inverno,TODOS,sem_intensidade,TSRA,0,0,,0,0,
SBDB,Inverno,TODOS,sem_intensidade,+RA,0,0,,0,0,
SBDB,Primavera,00-06,exato,TS,0,0,,0,0,
SBDB,Primavera,00-06,exato,+RA,0,0,,0,0,
SBDB,Primavera,00-06,exato,+TSRA,0,0,,0,0,
SBDB,Primavera,00-06,exato,TSRA,0,0,,0,0,
SBDB,Primavera,00-06,sem_intensidade,TS,0,0,,0,0,
SBDB,Primavera,00-06,sem_intensidade,TSRA,0,0,,0,0,
SBDB,Primavera,00-06,sem_intensidade,+RA,0,0,,0,0,
SBDB,Primavera,06-12,exato,TS,0,0,,0,0,
SBDB,Primavera,06-12,exato,+RA,0,0,,0,0,
SBDB,Primavera,06-12,exato,+TSRA,0,0,,0,0,
SBDB,Primavera,06-12,exato,TSRA,0,0,,0,0,
SBDB,Primavera,06-12,sem_intensidade,TS,0,0,,0,0,
SBDB,Primavera,06-12,sem_intensidade,TSRA,0,0,,0,0,
SBDB,Primavera,06-12,sem_intensidade,+RA,0,0,,0,0,
SBDB,Primavera,12-18,exato,TS,0,0,,0,0,
SBDB,Primavera,12-18,exato,+RA,0,0,,0,0,
SBDB,Primavera,12-18,exato,+TSRA,0,0,,0,0,
SBDB,Primavera,12-18,exato,TSRA,0,0,,0,0,
SBDB,Primavera,12-18,sem_intensidade,TS,0,0,,0,0,
SBDB,Primavera,12-18,sem_intensidade,TSRA,0,0,,0,0,
SBDB,Primavera,12-18,sem_intensidade,+RA,0,0,,0,0,
SBDB,Primavera,18-24,exato,TS,0,0,,0,0,
SBDB,Primavera,18-24,exato,+RA,0,0,,0,0,
SBDB,Primavera,18-24,exato,+TSRA,0,0,,0,0,
SBDB,Primavera,18-24,exato,TSRA,0,0,,0,0,
SBDB,Primavera,18-24,sem_intensidade,TS,0,0,,0,0,
SBDB,Primavera,18-24,sem_intensidade,TSRA,0,0,,0,0,
SBDB,Primavera,18-24,sem_intensidade,+RA,0,0,,0,0,
SBDB,Primavera,TODOS,exato,TS,0,0,,0,0,
SBDB,Primavera,TODOS,exato,+RA,0,0,,0,0,
SBDB,Primavera,TODOS,exato,+TSRA,0,0,,0,0,
SBDB,Primavera,TODOS,exato,TSRA,0,0,,0,0,
SBDB,Primavera,TODOS,sem_intensidade,TS,0,0,,0,0,
SBDB,Primavera,TODOS,sem_intensidade,TSRA,0,0,,0,0,
SBDB,Primavera,TODOS,sem_intensidade,+RA,0,0,,0,0,
SBDB,TODAS,00-06,exato,TS,0,0,,0,0,
SBDB,TODAS,00-06,exato,+RA,0,0,,0,0,
SBDB,TODAS,00-06,exato,+TSRA,0,0,,0,0,
SBDB,TODAS,00-06,exato,TSRA,0,0,,0,0,
SBDB,TODAS,00-06,sem_intensidade,TS,0,0,,0,0,
SBDB,TODAS,00-06,sem_intensidade,TSRA,0,0,,0,0,
SBDB,TODAS,00-06,sem_intensidade,+RA,0,0,,0,0,
SBDB,TODAS,06-12,exato,TS,0,0,,0,0,
SBDB,TODAS,06-12,exato,+RA,0,0,,0,0,
SBDB,TODAS,06-12,exato,+TSRA,0,0,,0,0,
SBDB,TODAS,06-12,exato,TSRA,0,0,,0,0,
SBDB,TODAS,06-12,sem_intensidade,TS,0,0,,0,0,
SBDB,TODAS,06-12,sem_intensidade,TSRA,0,0,,0,0,
SBDB,TODAS,06-12,sem_intensidade,+RA,0,0,,0,0,
SBDB,TODAS,12-18,exato,TS,0,0,,0,0,
SBDB,TODAS,12-18,exato,+RA,0,0,,0,0,
SBDB,TODAS,12-18,exato,+TSRA,0,0,,0,0,
SBDB,TODAS,12-18,exato,TSRA,0,0,,0,0,
SBDB,TODAS,12-18,sem_intensidade,TS,0,0,,0,0,
SBDB,TODAS,12-18,sem_intensidade,TSRA,0,0,,0,0,
SBDB,TODAS,12-18,sem_intensidade,+RA,0,0,,0,0,
SBDB,TODAS,18-24,exato,TS,0,0,,0,0,
SBDB,TODAS,18-24,exato,+RA,0,0,,0,0,
SBDB,TODAS,18-24,exato,+TSRA,0,0,,0,0,
SBDB,TODAS,18-24,exato,TSRA,0,0,,0,0,
SBDB,TODAS,18-24,sem_intensidade,TS,0,0,,0,0,
SBDB,TODAS,18-24,sem_intensidade,TSRA,0,0,,0,0,
SBDB,TODAS,18-24,sem_intensidade,+RA,0,0,,0,0,
SBDB,TODAS,TODOS,exato,TS,0,0,,0,0,
SBDB,TODAS,TODOS,exato,+RA,0,0,,0,0,
SBDB,TODAS,TODOS,exato,+TSRA,0,0,,0,0,
SBDB,TODAS,TODOS,exato,TSRA,0,0,,0,0,
SBDB,TODAS,TODOS,sem_intensidade,TS,0,0,,0,0,
SBDB,TODAS,TODOS,sem_intensidade,TSRA,0,0,,0,0,
SBDB,TODAS,TODOS,sem_intensidade,+RA,0,0,,0,0,
SBDN,Verao,00-06,exato,TS,0,0,,0,0,
SBDN,Verao,00-06,exato,+RA,0,0,,0,0,
SBDN,Verao,00-06,exato,+TSRA,0,0,,0,0,
SBDN,Verao,00-06,exato,TSRA,0,0,,0,0,
SBDN,Verao,00-06,sem_intensidade,TS,0,0,,0,0,
SBDN,Verao,00-06,sem_intensidade,TSRA,0,0,,0,0,
SBDN,Verao,00-06,sem_intensidade,+RA,0,0,,0,0,
SBDN,Verao,06-12,exato,TS,0,0,,0,0,
SBDN,Verao,06-12,exato,+RA,0,0,,0,0,
SBDN,Verao,06-12,exato,+TSRA,0,0,,0,0,
SBDN,Verao,06-12,exato,TSRA,0,0,,0,0,
SBDN,Verao,06-12,sem_intensidade,TS,0,0,,0,0,
SBDN,Verao,06-12,sem_intensidade,TSRA,0,0,,0,0,
SBDN,Verao,06-12,sem_intensidade,+RA,0,0,,0,0,
SBDN,Verao,12-18,exato,TS,0,0,,0,0,
SBDN,Verao,12-18,exato,+RA,0,0,,0,0,
SBDN,Verao,12-18,exato,+TSRA,0,0,,0,0,
SBDN,Verao,12-18,exato,TSRA,0,0,,0,0,
SBDN,Verao,12-18,sem_intensidade,TS,0,0,,0,0,
SBDN,Verao,12-18,sem_intensidade,TSRA,0,0,,0,0,
SBDN,Verao,12-18,sem_intensidade,+RA,0,0,,0,0,
SBDN,Verao,18-24,exato,TS,0,0,,0,0,
SBDN,Verao,18-24,exato,+RA,0,0,,0,0,
SBDN,Verao,18-24,exato,+TSRA,0,0,,0,0,
SBDN,Verao,18-24,exato,TSRA,0,0,,0,0,
SBDN,Verao,18-24,sem_intensidade,TS,0,0,,0,0,
SBDN,Verao,18-24,sem_intensidade,TSRA,0,0,,0,0,
SBDN,Verao,18-24,sem_intensidade,+RA,0,0,,0,0,
SBDN,Verao,TODOS,exato,TS,0,0,,0,0,
SBDN,Verao,TODOS,exato,+RA,0,0,,0,0,
SBDN,Verao,TODOS,exato,+TSRA,0,0,,0,0,
SBDN,Verao,TODOS,exato,TSRA,0,0,,0,0,
SBDN,Verao,TODOS,sem_intensidade,TS,0,0,,0,0,
SBDN,Verao,TODOS,sem_intensidade,TSRA,0,0,,0,0,
SBDN,Verao,TODOS,sem_intensidade,+RA,0,0,,0,0,
SBDN,Outono,00-06,exato,TS,0,0,,0,0,
SBDN,Outono,00-06,exato,+RA,0,0,,0,0,
SBDN,Outono,00-06,exato,+TSRA,0,0,,0,0,
SBDN,Outono,00-06,exato,TSRA,0,0,,0,0,
SBDN,Outono,00-06,sem_intensidade,TS,0,0,,0,0,
SBDN,Outono,00-06,sem_intensidade,TSRA,0,0,,0,0,
SBDN,Outono,00-06,sem_intensidade,+RA,0,0,,0,0,
SBDN,Outono,06-12,exato,TS,0,0,,0,0,
SBDN,Outono,06-12,exato,+RA,0,0,,0,0,
SBDN,Outono,06-12,exato,+TSRA,0,0,,0,0,
SBDN,Outono,06-12,exato,TSRA,0,0,,0,0,
SBDN,Outono,06-12,sem_intensidade,TS,0,0,,0,0,
SBDN,Outono,06-12,sem_intensidade,TSRA,0,0,,0,0,
SBDN,Outono,06-12,sem_intensidade,+RA,0,0,,0,0,
SBDN,Outono,12-18,exato,TS,0,0,,0,0,
SBDN,Outono,12-18,exato,+RA,0,0,,0,0,
SBDN,Outono,12-18,exato,+TSRA,0,0,,0,0,
SBDN,Outono,12-18,exato,TSRA,0,0,,0,0,
SBDN,Outono,12-18,sem_intensidade,TS,0,0,,0,0,
SBDN,Outono,12-18,sem_intensidade,TSRA,0,0,,0,0,
SBDN,Outono,12-18,sem_intensidade,+RA,0,0,,0,0,
SBDN,Outono,18-24,exato,TS,0,0,,0,0,
SBDN,Outono,18-24,exato,+RA,0,0,,0,0,
SBDN,Outono,18-24,exato,+TSRA,0,0,,0,0,
SBDN,Outono,18-24,exato,TSRA,0,0,,0,0,
SBDN,Outono,18-24,sem_intensidade,TS,0,0,,0,0,
SBDN,Outono,18-24,sem_intensidade,TSRA,0,0,,0,0,
SBDN,Outono,18-24,sem_intensidade,+RA,0,0,,0,0,
SBDN,Outono,TODOS,exato,TS,0,0,,0,0,
SBDN,Outono,TODOS,exato,+RA,0,0,,0,0,
SBDN,Outono,TODOS,exato,+TSRA,0,0,,0,0,
SBDN,Outono,TODOS,exato,TSRA,0,0,,0,0,
SBDN,Outono,TODOS,sem_intensidade,TS,0,0,,0,0,
SBDN,Outono,TODOS,sem_intensidade,TSRA,0,0,,0,0,
SBDN,Outono,TODOS,sem_intensidade,+RA,0,0,,0,0,
SBDN,Inverno,00-06,exato,TS,0,0,,0,0,
SBDN,Inverno,00-06,exato,+RA,0,0,,0,0,
SBDN,Inverno,00-06,exato,+TSRA,0,0,,0,0,
SBDN,Inverno,00-06,exato,TSRA,0,0,,0,0,
SBDN,Inverno,00-06,sem_intensidade,TS,0,0,,0,0,
SBDN,Inverno,00-06,sem_intensidade,TSRA,0,0,,0,0,
SBDN,Inverno,00-06,sem_intensidade,+RA,0,0,,0,0,
SBDN,Inverno,06-12,exato,TS,0,0,,0,0,
SBDN,Inverno,06-12,exato,+RA,0,0,,0,0,
SBDN,Inverno,06-12,exato,+TSRA,0,0,,0,0,
SBDN,Inverno,06-12,exato,TSRA,0,0,,0,0,
SBDN,Inverno,06-12,sem_intensidade,TS,0,0,,0,0,
SBDN,Inverno,06-12,sem_intensidade,TSRA,0,0,,0,0,
SBDN,Inverno,06-12,sem_intensidade,+RA,0,0,,0,0,
SBDN,Inverno,12-18,exato,TS,0,0,,0,0,
SBDN,Inverno,12-18,exato,+RA,0,0,,0,0,
SBDN,Inverno,12-18,exato,+TSRA,0,0,,0,0,
SBDN,Inverno,12-18,exato,TSRA,0,0,,0,0,
SBDN,Inverno,12-18,sem_intensidade,TS,0,0,,0,0,
SBDN,Inverno,12-18,sem_intensidade,TSRA,0,0,,0,0,
SBDN,Inverno,12-18,sem_intensidade,+RA,0,0,,0,0,
SBDN,Inverno,18-24,exato,TS,0,0,,0,0,
SBDN,Inverno,18-24,exato,+RA,0,0,,0,0,
SBDN,Inverno,18-24,exato,+TSRA,0,0,,0,0,
SBDN,Inverno,18-24,exato,TSRA,0,0,,0,0,
SBDN,Inverno,18-24,sem_intensidade,TS,0,0,,0,0,
SBDN,Inverno,18-24,sem_intensidade,TSRA,0,0,,0,0,
SBDN,Inverno,18-24,sem_intensidade,+RA,0,0,,0,0,
SBDN,Inverno,TODOS,exato,TS,0,0,,0,0,
SBDN,Inverno,TODOS,exato,+RA,0,0,,0,0,
SBDN,Inverno,TODOS,exato,+TSRA,0,0,,0,0,
SBDN,Inverno,TODOS,exato,TSRA,0,0,,0,0,
SBDN,Inverno,TODOS,sem_intensidade,TS,0,0,,0,0,
SBDN,Inverno,TODOS,sem_intensidade,TSRA,0,0,,0,0,
SBDN,Inverno,TODOS,sem_intensidade,+RA,0,0,,0,0,
SBDN,Primavera,00-06,exato,TS,0,0,,0,0,
SBDN,Primavera,00-06,exato,+RA,0,0,,0,0,
SBDN,Primavera,00-06,exato,+TSRA,0,0,,0,0,
SBDN,Primavera,00-06,exato,TSRA,0,0,,0,0,
SBDN,Primavera,00-06,sem_intensidade,TS,0,0,,0,0,
SBDN,Primavera,00-06,sem_intensidade,TSRA,0,0,,0,0,
SBDN,Primavera,00-06,sem_intensidade,+RA,0,0,,0,0,
SBDN,Primavera,06-12,exato,TS,0,0,,0,0,
SBDN,Primavera,06-12,exato,+RA,0,0,,0,0,
SBDN,Primavera,06-12,exato,+TSRA,0,0,,0,0,
SBDN,Primavera,06-12,exato,TSRA,0,0,,0,0,
SBDN,Primavera,06-12,sem_intensidade,TS,0,0,,0,0,
SBDN,Primavera,06-12,sem_intensidade,TSRA,0,0,,0,0,
SBDN,Primavera,06-12,sem_intensidade,+RA,0,0,,0,0,
SBDN,Primavera,12-18,exato,TS,0,0,,0,0,
SBDN,Primavera,12-18,exato,+RA,0,0,,0,0,
SBDN,Primavera,12-18,exato,+TSRA,0,0,,0,0,
SBDN,Primavera,12-18,exato,TSRA,0,0,,0,0,
SBDN,Primavera,12-18,sem_intensidade,TS,0,0,,0,0,
SBDN,Primavera,12-18,sem_intensidade,TSRA,0,0,,0,0,
SBDN,Primavera,12-18,sem_intensidade,+RA,0,0,,0,0,
SBDN,Primavera,18-24,exato,TS,0,0,,0,0,
SBDN,Primavera,18-24,exato,+RA,0,0,,0,0,
SBDN,Primavera,18-24,exato,+TSRA,0,0,,0,0,
SBDN,Primavera,18-24,exato,TSRA,0,0,,0,0,
SBDN,Primavera,18-24,sem_intensidade,TS,0,0,,0,0,
SBDN,Primavera,18-24,sem_intensidade,TSRA,0,0,,0,0,
SBDN,Primavera,18-24,sem_intensidade,+RA,0,0,,0,0,
SBDN,Primavera,TODOS,exato,TS,0,0,,0,0,
SBDN,Primavera,TODOS,exato,+RA,0,0,,0,0,
SBDN,Primavera,TODOS,exato,+TSRA,0,0,,0,0,
SBDN,Primavera,TODOS,exato,TSRA,0,0,,0,0,
SBDN,Primavera,TODOS,sem_intensidade,TS,0,0,,0,0,
SBDN,Primavera,TODOS,sem_intensidade,TSRA,0,0,,0,0,
SBDN,Primavera,TODOS,sem_intensidade,+RA,0,0,,0,0,
SBDN,TODAS,00-06,exato,TS,0,0,,0,0,
SBDN,TODAS,00-06,exato,+RA,0,0,,0,0,
SBDN,TODAS,00-06,exato,+TSRA,0,0,,0,0,
SBDN,TODAS,00-06,exato,TSRA,0,0,,0,0,
SBDN,TODAS,00-06,sem_intensidade,TS,0,0,,0,0,
SBDN,TODAS,00-06,sem_intensidade,TSRA,0,0,,0,0,
SBDN,TODAS,00-06,sem_intensidade,+RA,0,0,,0,0,
SBDN,TODAS,06-12,exato,TS,0,0,,0,0,
SBDN,TODAS,06-12,exato,+RA,0,0,,0,0,
SBDN,TODAS,06-12,exato,+TSRA,0,0,,0,0,
SBDN,TODAS,06-12,exato,TSRA,0,0,,0,0,
SBDN,TODAS,06-12,sem_intensidade,TS,0,0,,0,0,
SBDN,TODAS,06-12,sem_intensidade,TSRA,0,0,,0,0,
SBDN,TODAS,06-12,sem_intensidade,+RA,0,0,,0,0,
SBDN,TODAS,12-18,exato,TS,0,0,,0,0,
SBDN,TODAS,12-18,exato,+RA,0,0,,0,0,
SBDN,TODAS,12-18,exato,+TSRA,0,0,,0,0,
SBDN,TODAS,12-18,exato,TSRA,0,0,,0,0,
SBDN,TODAS,12-18,sem_intensidade,TS,0,0,,0,0,
SBDN,TODAS,12-18,sem_intensidade,TSRA,0,0,,0,0,
SBDN,TODAS,12-18,sem_intensidade,+RA,0,0,,0,0,
SBDN,TODAS,18-24,exato,TS,0,0,,0,0,
SBDN,TODAS,18-24,exato,+RA,0,0,,0,0,
SBDN,TODAS,18-24,exato,+TSRA,0,0,,0,0,
SBDN,TODAS,18-24,exato,TSRA,0,0,,0,0,
SBDN,TODAS,18-24,sem_intensidade,TS,0,0,,0,0,
SBDN,TODAS,18-24,sem_intensidade,TSRA,0,0,,0,0,
SBDN,TODAS,18-24,sem_intensidade,+RA,0,0,,0,0,
SBDN,TODAS,TODOS,exato,TS,0,0,,0,0,
SBDN,TODAS,TODOS,exato,+RA,0,0,,0,0,
SBDN,TODAS,TODOS,exato,+TSRA,0,0,,0,0,
SBDN,TODAS,TODOS,exato,TSRA,0,0,,0,0,
SBDN,TODAS,TODOS,sem_intensidade,TS,0,0,,0,0,
SBDN,TODAS,TODOS,sem_intensidade,TSRA,0,0,,0,0,
SBDN,TODAS,TODOS,sem_intensidade,+RA,0,0,,0,0,
SBDO,Verao,00-06,exato,TS,0,0,,0,0,
SBDO,Verao,00-06,exato,+RA,0,0,,0,0,
SBDO,Verao,00-06,exato,+TSRA,0,0,,0,0,
SBDO,Verao,00-06,exato,TSRA,0,0,,0,0,
SBDO,Verao,00-06,sem_intensidade,TS,0,0,,0,0,
SBDO,Verao,00-06,sem_intensidade,TSRA,0,0,,0,0,
SBDO,Verao,00-06,sem_intensidade,+RA,0,0,,0,0,
SBDO,Verao,06-12,exato,TS,0,0,,0,0,
SBDO,Verao,06-12,exato,+RA,0,0,,0,0,
SBDO,Verao,06-12,exato,+TSRA,0,0,,0,0,
SBDO,Verao,06-12,exato,TSRA,0,0,,0,0,
SBDO,Verao,06-12,sem_intensidade,TS,0,0,,0,0,
SBDO,Verao,06-12,sem_intensidade,TSRA,0,0,,0,0,
SBDO,Verao,06-12,sem_intensidade,+RA,0,0,,0,0,
SBDO,Verao,12-18,exato,TS,0,0,,0,0,
SBDO,Verao,12-18,exato,+RA,0,0,,0,0,
SBDO,Verao,12-18,exato,+TSRA,0,0,,0,0,
SBDO,Verao,12-18,exato,TSRA,0,0,,0,0,
SBDO,Verao,12-18,sem_intensidade,TS,0,0,,0,0,
SBDO,Verao,12-18,sem_intensidade,TSRA,0,0,,0,0,
SBDO,Verao,12-18,sem_intensidade,+RA,0,0,,0,0,
SBDO,Verao,18-24,exato,TS,0,0,,0,0,
SBDO,Verao,18-24,exato,+RA,0,0,,0,0,
SBDO,Verao,18-24,exato,+TSRA,0,0,,0,0,
SBDO,Verao,18-24,exato,TSRA,0,0,,0,0,
SBDO,Verao,18-24,sem_intensidade,TS,0,0,,0,0,
SBDO,Verao,18-24,sem_intensidade,TSRA,0,0,,0,0,
SBDO,Verao,18-24,sem_intensidade,+RA,0,0,,0,0,
SBDO,Verao,TODOS,exato,TS,0,0,,0,0,
SBDO,Verao,TODOS,exato,+RA,0,0,,0,0,
SBDO,Verao,TODOS,exato,+TSRA,0,0,,0,0,
SBDO,Verao,TODOS,exato,TSRA,0,0,,0,0,
SBDO,Verao,TODOS,sem_intensidade,TS,0,0,,0,0,
SBDO,Verao,TODOS,sem_intensidade,TSRA,0,0,,0,0,
SBDO,Verao,TODOS,sem_intensidade,+RA,0,0,,0,0,
SBDO,Outono,00-06,exato,TS,0,0,,0,0,
SBDO,Outono,00-06,exato,+RA,0,0,,0,0,
SBDO,Outono,00-06,exato,+TSRA,0,0,,0,0,
SBDO,Outono,00-06,exato,TSRA,0,0,,0,0,
SBDO,Outono,00-06,sem_intensidade,TS,0,0,,0,0,
SBDO,Outono,00-06,sem_intensidade,TSRA,0,0,,0,0,
SBDO,Outono,00-06,sem_intensidade,+RA,0,0,,0,0,
SBDO,Outono,06-12,exato,TS,0,0,,0,0,
SBDO,Outono,06-12,exato,+RA,0,0,,0,0,
SBDO,Outono,06-12,exato,+TSRA,0,0,,0,0,
SBDO,Outono,06-12,exato,TSRA,0,0,,0,0,
SBDO,Outono,06-12,sem_intensidade,TS,0,0,,0,0,
SBDO,Outono,06-12,sem_intensidade,TSRA,0,0,,0,0,
SBDO,Outono,06-12,sem_intensidade,+RA,0,0,,0,0,
SBDO,Outono,12-18,exato,TS,0,0,,0,0,
SBDO,Outono,12-18,exato,+RA,0,0,,0,0,
SBDO,Outono,12-18,exato,+TSRA,0,0,,0,0,
SBDO,Outono,12-18,exato,TSRA,0,0,,0,0,
SBDO,Outono,12-18,sem_intensidade,TS,0,0,,0,0,
SBDO,Outono,12-18,sem_intensidade,TSRA,0,0,,0,0,
SBDO,Outono,12-18,sem_intensidade,+RA,0,0,,0,0,
SBDO,Outono,18-24,exato,TS,0,0,,0,0,
SBDO,Outono,18-24,exato,+RA,0,0,,0,0,
SBDO,Outono,18-24,exato,+TSRA,0,0,,0,0,
SBDO,Outono,18-24,exato,TSRA,0,0,,0,0,
SBDO,Outono,18-24,sem_intensidade,TS,0,0,,0,0,
SBDO,Outono,18-24,sem_intensidade,TSRA,0,0,,0,0,
SBDO,Outono,18-24,sem_intensidade,+RA,0,0,,0,0,
SBDO,Outono,TODOS,exato,TS,0,0,,0,0,
SBDO,Outono,TODOS,exato,+RA,0,0,,0,0,
SBDO,Outono,TODOS,exato,+TSRA,0,0,,0,0,
SBDO,Outono,TODOS,exato,TSRA,0,0,,0,0,
SBDO,Outono,TODOS,sem_intensidade,TS,0,0,,0,0,
SBDO,Outono,TODOS,sem_intensidade,TSRA,0,0,,0,0,
SBDO,Outono,TODOS,sem_intensidade,+RA,0,0,,0,0,
SBDO,Inverno,00-06,exato,TS,0,0,,0,0,
SBDO,Inverno,00-06,exato,+RA,0,0,,0,0,
SBDO,Inverno,00-06,exato,+TSRA,0,0,,0,0,
SBDO,Inverno,00-06,exato,TSRA,0,0,,0,0,
SBDO,Inverno,00-06,sem_intensidade,TS,0,0,,0,0,
SBDO,Inverno,00-06,sem_intensidade,TSRA,0,0,,0,0,
SBDO,Inverno,00-06,sem_intensidade,+RA,0,0,,0,0,
SBDO,Inverno,06-12,exato,TS,0,0,,0,0,
SBDO,Inverno,06-12,exato,+RA,0,0,,0,0,
SBDO,Inverno,06-12,exato,+TSRA,0,0,,0,0,
SBDO,Inverno,06-12,exato,TSRA,0,0,,0,0,
SBDO,Inverno,06-12,sem_intensidade,TS,0,0,,0,0,
SBDO,Inverno,06-12,sem_intensidade,TSRA,0,0,,0,0,
SBDO,Inverno,06-12,sem_intensidade,+RA,0,0,,0,0,
SBDO,Inverno,12-18,exato,TS,0,0,,0,0,
SBDO,Inverno,12-18,exato,+RA,0,0,,0,0,
SBDO,Inverno,12-18,exato,+TSRA,0,0,,0,0,
SBDO,Inverno,12-18,exato,TSRA,0,0,,0,0,
SBDO,Inverno,12-18,sem_intensidade,TS,0,0,,0,0,
SBDO,Inverno,12-18,sem_intensidade,TSRA,0,0,,0,0,
SBDO,Inverno,12-18,sem_intensidade,+RA,0,0,,0,0,
SBDO,Inverno,18-24,exato,TS,0,0,,0,0,
SBDO,Inverno,18-24,exato,+RA,0,0,,0,0,
SBDO,Inverno,18-24,exato,+TSRA,0,0,,0,0,
SBDO,Inverno,18-24,exato,TSRA,0,0,,0,0,
SBDO,Inverno,18-24,sem_intensidade,TS,0,0,,0,0,
SBDO,Inverno,18-24,sem_intensidade,TSRA,0,0,,0,0,
SBDO,Inverno,18-24,sem_intensidade,+RA,0,0,,0,0,
SBDO,Inverno,TODOS,exato,TS,0,0,,0,0,
SBDO,Inverno,TODOS,exato,+RA,0,0,,0,0,
SBDO,Inverno,TODOS,exato,+TSRA,0,0,,0,0,
SBDO,Inverno,TODOS,exato,TSRA,0,0,,0,0,
SBDO,Inverno,TODOS,sem_intensidade,TS,0,0,,0,0,
SBDO,Inverno,TODOS,sem_intensidade,TSRA,0,0,,0,0,
SBDO,Inverno,TODOS,sem_intensidade,+RA,0,0,,0,0,
SBDO,Primavera,00-06,exato,TS,0,0,,0,0,
SBDO,Primavera,00-06,exato,+RA,0,0,,0,0,
SBDO,Primavera,00-06,exato,+TSRA,0,0,,0,0,
SBDO,Primavera,00-06,exato,TSRA,0,0,,0,0,
SBDO,Primavera,00-06,sem_intensidade,TS,0,0,,0,0,
SBDO,Primavera,00-06,sem_intensidade,TSRA,0,0,,0,0,
SBDO,Primavera,00-06,sem_intensidade,+RA,0,0,,0,0,
SBDO,Primavera,06-12,exato,TS,0,0,,0,0,
SBDO,Primavera,06-12,exato,+RA,0,0,,0,0,
SBDO,Primavera,06-12,exato,+TSRA,0,0,,0,0,
SBDO,Primavera,06-12,exato,TSRA,0,0,,0,0,
SBDO,Primavera,06-12,sem_intensidade,TS,0,0,,0,0,
SBDO,Primavera,06-12,sem_intensidade,TSRA,0,0,,0,0,
SBDO,Primavera,06-12,sem_intensidade,+RA,0,0,,0,0,
SBDO,Primavera,12-18,exato,TS,0,0,,0,0,
SBDO,Primavera,12-18,exato,+RA,0,0,,0,0,
SBDO,Primavera,12-18,exato,+TSRA,0,0,,0,0,
SBDO,Primavera,12-18,exato,TSRA,0,0,,0,0,
SBDO,Primavera,12-18,sem_intensidade,TS,0,0,,0,0,
SBDO,Primavera,12-18,sem_intensidade,TSRA,0,0,,0,0,
SBDO,Primavera,12-18,sem_intensidade,+RA,0,0,,0,0,
SBDO,Primavera,18-24,exato,TS,0,0,,0,0,
SBDO,Primavera,18-24,exato,+RA,0,0,,0,0,
SBDO,Primavera,18-24,exato,+TSRA,0,0,,0,0,
SBDO,Primavera,18-24,exato,TSRA,0,0,,0,0,
SBDO,Primavera,18-24,sem_intensidade,TS,0,0,,0,0,
SBDO,Primavera,18-24,sem_intensidade,TSRA,0,0,,0,0,
SBDO,Primavera,18-24,sem_intensidade,+RA,0,0,,0,0,
SBDO,Primavera,TODOS,exato,TS,0,0,,0,0,
SBDO,Primavera,TODOS,exato,+RA,0,0,,0,0,
SBDO,Primavera,TODOS,exato,+TSRA,0,0,,0,0,
SBDO,Primavera,TODOS,exato,TSRA,0,0,,0,0,
SBDO,Primavera,TODOS,sem_intensidade,TS,0,0,,0,0,
SBDO,Primavera,TODOS,sem_intensidade,TSRA,0,0,,0,0,
SBDO,Primavera,TODOS,sem_intensidade,+RA,0,0,,0,0,
SBDO,TODAS,00-06,exato,TS,0,0,,0,0,
SBDO,TODAS,00-06,exato,+RA,0,0,,0,0,
SBDO,TODAS,00-06,exato,+TSRA,0,0,,0,0,
SBDO,TODAS,00-06,exato,TSRA,0,0,,0,0,
SBDO,TODAS,00-06,sem_intensidade,TS,0,0,,0,0,
SBDO,TODAS,00-06,sem_intensidade,TSRA,0,0,,0,0,
SBDO,TODAS,00-06,sem_intensidade,+RA,0,0,,0,0,
SBDO,TODAS,06-12,exato,TS,0,0,,0,0,
SBDO,TODAS,06-12,exato,+RA,0,0,,0,0,
SBDO,TODAS,06-12,exato,+TSRA,0,0,,0,0,
SBDO,TODAS,06-12,exato,TSRA,0,0,,0,0,
SBDO,TODAS,06-12,sem_intensidade,TS,0,0,,0,0,
SBDO,TODAS,06-12,sem_intensidade,TSRA,0,0,,0,0,
SBDO,TODAS,06-12,sem_intensidade,+RA,0,0,,0,0,
SBDO,TODAS,12-18,exato,TS,0,0,,0,0,
SBDO,TODAS,12-18,exato,+RA,0,0,,0,0,
SBDO,TODAS,12-18,exato,+TSRA,0,0,,0,0,
SBDO,TODAS,12-18,exato,TSRA,0,0,,0,0,
SBDO,TODAS,12-18,sem_intensidade,TS,0,0,,0,0,
SBDO,TODAS,12-18,sem_intensidade,TSRA,0,0,,0,0,
SBDO,TODAS,12-18,sem_intensidade,+RA,0,0,,0,0,
SBDO,TODAS,18-24,exato,TS,0,0,,0,0,
SBDO,TODAS,18-24,exato,+RA,0,0,,0,0,
SBDO,TODAS,18-24,exato,+TSRA,0,0,,0,0,
SBDO,TODAS,18-24,exato,TSRA,0,0,,0,0,
SBDO,TODAS,18-24,sem_intensidade,TS,0,0,,0,0,
SBDO,TODAS,18-24,sem_intensidade,TSRA,0,0,,0,0,
SBDO,TODAS,18-24,sem_intensidade,+RA,0,0,,0,0,
SBDO,TODAS,TODOS,exato,TS,0,0,,0,0,
SBDO,TODAS,TODOS,exato,+RA,0,0,,0,0,
SBDO,TODAS,TODOS,exato,+TSRA,0,0,,0,0,
SBDO,TODAS,TODOS,exato,TSRA,0,0,,0,0,
SBDO,TODAS,TODOS,sem_intensidade,TS,0,0,,0,0,
SBDO,TODAS,TODOS,sem_intensidade,TSRA,0,0,,0,0,
SBDO,TODAS,TODOS,sem_intensidade,+RA,0,0,,0,0,
SBEG,Verao,00-06,exato,TS,0,0,,0,0,
SBEG,Verao,00-06,exato,+RA,0,0,,0,0,
SBEG,Verao,00-06,exato,+TSRA,0,0,,0,0,
SBEG,Verao,00-06,exato,TSRA,0,0,,0,0,
SBEG,Verao,00-06,sem_intensidade,TS,0,0,,0,0,
SBEG,Verao,00-06,sem_intensidade,TSRA,0,0,,0,0,
SBEG,Verao,00-06,sem_intensidade,+RA,0,0,,0,0,
SBEG,Verao,06-12,exato,TS,0,0,,0,0,
SBEG,Verao,06-12,exato,+RA,0,0,,0,0,
SBEG,Verao,06-12,exato,+TSRA,0,0,,0,0,
SBEG,Verao,06-12,exato,TSRA,0,0,,0,0,
SBEG,Verao,06-12,sem_intensidade,TS,0,0,,0,0,
SBEG,Verao,06-12,sem_intensidade,TSRA,0,0,,0,0,
SBEG,Verao,06-12,sem_intensidade,+RA,0,0,,0,0,
SBEG,Verao,12-18,exato,TS,0,0,,0,0,
SBEG,Verao,12-18,exato,+RA,0,0,,0,0,
SBEG,Verao,12-18,exato,+TSRA,0,0,,0,0,
SBEG,Verao,12-18,exato,TSRA,0,0,,0,0,
SBEG,Verao,12-18,sem_intensidade,TS,0,0,,0,0,
SBEG,Verao,12-18,sem_intensidade,TSRA,0,0,,0,0,
SBEG,Verao,12-18,sem_intensidade,+RA,0,0,,0,0,
SBEG,Verao,18-24,exato,TS,15,1,6.7,5,1,20.0
SBEG,Verao,18-24,exato,+RA,0,0,,0,0,
SBEG,Verao,18-24,exato,+TSRA,0,0,,1,0,0.0
SBEG,Verao,18-24,exato,TSRA,31,0,0.0,2,0,0.0
SBEG,Verao,18-24,sem_intensidade,TS,15,1,6.7,5,1,20.0
SBEG,Verao,18-24,sem_intensidade,TSRA,31,2,6.5,8,2,25.0
SBEG,Verao,18-24,sem_intensidade,+RA,0,0,,0,0,
SBEG,Verao,TODOS,exato,TS,15,1,6.7,5,1,20.0
SBEG,Verao,TODOS,exato,+RA,0,0,,0,0,
SBEG,Verao,TODOS,exato,+TSRA,0,0,,1,0,0.0
SBEG,Verao,TODOS,exato,TSRA,31,0,0.0,2,0,0.0
SBEG,Verao,TODOS,sem_intensidade,TS,15,1,6.7,5,1,20.0
SBEG,Verao,TODOS,sem_intensidade,TSRA,31,2,6.5,8,2,25.0
SBEG,Verao,TODOS,sem_intensidade,+RA,0,0,,0,0,
SBEG,Outono,00-06,exato,TS,0,0,,0,0,
SBEG,Outono,00-06,exato,+RA,0,0,,0,0,
SBEG,Outono,00-06,exato,+TSRA,0,0,,0,0,
SBEG,Outono,00-06,exato,TSRA,0,0,,0,0,
SBEG,Outono,00-06,sem_intensidade,TS,0,0,,0,0,
SBEG,Outono,00-06,sem_intensidade,TSRA,0,0,,0,0,
SBEG,Outono,00-06,sem_intensidade,+RA,0,0,,0,0,
SBEG,Outono,06-12,exato,TS,0,0,,0,0,
SBEG,Outono,06-12,exato,+RA,0,0,,0,0,
SBEG,Outono,06-12,exato,+TSRA,0,0,,0,0,
SBEG,Outono,06-12,exato,TSRA,0,0,,0,0,
SBEG,Outono,06-12,sem_intensidade,TS,0,0,,0,0,
SBEG,Outono,06-12,sem_intensidade,TSRA,0,0,,0,0,
SBEG,Outono,06-12,sem_intensidade,+RA,0,0,,0,0,
SBEG,Outono,12-18,exato,TS,0,0,,0,0,
SBEG,Outono,12-18,exato,+RA,0,0,,0,0,
SBEG,Outono,12-18,exato,+TSRA,0,0,,0,0,
SBEG,Outono,12-18,exato,TSRA,1,0,0.0,0,0,
SBEG,Outono,12-18,sem_intensidade,TS,0,0,,0,0,
SBEG,Outono,12-18,sem_intensidade,TSRA,1,0,0.0,0,0,
SBEG,Outono,12-18,sem_intensidade,+RA,0,0,,0,0,
SBEG,Outono,18-24,exato,TS,19,1,5.3,3,1,33.3
SBEG,Outono,18-24,exato,+RA,0,0,,0,0,
SBEG,Outono,18-24,exato,+TSRA,0,0,,1,0,0.0
SBEG,Outono,18-24,exato,TSRA,29,1,3.4,1,1,100.0
SBEG,Outono,18-24,sem_intensidade,TS,19,1,5.3,3,1,33.3
SBEG,Outono,18-24,sem_intensidade,TSRA,29,3,10.3,5,3,60.0
SBEG,Outono,18-24,sem_intensidade,+RA,0,0,,0,0,
SBEG,Outono,TODOS,exato,TS,19,1,5.3,3,1,33.3
SBEG,Outono,TODOS,exato,+RA,0,0,,0,0,
SBEG,Outono,TODOS,exato,+TSRA,0,0,,1,0,0.0
SBEG,Outono,TODOS,exato,TSRA,30,1,3.3,1,1,100.0
SBEG,Outono,TODOS,sem_intensidade,TS,19,1,5.3,3,1,33.3
SBEG,Outono,TODOS,sem_intensidade,TSRA,30,3,10.0,5,3,60.0
SBEG,Outono,TODOS,sem_intensidade,+RA,0,0,,0,0,
SBEG,Inverno,00-06,exato,TS,0,0,,0,0,
SBEG,Inverno,00-06,exato,+RA,0,0,,0,0,
SBEG,Inverno,00-06,exato,+TSRA,0,0,,0,0,
SBEG,Inverno,00-06,exato,TSRA,0,0,,0,0,
SBEG,Inverno,00-06,sem_intensidade,TS,0,0,,0,0,
SBEG,Inverno,00-06,sem_intensidade,TSRA,0,0,,0,0,
SBEG,Inverno,00-06,sem_intensidade,+RA,0,0,,0,0,
SBEG,Inverno,06-12,exato,TS,0,0,,0,0,
SBEG,Inverno,06-12,exato,+RA,0,0,,0,0,
SBEG,Inverno,06-12,exato,+TSRA,0,0,,0,0,
SBEG,Inverno,06-12,exato,TSRA,0,0,,0,0,
SBEG,Inverno,06-12,sem_intensidade,TS,0,0,,0,0,
SBEG,Inverno,06-12,sem_intensidade,TSRA,0,0,,0,0,
SBEG,Inverno,06-12,sem_intensidade,+RA,0,0,,0,0,
SBEG,Inverno,12-18,exato,TS,0,0,,0,0,
SBEG,Inverno,12-18,exato,+RA,0,0,,0,0,
SBEG,Inverno,12-18,exato,+TSRA,0,0,,0,0,
SBEG,Inverno,12-18,exato,TSRA,0,0,,0,0,
SBEG,Inverno,12-18,sem_intensidade,TS,0,0,,0,0,
SBEG,Inverno,12-18,sem_intensidade,TSRA,0,0,,0,0,
SBEG,Inverno,12-18,sem_intensidade,+RA,0,0,,0,0,
SBEG,Inverno,18-24,exato,TS,14,0,0.0,2,0,0.0
SBEG,Inverno,18-24,exato,+RA,0,0,,0,0,
SBEG,Inverno,18-24,exato,+TSRA,0,0,,0,0,
SBEG,Inverno,18-24,exato,TSRA,18,1,5.6,1,1,100.0
SBEG,Inverno,18-24,sem_intensidade,TS,14,0,0.0,2,0,0.0
SBEG,Inverno,18-24,sem_intensidade,TSRA,18,1,5.6,2,1,50.0
SBEG,Inverno,18-24,sem_intensidade,+RA,0,0,,0,0,
SBEG,Inverno,TODOS,exato,TS,14,0,0.0,2,0,0.0
SBEG,Inverno,TODOS,exato,+RA,0,0,,0,0,
SBEG,Inverno,TODOS,exato,+TSRA,0,0,,0,0,
SBEG,Inverno,TODOS,exato,TSRA,18,1,5.6,1,1,100.0
SBEG,Inverno,TODOS,sem_intensidade,TS,14,0,0.0,2,0,0.0
SBEG,Inverno,TODOS,sem_intensidade,TSRA,18,1,5.6,2,1,50.0
SBEG,Inverno,TODOS,sem_intensidade,+RA,0,0,,0,0,
SBEG,Primavera,00-06,exato,TS,0,0,,0,0,
SBEG,Primavera,00-06,exato,+RA,0,0,,0,0,
SBEG,Primavera,00-06,exato,+TSRA,0,0,,0,0,
SBEG,Primavera,00-06,exato,TSRA,0,0,,0,0,
SBEG,Primavera,00-06,sem_intensidade,TS,0,0,,0,0,
SBEG,Primavera,00-06,sem_intensidade,TSRA,0,0,,0,0,
SBEG,Primavera,00-06,sem_intensidade,+RA,0,0,,0,0,
SBEG,Primavera,06-12,exato,TS,0,0,,0,0,
SBEG,Primavera,06-12,exato,+RA,0,0,,0,0,
SBEG,Primavera,06-12,exato,+TSRA,0,0,,0,0,
SBEG,Primavera,06-12,exato,TSRA,0,0,,0,0,
SBEG,Primavera,06-12,sem_intensidade,TS,0,0,,0,0,
SBEG,Primavera,06-12,sem_intensidade,TSRA,0,0,,0,0,
SBEG,Primavera,06-12,sem_intensidade,+RA,0,0,,0,0,
SBEG,Primavera,12-18,exato,TS,0,0,,0,0,
SBEG,Primavera,12-18,exato,+RA,0,0,,0,0,
SBEG,Primavera,12-18,exato,+TSRA,0,0,,0,0,
SBEG,Primavera,12-18,exato,TSRA,0,0,,0,0,
SBEG,Primavera,12-18,sem_intensidade,TS,0,0,,0,0,
SBEG,Primavera,12-18,sem_intensidade,TSRA,0,0,,0,0,
SBEG,Primavera,12-18,sem_intensidade,+RA,0,0,,0,0,
SBEG,Primavera,18-24,exato,TS,30,1,3.3,2,1,50.0
SBEG,Primavera,18-24,exato,+RA,0,0,,0,0,
SBEG,Primavera,18-24,exato,+TSRA,0,0,,2,0,0.0
SBEG,Primavera,18-24,exato,TSRA,26,3,11.5,3,3,100.0
SBEG,Primavera,18-24,sem_intensidade,TS,30,1,3.3,2,1,50.0
SBEG,Primavera,18-24,sem_intensidade,TSRA,26,5,19.2,10,5,50.0
SBEG,Primavera,18-24,sem_intensidade,+RA,0,0,,0,0,
SBEG,Primavera,TODOS,exato,TS,30,1,3.3,2,1,50.0
SBEG,Primavera,TODOS,exato,+RA,0,0,,0,0,
SBEG,Primavera,TODOS,exato,+TSRA,0,0,,2,0,0.0
SBEG,Primavera,TODOS,exato,TSRA,26,3,11.5,3,3,100.0
SBEG,Primavera,TODOS,sem_intensidade,TS,30,1,3.3,2,1,50.0
SBEG,Primavera,TODOS,sem_intensidade,TSRA,26,5,19.2,10,5,50.0
SBEG,Primavera,TODOS,sem_intensidade,+RA,0,0,,0,0,
SBEG,TODAS,00-06,exato,TS,0,0,,0,0,
SBEG,TODAS,00-06,exato,+RA,0,0,,0,0,
SBEG,TODAS,00-06,exato,+TSRA,0,0,,0,0,
SBEG,TODAS,00-06,exato,TSRA,0,0,,0,0,
SBEG,TODAS,00-06,sem_intensidade,TS,0,0,,0,0,
SBEG,TODAS,00-06,sem_intensidade,TSRA,0,0,,0,0,
SBEG,TODAS,00-06,sem_intensidade,+RA,0,0,,0,0,
SBEG,TODAS,06-12,exato,TS,0,0,,0,0,
SBEG,TODAS,06-12,exato,+RA,0,0,,0,0,
SBEG,TODAS,06-12,exato,+TSRA,0,0,,0,0,
SBEG,TODAS,06-12,exato,TSRA,0,0,,0,0,
SBEG,TODAS,06-12,sem_intensidade,TS,0,0,,0,0,
SBEG,TODAS,06-12,sem_intensidade,TSRA,0,0,,0,0,
SBEG,TODAS,06-12,sem_intensidade,+RA,0,0,,0,0,
SBEG,TODAS,12-18,exato,TS,0,0,,0,0,
SBEG,TODAS,12-18,exato,+RA,0,0,,0,0,
SBEG,TODAS,12-18,exato,+TSRA,0,0,,0,0,
SBEG,TODAS,12-18,exato,TSRA,1,0,0.0,0,0,
SBEG,TODAS,12-18,sem_intensidade,TS,0,0,,0,0,
SBEG,TODAS,12-18,sem_intensidade,TSRA,1,0,0.0,0,0,
SBEG,TODAS,12-18,sem_intensidade,+RA,0,0,,0,0,
SBEG,TODAS,18-24,exato,TS,78,3,3.8,12,3,25.0
SBEG,TODAS,18-24,exato,+RA,0,0,,0,0,
SBEG,TODAS,18-24,exato,+TSRA,0,0,,4,0,0.0
SBEG,TODAS,18-24,exato,TSRA,104,5,4.8,7,5,71.4
SBEG,TODAS,18-24,sem_intensidade,TS,78,3,3.8,12,3,25.0
SBEG,TODAS,18-24,sem_intensidade,TSRA,104,11,10.6,25,11,44.0
SBEG,TODAS,18-24,sem_intensidade,+RA,0,0,,0,0,
SBEG,TODAS,TODOS,exato,TS,78,3,3.8,12,3,25.0
SBEG,TODAS,TODOS,exato,+RA,0,0,,0,0,
SBEG,TODAS,TODOS,exato,+TSRA,0,0,,4,0,0.0
SBEG,TODAS,TODOS,exato,TSRA,105,5,4.8,7,5,71.4
SBEG,TODAS,TODOS,sem_intensidade,TS,78,3,3.8,12,3,25.0
SBEG,TODAS,TODOS,sem_intensidade,TSRA,105,11,10.5,25,11,44.0
SBEG,TODAS,TODOS,sem_intensidade,+RA,0,0,,0,0,
SBFI,Verao,00-06,exato,TS,0,0,,0,0,
SBFI,Verao,00-06,exato,+RA,0,0,,0,0,
SBFI,Verao,00-06,exato,+TSRA,0,0,,0,0,
SBFI,Verao,00-06,exato,TSRA,0,0,,0,0,
SBFI,Verao,00-06,sem_intensidade,TS,0,0,,0,0,
SBFI,Verao,00-06,sem_intensidade,TSRA,0,0,,1,0,0.0
SBFI,Verao,00-06,sem_intensidade,+RA,0,0,,0,0,
SBFI,Verao,06-12,exato,TS,0,0,,0,0,
SBFI,Verao,06-12,exato,+RA,0,0,,0,0,
SBFI,Verao,06-12,exato,+TSRA,0,0,,0,0,
SBFI,Verao,06-12,exato,TSRA,0,0,,0,0,
SBFI,Verao,06-12,sem_intensidade,TS,0,0,,0,0,
SBFI,Verao,06-12,sem_intensidade,TSRA,0,0,,0,0,
SBFI,Verao,06-12,sem_intensidade,+RA,0,0,,0,0,
SBFI,Verao,12-18,exato,TS,0,0,,0,0,
SBFI,Verao,12-18,exato,+RA,0,0,,0,0,
SBFI,Verao,12-18,exato,+TSRA,0,0,,0,0,
SBFI,Verao,12-18,exato,TSRA,8,1,12.5,1,1,100.0
SBFI,Verao,12-18,sem_intensidade,TS,0,0,,0,0,
SBFI,Verao,12-18,sem_intensidade,TSRA,8,2,25.0,2,2,100.0
SBFI,Verao,12-18,sem_intensidade,+RA,0,0,,0,0,
SBFI,Verao,18-24,exato,TS,2,0,0.0,4,0,0.0
SBFI,Verao,18-24,exato,+RA,0,0,,0,0,
SBFI,Verao,18-24,exato,+TSRA,0,0,,1,0,0.0
SBFI,Verao,18-24,exato,TSRA,14,0,0.0,0,0,
SBFI,Verao,18-24,sem_intensidade,TS,2,0,0.0,4,0,0.0
SBFI,Verao,18-24,sem_intensidade,TSRA,17,1,5.9,8,1,12.5
SBFI,Verao,18-24,sem_intensidade,+RA,0,0,,0,0,
SBFI,Verao,TODOS,exato,TS,2,0,0.0,4,0,0.0
SBFI,Verao,TODOS,exato,+RA,0,0,,0,0,
SBFI,Verao,TODOS,exato,+TSRA,0,0,,1,0,0.0
SBFI,Verao,TODOS,exato,TSRA,22,1,4.5,1,1,100.0
SBFI,Verao,TODOS,sem_intensidade,TS,2,0,0.0,4,0,0.0
SBFI,Verao,TODOS,sem_intensidade,TSRA,25,3,12.0,11,3,27.3
SBFI,Verao,TODOS,sem_intensidade,+RA,0,0,,0,0,
SBFI,Outono,00-06,exato,TS,0,0,,0,0,
SBFI,Outono,00-06,exato,+RA,0,0,,0,0,
SBFI,Outono,00-06,exato,+TSRA,0,0,,0,0,
SBFI,Outono,00-06,exato,TSRA,0,0,,0,0,
SBFI,Outono,00-06,sem_intensidade,TS,0,0,,0,0,
SBFI,Outono,00-06,sem_intensidade,TSRA,0,0,,0,0,
SBFI,Outono,00-06,sem_intensidade,+RA,0,0,,0,0,
SBFI,Outono,06-12,exato,TS,0,0,,0,0,
SBFI,Outono,06-12,exato,+RA,0,0,,0,0,
SBFI,Outono,06-12,exato,+TSRA,0,0,,0,0,
SBFI,Outono,06-12,exato,TSRA,0,0,,0,0,
SBFI,Outono,06-12,sem_intensidade,TS,0,0,,0,0,
SBFI,Outono,06-12,sem_intensidade,TSRA,0,0,,0,0,
SBFI,Outono,06-12,sem_intensidade,+RA,0,0,,0,0,
SBFI,Outono,12-18,exato,TS,1,0,0.0,0,0,
SBFI,Outono,12-18,exato,+RA,0,0,,0,0,
SBFI,Outono,12-18,exato,+TSRA,0,0,,0,0,
SBFI,Outono,12-18,exato,TSRA,6,0,0.0,2,0,0.0
SBFI,Outono,12-18,sem_intensidade,TS,1,0,0.0,0,0,
SBFI,Outono,12-18,sem_intensidade,TSRA,6,1,16.7,3,1,33.3
SBFI,Outono,12-18,sem_intensidade,+RA,0,0,,0,0,
SBFI,Outono,18-24,exato,TS,1,0,0.0,0,0,
SBFI,Outono,18-24,exato,+RA,0,0,,0,0,
SBFI,Outono,18-24,exato,+TSRA,0,0,,1,0,0.0
SBFI,Outono,18-24,exato,TSRA,9,0,0.0,0,0,
SBFI,Outono,18-24,sem_intensidade,TS,1,0,0.0,0,0,
SBFI,Outono,18-24,sem_intensidade,TSRA,12,2,16.7,5,2,40.0
SBFI,Outono,18-24,sem_intensidade,+RA,0,0,,0,0,
SBFI,Outono,TODOS,exato,TS,2,0,0.0,0,0,
SBFI,Outono,TODOS,exato,+RA,0,0,,0,0,
SBFI,Outono,TODOS,exato,+TSRA,0,0,,1,0,0.0
SBFI,Outono,TODOS,exato,TSRA,15,0,0.0,2,0,0.0
SBFI,Outono,TODOS,sem_intensidade,TS,2,0,0.0,0,0,
SBFI,Outono,TODOS,sem_intensidade,TSRA,18,3,16.7,8,3,37.5
SBFI,Outono,TODOS,sem_intensidade,+RA,0,0,,0,0,
SBFI,Inverno,00-06,exato,TS,0,0,,0,0,
SBFI,Inverno,00-06,exato,+RA,0,0,,0,0,
SBFI,Inverno,00-06,exato,+TSRA,0,0,,0,0,
SBFI,Inverno,00-06,exato,TSRA,0,0,,0,0,
SBFI,Inverno,00-06,sem_intensidade,TS,0,0,,0,0,
SBFI,Inverno,00-06,sem_intensidade,TSRA,0,0,,0,0,
SBFI,Inverno,00-06,sem_intensidade,+RA,0,0,,0,0,
SBFI,Inverno,06-12,exato,TS,0,0,,0,0,
SBFI,Inverno,06-12,exato,+RA,0,0,,0,0,
SBFI,Inverno,06-12,exato,+TSRA,0,0,,0,0,
SBFI,Inverno,06-12,exato,TSRA,0,0,,0,0,
SBFI,Inverno,06-12,sem_intensidade,TS,0,0,,0,0,
SBFI,Inverno,06-12,sem_intensidade,TSRA,0,0,,0,0,
SBFI,Inverno,06-12,sem_intensidade,+RA,0,0,,0,0,
SBFI,Inverno,12-18,exato,TS,0,0,,0,0,
SBFI,Inverno,12-18,exato,+RA,0,0,,0,0,
SBFI,Inverno,12-18,exato,+TSRA,0,0,,0,0,
SBFI,Inverno,12-18,exato,TSRA,9,2,22.2,2,2,100.0
SBFI,Inverno,12-18,sem_intensidade,TS,0,0,,0,0,
SBFI,Inverno,12-18,sem_intensidade,TSRA,9,5,55.6,5,5,100.0
SBFI,Inverno,12-18,sem_intensidade,+RA,0,0,,0,0,
SBFI,Inverno,18-24,exato,TS,2,0,0.0,1,0,0.0
SBFI,Inverno,18-24,exato,+RA,0,0,,0,0,
SBFI,Inverno,18-24,exato,+TSRA,0,0,,0,0,
SBFI,Inverno,18-24,exato,TSRA,12,2,16.7,2,2,100.0
SBFI,Inverno,18-24,sem_intensidade,TS,2,0,0.0,1,0,0.0
SBFI,Inverno,18-24,sem_intensidade,TSRA,13,2,15.4,5,2,40.0
SBFI,Inverno,18-24,sem_intensidade,+RA,0,0,,0,0,
SBFI,Inverno,TODOS,exato,TS,2,0,0.0,1,0,0.0
SBFI,Inverno,TODOS,exato,+RA,0,0,,0,0,
SBFI,Inverno,TODOS,exato,+TSRA,0,0,,0,0,
SBFI,Inverno,TODOS,exato,TSRA,21,4,19.0,4,4,100.0
SBFI,Inverno,TODOS,sem_intensidade,TS,2,0,0.0,1,0,0.0
SBFI,Inverno,TODOS,sem_intensidade,TSRA,22,7,31.8,10,7,70.0
SBFI,Inverno,TODOS,sem_intensidade,+RA,0,0,,0,0,
SBFI,Primavera,00-06,exato,TS,0,0,,0,0,
SBFI,Primavera,00-06,exato,+RA,0,0,,0,0,
SBFI,Primavera,00-06,exato,+TSRA,0,0,,0,0,
SBFI,Primavera,00-06,exato,TSRA,4,1,25.0,1,1,100.0
SBFI,Primavera,00-06,sem_intensidade,TS,0,0,,0,0,
SBFI,Primavera,00-06,sem_intensidade,TSRA,5,1,20.0,1,1,100.0
SBFI,Primavera,00-06,sem_intensidade,+RA,0,0,,0,0,
SBFI,Primavera,06-12,exato,TS,0,0,,0,0,
SBFI,Primavera,06-12,exato,+RA,0,0,,0,0,
SBFI,Primavera,06-12,exato,+TSRA,0,0,,0,0,
SBFI,Primavera,06-12,exato,TSRA,0,0,,0,0,
SBFI,Primavera,06-12,sem_intensidade,TS,0,0,,0,0,
SBFI,Primavera,06-12,sem_intensidade,TSRA,0,0,,0,0,
SBFI,Primavera,06-12,sem_intensidade,+RA,0,0,,0,0,
SBFI,Primavera,12-18,exato,TS,3,0,0.0,0,0,
SBFI,Primavera,12-18,exato,+RA,0,0,,0,0,
SBFI,Primavera,12-18,exato,+TSRA,0,0,,0,0,
SBFI,Primavera,12-18,exato,TSRA,16,0,0.0,1,0,0.0
SBFI,Primavera,12-18,sem_intensidade,TS,3,0,0.0,0,0,
SBFI,Primavera,12-18,sem_intensidade,TSRA,17,6,35.3,7,6,85.7
SBFI,Primavera,12-18,sem_intensidade,+RA,0,0,,0,0,
SBFI,Primavera,18-24,exato,TS,4,0,0.0,5,0,0.0
SBFI,Primavera,18-24,exato,+RA,0,0,,0,0,
SBFI,Primavera,18-24,exato,+TSRA,0,0,,0,0,
SBFI,Primavera,18-24,exato,TSRA,16,1,6.2,1,1,100.0
SBFI,Primavera,18-24,sem_intensidade,TS,4,0,0.0,5,0,0.0
SBFI,Primavera,18-24,sem_intensidade,TSRA,17,1,5.9,4,1,25.0
SBFI,Primavera,18-24,sem_intensidade,+RA,0,0,,0,0,
SBFI,Primavera,TODOS,exato,TS,7,0,0.0,5,0,0.0
SBFI,Primavera,TODOS,exato,+RA,0,0,,0,0,
SBFI,Primavera,TODOS,exato,+TSRA,0,0,,0,0,
SBFI,Primavera,TODOS,exato,TSRA,36,2,5.6,3,2,66.7
SBFI,Primavera,TODOS,sem_intensidade,TS,7,0,0.0,5,0,0.0
SBFI,Primavera,TODOS,sem_intensidade,TSRA,39,8,20.5,12,8,66.7
SBFI,Primavera,TODOS,sem_intensidade,+RA,0,0,,0,0,
SBFI,TODAS,00-06,exato,TS,0,0,,0,0,
SBFI,TODAS,00-06,exato,+RA,0,0,,0,0,
SBFI,TODAS,00-06,exato,+TSRA,0,0,,0,0,
SBFI,TODAS,00-06,exato,TSRA,4,1,25.0,1,1,100.0
SBFI,TODAS,00-06,sem_intensidade,TS,0,0,,0,0,
SBFI,TODAS,00-06,sem_intensidade,TSRA,5,1,20.0,2,1,50.0
SBFI,TODAS,00-06,sem_intensidade,+RA,0,0,,0,0,
SBFI,TODAS,06-12,exato,TS,0,0,,0,0,
SBFI,TODAS,06-12,exato,+RA,0,0,,0,0,
SBFI,TODAS,06-12,exato,+TSRA,0,0,,0,0,
SBFI,TODAS,06-12,exato,TSRA,0,0,,0,0,
SBFI,TODAS,06-12,sem_intensidade,TS,0,0,,0,0,
SBFI,TODAS,06-12,sem_intensidade,TSRA,0,0,,0,0,
SBFI,TODAS,06-12,sem_intensidade,+RA,0,0,,0,0,
SBFI,TODAS,12-18,exato,TS,4,0,0.0,0,0,
SBFI,TODAS,12-18,exato,+RA,0,0,,0,0,
SBFI,TODAS,12-18,exato,+TSRA,0,0,,0,0,
SBFI,TODAS,12-18,exato,TSRA,39,3,7.7,6,3,50.0
SBFI,TODAS,12-18,sem_intensidade,TS,4,0,0.0,0,0,
SBFI,TODAS,12-18,sem_intensidade,TSRA,40,14,35.0,17,14,82.4
SBFI,TODAS,12-18,sem_intensidade,+RA,0,0,,0,0,
SBFI,TODAS,18-24,exato,TS,9,0,0.0,10,0,0.0
SBFI,TODAS,18-24,exato,+RA,0,0,,0,0,
SBFI,TODAS,18-24,exato,+TSRA,0,0,,2,0,0.0
SBFI,TODAS,18-24,exato,TSRA,51,3,5.9,3,3,100.0
SBFI,TODAS,18-24,sem_intensidade,TS,9,0,0.0,10,0,0.0
SBFI,TODAS,18-24,sem_intensidade,TSRA,59,6,10.2,22,6,27.3
SBFI,TODAS,18-24,sem_intensidade,+RA,0,0,,0,0,
SBFI,TODAS,TODOS,exato,TS,13,0,0.0,10,0,0.0
SBFI,TODAS,TODOS,exato,+RA,0,0,,0,0,
SBFI,TODAS,TODOS,exato,+TSRA,0,0,,2,0,0.0
SBFI,TODAS,TODOS,exato,TSRA,94,7,7.4,10,7,70.0
SBFI,TODAS,TODOS,sem_intensidade,TS,13,0,0.0,10,0,0.0
SBFI,TODAS,TODOS,sem_intensidade,TSRA,104,21,20.2,41,21,51.2
SBFI,TODAS,TODOS,sem_intensidade,+RA,0,0,,0,0,
SBFL,Verao,00-06,exato,TS,0,0,,2,0,0.0
SBFL,Verao,00-06,exato,+RA,0,0,,0,0,
SBFL,Verao,00-06,exato,+TSRA,0,0,,0,0,
SBFL,Verao,00-06,exato,TSRA,4,0,0.0,0,0,
SBFL,Verao,00-06,sem_intensidade,TS,0,0,,2,0,0.0
SBFL,Verao,00-06,sem_intensidade,TSRA,4,0,0.0,2,0,0.0
SBFL,Verao,00-06,sem_intensidade,+RA,0,0,,0,0,
SBFL,Verao,06-12,exato,TS,0,0,,0,0,
SBFL,Verao,06-12,exato,+RA,0,0,,0,0,
SBFL,Verao,06-12,exato,+TSRA,0,0,,0,0,
SBFL,Verao,06-12,exato,TSRA,2,0,0.0,1,0,0.0
SBFL,Verao,06-12,sem_intensidade,TS,0,0,,0,0,
SBFL,Verao,06-12,sem_intensidade,TSRA,2,0,0.0,1,0,0.0
SBFL,Verao,06-12,sem_intensidade,+RA,0,0,,0,0,
SBFL,Verao,12-18,exato,TS,11,0,0.0,5,0,0.0
SBFL,Verao,12-18,exato,+RA,0,0,,0,0,
SBFL,Verao,12-18,exato,+TSRA,0,0,,0,0,
SBFL,Verao,12-18,exato,TSRA,11,0,0.0,0,0,
SBFL,Verao,12-18,sem_intensidade,TS,11,0,0.0,5,0,0.0
SBFL,Verao,12-18,sem_intensidade,TSRA,11,3,27.3,3,3,100.0
SBFL,Verao,12-18,sem_intensidade,+RA,0,0,,0,0,
SBFL,Verao,18-24,exato,TS,17,2,11.8,5,2,40.0
SBFL,Verao,18-24,exato,+RA,0,0,,1,0,0.0
SBFL,Verao,18-24,exato,+TSRA,0,0,,6,0,0.0
SBFL,Verao,18-24,exato,TSRA,73,5,6.8,6,5,83.3
SBFL,Verao,18-24,sem_intensidade,TS,17,2,11.8,5,2,40.0
SBFL,Verao,18-24,sem_intensidade,TSRA,79,16,20.3,21,16,76.2
SBFL,Verao,18-24,sem_intensidade,+RA,0,0,,1,0,0.0
SBFL,Verao,TODOS,exato,TS,28,2,7.1,12,2,16.7
SBFL,Verao,TODOS,exato,+RA,0,0,,1,0,0.0
SBFL,Verao,TODOS,exato,+TSRA,0,0,,6,0,0.0
SBFL,Verao,TODOS,exato,TSRA,90,5,5.6,7,5,71.4
SBFL,Verao,TODOS,sem_intensidade,TS,28,2,7.1,12,2,16.7
SBFL,Verao,TODOS,sem_intensidade,TSRA,96,19,19.8,27,19,70.4
SBFL,Verao,TODOS,sem_intensidade,+RA,0,0,,1,0,0.0
SBFL,Outono,00-06,exato,TS,0,0,,0,0,
SBFL,Outono,00-06,exato,+RA,0,0,,0,0,
SBFL,Outono,00-06,exato,+TSRA,0,0,,1,0,0.0
SBFL,Outono,00-06,exato,TSRA,5,3,60.0,4,3,75.0
SBFL,Outono,00-06,sem_intensidade,TS,0,0,,0,0,
SBFL,Outono,00-06,sem_intensidade,TSRA,5,3,60.0,8,3,37.5
SBFL,Outono,00-06,sem_intensidade,+RA,0,0,,0,0,
SBFL,Outono,06-12,exato,TS,0,0,,0,0,
SBFL,Outono,06-12,exato,+RA,0,0,,1,0,0.0
SBFL,Outono,06-12,exato,+TSRA,0,0,,0,0,
SBFL,Outono,06-12,exato,TSRA,0,0,,0,0,
SBFL,Outono,06-12,sem_intensidade,TS,0,0,,0,0,
SBFL,Outono,06-12,sem_intensidade,TSRA,0,0,,0,0,
SBFL,Outono,06-12,sem_intensidade,+RA,0,0,,1,0,0.0
SBFL,Outono,12-18,exato,TS,0,0,,0,0,
SBFL,Outono,12-18,exato,+RA,0,0,,0,0,
SBFL,Outono,12-18,exato,+TSRA,0,0,,0,0,
SBFL,Outono,12-18,exato,TSRA,10,0,0.0,0,0,
SBFL,Outono,12-18,sem_intensidade,TS,0,0,,0,0,
SBFL,Outono,12-18,sem_intensidade,TSRA,10,0,0.0,0,0,
SBFL,Outono,12-18,sem_intensidade,+RA,0,0,,0,0,
SBFL,Outono,18-24,exato,TS,6,0,0.0,0,0,
SBFL,Outono,18-24,exato,+RA,0,0,,0,0,
SBFL,Outono,18-24,exato,+TSRA,0,0,,1,0,0.0
SBFL,Outono,18-24,exato,TSRA,16,0,0.0,3,0,0.0
SBFL,Outono,18-24,sem_intensidade,TS,6,0,0.0,0,0,
SBFL,Outono,18-24,sem_intensidade,TSRA,16,0,0.0,5,0,0.0
SBFL,Outono,18-24,sem_intensidade,+RA,0,0,,0,0,
SBFL,Outono,TODOS,exato,TS,6,0,0.0,0,0,
SBFL,Outono,TODOS,exato,+RA,0,0,,1,0,0.0
SBFL,Outono,TODOS,exato,+TSRA,0,0,,2,0,0.0
SBFL,Outono,TODOS,exato,TSRA,31,3,9.7,7,3,42.9
SBFL,Outono,TODOS,sem_intensidade,TS,6,0,0.0,0,0,
SBFL,Outono,TODOS,sem_intensidade,TSRA,31,3,9.7,13,3,23.1
SBFL,Outono,TODOS,sem_intensidade,+RA,0,0,,1,0,0.0
SBFL,Inverno,00-06,exato,TS,0,0,,0,0,
SBFL,Inverno,00-06,exato,+RA,0,0,,0,0,
SBFL,Inverno,00-06,exato,+TSRA,0,0,,1,0,0.0
SBFL,Inverno,00-06,exato,TSRA,4,0,0.0,0,0,
SBFL,Inverno,00-06,sem_intensidade,TS,0,0,,0,0,
SBFL,Inverno,00-06,sem_intensidade,TSRA,4,0,0.0,6,0,0.0
SBFL,Inverno,00-06,sem_intensidade,+RA,0,0,,0,0,
SBFL,Inverno,06-12,exato,TS,0,0,,1,0,0.0
SBFL,Inverno,06-12,exato,+RA,0,0,,0,0,
SBFL,Inverno,06-12,exato,+TSRA,0,0,,0,0,
SBFL,Inverno,06-12,exato,TSRA,1,0,0.0,2,0,0.0
SBFL,Inverno,06-12,sem_intensidade,TS,0,0,,1,0,0.0
SBFL,Inverno,06-12,sem_intensidade,TSRA,1,0,0.0,3,0,0.0
SBFL,Inverno,06-12,sem_intensidade,+RA,0,0,,0,0,
SBFL,Inverno,12-18,exato,TS,1,0,0.0,0,0,
SBFL,Inverno,12-18,exato,+RA,0,0,,0,0,
SBFL,Inverno,12-18,exato,+TSRA,0,0,,0,0,
SBFL,Inverno,12-18,exato,TSRA,27,1,3.7,1,1,100.0
SBFL,Inverno,12-18,sem_intensidade,TS,1,0,0.0,0,0,
SBFL,Inverno,12-18,sem_intensidade,TSRA,27,3,11.1,3,3,100.0
SBFL,Inverno,12-18,sem_intensidade,+RA,0,0,,0,0,
SBFL,Inverno,18-24,exato,TS,0,0,,0,0,
SBFL,Inverno,18-24,exato,+RA,0,0,,0,0,
SBFL,Inverno,18-24,exato,+TSRA,0,0,,0,0,
SBFL,Inverno,18-24,exato,TSRA,46,0,0.0,0,0,
SBFL,Inverno,18-24,sem_intensidade,TS,0,0,,0,0,
SBFL,Inverno,18-24,sem_intensidade,TSRA,46,2,4.3,2,2,100.0
SBFL,Inverno,18-24,sem_intensidade,+RA,0,0,,0,0,
SBFL,Inverno,TODOS,exato,TS,1,0,0.0,1,0,0.0
SBFL,Inverno,TODOS,exato,+RA,0,0,,0,0,
SBFL,Inverno,TODOS,exato,+TSRA,0,0,,1,0,0.0
SBFL,Inverno,TODOS,exato,TSRA,78,1,1.3,3,1,33.3
SBFL,Inverno,TODOS,sem_intensidade,TS,1,0,0.0,1,0,0.0
SBFL,Inverno,TODOS,sem_intensidade,TSRA,78,5,6.4,14,5,35.7
SBFL,Inverno,TODOS,sem_intensidade,+RA,0,0,,0,0,
SBFL,Primavera,00-06,exato,TS,0,0,,0,0,
SBFL,Primavera,00-06,exato,+RA,0,0,,0,0,
SBFL,Primavera,00-06,exato,+TSRA,0,0,,0,0,
SBFL,Primavera,00-06,exato,TSRA,0,0,,0,0,
SBFL,Primavera,00-06,sem_intensidade,TS,0,0,,0,0,
SBFL,Primavera,00-06,sem_intensidade,TSRA,4,0,0.0,0,0,
SBFL,Primavera,00-06,sem_intensidade,+RA,0,0,,0,0,
SBFL,Primavera,06-12,exato,TS,0,0,,0,0,
SBFL,Primavera,06-12,exato,+RA,0,0,,1,0,0.0
SBFL,Primavera,06-12,exato,+TSRA,0,0,,0,0,
SBFL,Primavera,06-12,exato,TSRA,0,0,,0,0,
SBFL,Primavera,06-12,sem_intensidade,TS,0,0,,0,0,
SBFL,Primavera,06-12,sem_intensidade,TSRA,0,0,,1,0,0.0
SBFL,Primavera,06-12,sem_intensidade,+RA,0,0,,1,0,0.0
SBFL,Primavera,12-18,exato,TS,0,0,,1,0,0.0
SBFL,Primavera,12-18,exato,+RA,0,0,,1,0,0.0
SBFL,Primavera,12-18,exato,+TSRA,0,0,,1,0,0.0
SBFL,Primavera,12-18,exato,TSRA,5,0,0.0,4,0,0.0
SBFL,Primavera,12-18,sem_intensidade,TS,0,0,,1,0,0.0
SBFL,Primavera,12-18,sem_intensidade,TSRA,5,0,0.0,7,0,0.0
SBFL,Primavera,12-18,sem_intensidade,+RA,0,0,,1,0,0.0
SBFL,Primavera,18-24,exato,TS,6,0,0.0,0,0,
SBFL,Primavera,18-24,exato,+RA,0,0,,4,0,0.0
SBFL,Primavera,18-24,exato,+TSRA,0,0,,0,0,
SBFL,Primavera,18-24,exato,TSRA,18,0,0.0,4,0,0.0
SBFL,Primavera,18-24,sem_intensidade,TS,6,0,0.0,0,0,
SBFL,Primavera,18-24,sem_intensidade,TSRA,18,2,11.1,13,2,15.4
SBFL,Primavera,18-24,sem_intensidade,+RA,0,0,,4,0,0.0
SBFL,Primavera,TODOS,exato,TS,6,0,0.0,1,0,0.0
SBFL,Primavera,TODOS,exato,+RA,0,0,,6,0,0.0
SBFL,Primavera,TODOS,exato,+TSRA,0,0,,1,0,0.0
SBFL,Primavera,TODOS,exato,TSRA,23,0,0.0,8,0,0.0
SBFL,Primavera,TODOS,sem_intensidade,TS,6,0,0.0,1,0,0.0
SBFL,Primavera,TODOS,sem_intensidade,TSRA,27,2,7.4,21,2,9.5
SBFL,Primavera,TODOS,sem_intensidade,+RA,0,0,,6,0,0.0
SBFL,TODAS,00-06,exato,TS,0,0,,2,0,0.0
SBFL,TODAS,00-06,exato,+RA,0,0,,0,0,
SBFL,TODAS,00-06,exato,+TSRA,0,0,,2,0,0.0
SBFL,TODAS,00-06,exato,TSRA,13,3,23.1,4,3,75.0
SBFL,TODAS,00-06,sem_intensidade,TS,0,0,,2,0,0.0
SBFL,TODAS,00-06,sem_intensidade,TSRA,17,3,17.6,16,3,18.8
SBFL,TODAS,00-06,sem_intensidade,+RA,0,0,,0,0,
SBFL,TODAS,06-12,exato,TS,0,0,,1,0,0.0
SBFL,TODAS,06-12,exato,+RA,0,0,,2,0,0.0
SBFL,TODAS,06-12,exato,+TSRA,0,0,,0,0,
SBFL,TODAS,06-12,exato,TSRA,3,0,0.0,3,0,0.0
SBFL,TODAS,06-12,sem_intensidade,TS,0,0,,1,0,0.0
SBFL,TODAS,06-12,sem_intensidade,TSRA,3,0,0.0,5,0,0.0
SBFL,TODAS,06-12,sem_intensidade,+RA,0,0,,2,0,0.0
SBFL,TODAS,12-18,exato,TS,12,0,0.0,6,0,0.0
SBFL,TODAS,12-18,exato,+RA,0,0,,1,0,0.0
SBFL,TODAS,12-18,exato,+TSRA,0,0,,1,0,0.0
SBFL,TODAS,12-18,exato,TSRA,53,1,1.9,5,1,20.0
SBFL,TODAS,12-18,sem_intensidade,TS,12,0,0.0,6,0,0.0
SBFL,TODAS,12-18,sem_intensidade,TSRA,53,6,11.3,13,6,46.2
SBFL,TODAS,12-18,sem_intensidade,+RA,0,0,,1,0,0.0
SBFL,TODAS,18-24,exato,TS,29,2,6.9,5,2,40.0
SBFL,TODAS,18-24,exato,+RA,0,0,,5,0,0.0
SBFL,TODAS,18-24,exato,+TSRA,0,0,,7,0,0.0
SBFL,TODAS,18-24,exato,TSRA,153,5,3.3,13,5,38.5
SBFL,TODAS,18-24,sem_intensidade,TS,29,2,6.9,5,2,40.0
SBFL,TODAS,18-24,sem_intensidade,TSRA,159,20,12.6,41,20,48.8
SBFL,TODAS,18-24,sem_intensidade,+RA,0,0,,5,0,0.0
SBFL,TODAS,TODOS,exato,TS,41,2,4.9,14,2,14.3
SBFL,TODAS,TODOS,exato,+RA,0,0,,8,0,0.0
SBFL,TODAS,TODOS,exato,+TSRA,0,0,,10,0,0.0
SBFL,TODAS,TODOS,exato,TSRA,222,9,4.1,25,9,36.0
SBFL,TODAS,TODOS,sem_intensidade,TS,41,2,4.9,14,2,14.3
SBFL,TODAS,TODOS,sem_intensidade,TSRA,232,29,12.5,75,29,38.7
SBFL,TODAS,TODOS,sem_intensidade,+RA,0,0,,8,0,0.0
SBFN,Verao,00-06,exato,TS,0,0,,0,0,
SBFN,Verao,00-06,exato,+RA,0,0,,0,0,
SBFN,Verao,00-06,exato,+TSRA,0,0,,0,0,
SBFN,Verao,00-06,exato,TSRA,0,0,,0,0,
SBFN,Verao,00-06,sem_intensidade,TS,0,0,,0,0,
SBFN,Verao,00-06,sem_intensidade,TSRA,0,0,,0,0,
SBFN,Verao,00-06,sem_intensidade,+RA,0,0,,0,0,
SBFN,Verao,06-12,exato,TS,0,0,,0,0,
SBFN,Verao,06-12,exato,+RA,0,0,,0,0,
SBFN,Verao,06-12,exato,+TSRA,0,0,,0,0,
SBFN,Verao,06-12,exato,TSRA,0,0,,0,0,
SBFN,Verao,06-12,sem_intensidade,TS,0,0,,0,0,
SBFN,Verao,06-12,sem_intensidade,TSRA,0,0,,0,0,
SBFN,Verao,06-12,sem_intensidade,+RA,0,0,,0,0,
SBFN,Verao,12-18,exato,TS,0,0,,0,0,
SBFN,Verao,12-18,exato,+RA,0,0,,0,0,
SBFN,Verao,12-18,exato,+TSRA,0,0,,0,0,
SBFN,Verao,12-18,exato,TSRA,0,0,,0,0,
SBFN,Verao,12-18,sem_intensidade,TS,0,0,,0,0,
SBFN,Verao,12-18,sem_intensidade,TSRA,0,0,,0,0,
SBFN,Verao,12-18,sem_intensidade,+RA,0,0,,0,0,
SBFN,Verao,18-24,exato,TS,0,0,,0,0,
SBFN,Verao,18-24,exato,+RA,0,0,,0,0,
SBFN,Verao,18-24,exato,+TSRA,0,0,,0,0,
SBFN,Verao,18-24,exato,TSRA,0,0,,0,0,
SBFN,Verao,18-24,sem_intensidade,TS,0,0,,0,0,
SBFN,Verao,18-24,sem_intensidade,TSRA,0,0,,0,0,
SBFN,Verao,18-24,sem_intensidade,+RA,0,0,,0,0,
SBFN,Verao,TODOS,exato,TS,0,0,,0,0,
SBFN,Verao,TODOS,exato,+RA,0,0,,0,0,
SBFN,Verao,TODOS,exato,+TSRA,0,0,,0,0,
SBFN,Verao,TODOS,exato,TSRA,0,0,,0,0,
SBFN,Verao,TODOS,sem_intensidade,TS,0,0,,0,0,
SBFN,Verao,TODOS,sem_intensidade,TSRA,0,0,,0,0,
SBFN,Verao,TODOS,sem_intensidade,+RA,0,0,,0,0,
SBFN,Outono,00-06,exato,TS,0,0,,0,0,
SBFN,Outono,00-06,exato,+RA,0,0,,0,0,
SBFN,Outono,00-06,exato,+TSRA,0,0,,0,0,
SBFN,Outono,00-06,exato,TSRA,0,0,,0,0,
SBFN,Outono,00-06,sem_intensidade,TS,0,0,,0,0,
SBFN,Outono,00-06,sem_intensidade,TSRA,0,0,,0,0,
SBFN,Outono,00-06,sem_intensidade,+RA,0,0,,0,0,
SBFN,Outono,06-12,exato,TS,0,0,,0,0,
SBFN,Outono,06-12,exato,+RA,0,0,,0,0,
SBFN,Outono,06-12,exato,+TSRA,0,0,,0,0,
SBFN,Outono,06-12,exato,TSRA,0,0,,0,0,
SBFN,Outono,06-12,sem_intensidade,TS,0,0,,0,0,
SBFN,Outono,06-12,sem_intensidade,TSRA,0,0,,0,0,
SBFN,Outono,06-12,sem_intensidade,+RA,0,0,,0,0,
SBFN,Outono,12-18,exato,TS,0,0,,0,0,
SBFN,Outono,12-18,exato,+RA,0,0,,0,0,
SBFN,Outono,12-18,exato,+TSRA,0,0,,0,0,
SBFN,Outono,12-18,exato,TSRA,0,0,,0,0,
SBFN,Outono,12-18,sem_intensidade,TS,0,0,,0,0,
SBFN,Outono,12-18,sem_intensidade,TSRA,0,0,,0,0,
SBFN,Outono,12-18,sem_intensidade,+RA,0,0,,0,0,
SBFN,Outono,18-24,exato,TS,0,0,,0,0,
SBFN,Outono,18-24,exato,+RA,0,0,,0,0,
SBFN,Outono,18-24,exato,+TSRA,0,0,,0,0,
SBFN,Outono,18-24,exato,TSRA,0,0,,0,0,
SBFN,Outono,18-24,sem_intensidade,TS,0,0,,0,0,
SBFN,Outono,18-24,sem_intensidade,TSRA,0,0,,0,0,
SBFN,Outono,18-24,sem_intensidade,+RA,0,0,,0,0,
SBFN,Outono,TODOS,exato,TS,0,0,,0,0,
SBFN,Outono,TODOS,exato,+RA,0,0,,0,0,
SBFN,Outono,TODOS,exato,+TSRA,0,0,,0,0,
SBFN,Outono,TODOS,exato,TSRA,0,0,,0,0,
SBFN,Outono,TODOS,sem_intensidade,TS,0,0,,0,0,
SBFN,Outono,TODOS,sem_intensidade,TSRA,0,0,,0,0,
SBFN,Outono,TODOS,sem_intensidade,+RA,0,0,,0,0,
SBFN,Inverno,00-06,exato,TS,0,0,,0,0,
SBFN,Inverno,00-06,exato,+RA,0,0,,0,0,
SBFN,Inverno,00-06,exato,+TSRA,0,0,,0,0,
SBFN,Inverno,00-06,exato,TSRA,0,0,,0,0,
SBFN,Inverno,00-06,sem_intensidade,TS,0,0,,0,0,
SBFN,Inverno,00-06,sem_intensidade,TSRA,0,0,,0,0,
SBFN,Inverno,00-06,sem_intensidade,+RA,0,0,,0,0,
SBFN,Inverno,06-12,exato,TS,0,0,,0,0,
SBFN,Inverno,06-12,exato,+RA,0,0,,0,0,
SBFN,Inverno,06-12,exato,+TSRA,0,0,,0,0,
SBFN,Inverno,06-12,exato,TSRA,0,0,,0,0,
SBFN,Inverno,06-12,sem_intensidade,TS,0,0,,0,0,
SBFN,Inverno,06-12,sem_intensidade,TSRA,0,0,,0,0,
SBFN,Inverno,06-12,sem_intensidade,+RA,0,0,,0,0,
SBFN,Inverno,12-18,exato,TS,0,0,,0,0,
SBFN,Inverno,12-18,exato,+RA,0,0,,0,0,
SBFN,Inverno,12-18,exato,+TSRA,0,0,,0,0,
SBFN,Inverno,12-18,exato,TSRA,0,0,,0,0,
SBFN,Inverno,12-18,sem_intensidade,TS,0,0,,0,0,
SBFN,Inverno,12-18,sem_intensidade,TSRA,0,0,,0,0,
SBFN,Inverno,12-18,sem_intensidade,+RA,0,0,,0,0,
SBFN,Inverno,18-24,exato,TS,0,0,,0,0,
SBFN,Inverno,18-24,exato,+RA,0,0,,0,0,
SBFN,Inverno,18-24,exato,+TSRA,0,0,,0,0,
SBFN,Inverno,18-24,exato,TSRA,0,0,,0,0,
SBFN,Inverno,18-24,sem_intensidade,TS,0,0,,0,0,
SBFN,Inverno,18-24,sem_intensidade,TSRA,0,0,,0,0,
SBFN,Inverno,18-24,sem_intensidade,+RA,0,0,,0,0,
SBFN,Inverno,TODOS,exato,TS,0,0,,0,0,
SBFN,Inverno,TODOS,exato,+RA,0,0,,0,0,
SBFN,Inverno,TODOS,exato,+TSRA,0,0,,0,0,
SBFN,Inverno,TODOS,exato,TSRA,0,0,,0,0,
SBFN,Inverno,TODOS,sem_intensidade,TS,0,0,,0,0,
SBFN,Inverno,TODOS,sem_intensidade,TSRA,0,0,,0,0,
SBFN,Inverno,TODOS,sem_intensidade,+RA,0,0,,0,0,
SBFN,Primavera,00-06,exato,TS,0,0,,0,0,
SBFN,Primavera,00-06,exato,+RA,0,0,,0,0,
SBFN,Primavera,00-06,exato,+TSRA,0,0,,0,0,
SBFN,Primavera,00-06,exato,TSRA,0,0,,0,0,
SBFN,Primavera,00-06,sem_intensidade,TS,0,0,,0,0,
SBFN,Primavera,00-06,sem_intensidade,TSRA,0,0,,0,0,
SBFN,Primavera,00-06,sem_intensidade,+RA,0,0,,0,0,
SBFN,Primavera,06-12,exato,TS,0,0,,0,0,
SBFN,Primavera,06-12,exato,+RA,0,0,,0,0,
SBFN,Primavera,06-12,exato,+TSRA,0,0,,0,0,
SBFN,Primavera,06-12,exato,TSRA,0,0,,0,0,
SBFN,Primavera,06-12,sem_intensidade,TS,0,0,,0,0,
SBFN,Primavera,06-12,sem_intensidade,TSRA,0,0,,0,0,
SBFN,Primavera,06-12,sem_intensidade,+RA,0,0,,0,0,
SBFN,Primavera,12-18,exato,TS,0,0,,0,0,
SBFN,Primavera,12-18,exato,+RA,0,0,,0,0,
SBFN,Primavera,12-18,exato,+TSRA,0,0,,0,0,
SBFN,Primavera,12-18,exato,TSRA,0,0,,0,0,
SBFN,Primavera,12-18,sem_intensidade,TS,0,0,,0,0,
SBFN,Primavera,12-18,sem_intensidade,TSRA,0,0,,0,0,
SBFN,Primavera,12-18,sem_intensidade,+RA,0,0,,0,0,
SBFN,Primavera,18-24,exato,TS,0,0,,0,0,
SBFN,Primavera,18-24,exato,+RA,0,0,,0,0,
SBFN,Primavera,18-24,exato,+TSRA,0,0,,0,0,
SBFN,Primavera,18-24,exato,TSRA,0,0,,0,0,
SBFN,Primavera,18-24,sem_intensidade,TS,0,0,,0,0,
SBFN,Primavera,18-24,sem_intensidade,TSRA,0,0,,0,0,
SBFN,Primavera,18-24,sem_intensidade,+RA,0,0,,0,0,
SBFN,Primavera,TODOS,exato,TS,0,0,,0,0,
SBFN,Primavera,TODOS,exato,+RA,0,0,,0,0,
SBFN,Primavera,TODOS,exato,+TSRA,0,0,,0,0,
SBFN,Primavera,TODOS,exato,TSRA,0,0,,0,0,
SBFN,Primavera,TODOS,sem_intensidade,TS,0,0,,0,0,
SBFN,Primavera,TODOS,sem_intensidade,TSRA,0,0,,0,0,
SBFN,Primavera,TODOS,sem_intensidade,+RA,0,0,,0,0,
SBFN,TODAS,00-06,exato,TS,0,0,,0,0,
SBFN,TODAS,00-06,exato,+RA,0,0,,0,0,
SBFN,TODAS,00-06,exato,+TSRA,0,0,,0,0,
SBFN,TODAS,00-06,exato,TSRA,0,0,,0,0,
SBFN,TODAS,00-06,sem_intensidade,TS,0,0,,0,0,
SBFN,TODAS,00-06,sem_intensidade,TSRA,0,0,,0,0,
SBFN,TODAS,00-06,sem_intensidade,+RA,0,0,,0,0,
SBFN,TODAS,06-12,exato,TS,0,0,,0,0,
SBFN,TODAS,06-12,exato,+RA,0,0,,0,0,
SBFN,TODAS,06-12,exato,+TSRA,0,0,,0,0,
SBFN,TODAS,06-12,exato,TSRA,0,0,,0,0,
SBFN,TODAS,06-12,sem_intensidade,TS,0,0,,0,0,
SBFN,TODAS,06-12,sem_intensidade,TSRA,0,0,,0,0,
SBFN,TODAS,06-12,sem_intensidade,+RA,0,0,,0,0,
SBFN,TODAS,12-18,exato,TS,0,0,,0,0,
SBFN,TODAS,12-18,exato,+RA,0,0,,0,0,
SBFN,TODAS,12-18,exato,+TSRA,0,0,,0,0,
SBFN,TODAS,12-18,exato,TSRA,0,0,,0,0,
SBFN,TODAS,12-18,sem_intensidade,TS,0,0,,0,0,
SBFN,TODAS,12-18,sem_intensidade,TSRA,0,0,,0,0,
SBFN,TODAS,12-18,sem_intensidade,+RA,0,0,,0,0,
SBFN,TODAS,18-24,exato,TS,0,0,,0,0,
SBFN,TODAS,18-24,exato,+RA,0,0,,0,0,
SBFN,TODAS,18-24,exato,+TSRA,0,0,,0,0,
SBFN,TODAS,18-24,exato,TSRA,0,0,,0,0,
SBFN,TODAS,18-24,sem_intensidade,TS,0,0,,0,0,
SBFN,TODAS,18-24,sem_intensidade,TSRA,0,0,,0,0,
SBFN,TODAS,18-24,sem_intensidade,+RA,0,0,,0,0,
SBFN,TODAS,TODOS,exato,TS,0,0,,0,0,
SBFN,TODAS,TODOS,exato,+RA,0,0,,0,0,
SBFN,TODAS,TODOS,exato,+TSRA,0,0,,0,0,
SBFN,TODAS,TODOS,exato,TSRA,0,0,,0,0,
SBFN,TODAS,TODOS,sem_intensidade,TS,0,0,,0,0,
SBFN,TODAS,TODOS,sem_intensidade,TSRA,0,0,,0,0,
SBFN,TODAS,TODOS,sem_intensidade,+RA,0,0,,0,0,
SBFZ,Verao,00-06,exato,TS,0,0,,0,0,
SBFZ,Verao,00-06,exato,+RA,0,0,,0,0,
SBFZ,Verao,00-06,exato,+TSRA,0,0,,0,0,
SBFZ,Verao,00-06,exato,TSRA,0,0,,0,0,
SBFZ,Verao,00-06,sem_intensidade,TS,0,0,,0,0,
SBFZ,Verao,00-06,sem_intensidade,TSRA,0,0,,0,0,
SBFZ,Verao,00-06,sem_intensidade,+RA,0,0,,0,0,
SBFZ,Verao,06-12,exato,TS,0,0,,0,0,
SBFZ,Verao,06-12,exato,+RA,0,0,,0,0,
SBFZ,Verao,06-12,exato,+TSRA,0,0,,0,0,
SBFZ,Verao,06-12,exato,TSRA,0,0,,0,0,
SBFZ,Verao,06-12,sem_intensidade,TS,0,0,,0,0,
SBFZ,Verao,06-12,sem_intensidade,TSRA,0,0,,0,0,
SBFZ,Verao,06-12,sem_intensidade,+RA,0,0,,0,0,
SBFZ,Verao,12-18,exato,TS,0,0,,0,0,
SBFZ,Verao,12-18,exato,+RA,0,0,,0,0,
SBFZ,Verao,12-18,exato,+TSRA,0,0,,0,0,
SBFZ,Verao,12-18,exato,TSRA,0,0,,0,0,
SBFZ,Verao,12-18,sem_intensidade,TS,0,0,,0,0,
SBFZ,Verao,12-18,sem_intensidade,TSRA,0,0,,0,0,
SBFZ,Verao,12-18,sem_intensidade,+RA,0,0,,0,0,
SBFZ,Verao,18-24,exato,TS,2,0,0.0,0,0,
SBFZ,Verao,18-24,exato,+RA,0,0,,0,0,
SBFZ,Verao,18-24,exato,+TSRA,0,0,,0,0,
SBFZ,Verao,18-24,exato,TSRA,1,0,0.0,0,0,
SBFZ,Verao,18-24,sem_intensidade,TS,2,0,0.0,0,0,
SBFZ,Verao,18-24,sem_intensidade,TSRA,1,0,0.0,0,0,
SBFZ,Verao,18-24,sem_intensidade,+RA,0,0,,0,0,
SBFZ,Verao,TODOS,exato,TS,2,0,0.0,0,0,
SBFZ,Verao,TODOS,exato,+RA,0,0,,0,0,
SBFZ,Verao,TODOS,exato,+TSRA,0,0,,0,0,
SBFZ,Verao,TODOS,exato,TSRA,1,0,0.0,0,0,
SBFZ,Verao,TODOS,sem_intensidade,TS,2,0,0.0,0,0,
SBFZ,Verao,TODOS,sem_intensidade,TSRA,1,0,0.0,0,0,
SBFZ,Verao,TODOS,sem_intensidade,+RA,0,0,,0,0,
SBFZ,Outono,00-06,exato,TS,0,0,,0,0,
SBFZ,Outono,00-06,exato,+RA,0,0,,0,0,
SBFZ,Outono,00-06,exato,+TSRA,0,0,,0,0,
SBFZ,Outono,00-06,exato,TSRA,0,0,,0,0,
SBFZ,Outono,00-06,sem_intensidade,TS,0,0,,0,0,
SBFZ,Outono,00-06,sem_intensidade,TSRA,0,0,,0,0,
SBFZ,Outono,00-06,sem_intensidade,+RA,0,0,,0,0,
SBFZ,Outono,06-12,exato,TS,0,0,,0,0,
SBFZ,Outono,06-12,exato,+RA,0,0,,0,0,
SBFZ,Outono,06-12,exato,+TSRA,0,0,,0,0,
SBFZ,Outono,06-12,exato,TSRA,0,0,,0,0,
SBFZ,Outono,06-12,sem_intensidade,TS,0,0,,0,0,
SBFZ,Outono,06-12,sem_intensidade,TSRA,0,0,,0,0,
SBFZ,Outono,06-12,sem_intensidade,+RA,0,0,,0,0,
SBFZ,Outono,12-18,exato,TS,0,0,,0,0,
SBFZ,Outono,12-18,exato,+RA,0,0,,0,0,
SBFZ,Outono,12-18,exato,+TSRA,0,0,,0,0,
SBFZ,Outono,12-18,exato,TSRA,0,0,,0,0,
SBFZ,Outono,12-18,sem_intensidade,TS,0,0,,0,0,
SBFZ,Outono,12-18,sem_intensidade,TSRA,0,0,,0,0,
SBFZ,Outono,12-18,sem_intensidade,+RA,0,0,,0,0,
SBFZ,Outono,18-24,exato,TS,0,0,,0,0,
SBFZ,Outono,18-24,exato,+RA,0,0,,0,0,
SBFZ,Outono,18-24,exato,+TSRA,0,0,,0,0,
SBFZ,Outono,18-24,exato,TSRA,2,0,0.0,0,0,
SBFZ,Outono,18-24,sem_intensidade,TS,0,0,,0,0,
SBFZ,Outono,18-24,sem_intensidade,TSRA,2,0,0.0,0,0,
SBFZ,Outono,18-24,sem_intensidade,+RA,0,0,,0,0,
SBFZ,Outono,TODOS,exato,TS,0,0,,0,0,
SBFZ,Outono,TODOS,exato,+RA,0,0,,0,0,
SBFZ,Outono,TODOS,exato,+TSRA,0,0,,0,0,
SBFZ,Outono,TODOS,exato,TSRA,2,0,0.0,0,0,
SBFZ,Outono,TODOS,sem_intensidade,TS,0,0,,0,0,
SBFZ,Outono,TODOS,sem_intensidade,TSRA,2,0,0.0,0,0,
SBFZ,Outono,TODOS,sem_intensidade,+RA,0,0,,0,0,
SBFZ,Inverno,00-06,exato,TS,0,0,,0,0,
SBFZ,Inverno,00-06,exato,+RA,0,0,,0,0,
SBFZ,Inverno,00-06,exato,+TSRA,0,0,,0,0,
SBFZ,Inverno,00-06,exato,TSRA,0,0,,0,0,
SBFZ,Inverno,00-06,sem_intensidade,TS,0,0,,0,0,
SBFZ,Inverno,00-06,sem_intensidade,TSRA,0,0,,0,0,
SBFZ,Inverno,00-06,sem_intensidade,+RA,0,0,,0,0,
SBFZ,Inverno,06-12,exato,TS,0,0,,0,0,
SBFZ,Inverno,06-12,exato,+RA,0,0,,0,0,
SBFZ,Inverno,06-12,exato,+TSRA,0,0,,0,0,
SBFZ,Inverno,06-12,exato,TSRA,0,0,,0,0,
SBFZ,Inverno,06-12,sem_intensidade,TS,0,0,,0,0,
SBFZ,Inverno,06-12,sem_intensidade,TSRA,0,0,,0,0,
SBFZ,Inverno,06-12,sem_intensidade,+RA,0,0,,0,0,
SBFZ,Inverno,12-18,exato,TS,0,0,,0,0,
SBFZ,Inverno,12-18,exato,+RA,0,0,,0,0,
SBFZ,Inverno,12-18,exato,+TSRA,0,0,,0,0,
SBFZ,Inverno,12-18,exato,TSRA,0,0,,0,0,
SBFZ,Inverno,12-18,sem_intensidade,TS,0,0,,0,0,
SBFZ,Inverno,12-18,sem_intensidade,TSRA,0,0,,0,0,
SBFZ,Inverno,12-18,sem_intensidade,+RA,0,0,,0,0,
SBFZ,Inverno,18-24,exato,TS,0,0,,0,0,
SBFZ,Inverno,18-24,exato,+RA,0,0,,0,0,
SBFZ,Inverno,18-24,exato,+TSRA,0,0,,0,0,
SBFZ,Inverno,18-24,exato,TSRA,0,0,,0,0,
SBFZ,Inverno,18-24,sem_intensidade,TS,0,0,,0,0,
SBFZ,Inverno,18-24,sem_intensidade,TSRA,0,0,,0,0,
SBFZ,Inverno,18-24,sem_intensidade,+RA,0,0,,0,0,
SBFZ,Inverno,TODOS,exato,TS,0,0,,0,0,
SBFZ,Inverno,TODOS,exato,+RA,0,0,,0,0,
SBFZ,Inverno,TODOS,exato,+TSRA,0,0,,0,0,
SBFZ,Inverno,TODOS,exato,TSRA,0,0,,0,0,
SBFZ,Inverno,TODOS,sem_intensidade,TS,0,0,,0,0,
SBFZ,Inverno,TODOS,sem_intensidade,TSRA,0,0,,0,0,
SBFZ,Inverno,TODOS,sem_intensidade,+RA,0,0,,0,0,
SBFZ,Primavera,00-06,exato,TS,0,0,,0,0,
SBFZ,Primavera,00-06,exato,+RA,0,0,,0,0,
SBFZ,Primavera,00-06,exato,+TSRA,0,0,,0,0,
SBFZ,Primavera,00-06,exato,TSRA,0,0,,0,0,
SBFZ,Primavera,00-06,sem_intensidade,TS,0,0,,0,0,
SBFZ,Primavera,00-06,sem_intensidade,TSRA,0,0,,0,0,
SBFZ,Primavera,00-06,sem_intensidade,+RA,0,0,,0,0,
SBFZ,Primavera,06-12,exato,TS,0,0,,0,0,
SBFZ,Primavera,06-12,exato,+RA,0,0,,0,0,
SBFZ,Primavera,06-12,exato,+TSRA,0,0,,0,0,
SBFZ,Primavera,06-12,exato,TSRA,0,0,,0,0,
SBFZ,Primavera,06-12,sem_intensidade,TS,0,0,,0,0,
SBFZ,Primavera,06-12,sem_intensidade,TSRA,0,0,,0,0,
SBFZ,Primavera,06-12,sem_intensidade,+RA,0,0,,0,0,
SBFZ,Primavera,12-18,exato,TS,0,0,,0,0,
SBFZ,Primavera,12-18,exato,+RA,0,0,,0,0,
SBFZ,Primavera,12-18,exato,+TSRA,0,0,,0,0,
SBFZ,Primavera,12-18,exato,TSRA,0,0,,0,0,
SBFZ,Primavera,12-18,sem_intensidade,TS,0,0,,0,0,
SBFZ,Primavera,12-18,sem_intensidade,TSRA,0,0,,0,0,
SBFZ,Primavera,12-18,sem_intensidade,+RA,0,0,,0,0,
SBFZ,Primavera,18-24,exato,TS,0,0,,0,0,
SBFZ,Primavera,18-24,exato,+RA,0,0,,0,0,
SBFZ,Primavera,18-24,exato,+TSRA,0,0,,0,0,
SBFZ,Primavera,18-24,exato,TSRA,0,0,,0,0,
SBFZ,Primavera,18-24,sem_intensidade,TS,0,0,,0,0,
SBFZ,Primavera,18-24,sem_intensidade,TSRA,0,0,,0,0,
SBFZ,Primavera,18-24,sem_intensidade,+RA,0,0,,0,0,
SBFZ,Primavera,TODOS,exato,TS,0,0,,0,0,
SBFZ,Primavera,TODOS,exato,+RA,0,0,,0,0,
SBFZ,Primavera,TODOS,exato,+TSRA,0,0,,0,0,
SBFZ,Primavera,TODOS,exato,TSRA,0,0,,0,0,
SBFZ,Primavera,TODOS,sem_intensidade,TS,0,0,,0,0,
SBFZ,Primavera,TODOS,sem_intensidade,TSRA,0,0,,0,0,
SBFZ,Primavera,TODOS,sem_intensidade,+RA,0,0,,0,0,
SBFZ,TODAS,00-06,exato,TS,0,0,,0,0,
SBFZ,TODAS,00-06,exato,+RA,0,0,,0,0,
SBFZ,TODAS,00-06,exato,+TSRA,0,0,,0,0,
SBFZ,TODAS,00-06,exato,TSRA,0,0,,0,0,
SBFZ,TODAS,00-06,sem_intensidade,TS,0,0,,0,0,
SBFZ,TODAS,00-06,sem_intensidade,TSRA,0,0,,0,0,
SBFZ,TODAS,00-06,sem_intensidade,+RA,0,0,,0,0,
SBFZ,TODAS,06-12,exato,TS,0,0,,0,0,
SBFZ,TODAS,06-12,exato,+RA,0,0,,0,0,
SBFZ,TODAS,06-12,exato,+TSRA,0,0,,0,0,
SBFZ,TODAS,06-12,exato,TSRA,0,0,,0,0,
SBFZ,TODAS,06-12,sem_intensidade,TS,0,0,,0,0,
SBFZ,TODAS,06-12,sem_intensidade,TSRA,0,0,,0,0,
SBFZ,TODAS,06-12,sem_intensidade,+RA,0,0,,0,0,
SBFZ,TODAS,12-18,exato,TS,0,0,,0,0,
SBFZ,TODAS,12-18,exato,+RA,0,0,,0,0,
SBFZ,TODAS,12-18,exato,+TSRA,0,0,,0,0,
SBFZ,TODAS,12-18,exato,TSRA,0,0,,0,0,
SBFZ,TODAS,12-18,sem_intensidade,TS,0,0,,0,0,
SBFZ,TODAS,12-18,sem_intensidade,TSRA,0,0,,0,0,
SBFZ,TODAS,12-18,sem_intensidade,+RA,0,0,,0,0,
SBFZ,TODAS,18-24,exato,TS,2,0,0.0,0,0,
SBFZ,TODAS,18-24,exato,+RA,0,0,,0,0,
SBFZ,TODAS,18-24,exato,+TSRA,0,0,,0,0,
SBFZ,TODAS,18-24,exato,TSRA,3,0,0.0,0,0,
SBFZ,TODAS,18-24,sem_intensidade,TS,2,0,0.0,0,0,
SBFZ,TODAS,18-24,sem_intensidade,TSRA,3,0,0.0,0,0,
SBFZ,TODAS,18-24,sem_intensidade,+RA,0,0,,0,0,
SBFZ,TODAS,TODOS,exato,TS,2,0,0.0,0,0,
SBFZ,TODAS,TODOS,exato,+RA,0,0,,0,0,
SBFZ,TODAS,TODOS,exato,+TSRA,0,0,,0,0,
SBFZ,TODAS,TODOS,exato,TSRA,3,0,0.0,0,0,
SBFZ,TODAS,TODOS,sem_intensidade,TS,2,0,0.0,0,0,
SBFZ,TODAS,TODOS,sem_intensidade,TSRA,3,0,0.0,0,0,
SBFZ,TODAS,TODOS,sem_intensidade,+RA,0,0,,0,0,
SBGL,Verao,00-06,exato,TS,44,0,0.0,21,0,0.0
SBGL,Verao,00-06,exato,+RA,0,0,,2,0,0.0
SBGL,Verao,00-06,exato,+TSRA,0,0,,2,0,0.0
SBGL,Verao,00-06,exato,TSRA,174,4,2.3,23,4,17.4
SBGL,Verao,00-06,sem_intensidade,TS,44,0,0.0,21,0,0.0
SBGL,Verao,00-06,sem_intensidade,TSRA,174,22,12.6,78,22,28.2
SBGL,Verao,00-06,sem_intensidade,+RA,0,0,,2,0,0.0
SBGL,Verao,06-12,exato,TS,0,0,,0,0,
SBGL,Verao,06-12,exato,+RA,0,0,,0,0,
SBGL,Verao,06-12,exato,+TSRA,0,0,,0,0,
SBGL,Verao,06-12,exato,TSRA,55,0,0.0,0,0,
SBGL,Verao,06-12,sem_intensidade,TS,0,0,,0,0,
SBGL,Verao,06-12,sem_intensidade,TSRA,55,0,0.0,2,0,0.0
SBGL,Verao,06-12,sem_intensidade,+RA,0,0,,0,0,
SBGL,Verao,12-18,exato,TS,0,0,,9,0,0.0
SBGL,Verao,12-18,exato,+RA,0,0,,0,0,
SBGL,Verao,12-18,exato,+TSRA,0,0,,2,0,0.0
SBGL,Verao,12-18,exato,TSRA,55,0,0.0,4,0,0.0
SBGL,Verao,12-18,sem_intensidade,TS,0,0,,9,0,0.0
SBGL,Verao,12-18,sem_intensidade,TSRA,55,3,5.5,24,3,12.5
SBGL,Verao,12-18,sem_intensidade,+RA,0,0,,0,0,
SBGL,Verao,18-24,exato,TS,192,19,9.9,61,19,31.1
SBGL,Verao,18-24,exato,+RA,0,0,,0,0,
SBGL,Verao,18-24,exato,+TSRA,0,0,,10,0,0.0
SBGL,Verao,18-24,exato,TSRA,454,7,1.5,9,7,77.8
SBGL,Verao,18-24,sem_intensidade,TS,192,19,9.9,61,19,31.1
SBGL,Verao,18-24,sem_intensidade,TSRA,454,59,13.0,101,59,58.4
SBGL,Verao,18-24,sem_intensidade,+RA,0,0,,0,0,
SBGL,Verao,TODOS,exato,TS,236,19,8.1,91,19,20.9
SBGL,Verao,TODOS,exato,+RA,0,0,,2,0,0.0
SBGL,Verao,TODOS,exato,+TSRA,0,0,,14,0,0.0
SBGL,Verao,TODOS,exato,TSRA,738,11,1.5,36,11,30.6
SBGL,Verao,TODOS,sem_intensidade,TS,236,19,8.1,91,19,20.9
SBGL,Verao,TODOS,sem_intensidade,TSRA,738,84,11.4,205,84,41.0
SBGL,Verao,TODOS,sem_intensidade,+RA,0,0,,2,0,0.0
SBGL,Outono,00-06,exato,TS,0,0,,0,0,
SBGL,Outono,00-06,exato,+RA,0,0,,0,0,
SBGL,Outono,00-06,exato,+TSRA,0,0,,0,0,
SBGL,Outono,00-06,exato,TSRA,40,0,0.0,0,0,
SBGL,Outono,00-06,sem_intensidade,TS,0,0,,0,0,
SBGL,Outono,00-06,sem_intensidade,TSRA,40,13,32.5,13,13,100.0
SBGL,Outono,00-06,sem_intensidade,+RA,0,0,,0,0,
SBGL,Outono,06-12,exato,TS,0,0,,0,0,
SBGL,Outono,06-12,exato,+RA,0,0,,0,0,
SBGL,Outono,06-12,exato,+TSRA,0,0,,0,0,
SBGL,Outono,06-12,exato,TSRA,0,0,,0,0,
SBGL,Outono,06-12,sem_intensidade,TS,0,0,,0,0,
SBGL,Outono,06-12,sem_intensidade,TSRA,0,0,,0,0,
SBGL,Outono,06-12,sem_intensidade,+RA,0,0,,0,0,
SBGL,Outono,12-18,exato,TS,3,0,0.0,2,0,0.0
SBGL,Outono,12-18,exato,+RA,0,0,,0,0,
SBGL,Outono,12-18,exato,+TSRA,0,0,,0,0,
SBGL,Outono,12-18,exato,TSRA,12,4,33.3,4,4,100.0
SBGL,Outono,12-18,sem_intensidade,TS,3,0,0.0,2,0,0.0
SBGL,Outono,12-18,sem_intensidade,TSRA,12,7,58.3,12,7,58.3
SBGL,Outono,12-18,sem_intensidade,+RA,0,0,,0,0,
SBGL,Outono,18-24,exato,TS,22,0,0.0,14,0,0.0
SBGL,Outono,18-24,exato,+RA,0,0,,0,0,
SBGL,Outono,18-24,exato,+TSRA,0,0,,1,0,0.0
SBGL,Outono,18-24,exato,TSRA,150,6,4.0,6,6,100.0
SBGL,Outono,18-24,sem_intensidade,TS,22,0,0.0,14,0,0.0
SBGL,Outono,18-24,sem_intensidade,TSRA,150,14,9.3,20,14,70.0
SBGL,Outono,18-24,sem_intensidade,+RA,0,0,,0,0,
SBGL,Outono,TODOS,exato,TS,25,0,0.0,16,0,0.0
SBGL,Outono,TODOS,exato,+RA,0,0,,0,0,
SBGL,Outono,TODOS,exato,+TSRA,0,0,,1,0,0.0
SBGL,Outono,TODOS,exato,TSRA,202,10,5.0,10,10,100.0
SBGL,Outono,TODOS,sem_intensidade,TS,25,0,0.0,16,0,0.0
SBGL,Outono,TODOS,sem_intensidade,TSRA,202,34,16.8,45,34,75.6
SBGL,Outono,TODOS,sem_intensidade,+RA,0,0,,0,0,
SBGL,Inverno,00-06,exato,TS,0,0,,15,0,0.0
SBGL,Inverno,00-06,exato,+RA,0,0,,0,0,
SBGL,Inverno,00-06,exato,+TSRA,0,0,,0,0,
SBGL,Inverno,00-06,exato,TSRA,24,0,0.0,0,0,
SBGL,Inverno,00-06,sem_intensidade,TS,0,0,,15,0,0.0
SBGL,Inverno,00-06,sem_intensidade,TSRA,24,0,0.0,0,0,
SBGL,Inverno,00-06,sem_intensidade,+RA,0,0,,0,0,
SBGL,Inverno,06-12,exato,TS,0,0,,0,0,
SBGL,Inverno,06-12,exato,+RA,0,0,,0,0,
SBGL,Inverno,06-12,exato,+TSRA,0,0,,0,0,
SBGL,Inverno,06-12,exato,TSRA,0,0,,0,0,
SBGL,Inverno,06-12,sem_intensidade,TS,0,0,,0,0,
SBGL,Inverno,06-12,sem_intensidade,TSRA,0,0,,0,0,
SBGL,Inverno,06-12,sem_intensidade,+RA,0,0,,0,0,
SBGL,Inverno,12-18,exato,TS,0,0,,0,0,
SBGL,Inverno,12-18,exato,+RA,0,0,,0,0,
SBGL,Inverno,12-18,exato,+TSRA,0,0,,0,0,
SBGL,Inverno,12-18,exato,TSRA,0,0,,0,0,
SBGL,Inverno,12-18,sem_intensidade,TS,0,0,,0,0,
SBGL,Inverno,12-18,sem_intensidade,TSRA,0,0,,0,0,
SBGL,Inverno,12-18,sem_intensidade,+RA,0,0,,0,0,
SBGL,Inverno,18-24,exato,TS,16,0,0.0,11,0,0.0
SBGL,Inverno,18-24,exato,+RA,0,0,,0,0,
SBGL,Inverno,18-24,exato,+TSRA,0,0,,0,0,
SBGL,Inverno,18-24,exato,TSRA,14,4,28.6,6,4,66.7
SBGL,Inverno,18-24,sem_intensidade,TS,16,0,0.0,11,0,0.0
SBGL,Inverno,18-24,sem_intensidade,TSRA,14,4,28.6,11,4,36.4
SBGL,Inverno,18-24,sem_intensidade,+RA,0,0,,0,0,
SBGL,Inverno,TODOS,exato,TS,16,0,0.0,26,0,0.0
SBGL,Inverno,TODOS,exato,+RA,0,0,,0,0,
SBGL,Inverno,TODOS,exato,+TSRA,0,0,,0,0,
SBGL,Inverno,TODOS,exato,TSRA,38,4,10.5,6,4,66.7
SBGL,Inverno,TODOS,sem_intensidade,TS,16,0,0.0,26,0,0.0
SBGL,Inverno,TODOS,sem_intensidade,TSRA,38,4,10.5,11,4,36.4
SBGL,Inverno,TODOS,sem_intensidade,+RA,0,0,,0,0,
SBGL,Primavera,00-06,exato,TS,24,0,0.0,1,0,0.0
SBGL,Primavera,00-06,exato,+RA,0,0,,0,0,
SBGL,Primavera,00-06,exato,+TSRA,0,0,,0,0,
SBGL,Primavera,00-06,exato,TSRA,39,0,0.0,13,0,0.0
SBGL,Primavera,00-06,sem_intensidade,TS,24,0,0.0,1,0,0.0
SBGL,Primavera,00-06,sem_intensidade,TSRA,39,0,0.0,35,0,0.0
SBGL,Primavera,00-06,sem_intensidade,+RA,0,0,,0,0,
SBGL,Primavera,06-12,exato,TS,9,0,0.0,0,0,
SBGL,Primavera,06-12,exato,+RA,0,0,,0,0,
SBGL,Primavera,06-12,exato,+TSRA,0,0,,0,0,
SBGL,Primavera,06-12,exato,TSRA,45,0,0.0,0,0,
SBGL,Primavera,06-12,sem_intensidade,TS,9,0,0.0,0,0,
SBGL,Primavera,06-12,sem_intensidade,TSRA,45,1,2.2,1,1,100.0
SBGL,Primavera,06-12,sem_intensidade,+RA,0,0,,0,0,
SBGL,Primavera,12-18,exato,TS,0,0,,0,0,
SBGL,Primavera,12-18,exato,+RA,0,0,,0,0,
SBGL,Primavera,12-18,exato,+TSRA,0,0,,0,0,
SBGL,Primavera,12-18,exato,TSRA,31,0,0.0,0,0,
SBGL,Primavera,12-18,sem_intensidade,TS,0,0,,0,0,
SBGL,Primavera,12-18,sem_intensidade,TSRA,31,0,0.0,0,0,
SBGL,Primavera,12-18,sem_intensidade,+RA,0,0,,0,0,
SBGL,Primavera,18-24,exato,TS,120,5,4.2,9,5,55.6
SBGL,Primavera,18-24,exato,+RA,0,0,,0,0,
SBGL,Primavera,18-24,exato,+TSRA,0,0,,0,0,
SBGL,Primavera,18-24,exato,TSRA,113,0,0.0,9,0,0.0
SBGL,Primavera,18-24,sem_intensidade,TS,120,5,4.2,9,5,55.6
SBGL,Primavera,18-24,sem_intensidade,TSRA,113,0,0.0,19,0,0.0
SBGL,Primavera,18-24,sem_intensidade,+RA,0,0,,0,0,
SBGL,Primavera,TODOS,exato,TS,153,5,3.3,10,5,50.0
SBGL,Primavera,TODOS,exato,+RA,0,0,,0,0,
SBGL,Primavera,TODOS,exato,+TSRA,0,0,,0,0,
SBGL,Primavera,TODOS,exato,TSRA,228,0,0.0,22,0,0.0
SBGL,Primavera,TODOS,sem_intensidade,TS,153,5,3.3,10,5,50.0
SBGL,Primavera,TODOS,sem_intensidade,TSRA,228,1,0.4,55,1,1.8
SBGL,Primavera,TODOS,sem_intensidade,+RA,0,0,,0,0,
SBGL,TODAS,00-06,exato,TS,68,0,0.0,37,0,0.0
SBGL,TODAS,00-06,exato,+RA,0,0,,2,0,0.0
SBGL,TODAS,00-06,exato,+TSRA,0,0,,2,0,0.0
SBGL,TODAS,00-06,exato,TSRA,277,4,1.4,36,4,11.1
SBGL,TODAS,00-06,sem_intensidade,TS,68,0,0.0,37,0,0.0
SBGL,TODAS,00-06,sem_intensidade,TSRA,277,35,12.6,126,35,27.8
SBGL,TODAS,00-06,sem_intensidade,+RA,0,0,,2,0,0.0
SBGL,TODAS,06-12,exato,TS,9,0,0.0,0,0,
SBGL,TODAS,06-12,exato,+RA,0,0,,0,0,
SBGL,TODAS,06-12,exato,+TSRA,0,0,,0,0,
SBGL,TODAS,06-12,exato,TSRA,100,0,0.0,0,0,
SBGL,TODAS,06-12,sem_intensidade,TS,9,0,0.0,0,0,
SBGL,TODAS,06-12,sem_intensidade,TSRA,100,1,1.0,3,1,33.3
SBGL,TODAS,06-12,sem_intensidade,+RA,0,0,,0,0,
SBGL,TODAS,12-18,exato,TS,3,0,0.0,11,0,0.0
SBGL,TODAS,12-18,exato,+RA,0,0,,0,0,
SBGL,TODAS,12-18,exato,+TSRA,0,0,,2,0,0.0
SBGL,TODAS,12-18,exato,TSRA,98,4,4.1,8,4,50.0
SBGL,TODAS,12-18,sem_intensidade,TS,3,0,0.0,11,0,0.0
SBGL,TODAS,12-18,sem_intensidade,TSRA,98,10,10.2,36,10,27.8
SBGL,TODAS,12-18,sem_intensidade,+RA,0,0,,0,0,
SBGL,TODAS,18-24,exato,TS,350,24,6.9,95,24,25.3
SBGL,TODAS,18-24,exato,+RA,0,0,,0,0,
SBGL,TODAS,18-24,exato,+TSRA,0,0,,11,0,0.0
SBGL,TODAS,18-24,exato,TSRA,731,17,2.3,30,17,56.7
SBGL,TODAS,18-24,sem_intensidade,TS,350,24,6.9,95,24,25.3
SBGL,TODAS,18-24,sem_intensidade,TSRA,731,77,10.5,151,77,51.0
SBGL,TODAS,18-24,sem_intensidade,+RA,0,0,,0,0,
SBGL,TODAS,TODOS,exato,TS,430,24,5.6,143,24,16.8
SBGL,TODAS,TODOS,exato,+RA,0,0,,2,0,0.0
SBGL,TODAS,TODOS,exato,+TSRA,0,0,,15,0,0.0
SBGL,TODAS,TODOS,exato,TSRA,1206,25,2.1,74,25,33.8
SBGL,TODAS,TODOS,sem_intensidade,TS,430,24,5.6,143,24,16.8
SBGL,TODAS,TODOS,sem_intensidade,TSRA,1206,123,10.2,316,123,38.9
SBGL,TODAS,TODOS,sem_intensidade,+RA,0,0,,2,0,0.0
SBGV,Verao,00-06,exato,TS,0,0,,0,0,
SBGV,Verao,00-06,exato,+RA,0,0,,0,0,
SBGV,Verao,00-06,exato,+TSRA,0,0,,0,0,
SBGV,Verao,00-06,exato,TSRA,0,0,,0,0,
SBGV,Verao,00-06,sem_intensidade,TS,0,0,,0,0,
SBGV,Verao,00-06,sem_intensidade,TSRA,0,0,,0,0,
SBGV,Verao,00-06,sem_intensidade,+RA,0,0,,0,0,
SBGV,Verao,06-12,exato,TS,0,0,,0,0,
SBGV,Verao,06-12,exato,+RA,0,0,,0,0,
SBGV,Verao,06-12,exato,+TSRA,0,0,,0,0,
SBGV,Verao,06-12,exato,TSRA,0,0,,0,0,
SBGV,Verao,06-12,sem_intensidade,TS,0,0,,0,0,
SBGV,Verao,06-12,sem_intensidade,TSRA,0,0,,0,0,
SBGV,Verao,06-12,sem_intensidade,+RA,0,0,,0,0,
SBGV,Verao,12-18,exato,TS,0,0,,0,0,
SBGV,Verao,12-18,exato,+RA,0,0,,0,0,
SBGV,Verao,12-18,exato,+TSRA,0,0,,0,0,
SBGV,Verao,12-18,exato,TSRA,0,0,,0,0,
SBGV,Verao,12-18,sem_intensidade,TS,0,0,,0,0,
SBGV,Verao,12-18,sem_intensidade,TSRA,0,0,,0,0,
SBGV,Verao,12-18,sem_intensidade,+RA,0,0,,0,0,
SBGV,Verao,18-24,exato,TS,0,0,,0,0,
SBGV,Verao,18-24,exato,+RA,0,0,,0,0,
SBGV,Verao,18-24,exato,+TSRA,0,0,,0,0,
SBGV,Verao,18-24,exato,TSRA,0,0,,0,0,
SBGV,Verao,18-24,sem_intensidade,TS,0,0,,0,0,
SBGV,Verao,18-24,sem_intensidade,TSRA,0,0,,0,0,
SBGV,Verao,18-24,sem_intensidade,+RA,0,0,,0,0,
SBGV,Verao,TODOS,exato,TS,0,0,,0,0,
SBGV,Verao,TODOS,exato,+RA,0,0,,0,0,
SBGV,Verao,TODOS,exato,+TSRA,0,0,,0,0,
SBGV,Verao,TODOS,exato,TSRA,0,0,,0,0,
SBGV,Verao,TODOS,sem_intensidade,TS,0,0,,0,0,
SBGV,Verao,TODOS,sem_intensidade,TSRA,0,0,,0,0,
SBGV,Verao,TODOS,sem_intensidade,+RA,0,0,,0,0,
SBGV,Outono,00-06,exato,TS,0,0,,0,0,
SBGV,Outono,00-06,exato,+RA,0,0,,0,0,
SBGV,Outono,00-06,exato,+TSRA,0,0,,0,0,
SBGV,Outono,00-06,exato,TSRA,0,0,,0,0,
SBGV,Outono,00-06,sem_intensidade,TS,0,0,,0,0,
SBGV,Outono,00-06,sem_intensidade,TSRA,0,0,,0,0,
SBGV,Outono,00-06,sem_intensidade,+RA,0,0,,0,0,
SBGV,Outono,06-12,exato,TS,0,0,,0,0,
SBGV,Outono,06-12,exato,+RA,0,0,,0,0,
SBGV,Outono,06-12,exato,+TSRA,0,0,,0,0,
SBGV,Outono,06-12,exato,TSRA,0,0,,0,0,
SBGV,Outono,06-12,sem_intensidade,TS,0,0,,0,0,
SBGV,Outono,06-12,sem_intensidade,TSRA,0,0,,0,0,
SBGV,Outono,06-12,sem_intensidade,+RA,0,0,,0,0,
SBGV,Outono,12-18,exato,TS,0,0,,0,0,
SBGV,Outono,12-18,exato,+RA,0,0,,0,0,
SBGV,Outono,12-18,exato,+TSRA,0,0,,0,0,
SBGV,Outono,12-18,exato,TSRA,0,0,,0,0,
SBGV,Outono,12-18,sem_intensidade,TS,0,0,,0,0,
SBGV,Outono,12-18,sem_intensidade,TSRA,0,0,,0,0,
SBGV,Outono,12-18,sem_intensidade,+RA,0,0,,0,0,
SBGV,Outono,18-24,exato,TS,0,0,,0,0,
SBGV,Outono,18-24,exato,+RA,0,0,,0,0,
SBGV,Outono,18-24,exato,+TSRA,0,0,,0,0,
SBGV,Outono,18-24,exato,TSRA,0,0,,0,0,
SBGV,Outono,18-24,sem_intensidade,TS,0,0,,0,0,
SBGV,Outono,18-24,sem_intensidade,TSRA,0,0,,0,0,
SBGV,Outono,18-24,sem_intensidade,+RA,0,0,,0,0,
SBGV,Outono,TODOS,exato,TS,0,0,,0,0,
SBGV,Outono,TODOS,exato,+RA,0,0,,0,0,
SBGV,Outono,TODOS,exato,+TSRA,0,0,,0,0,
SBGV,Outono,TODOS,exato,TSRA,0,0,,0,0,
SBGV,Outono,TODOS,sem_intensidade,TS,0,0,,0,0,
SBGV,Outono,TODOS,sem_intensidade,TSRA,0,0,,0,0,
SBGV,Outono,TODOS,sem_intensidade,+RA,0,0,,0,0,
SBGV,Inverno,00-06,exato,TS,0,0,,0,0,
SBGV,Inverno,00-06,exato,+RA,0,0,,0,0,
SBGV,Inverno,00-06,exato,+TSRA,0,0,,0,0,
SBGV,Inverno,00-06,exato,TSRA,0,0,,0,0,
SBGV,Inverno,00-06,sem_intensidade,TS,0,0,,0,0,
SBGV,Inverno,00-06,sem_intensidade,TSRA,0,0,,0,0,
SBGV,Inverno,00-06,sem_intensidade,+RA,0,0,,0,0,
SBGV,Inverno,06-12,exato,TS,0,0,,0,0,
SBGV,Inverno,06-12,exato,+RA,0,0,,0,0,
SBGV,Inverno,06-12,exato,+TSRA,0,0,,0,0,
SBGV,Inverno,06-12,exato,TSRA,0,0,,0,0,
SBGV,Inverno,06-12,sem_intensidade,TS,0,0,,0,0,
SBGV,Inverno,06-12,sem_intensidade,TSRA,0,0,,0,0,
SBGV,Inverno,06-12,sem_intensidade,+RA,0,0,,0,0,
SBGV,Inverno,12-18,exato,TS,0,0,,0,0,
SBGV,Inverno,12-18,exato,+RA,0,0,,0,0,
SBGV,Inverno,12-18,exato,+TSRA,0,0,,0,0,
SBGV,Inverno,12-18,exato,TSRA,0,0,,0,0,
SBGV,Inverno,12-18,sem_intensidade,TS,0,0,,0,0,
SBGV,Inverno,12-18,sem_intensidade,TSRA,0,0,,0,0,
SBGV,Inverno,12-18,sem_intensidade,+RA,0,0,,0,0,
SBGV,Inverno,18-24,exato,TS,0,0,,0,0,
SBGV,Inverno,18-24,exato,+RA,0,0,,0,0,
SBGV,Inverno,18-24,exato,+TSRA,0,0,,0,0,
SBGV,Inverno,18-24,exato,TSRA,0,0,,0,0,
SBGV,Inverno,18-24,sem_intensidade,TS,0,0,,0,0,
SBGV,Inverno,18-24,sem_intensidade,TSRA,0,0,,0,0,
SBGV,Inverno,18-24,sem_intensidade,+RA,0,0,,0,0,
SBGV,Inverno,TODOS,exato,TS,0,0,,0,0,
SBGV,Inverno,TODOS,exato,+RA,0,0,,0,0,
SBGV,Inverno,TODOS,exato,+TSRA,0,0,,0,0,
SBGV,Inverno,TODOS,exato,TSRA,0,0,,0,0,
SBGV,Inverno,TODOS,sem_intensidade,TS,0,0,,0,0,
SBGV,Inverno,TODOS,sem_intensidade,TSRA,0,0,,0,0,
SBGV,Inverno,TODOS,sem_intensidade,+RA,0,0,,0,0,
SBGV,Primavera,00-06,exato,TS,0,0,,0,0,
SBGV,Primavera,00-06,exato,+RA,0,0,,0,0,
SBGV,Primavera,00-06,exato,+TSRA,0,0,,0,0,
SBGV,Primavera,00-06,exato,TSRA,0,0,,0,0,
SBGV,Primavera,00-06,sem_intensidade,TS,0,0,,0,0,
SBGV,Primavera,00-06,sem_intensidade,TSRA,0,0,,0,0,
SBGV,Primavera,00-06,sem_intensidade,+RA,0,0,,0,0,
SBGV,Primavera,06-12,exato,TS,0,0,,0,0,
SBGV,Primavera,06-12,exato,+RA,0,0,,0,0,
SBGV,Primavera,06-12,exato,+TSRA,0,0,,0,0,
SBGV,Primavera,06-12,exato,TSRA,0,0,,0,0,
SBGV,Primavera,06-12,sem_intensidade,TS,0,0,,0,0,
SBGV,Primavera,06-12,sem_intensidade,TSRA,0,0,,0,0,
SBGV,Primavera,06-12,sem_intensidade,+RA,0,0,,0,0,
SBGV,Primavera,12-18,exato,TS,0,0,,0,0,
SBGV,Primavera,12-18,exato,+RA,0,0,,0,0,
SBGV,Primavera,12-18,exato,+TSRA,0,0,,0,0,
SBGV,Primavera,12-18,exato,TSRA,0,0,,0,0,
SBGV,Primavera,12-18,sem_intensidade,TS,0,0,,0,0,
SBGV,Primavera,12-18,sem_intensidade,TSRA,0,0,,0,0,
SBGV,Primavera,12-18,sem_intensidade,+RA,0,0,,0,0,
SBGV,Primavera,18-24,exato,TS,0,0,,0,0,
SBGV,Primavera,18-24,exato,+RA,0,0,,0,0,
SBGV,Primavera,18-24,exato,+TSRA,0,0,,0,0,
SBGV,Primavera,18-24,exato,TSRA,0,0,,0,0,
SBGV,Primavera,18-24,sem_intensidade,TS,0,0,,0,0,
SBGV,Primavera,18-24,sem_intensidade,TSRA,0,0,,0,0,
SBGV,Primavera,18-24,sem_intensidade,+RA,0,0,,0,0,
SBGV,Primavera,TODOS,exato,TS,0,0,,0,0,
SBGV,Primavera,TODOS,exato,+RA,0,0,,0,0,
SBGV,Primavera,TODOS,exato,+TSRA,0,0,,0,0,
SBGV,Primavera,TODOS,exato,TSRA,0,0,,0,0,
SBGV,Primavera,TODOS,sem_intensidade,TS,0,0,,0,0,
SBGV,Primavera,TODOS,sem_intensidade,TSRA,0,0,,0,0,
SBGV,Primavera,TODOS,sem_intensidade,+RA,0,0,,0,0,
SBGV,TODAS,00-06,exato,TS,0,0,,0,0,
SBGV,TODAS,00-06,exato,+RA,0,0,,0,0,
SBGV,TODAS,00-06,exato,+TSRA,0,0,,0,0,
SBGV,TODAS,00-06,exato,TSRA,0,0,,0,0,
SBGV,TODAS,00-06,sem_intensidade,TS,0,0,,0,0,
SBGV,TODAS,00-06,sem_intensidade,TSRA,0,0,,0,0,
SBGV,TODAS,00-06,sem_intensidade,+RA,0,0,,0,0,
SBGV,TODAS,06-12,exato,TS,0,0,,0,0,
SBGV,TODAS,06-12,exato,+RA,0,0,,0,0,
SBGV,TODAS,06-12,exato,+TSRA,0,0,,0,0,
SBGV,TODAS,06-12,exato,TSRA,0,0,,0,0,
SBGV,TODAS,06-12,sem_intensidade,TS,0,0,,0,0,
SBGV,TODAS,06-12,sem_intensidade,TSRA,0,0,,0,0,
SBGV,TODAS,06-12,sem_intensidade,+RA,0,0,,0,0,
SBGV,TODAS,12-18,exato,TS,0,0,,0,0,
SBGV,TODAS,12-18,exato,+RA,0,0,,0,0,
SBGV,TODAS,12-18,exato,+TSRA,0,0,,0,0,
SBGV,TODAS,12-18,exato,TSRA,0,0,,0,0,
SBGV,TODAS,12-18,sem_intensidade,TS,0,0,,0,0,
SBGV,TODAS,12-18,sem_intensidade,TSRA,0,0,,0,0,
SBGV,TODAS,12-18,sem_intensidade,+RA,0,0,,0,0,
SBGV,TODAS,18-24,exato,TS,0,0,,0,0,
SBGV,TODAS,18-24,exato,+RA,0,0,,0,0,
SBGV,TODAS,18-24,exato,+TSRA,0,0,,0,0,
SBGV,TODAS,18-24,exato,TSRA,0,0,,0,0,
SBGV,TODAS,18-24,sem_intensidade,TS,0,0,,0,0,
SBGV,TODAS,18-24,sem_intensidade,TSRA,0,0,,0,0,
SBGV,TODAS,18-24,sem_intensidade,+RA,0,0,,0,0,
SBGV,TODAS,TODOS,exato,TS,0,0,,0,0,
SBGV,TODAS,TODOS,exato,+RA,0,0,,0,0,
SBGV,TODAS,TODOS,exato,+TSRA,0,0,,0,0,
SBGV,TODAS,TODOS,exato,TSRA,0,0,,0,0,
SBGV,TODAS,TODOS,sem_intensidade,TS,0,0,,0,0,
SBGV,TODAS,TODOS,sem_intensidade,TSRA,0,0,,0,0,
SBGV,TODAS,TODOS,sem_intensidade,+RA,0,0,,0,0,
SBIH,Verao,00-06,exato,TS,2,0,0.0,12,0,0.0
SBIH,Verao,00-06,exato,+RA,0,0,,0,0,
SBIH,Verao,00-06,exato,+TSRA,0,0,,0,0,
SBIH,Verao,00-06,exato,TSRA,1,0,0.0,0,0,
SBIH,Verao,00-06,sem_intensidade,TS,2,0,0.0,12,0,0.0
SBIH,Verao,00-06,sem_intensidade,TSRA,1,0,0.0,0,0,
SBIH,Verao,00-06,sem_intensidade,+RA,0,0,,0,0,
SBIH,Verao,06-12,exato,TS,0,0,,0,0,
SBIH,Verao,06-12,exato,+RA,0,0,,0,0,
SBIH,Verao,06-12,exato,+TSRA,0,0,,0,0,
SBIH,Verao,06-12,exato,TSRA,0,0,,0,0,
SBIH,Verao,06-12,sem_intensidade,TS,0,0,,0,0,
SBIH,Verao,06-12,sem_intensidade,TSRA,0,0,,0,0,
SBIH,Verao,06-12,sem_intensidade,+RA,0,0,,0,0,
SBIH,Verao,12-18,exato,TS,8,0,0.0,4,0,0.0
SBIH,Verao,12-18,exato,+RA,0,0,,0,0,
SBIH,Verao,12-18,exato,+TSRA,0,0,,0,0,
SBIH,Verao,12-18,exato,TSRA,11,0,0.0,0,0,
SBIH,Verao,12-18,sem_intensidade,TS,8,0,0.0,4,0,0.0
SBIH,Verao,12-18,sem_intensidade,TSRA,11,0,0.0,0,0,
SBIH,Verao,12-18,sem_intensidade,+RA,0,0,,0,0,
SBIH,Verao,18-24,exato,TS,10,1,10.0,8,1,12.5
SBIH,Verao,18-24,exato,+RA,0,0,,0,0,
SBIH,Verao,18-24,exato,+TSRA,0,0,,0,0,
SBIH,Verao,18-24,exato,TSRA,20,0,0.0,0,0,
SBIH,Verao,18-24,sem_intensidade,TS,10,1,10.0,8,1,12.5
SBIH,Verao,18-24,sem_intensidade,TSRA,20,0,0.0,1,0,0.0
SBIH,Verao,18-24,sem_intensidade,+RA,0,0,,0,0,
SBIH,Verao,TODOS,exato,TS,20,1,5.0,24,1,4.2
SBIH,Verao,TODOS,exato,+RA,0,0,,0,0,
SBIH,Verao,TODOS,exato,+TSRA,0,0,,0,0,
SBIH,Verao,TODOS,exato,TSRA,32,0,0.0,0,0,
SBIH,Verao,TODOS,sem_intensidade,TS,20,1,5.0,24,1,4.2
SBIH,Verao,TODOS,sem_intensidade,TSRA,32,0,0.0,1,0,0.0
SBIH,Verao,TODOS,sem_intensidade,+RA,0,0,,0,0,
SBIH,Outono,00-06,exato,TS,3,1,33.3,5,1,20.0
SBIH,Outono,00-06,exato,+RA,0,0,,1,0,0.0
SBIH,Outono,00-06,exato,+TSRA,0,0,,0,0,
SBIH,Outono,00-06,exato,TSRA,6,0,0.0,0,0,
SBIH,Outono,00-06,sem_intensidade,TS,3,1,33.3,5,1,20.0
SBIH,Outono,00-06,sem_intensidade,TSRA,6,0,0.0,0,0,
SBIH,Outono,00-06,sem_intensidade,+RA,0,0,,1,0,0.0
SBIH,Outono,06-12,exato,TS,0,0,,1,0,0.0
SBIH,Outono,06-12,exato,+RA,0,0,,0,0,
SBIH,Outono,06-12,exato,+TSRA,0,0,,0,0,
SBIH,Outono,06-12,exato,TSRA,0,0,,0,0,
SBIH,Outono,06-12,sem_intensidade,TS,0,0,,1,0,0.0
SBIH,Outono,06-12,sem_intensidade,TSRA,0,0,,0,0,
SBIH,Outono,06-12,sem_intensidade,+RA,0,0,,0,0,
SBIH,Outono,12-18,exato,TS,3,0,0.0,6,0,0.0
SBIH,Outono,12-18,exato,+RA,0,0,,0,0,
SBIH,Outono,12-18,exato,+TSRA,0,0,,0,0,
SBIH,Outono,12-18,exato,TSRA,7,0,0.0,1,0,0.0
SBIH,Outono,12-18,sem_intensidade,TS,3,0,0.0,6,0,0.0
SBIH,Outono,12-18,sem_intensidade,TSRA,7,1,14.3,4,1,25.0
SBIH,Outono,12-18,sem_intensidade,+RA,0,0,,0,0,
SBIH,Outono,18-24,exato,TS,21,1,4.8,12,1,8.3
SBIH,Outono,18-24,exato,+RA,0,0,,1,0,0.0
SBIH,Outono,18-24,exato,+TSRA,0,0,,1,0,0.0
SBIH,Outono,18-24,exato,TSRA,32,1,3.1,1,1,100.0
SBIH,Outono,18-24,sem_intensidade,TS,21,1,4.8,12,1,8.3
SBIH,Outono,18-24,sem_intensidade,TSRA,32,2,6.2,5,2,40.0
SBIH,Outono,18-24,sem_intensidade,+RA,0,0,,1,0,0.0
SBIH,Outono,TODOS,exato,TS,27,2,7.4,24,2,8.3
SBIH,Outono,TODOS,exato,+RA,0,0,,2,0,0.0
SBIH,Outono,TODOS,exato,+TSRA,0,0,,1,0,0.0
SBIH,Outono,TODOS,exato,TSRA,45,1,2.2,2,1,50.0
SBIH,Outono,TODOS,sem_intensidade,TS,27,2,7.4,24,2,8.3
SBIH,Outono,TODOS,sem_intensidade,TSRA,45,3,6.7,9,3,33.3
SBIH,Outono,TODOS,sem_intensidade,+RA,0,0,,2,0,0.0
SBIH,Inverno,00-06,exato,TS,2,0,0.0,13,0,0.0
SBIH,Inverno,00-06,exato,+RA,0,0,,0,0,
SBIH,Inverno,00-06,exato,+TSRA,0,0,,0,0,
SBIH,Inverno,00-06,exato,TSRA,0,0,,0,0,
SBIH,Inverno,00-06,sem_intensidade,TS,2,0,0.0,13,0,0.0
SBIH,Inverno,00-06,sem_intensidade,TSRA,0,0,,0,0,
SBIH,Inverno,00-06,sem_intensidade,+RA,0,0,,0,0,
SBIH,Inverno,06-12,exato,TS,0,0,,4,0,0.0
SBIH,Inverno,06-12,exato,+RA,0,0,,0,0,
SBIH,Inverno,06-12,exato,+TSRA,0,0,,0,0,
SBIH,Inverno,06-12,exato,TSRA,0,0,,0,0,
SBIH,Inverno,06-12,sem_intensidade,TS,0,0,,4,0,0.0
SBIH,Inverno,06-12,sem_intensidade,TSRA,0,0,,0,0,
SBIH,Inverno,06-12,sem_intensidade,+RA,0,0,,0,0,
SBIH,Inverno,12-18,exato,TS,1,0,0.0,2,0,0.0
SBIH,Inverno,12-18,exato,+RA,0,0,,0,0,
SBIH,Inverno,12-18,exato,+TSRA,0,0,,0,0,
SBIH,Inverno,12-18,exato,TSRA,1,0,0.0,0,0,
SBIH,Inverno,12-18,sem_intensidade,TS,1,0,0.0,2,0,0.0
SBIH,Inverno,12-18,sem_intensidade,TSRA,1,0,0.0,1,0,0.0
SBIH,Inverno,12-18,sem_intensidade,+RA,0,0,,0,0,
SBIH,Inverno,18-24,exato,TS,20,0,0.0,7,0,0.0
SBIH,Inverno,18-24,exato,+RA,0,0,,0,0,
SBIH,Inverno,18-24,exato,+TSRA,0,0,,0,0,
SBIH,Inverno,18-24,exato,TSRA,9,0,0.0,0,0,
SBIH,Inverno,18-24,sem_intensidade,TS,20,0,0.0,7,0,0.0
SBIH,Inverno,18-24,sem_intensidade,TSRA,9,0,0.0,0,0,
SBIH,Inverno,18-24,sem_intensidade,+RA,0,0,,0,0,
SBIH,Inverno,TODOS,exato,TS,23,0,0.0,26,0,0.0
SBIH,Inverno,TODOS,exato,+RA,0,0,,0,0,
SBIH,Inverno,TODOS,exato,+TSRA,0,0,,0,0,
SBIH,Inverno,TODOS,exato,TSRA,10,0,0.0,0,0,
SBIH,Inverno,TODOS,sem_intensidade,TS,23,0,0.0,26,0,0.0
SBIH,Inverno,TODOS,sem_intensidade,TSRA,10,0,0.0,1,0,0.0
SBIH,Inverno,TODOS,sem_intensidade,+RA,0,0,,0,0,
SBIH,Primavera,00-06,exato,TS,1,0,0.0,0,0,
SBIH,Primavera,00-06,exato,+RA,0,0,,0,0,
SBIH,Primavera,00-06,exato,+TSRA,0,0,,0,0,
SBIH,Primavera,00-06,exato,TSRA,0,0,,0,0,
SBIH,Primavera,00-06,sem_intensidade,TS,1,0,0.0,0,0,
SBIH,Primavera,00-06,sem_intensidade,TSRA,0,0,,0,0,
SBIH,Primavera,00-06,sem_intensidade,+RA,0,0,,0,0,
SBIH,Primavera,06-12,exato,TS,0,0,,0,0,
SBIH,Primavera,06-12,exato,+RA,0,0,,0,0,
SBIH,Primavera,06-12,exato,+TSRA,0,0,,0,0,
SBIH,Primavera,06-12,exato,TSRA,0,0,,0,0,
SBIH,Primavera,06-12,sem_intensidade,TS,0,0,,0,0,
SBIH,Primavera,06-12,sem_intensidade,TSRA,0,0,,0,0,
SBIH,Primavera,06-12,sem_intensidade,+RA,0,0,,0,0,
SBIH,Primavera,12-18,exato,TS,6,2,33.3,4,2,50.0
SBIH,Primavera,12-18,exato,+RA,0,0,,0,0,
SBIH,Primavera,12-18,exato,+TSRA,0,0,,0,0,
SBIH,Primavera,12-18,exato,TSRA,4,0,0.0,1,0,0.0
SBIH,Primavera,12-18,sem_intensidade,TS,6,2,33.3,4,2,50.0
SBIH,Primavera,12-18,sem_intensidade,TSRA,4,0,0.0,3,0,0.0
SBIH,Primavera,12-18,sem_intensidade,+RA,0,0,,0,0,
SBIH,Primavera,18-24,exato,TS,20,1,5.0,4,1,25.0
SBIH,Primavera,18-24,exato,+RA,0,0,,0,0,
SBIH,Primavera,18-24,exato,+TSRA,0,0,,0,0,
SBIH,Primavera,18-24,exato,TSRA,12,0,0.0,0,0,
SBIH,Primavera,18-24,sem_intensidade,TS,20,1,5.0,4,1,25.0
SBIH,Primavera,18-24,sem_intensidade,TSRA,12,0,0.0,1,0,0.0
SBIH,Primavera,18-24,sem_intensidade,+RA,0,0,,0,0,
SBIH,Primavera,TODOS,exato,TS,27,3,11.1,8,3,37.5
SBIH,Primavera,TODOS,exato,+RA,0,0,,0,0,
SBIH,Primavera,TODOS,exato,+TSRA,0,0,,0,0,
SBIH,Primavera,TODOS,exato,TSRA,16,0,0.0,1,0,0.0
SBIH,Primavera,TODOS,sem_intensidade,TS,27,3,11.1,8,3,37.5
SBIH,Primavera,TODOS,sem_intensidade,TSRA,16,0,0.0,4,0,0.0
SBIH,Primavera,TODOS,sem_intensidade,+RA,0,0,,0,0,
SBIH,TODAS,00-06,exato,TS,8,1,12.5,30,1,3.3
SBIH,TODAS,00-06,exato,+RA,0,0,,1,0,0.0
SBIH,TODAS,00-06,exato,+TSRA,0,0,,0,0,
SBIH,TODAS,00-06,exato,TSRA,7,0,0.0,0,0,
SBIH,TODAS,00-06,sem_intensidade,TS,8,1,12.5,30,1,3.3
SBIH,TODAS,00-06,sem_intensidade,TSRA,7,0,0.0,0,0,
SBIH,TODAS,00-06,sem_intensidade,+RA,0,0,,1,0,0.0
SBIH,TODAS,06-12,exato,TS,0,0,,5,0,0.0
SBIH,TODAS,06-12,exato,+RA,0,0,,0,0,
SBIH,TODAS,06-12,exato,+TSRA,0,0,,0,0,
SBIH,TODAS,06-12,exato,TSRA,0,0,,0,0,
SBIH,TODAS,06-12,sem_intensidade,TS,0,0,,5,0,0.0
SBIH,TODAS,06-12,sem_intensidade,TSRA,0,0,,0,0,
SBIH,TODAS,06-12,sem_intensidade,+RA,0,0,,0,0,
SBIH,TODAS,12-18,exato,TS,18,2,11.1,16,2,12.5
SBIH,TODAS,12-18,exato,+RA,0,0,,0,0,
SBIH,TODAS,12-18,exato,+TSRA,0,0,,0,0,
SBIH,TODAS,12-18,exato,TSRA,23,0,0.0,2,0,0.0
SBIH,TODAS,12-18,sem_intensidade,TS,18,2,11.1,16,2,12.5
SBIH,TODAS,12-18,sem_intensidade,TSRA,23,1,4.3,8,1,12.5
SBIH,TODAS,12-18,sem_intensidade,+RA,0,0,,0,0,
SBIH,TODAS,18-24,exato,TS,71,3,4.2,31,3,9.7
SBIH,TODAS,18-24,exato,+RA,0,0,,1,0,0.0
SBIH,TODAS,18-24,exato,+TSRA,0,0,,1,0,0.0
SBIH,TODAS,18-24,exato,TSRA,73,1,1.4,1,1,100.0
SBIH,TODAS,18-24,sem_intensidade,TS,71,3,4.2,31,3,9.7
SBIH,TODAS,18-24,sem_intensidade,TSRA,73,2,2.7,7,2,28.6
SBIH,TODAS,18-24,sem_intensidade,+RA,0,0,,1,0,0.0
SBIH,TODAS,TODOS,exato,TS,97,6,6.2,82,6,7.3
SBIH,TODAS,TODOS,exato,+RA,0,0,,2,0,0.0
SBIH,TODAS,TODOS,exato,+TSRA,0,0,,1,0,0.0
SBIH,TODAS,TODOS,exato,TSRA,103,1,1.0,3,1,33.3
SBIH,TODAS,TODOS,sem_intensidade,TS,97,6,6.2,82,6,7.3
SBIH,TODAS,TODOS,sem_intensidade,TSRA,103,3,2.9,15,3,20.0
SBIH,TODAS,TODOS,sem_intensidade,+RA,0,0,,2,0,0.0
SBIP,Verao,00-06,exato,TS,0,0,,0,0,
SBIP,Verao,00-06,exato,+RA,0,0,,0,0,
SBIP,Verao,00-06,exato,+TSRA,0,0,,0,0,
SBIP,Verao,00-06,exato,TSRA,6,0,0.0,3,0,0.0
SBIP,Verao,00-06,sem_intensidade,TS,0,0,,0,0,
SBIP,Verao,00-06,sem_intensidade,TSRA,6,0,0.0,3,0,0.0
SBIP,Verao,00-06,sem_intensidade,+RA,0,0,,0,0,
SBIP,Verao,06-12,exato,TS,0,0,,0,0,
SBIP,Verao,06-12,exato,+RA,0,0,,0,0,
SBIP,Verao,06-12,exato,+TSRA,0,0,,0,0,
SBIP,Verao,06-12,exato,TSRA,3,0,0.0,0,0,
SBIP,Verao,06-12,sem_intensidade,TS,0,0,,0,0,
SBIP,Verao,06-12,sem_intensidade,TSRA,3,0,0.0,0,0,
SBIP,Verao,06-12,sem_intensidade,+RA,0,0,,0,0,
SBIP,Verao,12-18,exato,TS,2,0,0.0,0,0,
SBIP,Verao,12-18,exato,+RA,0,0,,0,0,
SBIP,Verao,12-18,exato,+TSRA,0,0,,0,0,
SBIP,Verao,12-18,exato,TSRA,1,0,0.0,1,0,0.0
SBIP,Verao,12-18,sem_intensidade,TS,2,0,0.0,0,0,
SBIP,Verao,12-18,sem_intensidade,TSRA,1,0,0.0,3,0,0.0
SBIP,Verao,12-18,sem_intensidade,+RA,0,0,,0,0,
SBIP,Verao,18-24,exato,TS,0,0,,1,0,0.0
SBIP,Verao,18-24,exato,+RA,0,0,,0,0,
SBIP,Verao,18-24,exato,+TSRA,0,0,,0,0,
SBIP,Verao,18-24,exato,TSRA,141,4,2.8,4,4,100.0
SBIP,Verao,18-24,sem_intensidade,TS,0,0,,1,0,0.0
SBIP,Verao,18-24,sem_intensidade,TSRA,141,4,2.8,4,4,100.0
SBIP,Verao,18-24,sem_intensidade,+RA,0,0,,0,0,
SBIP,Verao,TODOS,exato,TS,2,0,0.0,1,0,0.0
SBIP,Verao,TODOS,exato,+RA,0,0,,0,0,
SBIP,Verao,TODOS,exato,+TSRA,0,0,,0,0,
SBIP,Verao,TODOS,exato,TSRA,151,4,2.6,8,4,50.0
SBIP,Verao,TODOS,sem_intensidade,TS,2,0,0.0,1,0,0.0
SBIP,Verao,TODOS,sem_intensidade,TSRA,151,4,2.6,10,4,40.0
SBIP,Verao,TODOS,sem_intensidade,+RA,0,0,,0,0,
SBIP,Outono,00-06,exato,TS,0,0,,0,0,
SBIP,Outono,00-06,exato,+RA,0,0,,0,0,
SBIP,Outono,00-06,exato,+TSRA,0,0,,0,0,
SBIP,Outono,00-06,exato,TSRA,0,0,,0,0,
SBIP,Outono,00-06,sem_intensidade,TS,0,0,,0,0,
SBIP,Outono,00-06,sem_intensidade,TSRA,0,0,,0,0,
SBIP,Outono,00-06,sem_intensidade,+RA,0,0,,0,0,
SBIP,Outono,06-12,exato,TS,0,0,,0,0,
SBIP,Outono,06-12,exato,+RA,0,0,,0,0,
SBIP,Outono,06-12,exato,+TSRA,0,0,,0,0,
SBIP,Outono,06-12,exato,TSRA,0,0,,0,0,
SBIP,Outono,06-12,sem_intensidade,TS,0,0,,0,0,
SBIP,Outono,06-12,sem_intensidade,TSRA,0,0,,0,0,
SBIP,Outono,06-12,sem_intensidade,+RA,0,0,,0,0,
SBIP,Outono,12-18,exato,TS,3,0,0.0,0,0,
SBIP,Outono,12-18,exato,+RA,0,0,,0,0,
SBIP,Outono,12-18,exato,+TSRA,0,0,,0,0,
SBIP,Outono,12-18,exato,TSRA,5,0,0.0,0,0,
SBIP,Outono,12-18,sem_intensidade,TS,3,0,0.0,0,0,
SBIP,Outono,12-18,sem_intensidade,TSRA,5,0,0.0,0,0,
SBIP,Outono,12-18,sem_intensidade,+RA,0,0,,0,0,
SBIP,Outono,18-24,exato,TS,0,0,,0,0,
SBIP,Outono,18-24,exato,+RA,0,0,,0,0,
SBIP,Outono,18-24,exato,+TSRA,0,0,,0,0,
SBIP,Outono,18-24,exato,TSRA,25,0,0.0,0,0,
SBIP,Outono,18-24,sem_intensidade,TS,0,0,,0,0,
SBIP,Outono,18-24,sem_intensidade,TSRA,25,0,0.0,0,0,
SBIP,Outono,18-24,sem_intensidade,+RA,0,0,,0,0,
SBIP,Outono,TODOS,exato,TS,3,0,0.0,0,0,
SBIP,Outono,TODOS,exato,+RA,0,0,,0,0,
SBIP,Outono,TODOS,exato,+TSRA,0,0,,0,0,
SBIP,Outono,TODOS,exato,TSRA,30,0,0.0,0,0,
SBIP,Outono,TODOS,sem_intensidade,TS,3,0,0.0,0,0,
SBIP,Outono,TODOS,sem_intensidade,TSRA,30,0,0.0,0,0,
SBIP,Outono,TODOS,sem_intensidade,+RA,0,0,,0,0,
SBIP,Inverno,00-06,exato,TS,0,0,,0,0,
SBIP,Inverno,00-06,exato,+RA,0,0,,0,0,
SBIP,Inverno,00-06,exato,+TSRA,0,0,,0,0,
SBIP,Inverno,00-06,exato,TSRA,0,0,,0,0,
SBIP,Inverno,00-06,sem_intensidade,TS,0,0,,0,0,
SBIP,Inverno,00-06,sem_intensidade,TSRA,0,0,,0,0,
SBIP,Inverno,00-06,sem_intensidade,+RA,0,0,,0,0,
SBIP,Inverno,06-12,exato,TS,0,0,,0,0,
SBIP,Inverno,06-12,exato,+RA,0,0,,0,0,
SBIP,Inverno,06-12,exato,+TSRA,0,0,,0,0,
SBIP,Inverno,06-12,exato,TSRA,0,0,,0,0,
SBIP,Inverno,06-12,sem_intensidade,TS,0,0,,0,0,
SBIP,Inverno,06-12,sem_intensidade,TSRA,0,0,,0,0,
SBIP,Inverno,06-12,sem_intensidade,+RA,0,0,,0,0,
SBIP,Inverno,12-18,exato,TS,0,0,,0,0,
SBIP,Inverno,12-18,exato,+RA,0,0,,0,0,
SBIP,Inverno,12-18,exato,+TSRA,0,0,,0,0,
SBIP,Inverno,12-18,exato,TSRA,0,0,,0,0,
SBIP,Inverno,12-18,sem_intensidade,TS,0,0,,0,0,
SBIP,Inverno,12-18,sem_intensidade,TSRA,0,0,,0,0,
SBIP,Inverno,12-18,sem_intensidade,+RA,0,0,,0,0,
SBIP,Inverno,18-24,exato,TS,0,0,,0,0,
SBIP,Inverno,18-24,exato,+RA,0,0,,0,0,
SBIP,Inverno,18-24,exato,+TSRA,0,0,,0,0,
SBIP,Inverno,18-24,exato,TSRA,5,0,0.0,0,0,
SBIP,Inverno,18-24,sem_intensidade,TS,0,0,,0,0,
SBIP,Inverno,18-24,sem_intensidade,TSRA,5,0,0.0,0,0,
SBIP,Inverno,18-24,sem_intensidade,+RA,0,0,,0,0,
SBIP,Inverno,TODOS,exato,TS,0,0,,0,0,
SBIP,Inverno,TODOS,exato,+RA,0,0,,0,0,
SBIP,Inverno,TODOS,exato,+TSRA,0,0,,0,0,
SBIP,Inverno,TODOS,exato,TSRA,5,0,0.0,0,0,
SBIP,Inverno,TODOS,sem_intensidade,TS,0,0,,0,0,
SBIP,Inverno,TODOS,sem_intensidade,TSRA,5,0,0.0,0,0,
SBIP,Inverno,TODOS,sem_intensidade,+RA,0,0,,0,0,
SBIP,Primavera,00-06,exato,TS,0,0,,0,0,
SBIP,Primavera,00-06,exato,+RA,0,0,,0,0,
SBIP,Primavera,00-06,exato,+TSRA,0,0,,0,0,
SBIP,Primavera,00-06,exato,TSRA,9,0,0.0,0,0,
SBIP,Primavera,00-06,sem_intensidade,TS,0,0,,0,0,
SBIP,Primavera,00-06,sem_intensidade,TSRA,9,0,0.0,0,0,
SBIP,Primavera,00-06,sem_intensidade,+RA,0,0,,0,0,
SBIP,Primavera,06-12,exato,TS,0,0,,0,0,
SBIP,Primavera,06-12,exato,+RA,0,0,,0,0,
SBIP,Primavera,06-12,exato,+TSRA,0,0,,0,0,
SBIP,Primavera,06-12,exato,TSRA,8,0,0.0,0,0,
SBIP,Primavera,06-12,sem_intensidade,TS,0,0,,0,0,
SBIP,Primavera,06-12,sem_intensidade,TSRA,8,0,0.0,0,0,
SBIP,Primavera,06-12,sem_intensidade,+RA,0,0,,0,0,
SBIP,Primavera,12-18,exato,TS,0,0,,0,0,
SBIP,Primavera,12-18,exato,+RA,0,0,,0,0,
SBIP,Primavera,12-18,exato,+TSRA,0,0,,0,0,
SBIP,Primavera,12-18,exato,TSRA,10,0,0.0,0,0,
SBIP,Primavera,12-18,sem_intensidade,TS,0,0,,0,0,
SBIP,Primavera,12-18,sem_intensidade,TSRA,10,0,0.0,0,0,
SBIP,Primavera,12-18,sem_intensidade,+RA,0,0,,0,0,
SBIP,Primavera,18-24,exato,TS,10,0,0.0,0,0,
SBIP,Primavera,18-24,exato,+RA,0,0,,0,0,
SBIP,Primavera,18-24,exato,+TSRA,0,0,,0,0,
SBIP,Primavera,18-24,exato,TSRA,72,2,2.8,2,2,100.0
SBIP,Primavera,18-24,sem_intensidade,TS,10,0,0.0,0,0,
SBIP,Primavera,18-24,sem_intensidade,TSRA,72,2,2.8,2,2,100.0
SBIP,Primavera,18-24,sem_intensidade,+RA,0,0,,0,0,
SBIP,Primavera,TODOS,exato,TS,10,0,0.0,0,0,
SBIP,Primavera,TODOS,exato,+RA,0,0,,0,0,
SBIP,Primavera,TODOS,exato,+TSRA,0,0,,0,0,
SBIP,Primavera,TODOS,exato,TSRA,99,2,2.0,2,2,100.0
SBIP,Primavera,TODOS,sem_intensidade,TS,10,0,0.0,0,0,
SBIP,Primavera,TODOS,sem_intensidade,TSRA,99,2,2.0,2,2,100.0
SBIP,Primavera,TODOS,sem_intensidade,+RA,0,0,,0,0,
SBIP,TODAS,00-06,exato,TS,0,0,,0,0,
SBIP,TODAS,00-06,exato,+RA,0,0,,0,0,
SBIP,TODAS,00-06,exato,+TSRA,0,0,,0,0,
SBIP,TODAS,00-06,exato,TSRA,15,0,0.0,3,0,0.0
SBIP,TODAS,00-06,sem_intensidade,TS,0,0,,0,0,
SBIP,TODAS,00-06,sem_intensidade,TSRA,15,0,0.0,3,0,0.0
SBIP,TODAS,00-06,sem_intensidade,+RA,0,0,,0,0,
SBIP,TODAS,06-12,exato,TS,0,0,,0,0,
SBIP,TODAS,06-12,exato,+RA,0,0,,0,0,
SBIP,TODAS,06-12,exato,+TSRA,0,0,,0,0,
SBIP,TODAS,06-12,exato,TSRA,11,0,0.0,0,0,
SBIP,TODAS,06-12,sem_intensidade,TS,0,0,,0,0,
SBIP,TODAS,06-12,sem_intensidade,TSRA,11,0,0.0,0,0,
SBIP,TODAS,06-12,sem_intensidade,+RA,0,0,,0,0,
SBIP,TODAS,12-18,exato,TS,5,0,0.0,0,0,
SBIP,TODAS,12-18,exato,+RA,0,0,,0,0,
SBIP,TODAS,12-18,exato,+TSRA,0,0,,0,0,
SBIP,TODAS,12-18,exato,TSRA,16,0,0.0,1,0,0.0
SBIP,TODAS,12-18,sem_intensidade,TS,5,0,0.0,0,0,
SBIP,TODAS,12-18,sem_intensidade,TSRA,16,0,0.0,3,0,0.0
SBIP,TODAS,12-18,sem_intensidade,+RA,0,0,,0,0,
SBIP,TODAS,18-24,exato,TS,10,0,0.0,1,0,0.0
SBIP,TODAS,18-24,exato,+RA,0,0,,0,0,
SBIP,TODAS,18-24,exato,+TSRA,0,0,,0,0,
SBIP,TODAS,18-24,exato,TSRA,243,6,2.5,6,6,100.0
SBIP,TODAS,18-24,sem_intensidade,TS,10,0,0.0,1,0,0.0
SBIP,TODAS,18-24,sem_intensidade,TSRA,243,6,2.5,6,6,100.0
SBIP,TODAS,18-24,sem_intensidade,+RA,0,0,,0,0,
SBIP,TODAS,TODOS,exato,TS,15,0,0.0,1,0,0.0
SBIP,TODAS,TODOS,exato,+RA,0,0,,0,0,
SBIP,TODAS,TODOS,exato,+TSRA,0,0,,0,0,
SBIP,TODAS,TODOS,exato,TSRA,285,6,2.1,10,6,60.0
SBIP,TODAS,TODOS,sem_intensidade,TS,15,0,0.0,1,0,0.0
SBIP,TODAS,TODOS,sem_intensidade,TSRA,285,6,2.1,12,6,50.0
SBIP,TODAS,TODOS,sem_intensidade,+RA,0,0,,0,0,
SBJA,Verao,00-06,exato,TS,0,0,,0,0,
SBJA,Verao,00-06,exato,+RA,0,0,,0,0,
SBJA,Verao,00-06,exato,+TSRA,0,0,,0,0,
SBJA,Verao,00-06,exato,TSRA,0,0,,0,0,
SBJA,Verao,00-06,sem_intensidade,TS,0,0,,0,0,
SBJA,Verao,00-06,sem_intensidade,TSRA,0,0,,0,0,
SBJA,Verao,00-06,sem_intensidade,+RA,0,0,,0,0,
SBJA,Verao,06-12,exato,TS,0,0,,0,0,
SBJA,Verao,06-12,exato,+RA,0,0,,0,0,
SBJA,Verao,06-12,exato,+TSRA,0,0,,0,0,
SBJA,Verao,06-12,exato,TSRA,0,0,,0,0,
SBJA,Verao,06-12,sem_intensidade,TS,0,0,,0,0,
SBJA,Verao,06-12,sem_intensidade,TSRA,0,0,,0,0,
SBJA,Verao,06-12,sem_intensidade,+RA,0,0,,0,0,
SBJA,Verao,12-18,exato,TS,0,0,,0,0,
SBJA,Verao,12-18,exato,+RA,0,0,,0,0,
SBJA,Verao,12-18,exato,+TSRA,0,0,,0,0,
SBJA,Verao,12-18,exato,TSRA,0,0,,0,0,
SBJA,Verao,12-18,sem_intensidade,TS,0,0,,0,0,
SBJA,Verao,12-18,sem_intensidade,TSRA,0,0,,0,0,
SBJA,Verao,12-18,sem_intensidade,+RA,0,0,,0,0,
SBJA,Verao,18-24,exato,TS,0,0,,0,0,
SBJA,Verao,18-24,exato,+RA,0,0,,0,0,
SBJA,Verao,18-24,exato,+TSRA,0,0,,0,0,
SBJA,Verao,18-24,exato,TSRA,0,0,,0,0,
SBJA,Verao,18-24,sem_intensidade,TS,0,0,,0,0,
SBJA,Verao,18-24,sem_intensidade,TSRA,0,0,,0,0,
SBJA,Verao,18-24,sem_intensidade,+RA,0,0,,0,0,
SBJA,Verao,TODOS,exato,TS,0,0,,0,0,
SBJA,Verao,TODOS,exato,+RA,0,0,,0,0,
SBJA,Verao,TODOS,exato,+TSRA,0,0,,0,0,
SBJA,Verao,TODOS,exato,TSRA,0,0,,0,0,
SBJA,Verao,TODOS,sem_intensidade,TS,0,0,,0,0,
SBJA,Verao,TODOS,sem_intensidade,TSRA,0,0,,0,0,
SBJA,Verao,TODOS,sem_intensidade,+RA,0,0,,0,0,
SBJA,Outono,00-06,exato,TS,0,0,,0,0,
SBJA,Outono,00-06,exato,+RA,0,0,,0,0,
SBJA,Outono,00-06,exato,+TSRA,0,0,,0,0,
SBJA,Outono,00-06,exato,TSRA,0,0,,0,0,
SBJA,Outono,00-06,sem_intensidade,TS,0,0,,0,0,
SBJA,Outono,00-06,sem_intensidade,TSRA,0,0,,0,0,
SBJA,Outono,00-06,sem_intensidade,+RA,0,0,,0,0,
SBJA,Outono,06-12,exato,TS,0,0,,0,0,
SBJA,Outono,06-12,exato,+RA,0,0,,0,0,
SBJA,Outono,06-12,exato,+TSRA,0,0,,0,0,
SBJA,Outono,06-12,exato,TSRA,0,0,,0,0,
SBJA,Outono,06-12,sem_intensidade,TS,0,0,,0,0,
SBJA,Outono,06-12,sem_intensidade,TSRA,0,0,,0,0,
SBJA,Outono,06-12,sem_intensidade,+RA,0,0,,0,0,
SBJA,Outono,12-18,exato,TS,0,0,,0,0,
SBJA,Outono,12-18,exato,+RA,0,0,,0,0,
SBJA,Outono,12-18,exato,+TSRA,0,0,,0,0,
SBJA,Outono,12-18,exato,TSRA,0,0,,0,0,
SBJA,Outono,12-18,sem_intensidade,TS,0,0,,0,0,
SBJA,Outono,12-18,sem_intensidade,TSRA,0,0,,0,0,
SBJA,Outono,12-18,sem_intensidade,+RA,0,0,,0,0,
SBJA,Outono,18-24,exato,TS,0,0,,0,0,
SBJA,Outono,18-24,exato,+RA,0,0,,0,0,
SBJA,Outono,18-24,exato,+TSRA,0,0,,0,0,
SBJA,Outono,18-24,exato,TSRA,0,0,,0,0,
SBJA,Outono,18-24,sem_intensidade,TS,0,0,,0,0,
SBJA,Outono,18-24,sem_intensidade,TSRA,0,0,,0,0,
SBJA,Outono,18-24,sem_intensidade,+RA,0,0,,0,0,
SBJA,Outono,TODOS,exato,TS,0,0,,0,0,
SBJA,Outono,TODOS,exato,+RA,0,0,,0,0,
SBJA,Outono,TODOS,exato,+TSRA,0,0,,0,0,
SBJA,Outono,TODOS,exato,TSRA,0,0,,0,0,
SBJA,Outono,TODOS,sem_intensidade,TS,0,0,,0,0,
SBJA,Outono,TODOS,sem_intensidade,TSRA,0,0,,0,0,
SBJA,Outono,TODOS,sem_intensidade,+RA,0,0,,0,0,
SBJA,Inverno,00-06,exato,TS,0,0,,0,0,
SBJA,Inverno,00-06,exato,+RA,0,0,,0,0,
SBJA,Inverno,00-06,exato,+TSRA,0,0,,0,0,
SBJA,Inverno,00-06,exato,TSRA,0,0,,0,0,
SBJA,Inverno,00-06,sem_intensidade,TS,0,0,,0,0,
SBJA,Inverno,00-06,sem_intensidade,TSRA,0,0,,0,0,
SBJA,Inverno,00-06,sem_intensidade,+RA,0,0,,0,0,
SBJA,Inverno,06-12,exato,TS,0,0,,0,0,
SBJA,Inverno,06-12,exato,+RA,0,0,,0,0,
SBJA,Inverno,06-12,exato,+TSRA,0,0,,0,0,
SBJA,Inverno,06-12,exato,TSRA,0,0,,0,0,
SBJA,Inverno,06-12,sem_intensidade,TS,0,0,,0,0,
SBJA,Inverno,06-12,sem_intensidade,TSRA,0,0,,0,0,
SBJA,Inverno,06-12,sem_intensidade,+RA,0,0,,0,0,
SBJA,Inverno,12-18,exato,TS,0,0,,0,0,
SBJA,Inverno,12-18,exato,+RA,0,0,,0,0,
SBJA,Inverno,12-18,exato,+TSRA,0,0,,0,0,
SBJA,Inverno,12-18,exato,TSRA,0,0,,0,0,
SBJA,Inverno,12-18,sem_intensidade,TS,0,0,,0,0,
SBJA,Inverno,12-18,sem_intensidade,TSRA,0,0,,0,0,
SBJA,Inverno,12-18,sem_intensidade,+RA,0,0,,0,0,
SBJA,Inverno,18-24,exato,TS,0,0,,0,0,
SBJA,Inverno,18-24,exato,+RA,0,0,,0,0,
SBJA,Inverno,18-24,exato,+TSRA,0,0,,0,0,
SBJA,Inverno,18-24,exato,TSRA,0,0,,0,0,
SBJA,Inverno,18-24,sem_intensidade,TS,0,0,,0,0,
SBJA,Inverno,18-24,sem_intensidade,TSRA,0,0,,0,0,
SBJA,Inverno,18-24,sem_intensidade,+RA,0,0,,0,0,
SBJA,Inverno,TODOS,exato,TS,0,0,,0,0,
SBJA,Inverno,TODOS,exato,+RA,0,0,,0,0,
SBJA,Inverno,TODOS,exato,+TSRA,0,0,,0,0,
SBJA,Inverno,TODOS,exato,TSRA,0,0,,0,0,
SBJA,Inverno,TODOS,sem_intensidade,TS,0,0,,0,0,
SBJA,Inverno,TODOS,sem_intensidade,TSRA,0,0,,0,0,
SBJA,Inverno,TODOS,sem_intensidade,+RA,0,0,,0,0,
SBJA,Primavera,00-06,exato,TS,0,0,,0,0,
SBJA,Primavera,00-06,exato,+RA,0,0,,0,0,
SBJA,Primavera,00-06,exato,+TSRA,0,0,,0,0,
SBJA,Primavera,00-06,exato,TSRA,0,0,,0,0,
SBJA,Primavera,00-06,sem_intensidade,TS,0,0,,0,0,
SBJA,Primavera,00-06,sem_intensidade,TSRA,0,0,,0,0,
SBJA,Primavera,00-06,sem_intensidade,+RA,0,0,,0,0,
SBJA,Primavera,06-12,exato,TS,0,0,,0,0,
SBJA,Primavera,06-12,exato,+RA,0,0,,0,0,
SBJA,Primavera,06-12,exato,+TSRA,0,0,,0,0,
SBJA,Primavera,06-12,exato,TSRA,0,0,,0,0,
SBJA,Primavera,06-12,sem_intensidade,TS,0,0,,0,0,
SBJA,Primavera,06-12,sem_intensidade,TSRA,0,0,,0,0,
SBJA,Primavera,06-12,sem_intensidade,+RA,0,0,,0,0,
SBJA,Primavera,12-18,exato,TS,0,0,,0,0,
SBJA,Primavera,12-18,exato,+RA,0,0,,0,0,
SBJA,Primavera,12-18,exato,+TSRA,0,0,,0,0,
SBJA,Primavera,12-18,exato,TSRA,0,0,,0,0,
SBJA,Primavera,12-18,sem_intensidade,TS,0,0,,0,0,
SBJA,Primavera,12-18,sem_intensidade,TSRA,0,0,,0,0,
SBJA,Primavera,12-18,sem_intensidade,+RA,0,0,,0,0,
SBJA,Primavera,18-24,exato,TS,0,0,,0,0,
SBJA,Primavera,18-24,exato,+RA,0,0,,0,0,
SBJA,Primavera,18-24,exato,+TSRA,0,0,,0,0,
SBJA,Primavera,18-24,exato,TSRA,0,0,,0,0,
SBJA,Primavera,18-24,sem_intensidade,TS,0,0,,0,0,
SBJA,Primavera,18-24,sem_intensidade,TSRA,0,0,,0,0,
SBJA,Primavera,18-24,sem_intensidade,+RA,0,0,,0,0,
SBJA,Primavera,TODOS,exato,TS,0,0,,0,0,
SBJA,Primavera,TODOS,exato,+RA,0,0,,0,0,
SBJA,Primavera,TODOS,exato,+TSRA,0,0,,0,0,
SBJA,Primavera,TODOS,exato,TSRA,0,0,,0,0,
SBJA,Primavera,TODOS,sem_intensidade,TS,0,0,,0,0,
SBJA,Primavera,TODOS,sem_intensidade,TSRA,0,0,,0,0,
SBJA,Primavera,TODOS,sem_intensidade,+RA,0,0,,0,0,
SBJA,TODAS,00-06,exato,TS,0,0,,0,0,
SBJA,TODAS,00-06,exato,+RA,0,0,,0,0,
SBJA,TODAS,00-06,exato,+TSRA,0,0,,0,0,
SBJA,TODAS,00-06,exato,TSRA,0,0,,0,0,
SBJA,TODAS,00-06,sem_intensidade,TS,0,0,,0,0,
SBJA,TODAS,00-06,sem_intensidade,TSRA,0,0,,0,0,
SBJA,TODAS,00-06,sem_intensidade,+RA,0,0,,0,0,
SBJA,TODAS,06-12,exato,TS,0,0,,0,0,
SBJA,TODAS,06-12,exato,+RA,0,0,,0,0,
SBJA,TODAS,06-12,exato,+TSRA,0,0,,0,0,
SBJA,TODAS,06-12,exato,TSRA,0,0,,0,0,
SBJA,TODAS,06-12,sem_intensidade,TS,0,0,,0,0,
SBJA,TODAS,06-12,sem_intensidade,TSRA,0,0,,0,0,
SBJA,TODAS,06-12,sem_intensidade,+RA,0,0,,0,0,
SBJA,TODAS,12-18,exato,TS,0,0,,0,0,
SBJA,TODAS,12-18,exato,+RA,0,0,,0,0,
SBJA,TODAS,12-18,exato,+TSRA,0,0,,0,0,
SBJA,TODAS,12-18,exato,TSRA,0,0,,0,0,
SBJA,TODAS,12-18,sem_intensidade,TS,0,0,,0,0,
SBJA,TODAS,12-18,sem_intensidade,TSRA,0,0,,0,0,
SBJA,TODAS,12-18,sem_intensidade,+RA,0,0,,0,0,
SBJA,TODAS,18-24,exato,TS,0,0,,0,0,
SBJA,TODAS,18-24,exato,+RA,0,0,,0,0,
SBJA,TODAS,18-24,exato,+TSRA,0,0,,0,0,
SBJA,TODAS,18-24,exato,TSRA,0,0,,0,0,
SBJA,TODAS,18-24,sem_intensidade,TS,0,0,,0,0,
SBJA,TODAS,18-24,sem_intensidade,TSRA,0,0,,0,0,
SBJA,TODAS,18-24,sem_intensidade,+RA,0,0,,0,0,
SBJA,TODAS,TODOS,exato,TS,0,0,,0,0,
SBJA,TODAS,TODOS,exato,+RA,0,0,,0,0,
SBJA,TODAS,TODOS,exato,+TSRA,0,0,,0,0,
SBJA,TODAS,TODOS,exato,TSRA,0,0,,0,0,
SBJA,TODAS,TODOS,sem_intensidade,TS,0,0,,0,0,
SBJA,TODAS,TODOS,sem_intensidade,TSRA,0,0,,0,0,
SBJA,TODAS,TODOS,sem_intensidade,+RA,0,0,,0,0,
SBJE,Verao,00-06,exato,TS,0,0,,0,0,
SBJE,Verao,00-06,exato,+RA,0,0,,0,0,
SBJE,Verao,00-06,exato,+TSRA,0,0,,0,0,
SBJE,Verao,00-06,exato,TSRA,0,0,,0,0,
SBJE,Verao,00-06,sem_intensidade,TS,0,0,,0,0,
SBJE,Verao,00-06,sem_intensidade,TSRA,0,0,,0,0,
SBJE,Verao,00-06,sem_intensidade,+RA,0,0,,0,0,
SBJE,Verao,06-12,exato,TS,0,0,,0,0,
SBJE,Verao,06-12,exato,+RA,0,0,,0,0,
SBJE,Verao,06-12,exato,+TSRA,0,0,,0,0,
SBJE,Verao,06-12,exato,TSRA,0,0,,0,0,
SBJE,Verao,06-12,sem_intensidade,TS,0,0,,0,0,
SBJE,Verao,06-12,sem_intensidade,TSRA,0,0,,0,0,
SBJE,Verao,06-12,sem_intensidade,+RA,0,0,,0,0,
SBJE,Verao,12-18,exato,TS,0,0,,0,0,
SBJE,Verao,12-18,exato,+RA,0,0,,0,0,
SBJE,Verao,12-18,exato,+TSRA,0,0,,0,0,
SBJE,Verao,12-18,exato,TSRA,0,0,,0,0,
SBJE,Verao,12-18,sem_intensidade,TS,0,0,,0,0,
SBJE,Verao,12-18,sem_intensidade,TSRA,0,0,,0,0,
SBJE,Verao,12-18,sem_intensidade,+RA,0,0,,0,0,
SBJE,Verao,18-24,exato,TS,0,0,,0,0,
SBJE,Verao,18-24,exato,+RA,0,0,,0,0,
SBJE,Verao,18-24,exato,+TSRA,0,0,,0,0,
SBJE,Verao,18-24,exato,TSRA,0,0,,0,0,
SBJE,Verao,18-24,sem_intensidade,TS,0,0,,0,0,
SBJE,Verao,18-24,sem_intensidade,TSRA,0,0,,0,0,
SBJE,Verao,18-24,sem_intensidade,+RA,0,0,,0,0,
SBJE,Verao,TODOS,exato,TS,0,0,,0,0,
SBJE,Verao,TODOS,exato,+RA,0,0,,0,0,
SBJE,Verao,TODOS,exato,+TSRA,0,0,,0,0,
SBJE,Verao,TODOS,exato,TSRA,0,0,,0,0,
SBJE,Verao,TODOS,sem_intensidade,TS,0,0,,0,0,
SBJE,Verao,TODOS,sem_intensidade,TSRA,0,0,,0,0,
SBJE,Verao,TODOS,sem_intensidade,+RA,0,0,,0,0,
SBJE,Outono,00-06,exato,TS,0,0,,0,0,
SBJE,Outono,00-06,exato,+RA,0,0,,0,0,
SBJE,Outono,00-06,exato,+TSRA,0,0,,0,0,
SBJE,Outono,00-06,exato,TSRA,0,0,,0,0,
SBJE,Outono,00-06,sem_intensidade,TS,0,0,,0,0,
SBJE,Outono,00-06,sem_intensidade,TSRA,0,0,,0,0,
SBJE,Outono,00-06,sem_intensidade,+RA,0,0,,0,0,
SBJE,Outono,06-12,exato,TS,0,0,,0,0,
SBJE,Outono,06-12,exato,+RA,0,0,,0,0,
SBJE,Outono,06-12,exato,+TSRA,0,0,,0,0,
SBJE,Outono,06-12,exato,TSRA,0,0,,0,0,
SBJE,Outono,06-12,sem_intensidade,TS,0,0,,0,0,
SBJE,Outono,06-12,sem_intensidade,TSRA,0,0,,0,0,
SBJE,Outono,06-12,sem_intensidade,+RA,0,0,,0,0,
SBJE,Outono,12-18,exato,TS,0,0,,0,0,
SBJE,Outono,12-18,exato,+RA,0,0,,0,0,
SBJE,Outono,12-18,exato,+TSRA,0,0,,0,0,
SBJE,Outono,12-18,exato,TSRA,0,0,,0,0,
SBJE,Outono,12-18,sem_intensidade,TS,0,0,,0,0,
SBJE,Outono,12-18,sem_intensidade,TSRA,0,0,,0,0,
SBJE,Outono,12-18,sem_intensidade,+RA,0,0,,0,0,
SBJE,Outono,18-24,exato,TS,0,0,,0,0,
SBJE,Outono,18-24,exato,+RA,0,0,,0,0,
SBJE,Outono,18-24,exato,+TSRA,0,0,,0,0,
SBJE,Outono,18-24,exato,TSRA,0,0,,0,0,
SBJE,Outono,18-24,sem_intensidade,TS,0,0,,0,0,
SBJE,Outono,18-24,sem_intensidade,TSRA,0,0,,0,0,
SBJE,Outono,18-24,sem_intensidade,+RA,0,0,,0,0,
SBJE,Outono,TODOS,exato,TS,0,0,,0,0,
SBJE,Outono,TODOS,exato,+RA,0,0,,0,0,
SBJE,Outono,TODOS,exato,+TSRA,0,0,,0,0,
SBJE,Outono,TODOS,exato,TSRA,0,0,,0,0,
SBJE,Outono,TODOS,sem_intensidade,TS,0,0,,0,0,
SBJE,Outono,TODOS,sem_intensidade,TSRA,0,0,,0,0,
SBJE,Outono,TODOS,sem_intensidade,+RA,0,0,,0,0,
SBJE,Inverno,00-06,exato,TS,0,0,,0,0,
SBJE,Inverno,00-06,exato,+RA,0,0,,0,0,
SBJE,Inverno,00-06,exato,+TSRA,0,0,,0,0,
SBJE,Inverno,00-06,exato,TSRA,0,0,,0,0,
SBJE,Inverno,00-06,sem_intensidade,TS,0,0,,0,0,
SBJE,Inverno,00-06,sem_intensidade,TSRA,0,0,,0,0,
SBJE,Inverno,00-06,sem_intensidade,+RA,0,0,,0,0,
SBJE,Inverno,06-12,exato,TS,0,0,,0,0,
SBJE,Inverno,06-12,exato,+RA,0,0,,0,0,
SBJE,Inverno,06-12,exato,+TSRA,0,0,,0,0,
SBJE,Inverno,06-12,exato,TSRA,0,0,,0,0,
SBJE,Inverno,06-12,sem_intensidade,TS,0,0,,0,0,
SBJE,Inverno,06-12,sem_intensidade,TSRA,0,0,,0,0,
SBJE,Inverno,06-12,sem_intensidade,+RA,0,0,,0,0,
SBJE,Inverno,12-18,exato,TS,0,0,,0,0,
SBJE,Inverno,12-18,exato,+RA,0,0,,0,0,
SBJE,Inverno,12-18,exato,+TSRA,0,0,,0,0,
SBJE,Inverno,12-18,exato,TSRA,0,0,,0,0,
SBJE,Inverno,12-18,sem_intensidade,TS,0,0,,0,0,
SBJE,Inverno,12-18,sem_intensidade,TSRA,0,0,,0,0,
SBJE,Inverno,12-18,sem_intensidade,+RA,0,0,,0,0,
SBJE,Inverno,18-24,exato,TS,0,0,,0,0,
SBJE,Inverno,18-24,exato,+RA,0,0,,0,0,
SBJE,Inverno,18-24,exato,+TSRA,0,0,,0,0,
SBJE,Inverno,18-24,exato,TSRA,0,0,,0,0,
SBJE,Inverno,18-24,sem_intensidade,TS,0,0,,0,0,
SBJE,Inverno,18-24,sem_intensidade,TSRA,0,0,,0,0,
SBJE,Inverno,18-24,sem_intensidade,+RA,0,0,,0,0,
SBJE,Inverno,TODOS,exato,TS,0,0,,0,0,
SBJE,Inverno,TODOS,exato,+RA,0,0,,0,0,
SBJE,Inverno,TODOS,exato,+TSRA,0,0,,0,0,
SBJE,Inverno,TODOS,exato,TSRA,0,0,,0,0,
SBJE,Inverno,TODOS,sem_intensidade,TS,0,0,,0,0,
SBJE,Inverno,TODOS,sem_intensidade,TSRA,0,0,,0,0,
SBJE,Inverno,TODOS,sem_intensidade,+RA,0,0,,0,0,
SBJE,Primavera,00-06,exato,TS,0,0,,0,0,
SBJE,Primavera,00-06,exato,+RA,0,0,,0,0,
SBJE,Primavera,00-06,exato,+TSRA,0,0,,0,0,
SBJE,Primavera,00-06,exato,TSRA,0,0,,0,0,
SBJE,Primavera,00-06,sem_intensidade,TS,0,0,,0,0,
SBJE,Primavera,00-06,sem_intensidade,TSRA,0,0,,0,0,
SBJE,Primavera,00-06,sem_intensidade,+RA,0,0,,0,0,
SBJE,Primavera,06-12,exato,TS,0,0,,0,0,
SBJE,Primavera,06-12,exato,+RA,0,0,,0,0,
SBJE,Primavera,06-12,exato,+TSRA,0,0,,0,0,
SBJE,Primavera,06-12,exato,TSRA,0,0,,0,0,
SBJE,Primavera,06-12,sem_intensidade,TS,0,0,,0,0,
SBJE,Primavera,06-12,sem_intensidade,TSRA,0,0,,0,0,
SBJE,Primavera,06-12,sem_intensidade,+RA,0,0,,0,0,
SBJE,Primavera,12-18,exato,TS,0,0,,0,0,
SBJE,Primavera,12-18,exato,+RA,0,0,,0,0,
SBJE,Primavera,12-18,exato,+TSRA,0,0,,0,0,
SBJE,Primavera,12-18,exato,TSRA,0,0,,0,0,
SBJE,Primavera,12-18,sem_intensidade,TS,0,0,,0,0,
SBJE,Primavera,12-18,sem_intensidade,TSRA,0,0,,0,0,
SBJE,Primavera,12-18,sem_intensidade,+RA,0,0,,0,0,
SBJE,Primavera,18-24,exato,TS,0,0,,0,0,
SBJE,Primavera,18-24,exato,+RA,0,0,,0,0,
SBJE,Primavera,18-24,exato,+TSRA,0,0,,0,0,
SBJE,Primavera,18-24,exato,TSRA,0,0,,0,0,
SBJE,Primavera,18-24,sem_intensidade,TS,0,0,,0,0,
SBJE,Primavera,18-24,sem_intensidade,TSRA,0,0,,0,0,
SBJE,Primavera,18-24,sem_intensidade,+RA,0,0,,0,0,
SBJE,Primavera,TODOS,exato,TS,0,0,,0,0,
SBJE,Primavera,TODOS,exato,+RA,0,0,,0,0,
SBJE,Primavera,TODOS,exato,+TSRA,0,0,,0,0,
SBJE,Primavera,TODOS,exato,TSRA,0,0,,0,0,
SBJE,Primavera,TODOS,sem_intensidade,TS,0,0,,0,0,
SBJE,Primavera,TODOS,sem_intensidade,TSRA,0,0,,0,0,
SBJE,Primavera,TODOS,sem_intensidade,+RA,0,0,,0,0,
SBJE,TODAS,00-06,exato,TS,0,0,,0,0,
SBJE,TODAS,00-06,exato,+RA,0,0,,0,0,
SBJE,TODAS,00-06,exato,+TSRA,0,0,,0,0,
SBJE,TODAS,00-06,exato,TSRA,0,0,,0,0,
SBJE,TODAS,00-06,sem_intensidade,TS,0,0,,0,0,
SBJE,TODAS,00-06,sem_intensidade,TSRA,0,0,,0,0,
SBJE,TODAS,00-06,sem_intensidade,+RA,0,0,,0,0,
SBJE,TODAS,06-12,exato,TS,0,0,,0,0,
SBJE,TODAS,06-12,exato,+RA,0,0,,0,0,
SBJE,TODAS,06-12,exato,+TSRA,0,0,,0,0,
SBJE,TODAS,06-12,exato,TSRA,0,0,,0,0,
SBJE,TODAS,06-12,sem_intensidade,TS,0,0,,0,0,
SBJE,TODAS,06-12,sem_intensidade,TSRA,0,0,,0,0,
SBJE,TODAS,06-12,sem_intensidade,+RA,0,0,,0,0,
SBJE,TODAS,12-18,exato,TS,0,0,,0,0,
SBJE,TODAS,12-18,exato,+RA,0,0,,0,0,
SBJE,TODAS,12-18,exato,+TSRA,0,0,,0,0,
SBJE,TODAS,12-18,exato,TSRA,0,0,,0,0,
SBJE,TODAS,12-18,sem_intensidade,TS,0,0,,0,0,
SBJE,TODAS,12-18,sem_intensidade,TSRA,0,0,,0,0,
SBJE,TODAS,12-18,sem_intensidade,+RA,0,0,,0,0,
SBJE,TODAS,18-24,exato,TS,0,0,,0,0,
SBJE,TODAS,18-24,exato,+RA,0,0,,0,0,
SBJE,TODAS,18-24,exato,+TSRA,0,0,,0,0,
SBJE,TODAS,18-24,exato,TSRA,0,0,,0,0,
SBJE,TODAS,18-24,sem_intensidade,TS,0,0,,0,0,
SBJE,TODAS,18-24,sem_intensidade,TSRA,0,0,,0,0,
SBJE,TODAS,18-24,sem_intensidade,+RA,0,0,,0,0,
SBJE,TODAS,TODOS,exato,TS,0,0,,0,0,
SBJE,TODAS,TODOS,exato,+RA,0,0,,0,0,
SBJE,TODAS,TODOS,exato,+TSRA,0,0,,0,0,
SBJE,TODAS,TODOS,exato,TSRA,0,0,,0,0,
SBJE,TODAS,TODOS,sem_intensidade,TS,0,0,,0,0,
SBJE,TODAS,TODOS,sem_intensidade,TSRA,0,0,,0,0,
SBJE,TODAS,TODOS,sem_intensidade,+RA,0,0,,0,0,
SBJF,Verao,00-06,exato,TS,0,0,,0,0,
SBJF,Verao,00-06,exato,+RA,0,0,,0,0,
SBJF,Verao,00-06,exato,+TSRA,0,0,,0,0,
SBJF,Verao,00-06,exato,TSRA,0,0,,0,0,
SBJF,Verao,00-06,sem_intensidade,TS,0,0,,0,0,
SBJF,Verao,00-06,sem_intensidade,TSRA,0,0,,0,0,
SBJF,Verao,00-06,sem_intensidade,+RA,0,0,,0,0,
SBJF,Verao,06-12,exato,TS,0,0,,0,0,
SBJF,Verao,06-12,exato,+RA,0,0,,0,0,
SBJF,Verao,06-12,exato,+TSRA,0,0,,0,0,
SBJF,Verao,06-12,exato,TSRA,0,0,,0,0,
SBJF,Verao,06-12,sem_intensidade,TS,0,0,,0,0,
SBJF,Verao,06-12,sem_intensidade,TSRA,0,0,,0,0,
SBJF,Verao,06-12,sem_intensidade,+RA,0,0,,0,0,
SBJF,Verao,12-18,exato,TS,0,0,,0,0,
SBJF,Verao,12-18,exato,+RA,0,0,,0,0,
SBJF,Verao,12-18,exato,+TSRA,0,0,,0,0,
SBJF,Verao,12-18,exato,TSRA,0,0,,0,0,
SBJF,Verao,12-18,sem_intensidade,TS,0,0,,0,0,
SBJF,Verao,12-18,sem_intensidade,TSRA,0,0,,0,0,
SBJF,Verao,12-18,sem_intensidade,+RA,0,0,,0,0,
SBJF,Verao,18-24,exato,TS,0,0,,0,0,
SBJF,Verao,18-24,exato,+RA,0,0,,0,0,
SBJF,Verao,18-24,exato,+TSRA,0,0,,0,0,
SBJF,Verao,18-24,exato,TSRA,0,0,,0,0,
SBJF,Verao,18-24,sem_intensidade,TS,0,0,,0,0,
SBJF,Verao,18-24,sem_intensidade,TSRA,0,0,,0,0,
SBJF,Verao,18-24,sem_intensidade,+RA,0,0,,0,0,
SBJF,Verao,TODOS,exato,TS,0,0,,0,0,
SBJF,Verao,TODOS,exato,+RA,0,0,,0,0,
SBJF,Verao,TODOS,exato,+TSRA,0,0,,0,0,
SBJF,Verao,TODOS,exato,TSRA,0,0,,0,0,
SBJF,Verao,TODOS,sem_intensidade,TS,0,0,,0,0,
SBJF,Verao,TODOS,sem_intensidade,TSRA,0,0,,0,0,
SBJF,Verao,TODOS,sem_intensidade,+RA,0,0,,0,0,
SBJF,Outono,00-06,exato,TS,0,0,,0,0,
SBJF,Outono,00-06,exato,+RA,0,0,,0,0,
SBJF,Outono,00-06,exato,+TSRA,0,0,,0,0,
SBJF,Outono,00-06,exato,TSRA,0,0,,0,0,
SBJF,Outono,00-06,sem_intensidade,TS,0,0,,0,0,
SBJF,Outono,00-06,sem_intensidade,TSRA,0,0,,0,0,
SBJF,Outono,00-06,sem_intensidade,+RA,0,0,,0,0,
SBJF,Outono,06-12,exato,TS,0,0,,0,0,
SBJF,Outono,06-12,exato,+RA,0,0,,0,0,
SBJF,Outono,06-12,exato,+TSRA,0,0,,0,0,
SBJF,Outono,06-12,exato,TSRA,0,0,,0,0,
SBJF,Outono,06-12,sem_intensidade,TS,0,0,,0,0,
SBJF,Outono,06-12,sem_intensidade,TSRA,0,0,,0,0,
SBJF,Outono,06-12,sem_intensidade,+RA,0,0,,0,0,
SBJF,Outono,12-18,exato,TS,0,0,,0,0,
SBJF,Outono,12-18,exato,+RA,0,0,,0,0,
SBJF,Outono,12-18,exato,+TSRA,0,0,,0,0,
SBJF,Outono,12-18,exato,TSRA,0,0,,0,0,
SBJF,Outono,12-18,sem_intensidade,TS,0,0,,0,0,
SBJF,Outono,12-18,sem_intensidade,TSRA,0,0,,0,0,
SBJF,Outono,12-18,sem_intensidade,+RA,0,0,,0,0,
SBJF,Outono,18-24,exato,TS,0,0,,0,0,
SBJF,Outono,18-24,exato,+RA,0,0,,0,0,
SBJF,Outono,18-24,exato,+TSRA,0,0,,0,0,
SBJF,Outono,18-24,exato,TSRA,0,0,,0,0,
SBJF,Outono,18-24,sem_intensidade,TS,0,0,,0,0,
SBJF,Outono,18-24,sem_intensidade,TSRA,0,0,,0,0,
SBJF,Outono,18-24,sem_intensidade,+RA,0,0,,0,0,
SBJF,Outono,TODOS,exato,TS,0,0,,0,0,
SBJF,Outono,TODOS,exato,+RA,0,0,,0,0,
SBJF,Outono,TODOS,exato,+TSRA,0,0,,0,0,
SBJF,Outono,TODOS,exato,TSRA,0,0,,0,0,
SBJF,Outono,TODOS,sem_intensidade,TS,0,0,,0,0,
SBJF,Outono,TODOS,sem_intensidade,TSRA,0,0,,0,0,
SBJF,Outono,TODOS,sem_intensidade,+RA,0,0,,0,0,
SBJF,Inverno,00-06,exato,TS,0,0,,0,0,
SBJF,Inverno,00-06,exato,+RA,0,0,,0,0,
SBJF,Inverno,00-06,exato,+TSRA,0,0,,0,0,
SBJF,Inverno,00-06,exato,TSRA,0,0,,0,0,
SBJF,Inverno,00-06,sem_intensidade,TS,0,0,,0,0,
SBJF,Inverno,00-06,sem_intensidade,TSRA,0,0,,0,0,
SBJF,Inverno,00-06,sem_intensidade,+RA,0,0,,0,0,
SBJF,Inverno,06-12,exato,TS,0,0,,0,0,
SBJF,Inverno,06-12,exato,+RA,0,0,,0,0,
SBJF,Inverno,06-12,exato,+TSRA,0,0,,0,0,
SBJF,Inverno,06-12,exato,TSRA,0,0,,0,0,
SBJF,Inverno,06-12,sem_intensidade,TS,0,0,,0,0,
SBJF,Inverno,06-12,sem_intensidade,TSRA,0,0,,0,0,
SBJF,Inverno,06-12,sem_intensidade,+RA,0,0,,0,0,
SBJF,Inverno,12-18,exato,TS,0,0,,0,0,
SBJF,Inverno,12-18,exato,+RA,0,0,,0,0,
SBJF,Inverno,12-18,exato,+TSRA,0,0,,0,0,
SBJF,Inverno,12-18,exato,TSRA,0,0,,0,0,
SBJF,Inverno,12-18,sem_intensidade,TS,0,0,,0,0,
SBJF,Inverno,12-18,sem_intensidade,TSRA,0,0,,0,0,
SBJF,Inverno,12-18,sem_intensidade,+RA,0,0,,0,0,
SBJF,Inverno,18-24,exato,TS,0,0,,0,0,
SBJF,Inverno,18-24,exato,+RA,0,0,,0,0,
SBJF,Inverno,18-24,exato,+TSRA,0,0,,0,0,
SBJF,Inverno,18-24,exato,TSRA,0,0,,0,0,
SBJF,Inverno,18-24,sem_intensidade,TS,0,0,,0,0,
SBJF,Inverno,18-24,sem_intensidade,TSRA,0,0,,0,0,
SBJF,Inverno,18-24,sem_intensidade,+RA,0,0,,0,0,
SBJF,Inverno,TODOS,exato,TS,0,0,,0,0,
SBJF,Inverno,TODOS,exato,+RA,0,0,,0,0,
SBJF,Inverno,TODOS,exato,+TSRA,0,0,,0,0,
SBJF,Inverno,TODOS,exato,TSRA,0,0,,0,0,
SBJF,Inverno,TODOS,sem_intensidade,TS,0,0,,0,0,
SBJF,Inverno,TODOS,sem_intensidade,TSRA,0,0,,0,0,
SBJF,Inverno,TODOS,sem_intensidade,+RA,0,0,,0,0,
SBJF,Primavera,00-06,exato,TS,0,0,,0,0,
SBJF,Primavera,00-06,exato,+RA,0,0,,0,0,
SBJF,Primavera,00-06,exato,+TSRA,0,0,,0,0,
SBJF,Primavera,00-06,exato,TSRA,0,0,,0,0,
SBJF,Primavera,00-06,sem_intensidade,TS,0,0,,0,0,
SBJF,Primavera,00-06,sem_intensidade,TSRA,0,0,,0,0,
SBJF,Primavera,00-06,sem_intensidade,+RA,0,0,,0,0,
SBJF,Primavera,06-12,exato,TS,0,0,,0,0,
SBJF,Primavera,06-12,exato,+RA,0,0,,0,0,
SBJF,Primavera,06-12,exato,+TSRA,0,0,,0,0,
SBJF,Primavera,06-12,exato,TSRA,0,0,,0,0,
SBJF,Primavera,06-12,sem_intensidade,TS,0,0,,0,0,
SBJF,Primavera,06-12,sem_intensidade,TSRA,0,0,,0,0,
SBJF,Primavera,06-12,sem_intensidade,+RA,0,0,,0,0,
SBJF,Primavera,12-18,exato,TS,0,0,,0,0,
SBJF,Primavera,12-18,exato,+RA,0,0,,0,0,
SBJF,Primavera,12-18,exato,+TSRA,0,0,,0,0,
SBJF,Primavera,12-18,exato,TSRA,0,0,,0,0,
SBJF,Primavera,12-18,sem_intensidade,TS,0,0,,0,0,
SBJF,Primavera,12-18,sem_intensidade,TSRA,0,0,,0,0,
SBJF,Primavera,12-18,sem_intensidade,+RA,0,0,,0,0,
SBJF,Primavera,18-24,exato,TS,0,0,,0,0,
SBJF,Primavera,18-24,exato,+RA,0,0,,0,0,
SBJF,Primavera,18-24,exato,+TSRA,0,0,,0,0,
SBJF,Primavera,18-24,exato,TSRA,0,0,,0,0,
SBJF,Primavera,18-24,sem_intensidade,TS,0,0,,0,0,
SBJF,Primavera,18-24,sem_intensidade,TSRA,0,0,,0,0,
SBJF,Primavera,18-24,sem_intensidade,+RA,0,0,,0,0,
SBJF,Primavera,TODOS,exato,TS,0,0,,0,0,
SBJF,Primavera,TODOS,exato,+RA,0,0,,0,0,
SBJF,Primavera,TODOS,exato,+TSRA,0,0,,0,0,
SBJF,Primavera,TODOS,exato,TSRA,0,0,,0,0,
SBJF,Primavera,TODOS,sem_intensidade,TS,0,0,,0,0,
SBJF,Primavera,TODOS,sem_intensidade,TSRA,0,0,,0,0,
SBJF,Primavera,TODOS,sem_intensidade,+RA,0,0,,0,0,
SBJF,TODAS,00-06,exato,TS,0,0,,0,0,
SBJF,TODAS,00-06,exato,+RA,0,0,,0,0,
SBJF,TODAS,00-06,exato,+TSRA,0,0,,0,0,
SBJF,TODAS,00-06,exato,TSRA,0,0,,0,0,
SBJF,TODAS,00-06,sem_intensidade,TS,0,0,,0,0,
SBJF,TODAS,00-06,sem_intensidade,TSRA,0,0,,0,0,
SBJF,TODAS,00-06,sem_intensidade,+RA,0,0,,0,0,
SBJF,TODAS,06-12,exato,TS,0,0,,0,0,
SBJF,TODAS,06-12,exato,+RA,0,0,,0,0,
SBJF,TODAS,06-12,exato,+TSRA,0,0,,0,0,
SBJF,TODAS,06-12,exato,TSRA,0,0,,0,0,
SBJF,TODAS,06-12,sem_intensidade,TS,0,0,,0,0,
SBJF,TODAS,06-12,sem_intensidade,TSRA,0,0,,0,0,
SBJF,TODAS,06-12,sem_intensidade,+RA,0,0,,0,0,
SBJF,TODAS,12-18,exato,TS,0,0,,0,0,
SBJF,TODAS,12-18,exato,+RA,0,0,,0,0,
SBJF,TODAS,12-18,exato,+TSRA,0,0,,0,0,
SBJF,TODAS,12-18,exato,TSRA,0,0,,0,0,
SBJF,TODAS,12-18,sem_intensidade,TS,0,0,,0,0,
SBJF,TODAS,12-18,sem_intensidade,TSRA,0,0,,0,0,
SBJF,TODAS,12-18,sem_intensidade,+RA,0,0,,0,0,
SBJF,TODAS,18-24,exato,TS,0,0,,0,0,
SBJF,TODAS,18-24,exato,+RA,0,0,,0,0,
SBJF,TODAS,18-24,exato,+TSRA,0,0,,0,0,
SBJF,TODAS,18-24,exato,TSRA,0,0,,0,0,
SBJF,TODAS,18-24,sem_intensidade,TS,0,0,,0,0,
SBJF,TODAS,18-24,sem_intensidade,TSRA,0,0,,0,0,
SBJF,TODAS,18-24,sem_intensidade,+RA,0,0,,0,0,
SBJF,TODAS,TODOS,exato,TS,0,0,,0,0,
SBJF,TODAS,TODOS,exato,+RA,0,0,,0,0,
SBJF,TODAS,TODOS,exato,+TSRA,0,0,,0,0,
SBJF,TODAS,TODOS,exato,TSRA,0,0,,0,0,
SBJF,TODAS,TODOS,sem_intensidade,TS,0,0,,0,0,
SBJF,TODAS,TODOS,sem_intensidade,TSRA,0,0,,0,0,
SBJF,TODAS,TODOS,sem_intensidade,+RA,0,0,,0,0,
SBJI,Verao,00-06,exato,TS,0,0,,0,0,
SBJI,Verao,00-06,exato,+RA,0,0,,0,0,
SBJI,Verao,00-06,exato,+TSRA,0,0,,0,0,
SBJI,Verao,00-06,exato,TSRA,0,0,,0,0,
SBJI,Verao,00-06,sem_intensidade,TS,0,0,,0,0,
SBJI,Verao,00-06,sem_intensidade,TSRA,0,0,,0,0,
SBJI,Verao,00-06,sem_intensidade,+RA,0,0,,0,0,
SBJI,Verao,06-12,exato,TS,0,0,,0,0,
SBJI,Verao,06-12,exato,+RA,0,0,,0,0,
SBJI,Verao,06-12,exato,+TSRA,0,0,,0,0,
SBJI,Verao,06-12,exato,TSRA,0,0,,0,0,
SBJI,Verao,06-12,sem_intensidade,TS,0,0,,0,0,
SBJI,Verao,06-12,sem_intensidade,TSRA,0,0,,0,0,
SBJI,Verao,06-12,sem_intensidade,+RA,0,0,,0,0,
SBJI,Verao,12-18,exato,TS,0,0,,0,0,
SBJI,Verao,12-18,exato,+RA,0,0,,0,0,
SBJI,Verao,12-18,exato,+TSRA,0,0,,0,0,
SBJI,Verao,12-18,exato,TSRA,0,0,,0,0,
SBJI,Verao,12-18,sem_intensidade,TS,0,0,,0,0,
SBJI,Verao,12-18,sem_intensidade,TSRA,0,0,,0,0,
SBJI,Verao,12-18,sem_intensidade,+RA,0,0,,0,0,
SBJI,Verao,18-24,exato,TS,0,0,,0,0,
SBJI,Verao,18-24,exato,+RA,0,0,,0,0,
SBJI,Verao,18-24,exato,+TSRA,0,0,,0,0,
SBJI,Verao,18-24,exato,TSRA,0,0,,0,0,
SBJI,Verao,18-24,sem_intensidade,TS,0,0,,0,0,
SBJI,Verao,18-24,sem_intensidade,TSRA,0,0,,0,0,
SBJI,Verao,18-24,sem_intensidade,+RA,0,0,,0,0,
SBJI,Verao,TODOS,exato,TS,0,0,,0,0,
SBJI,Verao,TODOS,exato,+RA,0,0,,0,0,
SBJI,Verao,TODOS,exato,+TSRA,0,0,,0,0,
SBJI,Verao,TODOS,exato,TSRA,0,0,,0,0,
SBJI,Verao,TODOS,sem_intensidade,TS,0,0,,0,0,
SBJI,Verao,TODOS,sem_intensidade,TSRA,0,0,,0,0,
SBJI,Verao,TODOS,sem_intensidade,+RA,0,0,,0,0,
SBJI,Outono,00-06,exato,TS,0,0,,0,0,
SBJI,Outono,00-06,exato,+RA,0,0,,0,0,
SBJI,Outono,00-06,exato,+TSRA,0,0,,0,0,
SBJI,Outono,00-06,exato,TSRA,0,0,,0,0,
SBJI,Outono,00-06,sem_intensidade,TS,0,0,,0,0,
SBJI,Outono,00-06,sem_intensidade,TSRA,0,0,,0,0,
SBJI,Outono,00-06,sem_intensidade,+RA,0,0,,0,0,
SBJI,Outono,06-12,exato,TS,0,0,,0,0,
SBJI,Outono,06-12,exato,+RA,0,0,,0,0,
SBJI,Outono,06-12,exato,+TSRA,0,0,,0,0,
SBJI,Outono,06-12,exato,TSRA,0,0,,0,0,
SBJI,Outono,06-12,sem_intensidade,TS,0,0,,0,0,
SBJI,Outono,06-12,sem_intensidade,TSRA,0,0,,0,0,
SBJI,Outono,06-12,sem_intensidade,+RA,0,0,,0,0,
SBJI,Outono,12-18,exato,TS,0,0,,0,0,
SBJI,Outono,12-18,exato,+RA,0,0,,0,0,
SBJI,Outono,12-18,exato,+TSRA,0,0,,0,0,
SBJI,Outono,12-18,exato,TSRA,0,0,,0,0,
SBJI,Outono,12-18,sem_intensidade,TS,0,0,,0,0,
SBJI,Outono,12-18,sem_intensidade,TSRA,0,0,,0,0,
SBJI,Outono,12-18,sem_intensidade,+RA,0,0,,0,0,
SBJI,Outono,18-24,exato,TS,0,0,,0,0,
SBJI,Outono,18-24,exato,+RA,0,0,,0,0,
SBJI,Outono,18-24,exato,+TSRA,0,0,,0,0,
SBJI,Outono,18-24,exato,TSRA,0,0,,0,0,
SBJI,Outono,18-24,sem_intensidade,TS,0,0,,0,0,
SBJI,Outono,18-24,sem_intensidade,TSRA,0,0,,0,0,
SBJI,Outono,18-24,sem_intensidade,+RA,0,0,,0,0,
SBJI,Outono,TODOS,exato,TS,0,0,,0,0,
SBJI,Outono,TODOS,exato,+RA,0,0,,0,0,
SBJI,Outono,TODOS,exato,+TSRA,0,0,,0,0,
SBJI,Outono,TODOS,exato,TSRA,0,0,,0,0,
SBJI,Outono,TODOS,sem_intensidade,TS,0,0,,0,0,
SBJI,Outono,TODOS,sem_intensidade,TSRA,0,0,,0,0,
SBJI,Outono,TODOS,sem_intensidade,+RA,0,0,,0,0,
SBJI,Inverno,00-06,exato,TS,0,0,,0,0,
SBJI,Inverno,00-06,exato,+RA,0,0,,0,0,
SBJI,Inverno,00-06,exato,+TSRA,0,0,,0,0,
SBJI,Inverno,00-06,exato,TSRA,0,0,,0,0,
SBJI,Inverno,00-06,sem_intensidade,TS,0,0,,0,0,
SBJI,Inverno,00-06,sem_intensidade,TSRA,0,0,,0,0,
SBJI,Inverno,00-06,sem_intensidade,+RA,0,0,,0,0,
SBJI,Inverno,06-12,exato,TS,0,0,,0,0,
SBJI,Inverno,06-12,exato,+RA,0,0,,0,0,
SBJI,Inverno,06-12,exato,+TSRA,0,0,,0,0,
SBJI,Inverno,06-12,exato,TSRA,0,0,,0,0,
SBJI,Inverno,06-12,sem_intensidade,TS,0,0,,0,0,
SBJI,Inverno,06-12,sem_intensidade,TSRA,0,0,,0,0,
SBJI,Inverno,06-12,sem_intensidade,+RA,0,0,,0,0,
SBJI,Inverno,12-18,exato,TS,0,0,,0,0,
SBJI,Inverno,12-18,exato,+RA,0,0,,0,0,
SBJI,Inverno,12-18,exato,+TSRA,0,0,,0,0,
SBJI,Inverno,12-18,exato,TSRA,0,0,,0,0,
SBJI,Inverno,12-18,sem_intensidade,TS,0,0,,0,0,
SBJI,Inverno,12-18,sem_intensidade,TSRA,0,0,,0,0,
SBJI,Inverno,12-18,sem_intensidade,+RA,0,0,,0,0,
SBJI,Inverno,18-24,exato,TS,0,0,,0,0,
SBJI,Inverno,18-24,exato,+RA,0,0,,0,0,
SBJI,Inverno,18-24,exato,+TSRA,0,0,,0,0,
SBJI,Inverno,18-24,exato,TSRA,0,0,,0,0,
SBJI,Inverno,18-24,sem_intensidade,TS,0,0,,0,0,
SBJI,Inverno,18-24,sem_intensidade,TSRA,0,0,,0,0,
SBJI,Inverno,18-24,sem_intensidade,+RA,0,0,,0,0,
SBJI,Inverno,TODOS,exato,TS,0,0,,0,0,
SBJI,Inverno,TODOS,exato,+RA,0,0,,0,0,
SBJI,Inverno,TODOS,exato,+TSRA,0,0,,0,0,
SBJI,Inverno,TODOS,exato,TSRA,0,0,,0,0,
SBJI,Inverno,TODOS,sem_intensidade,TS,0,0,,0,0,
SBJI,Inverno,TODOS,sem_intensidade,TSRA,0,0,,0,0,
SBJI,Inverno,TODOS,sem_intensidade,+RA,0,0,,0,0,
SBJI,Primavera,00-06,exato,TS,0,0,,0,0,
SBJI,Primavera,00-06,exato,+RA,0,0,,0,0,
SBJI,Primavera,00-06,exato,+TSRA,0,0,,0,0,
SBJI,Primavera,00-06,exato,TSRA,0,0,,0,0,
SBJI,Primavera,00-06,sem_intensidade,TS,0,0,,0,0,
SBJI,Primavera,00-06,sem_intensidade,TSRA,0,0,,0,0,
SBJI,Primavera,00-06,sem_intensidade,+RA,0,0,,0,0,
SBJI,Primavera,06-12,exato,TS,0,0,,0,0,
SBJI,Primavera,06-12,exato,+RA,0,0,,0,0,
SBJI,Primavera,06-12,exato,+TSRA,0,0,,0,0,
SBJI,Primavera,06-12,exato,TSRA,0,0,,0,0,
SBJI,Primavera,06-12,sem_intensidade,TS,0,0,,0,0,
SBJI,Primavera,06-12,sem_intensidade,TSRA,0,0,,0,0,
SBJI,Primavera,06-12,sem_intensidade,+RA,0,0,,0,0,
SBJI,Primavera,12-18,exato,TS,0,0,,0,0,
SBJI,Primavera,12-18,exato,+RA,0,0,,0,0,
SBJI,Primavera,12-18,exato,+TSRA,0,0,,0,0,
SBJI,Primavera,12-18,exato,TSRA,0,0,,0,0,
SBJI,Primavera,12-18,sem_intensidade,TS,0,0,,0,0,
SBJI,Primavera,12-18,sem_intensidade,TSRA,0,0,,0,0,
SBJI,Primavera,12-18,sem_intensidade,+RA,0,0,,0,0,
SBJI,Primavera,18-24,exato,TS,0,0,,0,0,
SBJI,Primavera,18-24,exato,+RA,0,0,,0,0,
SBJI,Primavera,18-24,exato,+TSRA,0,0,,0,0,
SBJI,Primavera,18-24,exato,TSRA,0,0,,0,0,
SBJI,Primavera,18-24,sem_intensidade,TS,0,0,,0,0,
SBJI,Primavera,18-24,sem_intensidade,TSRA,0,0,,0,0,
SBJI,Primavera,18-24,sem_intensidade,+RA,0,0,,0,0,
SBJI,Primavera,TODOS,exato,TS,0,0,,0,0,
SBJI,Primavera,TODOS,exato,+RA,0,0,,0,0,
SBJI,Primavera,TODOS,exato,+TSRA,0,0,,0,0,
SBJI,Primavera,TODOS,exato,TSRA,0,0,,0,0,
SBJI,Primavera,TODOS,sem_intensidade,TS,0,0,,0,0,
SBJI,Primavera,TODOS,sem_intensidade,TSRA,0,0,,0,0,
SBJI,Primavera,TODOS,sem_intensidade,+RA,0,0,,0,0,
SBJI,TODAS,00-06,exato,TS,0,0,,0,0,
SBJI,TODAS,00-06,exato,+RA,0,0,,0,0,
SBJI,TODAS,00-06,exato,+TSRA,0,0,,0,0,
SBJI,TODAS,00-06,exato,TSRA,0,0,,0,0,
SBJI,TODAS,00-06,sem_intensidade,TS,0,0,,0,0,
SBJI,TODAS,00-06,sem_intensidade,TSRA,0,0,,0,0,
SBJI,TODAS,00-06,sem_intensidade,+RA,0,0,,0,0,
SBJI,TODAS,06-12,exato,TS,0,0,,0,0,
SBJI,TODAS,06-12,exato,+RA,0,0,,0,0,
SBJI,TODAS,06-12,exato,+TSRA,0,0,,0,0,
SBJI,TODAS,06-12,exato,TSRA,0,0,,0,0,
SBJI,TODAS,06-12,sem_intensidade,TS,0,0,,0,0,
SBJI,TODAS,06-12,sem_intensidade,TSRA,0,0,,0,0,
SBJI,TODAS,06-12,sem_intensidade,+RA,0,0,,0,0,
SBJI,TODAS,12-18,exato,TS,0,0,,0,0,
SBJI,TODAS,12-18,exato,+RA,0,0,,0,0,
SBJI,TODAS,12-18,exato,+TSRA,0,0,,0,0,
SBJI,TODAS,12-18,exato,TSRA,0,0,,0,0,
SBJI,TODAS,12-18,sem_intensidade,TS,0,0,,0,0,
SBJI,TODAS,12-18,sem_intensidade,TSRA,0,0,,0,0,
SBJI,TODAS,12-18,sem_intensidade,+RA,0,0,,0,0,
SBJI,TODAS,18-24,exato,TS,0,0,,0,0,
SBJI,TODAS,18-24,exato,+RA,0,0,,0,0,
SBJI,TODAS,18-24,exato,+TSRA,0,0,,0,0,
SBJI,TODAS,18-24,exato,TSRA,0,0,,0,0,
SBJI,TODAS,18-24,sem_intensidade,TS,0,0,,0,0,
SBJI,TODAS,18-24,sem_intensidade,TSRA,0,0,,0,0,
SBJI,TODAS,18-24,sem_intensidade,+RA,0,0,,0,0,
SBJI,TODAS,TODOS,exato,TS,0,0,,0,0,
SBJI,TODAS,TODOS,exato,+RA,0,0,,0,0,
SBJI,TODAS,TODOS,exato,+TSRA,0,0,,0,0,
SBJI,TODAS,TODOS,exato,TSRA,0,0,,0,0,
SBJI,TODAS,TODOS,sem_intensidade,TS,0,0,,0,0,
SBJI,TODAS,TODOS,sem_intensidade,TSRA,0,0,,0,0,
SBJI,TODAS,TODOS,sem_intensidade,+RA,0,0,,0,0,
SBJU,Verao,00-06,exato,TS,5,2,40.0,9,2,22.2
SBJU,Verao,00-06,exato,+RA,0,0,,2,0,0.0
SBJU,Verao,00-06,exato,+TSRA,0,0,,0,0,
SBJU,Verao,00-06,exato,TSRA,8,0,0.0,0,0,
SBJU,Verao,00-06,sem_intensidade,TS,5,2,40.0,9,2,22.2
SBJU,Verao,00-06,sem_intensidade,TSRA,8,0,0.0,4,0,0.0
SBJU,Verao,00-06,sem_intensidade,+RA,0,0,,2,0,0.0
SBJU,Verao,06-12,exato,TS,2,0,0.0,3,0,0.0
SBJU,Verao,06-12,exato,+RA,0,0,,0,0,
SBJU,Verao,06-12,exato,+TSRA,0,0,,0,0,
SBJU,Verao,06-12,exato,TSRA,13,1,7.7,2,1,50.0
SBJU,Verao,06-12,sem_intensidade,TS,2,0,0.0,3,0,0.0
SBJU,Verao,06-12,sem_intensidade,TSRA,13,3,23.1,7,3,42.9
SBJU,Verao,06-12,sem_intensidade,+RA,0,0,,0,0,
SBJU,Verao,12-18,exato,TS,3,0,0.0,0,0,
SBJU,Verao,12-18,exato,+RA,0,0,,0,0,
SBJU,Verao,12-18,exato,+TSRA,0,0,,0,0,
SBJU,Verao,12-18,exato,TSRA,1,0,0.0,0,0,
SBJU,Verao,12-18,sem_intensidade,TS,3,0,0.0,0,0,
SBJU,Verao,12-18,sem_intensidade,TSRA,1,0,0.0,0,0,
SBJU,Verao,12-18,sem_intensidade,+RA,0,0,,0,0,
SBJU,Verao,18-24,exato,TS,14,2,14.3,5,2,40.0
SBJU,Verao,18-24,exato,+RA,0,0,,0,0,
SBJU,Verao,18-24,exato,+TSRA,0,0,,0,0,
SBJU,Verao,18-24,exato,TSRA,28,0,0.0,1,0,0.0
SBJU,Verao,18-24,sem_intensidade,TS,14,2,14.3,5,2,40.0
SBJU,Verao,18-24,sem_intensidade,TSRA,28,0,0.0,3,0,0.0
SBJU,Verao,18-24,sem_intensidade,+RA,0,0,,0,0,
SBJU,Verao,TODOS,exato,TS,24,4,16.7,17,4,23.5
SBJU,Verao,TODOS,exato,+RA,0,0,,2,0,0.0
SBJU,Verao,TODOS,exato,+TSRA,0,0,,0,0,
SBJU,Verao,TODOS,exato,TSRA,50,1,2.0,3,1,33.3
SBJU,Verao,TODOS,sem_intensidade,TS,24,4,16.7,17,4,23.5
SBJU,Verao,TODOS,sem_intensidade,TSRA,50,3,6.0,14,3,21.4
SBJU,Verao,TODOS,sem_intensidade,+RA,0,0,,2,0,0.0
SBJU,Outono,00-06,exato,TS,7,0,0.0,1,0,0.0
SBJU,Outono,00-06,exato,+RA,0,0,,0,0,
SBJU,Outono,00-06,exato,+TSRA,0,0,,1,0,0.0
SBJU,Outono,00-06,exato,TSRA,10,0,0.0,0,0,
SBJU,Outono,00-06,sem_intensidade,TS,7,0,0.0,1,0,0.0
SBJU,Outono,00-06,sem_intensidade,TSRA,10,0,0.0,1,0,0.0
SBJU,Outono,00-06,sem_intensidade,+RA,0,0,,0,0,
SBJU,Outono,06-12,exato,TS,3,0,0.0,0,0,
SBJU,Outono,06-12,exato,+RA,0,0,,0,0,
SBJU,Outono,06-12,exato,+TSRA,0,0,,0,0,
SBJU,Outono,06-12,exato,TSRA,0,0,,1,0,0.0
SBJU,Outono,06-12,sem_intensidade,TS,3,0,0.0,0,0,
SBJU,Outono,06-12,sem_intensidade,TSRA,0,0,,1,0,0.0
SBJU,Outono,06-12,sem_intensidade,+RA,0,0,,0,0,
SBJU,Outono,12-18,exato,TS,0,0,,0,0,
SBJU,Outono,12-18,exato,+RA,0,0,,0,0,
SBJU,Outono,12-18,exato,+TSRA,0,0,,0,0,
SBJU,Outono,12-18,exato,TSRA,0,0,,0,0,
SBJU,Outono,12-18,sem_intensidade,TS,0,0,,0,0,
SBJU,Outono,12-18,sem_intensidade,TSRA,0,0,,0,0,
SBJU,Outono,12-18,sem_intensidade,+RA,0,0,,0,0,
SBJU,Outono,18-24,exato,TS,11,0,0.0,5,0,0.0
SBJU,Outono,18-24,exato,+RA,0,0,,0,0,
SBJU,Outono,18-24,exato,+TSRA,0,0,,0,0,
SBJU,Outono,18-24,exato,TSRA,21,0,0.0,0,0,
SBJU,Outono,18-24,sem_intensidade,TS,11,0,0.0,5,0,0.0
SBJU,Outono,18-24,sem_intensidade,TSRA,21,0,0.0,0,0,
SBJU,Outono,18-24,sem_intensidade,+RA,0,0,,0,0,
SBJU,Outono,TODOS,exato,TS,21,0,0.0,6,0,0.0
SBJU,Outono,TODOS,exato,+RA,0,0,,0,0,
SBJU,Outono,TODOS,exato,+TSRA,0,0,,1,0,0.0
SBJU,Outono,TODOS,exato,TSRA,31,0,0.0,1,0,0.0
SBJU,Outono,TODOS,sem_intensidade,TS,21,0,0.0,6,0,0.0
SBJU,Outono,TODOS,sem_intensidade,TSRA,31,0,0.0,2,0,0.0
SBJU,Outono,TODOS,sem_intensidade,+RA,0,0,,0,0,
SBJU,Inverno,00-06,exato,TS,0,0,,0,0,
SBJU,Inverno,00-06,exato,+RA,0,0,,0,0,
SBJU,Inverno,00-06,exato,+TSRA,0,0,,0,0,
SBJU,Inverno,00-06,exato,TSRA,0,0,,0,0,
SBJU,Inverno,00-06,sem_intensidade,TS,0,0,,0,0,
SBJU,Inverno,00-06,sem_intensidade,TSRA,0,0,,0,0,
SBJU,Inverno,00-06,sem_intensidade,+RA,0,0,,0,0,
SBJU,Inverno,06-12,exato,TS,0,0,,0,0,
SBJU,Inverno,06-12,exato,+RA,0,0,,0,0,
SBJU,Inverno,06-12,exato,+TSRA,0,0,,0,0,
SBJU,Inverno,06-12,exato,TSRA,0,0,,0,0,
SBJU,Inverno,06-12,sem_intensidade,TS,0,0,,0,0,
SBJU,Inverno,06-12,sem_intensidade,TSRA,0,0,,0,0,
SBJU,Inverno,06-12,sem_intensidade,+RA,0,0,,0,0,
SBJU,Inverno,12-18,exato,TS,0,0,,0,0,
SBJU,Inverno,12-18,exato,+RA,0,0,,0,0,
SBJU,Inverno,12-18,exato,+TSRA,0,0,,0,0,
SBJU,Inverno,12-18,exato,TSRA,0,0,,0,0,
SBJU,Inverno,12-18,sem_intensidade,TS,0,0,,0,0,
SBJU,Inverno,12-18,sem_intensidade,TSRA,0,0,,0,0,
SBJU,Inverno,12-18,sem_intensidade,+RA,0,0,,0,0,
SBJU,Inverno,18-24,exato,TS,0,0,,0,0,
SBJU,Inverno,18-24,exato,+RA,0,0,,0,0,
SBJU,Inverno,18-24,exato,+TSRA,0,0,,0,0,
SBJU,Inverno,18-24,exato,TSRA,4,0,0.0,0,0,
SBJU,Inverno,18-24,sem_intensidade,TS,0,0,,0,0,
SBJU,Inverno,18-24,sem_intensidade,TSRA,4,0,0.0,0,0,
SBJU,Inverno,18-24,sem_intensidade,+RA,0,0,,0,0,
SBJU,Inverno,TODOS,exato,TS,0,0,,0,0,
SBJU,Inverno,TODOS,exato,+RA,0,0,,0,0,
SBJU,Inverno,TODOS,exato,+TSRA,0,0,,0,0,
SBJU,Inverno,TODOS,exato,TSRA,4,0,0.0,0,0,
SBJU,Inverno,TODOS,sem_intensidade,TS,0,0,,0,0,
SBJU,Inverno,TODOS,sem_intensidade,TSRA,4,0,0.0,0,0,
SBJU,Inverno,TODOS,sem_intensidade,+RA,0,0,,0,0,
SBJU,Primavera,00-06,exato,TS,0,0,,1,0,0.0
SBJU,Primavera,00-06,exato,+RA,0,0,,0,0,
SBJU,Primavera,00-06,exato,+TSRA,0,0,,0,0,
SBJU,Primavera,00-06,exato,TSRA,0,0,,0,0,
SBJU,Primavera,00-06,sem_intensidade,TS,0,0,,1,0,0.0
SBJU,Primavera,00-06,sem_intensidade,TSRA,0,0,,1,0,0.0
SBJU,Primavera,00-06,sem_intensidade,+RA,0,0,,0,0,
SBJU,Primavera,06-12,exato,TS,0,0,,0,0,
SBJU,Primavera,06-12,exato,+RA,0,0,,0,0,
SBJU,Primavera,06-12,exato,+TSRA,0,0,,0,0,
SBJU,Primavera,06-12,exato,TSRA,2,0,0.0,0,0,
SBJU,Primavera,06-12,sem_intensidade,TS,0,0,,0,0,
SBJU,Primavera,06-12,sem_intensidade,TSRA,2,0,0.0,0,0,
SBJU,Primavera,06-12,sem_intensidade,+RA,0,0,,0,0,
SBJU,Primavera,12-18,exato,TS,0,0,,0,0,
SBJU,Primavera,12-18,exato,+RA,0,0,,0,0,
SBJU,Primavera,12-18,exato,+TSRA,0,0,,0,0,
SBJU,Primavera,12-18,exato,TSRA,0,0,,0,0,
SBJU,Primavera,12-18,sem_intensidade,TS,0,0,,0,0,
SBJU,Primavera,12-18,sem_intensidade,TSRA,0,0,,0,0,
SBJU,Primavera,12-18,sem_intensidade,+RA,0,0,,0,0,
SBJU,Primavera,18-24,exato,TS,2,0,0.0,0,0,
SBJU,Primavera,18-24,exato,+RA,0,0,,0,0,
SBJU,Primavera,18-24,exato,+TSRA,0,0,,0,0,
SBJU,Primavera,18-24,exato,TSRA,0,0,,0,0,
SBJU,Primavera,18-24,sem_intensidade,TS,2,0,0.0,0,0,
SBJU,Primavera,18-24,sem_intensidade,TSRA,0,0,,0,0,
SBJU,Primavera,18-24,sem_intensidade,+RA,0,0,,0,0,
SBJU,Primavera,TODOS,exato,TS,2,0,0.0,1,0,0.0
SBJU,Primavera,TODOS,exato,+RA,0,0,,0,0,
SBJU,Primavera,TODOS,exato,+TSRA,0,0,,0,0,
SBJU,Primavera,TODOS,exato,TSRA,2,0,0.0,0,0,
SBJU,Primavera,TODOS,sem_intensidade,TS,2,0,0.0,1,0,0.0
SBJU,Primavera,TODOS,sem_intensidade,TSRA,2,0,0.0,1,0,0.0
SBJU,Primavera,TODOS,sem_intensidade,+RA,0,0,,0,0,
SBJU,TODAS,00-06,exato,TS,12,2,16.7,11,2,18.2
SBJU,TODAS,00-06,exato,+RA,0,0,,2,0,0.0
SBJU,TODAS,00-06,exato,+TSRA,0,0,,1,0,0.0
SBJU,TODAS,00-06,exato,TSRA,18,0,0.0,0,0,
SBJU,TODAS,00-06,sem_intensidade,TS,12,2,16.7,11,2,18.2
SBJU,TODAS,00-06,sem_intensidade,TSRA,18,0,0.0,6,0,0.0
SBJU,TODAS,00-06,sem_intensidade,+RA,0,0,,2,0,0.0
SBJU,TODAS,06-12,exato,TS,5,0,0.0,3,0,0.0
SBJU,TODAS,06-12,exato,+RA,0,0,,0,0,
SBJU,TODAS,06-12,exato,+TSRA,0,0,,0,0,
SBJU,TODAS,06-12,exato,TSRA,15,1,6.7,3,1,33.3
SBJU,TODAS,06-12,sem_intensidade,TS,5,0,0.0,3,0,0.0
SBJU,TODAS,06-12,sem_intensidade,TSRA,15,3,20.0,8,3,37.5
SBJU,TODAS,06-12,sem_intensidade,+RA,0,0,,0,0,
SBJU,TODAS,12-18,exato,TS,3,0,0.0,0,0,
SBJU,TODAS,12-18,exato,+RA,0,0,,0,0,
SBJU,TODAS,12-18,exato,+TSRA,0,0,,0,0,
SBJU,TODAS,12-18,exato,TSRA,1,0,0.0,0,0,
SBJU,TODAS,12-18,sem_intensidade,TS,3,0,0.0,0,0,
SBJU,TODAS,12-18,sem_intensidade,TSRA,1,0,0.0,0,0,
SBJU,TODAS,12-18,sem_intensidade,+RA,0,0,,0,0,
SBJU,TODAS,18-24,exato,TS,27,2,7.4,10,2,20.0
SBJU,TODAS,18-24,exato,+RA,0,0,,0,0,
SBJU,TODAS,18-24,exato,+TSRA,0,0,,0,0,
SBJU,TODAS,18-24,exato,TSRA,53,0,0.0,1,0,0.0
SBJU,TODAS,18-24,sem_intensidade,TS,27,2,7.4,10,2,20.0
SBJU,TODAS,18-24,sem_intensidade,TSRA,53,0,0.0,3,0,0.0
SBJU,TODAS,18-24,sem_intensidade,+RA,0,0,,0,0,
SBJU,TODAS,TODOS,exato,TS,47,4,8.5,24,4,16.7
SBJU,TODAS,TODOS,exato,+RA,0,0,,2,0,0.0
SBJU,TODAS,TODOS,exato,+TSRA,0,0,,1,0,0.0
SBJU,TODAS,TODOS,exato,TSRA,87,1,1.1,4,1,25.0
SBJU,TODAS,TODOS,sem_intensidade,TS,47,4,8.5,24,4,16.7
SBJU,TODAS,TODOS,sem_intensidade,TSRA,87,3,3.4,17,3,17.6
SBJU,TODAS,TODOS,sem_intensidade,+RA,0,0,,2,0,0.0
SBLE,Verao,00-06,exato,TS,0,0,,0,0,
SBLE,Verao,00-06,exato,+RA,0,0,,0,0,
SBLE,Verao,00-06,exato,+TSRA,0,0,,0,0,
SBLE,Verao,00-06,exato,TSRA,0,0,,0,0,
SBLE,Verao,00-06,sem_intensidade,TS,0,0,,0,0,
SBLE,Verao,00-06,sem_intensidade,TSRA,0,0,,0,0,
SBLE,Verao,00-06,sem_intensidade,+RA,0,0,,0,0,
SBLE,Verao,06-12,exato,TS,0,0,,0,0,
SBLE,Verao,06-12,exato,+RA,0,0,,0,0,
SBLE,Verao,06-12,exato,+TSRA,0,0,,0,0,
SBLE,Verao,06-12,exato,TSRA,0,0,,0,0,
SBLE,Verao,06-12,sem_intensidade,TS,0,0,,0,0,
SBLE,Verao,06-12,sem_intensidade,TSRA,0,0,,0,0,
SBLE,Verao,06-12,sem_intensidade,+RA,0,0,,0,0,
SBLE,Verao,12-18,exato,TS,0,0,,0,0,
SBLE,Verao,12-18,exato,+RA,0,0,,0,0,
SBLE,Verao,12-18,exato,+TSRA,0,0,,0,0,
SBLE,Verao,12-18,exato,TSRA,0,0,,0,0,
SBLE,Verao,12-18,sem_intensidade,TS,0,0,,0,0,
SBLE,Verao,12-18,sem_intensidade,TSRA,0,0,,0,0,
SBLE,Verao,12-18,sem_intensidade,+RA,0,0,,0,0,
SBLE,Verao,18-24,exato,TS,0,0,,0,0,
SBLE,Verao,18-24,exato,+RA,0,0,,0,0,
SBLE,Verao,18-24,exato,+TSRA,0,0,,0,0,
SBLE,Verao,18-24,exato,TSRA,0,0,,0,0,
SBLE,Verao,18-24,sem_intensidade,TS,0,0,,0,0,
SBLE,Verao,18-24,sem_intensidade,TSRA,0,0,,0,0,
SBLE,Verao,18-24,sem_intensidade,+RA,0,0,,0,0,
SBLE,Verao,TODOS,exato,TS,0,0,,0,0,
SBLE,Verao,TODOS,exato,+RA,0,0,,0,0,
SBLE,Verao,TODOS,exato,+TSRA,0,0,,0,0,
SBLE,Verao,TODOS,exato,TSRA,0,0,,0,0,
SBLE,Verao,TODOS,sem_intensidade,TS,0,0,,0,0,
SBLE,Verao,TODOS,sem_intensidade,TSRA,0,0,,0,0,
SBLE,Verao,TODOS,sem_intensidade,+RA,0,0,,0,0,
SBLE,Outono,00-06,exato,TS,0,0,,0,0,
SBLE,Outono,00-06,exato,+RA,0,0,,0,0,
SBLE,Outono,00-06,exato,+TSRA,0,0,,0,0,
SBLE,Outono,00-06,exato,TSRA,0,0,,0,0,
SBLE,Outono,00-06,sem_intensidade,TS,0,0,,0,0,
SBLE,Outono,00-06,sem_intensidade,TSRA,0,0,,0,0,
SBLE,Outono,00-06,sem_intensidade,+RA,0,0,,0,0,
SBLE,Outono,06-12,exato,TS,0,0,,0,0,
SBLE,Outono,06-12,exato,+RA,0,0,,0,0,
SBLE,Outono,06-12,exato,+TSRA,0,0,,0,0,
SBLE,Outono,06-12,exato,TSRA,0,0,,0,0,
SBLE,Outono,06-12,sem_intensidade,TS,0,0,,0,0,
SBLE,Outono,06-12,sem_intensidade,TSRA,0,0,,0,0,
SBLE,Outono,06-12,sem_intensidade,+RA,0,0,,0,0,
SBLE,Outono,12-18,exato,TS,0,0,,0,0,
SBLE,Outono,12-18,exato,+RA,0,0,,0,0,
SBLE,Outono,12-18,exato,+TSRA,0,0,,0,0,
SBLE,Outono,12-18,exato,TSRA,0,0,,0,0,
SBLE,Outono,12-18,sem_intensidade,TS,0,0,,0,0,
SBLE,Outono,12-18,sem_intensidade,TSRA,0,0,,0,0,
SBLE,Outono,12-18,sem_intensidade,+RA,0,0,,0,0,
SBLE,Outono,18-24,exato,TS,0,0,,0,0,
SBLE,Outono,18-24,exato,+RA,0,0,,0,0,
SBLE,Outono,18-24,exato,+TSRA,0,0,,0,0,
SBLE,Outono,18-24,exato,TSRA,0,0,,0,0,
SBLE,Outono,18-24,sem_intensidade,TS,0,0,,0,0,
SBLE,Outono,18-24,sem_intensidade,TSRA,0,0,,0,0,
SBLE,Outono,18-24,sem_intensidade,+RA,0,0,,0,0,
SBLE,Outono,TODOS,exato,TS,0,0,,0,0,
SBLE,Outono,TODOS,exato,+RA,0,0,,0,0,
SBLE,Outono,TODOS,exato,+TSRA,0,0,,0,0,
SBLE,Outono,TODOS,exato,TSRA,0,0,,0,0,
SBLE,Outono,TODOS,sem_intensidade,TS,0,0,,0,0,
SBLE,Outono,TODOS,sem_intensidade,TSRA,0,0,,0,0,
SBLE,Outono,TODOS,sem_intensidade,+RA,0,0,,0,0,
SBLE,Inverno,00-06,exato,TS,0,0,,0,0,
SBLE,Inverno,00-06,exato,+RA,0,0,,0,0,
SBLE,Inverno,00-06,exato,+TSRA,0,0,,0,0,
SBLE,Inverno,00-06,exato,TSRA,0,0,,0,0,
SBLE,Inverno,00-06,sem_intensidade,TS,0,0,,0,0,
SBLE,Inverno,00-06,sem_intensidade,TSRA,0,0,,0,0,
SBLE,Inverno,00-06,sem_intensidade,+RA,0,0,,0,0,
SBLE,Inverno,06-12,exato,TS,0,0,,0,0,
SBLE,Inverno,06-12,exato,+RA,0,0,,0,0,
SBLE,Inverno,06-12,exato,+TSRA,0,0,,0,0,
SBLE,Inverno,06-12,exato,TSRA,0,0,,0,0,
SBLE,Inverno,06-12,sem_intensidade,TS,0,0,,0,0,
SBLE,Inverno,06-12,sem_intensidade,TSRA,0,0,,0,0,
SBLE,Inverno,06-12,sem_intensidade,+RA,0,0,,0,0,
SBLE,Inverno,12-18,exato,TS,0,0,,0,0,
SBLE,Inverno,12-18,exato,+RA,0,0,,0,0,
SBLE,Inverno,12-18,exato,+TSRA,0,0,,0,0,
SBLE,Inverno,12-18,exato,TSRA,0,0,,0,0,
SBLE,Inverno,12-18,sem_intensidade,TS,0,0,,0,0,
SBLE,Inverno,12-18,sem_intensidade,TSRA,0,0,,0,0,
SBLE,Inverno,12-18,sem_intensidade,+RA,0,0,,0,0,
SBLE,Inverno,18-24,exato,TS,0,0,,0,0,
SBLE,Inverno,18-24,exato,+RA,0,0,,0,0,
SBLE,Inverno,18-24,exato,+TSRA,0,0,,0,0,
SBLE,Inverno,18-24,exato,TSRA,0,0,,0,0,
SBLE,Inverno,18-24,sem_intensidade,TS,0,0,,0,0,
SBLE,Inverno,18-24,sem_intensidade,TSRA,0,0,,0,0,
SBLE,Inverno,18-24,sem_intensidade,+RA,0,0,,0,0,
SBLE,Inverno,TODOS,exato,TS,0,0,,0,0,
SBLE,Inverno,TODOS,exato,+RA,0,0,,0,0,
SBLE,Inverno,TODOS,exato,+TSRA,0,0,,0,0,
SBLE,Inverno,TODOS,exato,TSRA,0,0,,0,0,
SBLE,Inverno,TODOS,sem_intensidade,TS,0,0,,0,0,
SBLE,Inverno,TODOS,sem_intensidade,TSRA,0,0,,0,0,
SBLE,Inverno,TODOS,sem_intensidade,+RA,0,0,,0,0,
SBLE,Primavera,00-06,exato,TS,0,0,,0,0,
SBLE,Primavera,00-06,exato,+RA,0,0,,0,0,
SBLE,Primavera,00-06,exato,+TSRA,0,0,,0,0,
SBLE,Primavera,00-06,exato,TSRA,0,0,,0,0,
SBLE,Primavera,00-06,sem_intensidade,TS,0,0,,0,0,
SBLE,Primavera,00-06,sem_intensidade,TSRA,0,0,,0,0,
SBLE,Primavera,00-06,sem_intensidade,+RA,0,0,,0,0,
SBLE,Primavera,06-12,exato,TS,0,0,,0,0,
SBLE,Primavera,06-12,exato,+RA,0,0,,0,0,
SBLE,Primavera,06-12,exato,+TSRA,0,0,,0,0,
SBLE,Primavera,06-12,exato,TSRA,0,0,,0,0,
SBLE,Primavera,06-12,sem_intensidade,TS,0,0,,0,0,
SBLE,Primavera,06-12,sem_intensidade,TSRA,0,0,,0,0,
SBLE,Primavera,06-12,sem_intensidade,+RA,0,0,,0,0,
SBLE,Primavera,12-18,exato,TS,0,0,,0,0,
SBLE,Primavera,12-18,exato,+RA,0,0,,0,0,
SBLE,Primavera,12-18,exato,+TSRA,0,0,,0,0,
SBLE,Primavera,12-18,exato,TSRA,0,0,,0,0,
SBLE,Primavera,12-18,sem_intensidade,TS,0,0,,0,0,
SBLE,Primavera,12-18,sem_intensidade,TSRA,0,0,,0,0,
SBLE,Primavera,12-18,sem_intensidade,+RA,0,0,,0,0,
SBLE,Primavera,18-24,exato,TS,0,0,,0,0,
SBLE,Primavera,18-24,exato,+RA,0,0,,0,0,
SBLE,Primavera,18-24,exato,+TSRA,0,0,,0,0,
SBLE,Primavera,18-24,exato,TSRA,0,0,,0,0,
SBLE,Primavera,18-24,sem_intensidade,TS,0,0,,0,0,
SBLE,Primavera,18-24,sem_intensidade,TSRA,0,0,,0,0,
SBLE,Primavera,18-24,sem_intensidade,+RA,0,0,,0,0,
SBLE,Primavera,TODOS,exato,TS,0,0,,0,0,
SBLE,Primavera,TODOS,exato,+RA,0,0,,0,0,
SBLE,Primavera,TODOS,exato,+TSRA,0,0,,0,0,
SBLE,Primavera,TODOS,exato,TSRA,0,0,,0,0,
SBLE,Primavera,TODOS,sem_intensidade,TS,0,0,,0,0,
SBLE,Primavera,TODOS,sem_intensidade,TSRA,0,0,,0,0,
SBLE,Primavera,TODOS,sem_intensidade,+RA,0,0,,0,0,
SBLE,TODAS,00-06,exato,TS,0,0,,0,0,
SBLE,TODAS,00-06,exato,+RA,0,0,,0,0,
SBLE,TODAS,00-06,exato,+TSRA,0,0,,0,0,
SBLE,TODAS,00-06,exato,TSRA,0,0,,0,0,
SBLE,TODAS,00-06,sem_intensidade,TS,0,0,,0,0,
SBLE,TODAS,00-06,sem_intensidade,TSRA,0,0,,0,0,
SBLE,TODAS,00-06,sem_intensidade,+RA,0,0,,0,0,
SBLE,TODAS,06-12,exato,TS,0,0,,0,0,
SBLE,TODAS,06-12,exato,+RA,0,0,,0,0,
SBLE,TODAS,06-12,exato,+TSRA,0,0,,0,0,
SBLE,TODAS,06-12,exato,TSRA,0,0,,0,0,
SBLE,TODAS,06-12,sem_intensidade,TS,0,0,,0,0,
SBLE,TODAS,06-12,sem_intensidade,TSRA,0,0,,0,0,
SBLE,TODAS,06-12,sem_intensidade,+RA,0,0,,0,0,
SBLE,TODAS,12-18,exato,TS,0,0,,0,0,
SBLE,TODAS,12-18,exato,+RA,0,0,,0,0,
SBLE,TODAS,12-18,exato,+TSRA,0,0,,0,0,
SBLE,TODAS,12-18,exato,TSRA,0,0,,0,0,
SBLE,TODAS,12-18,sem_intensidade,TS,0,0,,0,0,
SBLE,TODAS,12-18,sem_intensidade,TSRA,0,0,,0,0,
SBLE,TODAS,12-18,sem_intensidade,+RA,0,0,,0,0,
SBLE,TODAS,18-24,exato,TS,0,0,,0,0,
SBLE,TODAS,18-24,exato,+RA,0,0,,0,0,
SBLE,TODAS,18-24,exato,+TSRA,0,0,,0,0,
SBLE,TODAS,18-24,exato,TSRA,0,0,,0,0,
SBLE,TODAS,18-24,sem_intensidade,TS,0,0,,0,0,
SBLE,TODAS,18-24,sem_intensidade,TSRA,0,0,,0,0,
SBLE,TODAS,18-24,sem_intensidade,+RA,0,0,,0,0,
SBLE,TODAS,TODOS,exato,TS,0,0,,0,0,
SBLE,TODAS,TODOS,exato,+RA,0,0,,0,0,
SBLE,TODAS,TODOS,exato,+TSRA,0,0,,0,0,
SBLE,TODAS,TODOS,exato,TSRA,0,0,,0,0,
SBLE,TODAS,TODOS,sem_intensidade,TS,0,0,,0,0,
SBLE,TODAS,TODOS,sem_intensidade,TSRA,0,0,,0,0,
SBLE,TODAS,TODOS,sem_intensidade,+RA,0,0,,0,0,
SBLJ,Verao,00-06,exato,TS,0,0,,0,0,
SBLJ,Verao,00-06,exato,+RA,0,0,,0,0,
SBLJ,Verao,00-06,exato,+TSRA,0,0,,0,0,
SBLJ,Verao,00-06,exato,TSRA,0,0,,0,0,
SBLJ,Verao,00-06,sem_intensidade,TS,0,0,,0,0,
SBLJ,Verao,00-06,sem_intensidade,TSRA,0,0,,0,0,
SBLJ,Verao,00-06,sem_intensidade,+RA,0,0,,0,0,
SBLJ,Verao,06-12,exato,TS,0,0,,0,0,
SBLJ,Verao,06-12,exato,+RA,0,0,,0,0,
SBLJ,Verao,06-12,exato,+TSRA,0,0,,0,0,
SBLJ,Verao,06-12,exato,TSRA,0,0,,0,0,
SBLJ,Verao,06-12,sem_intensidade,TS,0,0,,0,0,
SBLJ,Verao,06-12,sem_intensidade,TSRA,0,0,,0,0,
SBLJ,Verao,06-12,sem_intensidade,+RA,0,0,,0,0,
SBLJ,Verao,12-18,exato,TS,0,0,,0,0,
SBLJ,Verao,12-18,exato,+RA,0,0,,0,0,
SBLJ,Verao,12-18,exato,+TSRA,0,0,,0,0,
SBLJ,Verao,12-18,exato,TSRA,0,0,,0,0,
SBLJ,Verao,12-18,sem_intensidade,TS,0,0,,0,0,
SBLJ,Verao,12-18,sem_intensidade,TSRA,0,0,,0,0,
SBLJ,Verao,12-18,sem_intensidade,+RA,0,0,,0,0,
SBLJ,Verao,18-24,exato,TS,0,0,,0,0,
SBLJ,Verao,18-24,exato,+RA,0,0,,0,0,
SBLJ,Verao,18-24,exato,+TSRA,0,0,,0,0,
SBLJ,Verao,18-24,exato,TSRA,0,0,,0,0,
SBLJ,Verao,18-24,sem_intensidade,TS,0,0,,0,0,
SBLJ,Verao,18-24,sem_intensidade,TSRA,0,0,,0,0,
SBLJ,Verao,18-24,sem_intensidade,+RA,0,0,,0,0,
SBLJ,Verao,TODOS,exato,TS,0,0,,0,0,
SBLJ,Verao,TODOS,exato,+RA,0,0,,0,0,
SBLJ,Verao,TODOS,exato,+TSRA,0,0,,0,0,
SBLJ,Verao,TODOS,exato,TSRA,0,0,,0,0,
SBLJ,Verao,TODOS,sem_intensidade,TS,0,0,,0,0,
SBLJ,Verao,TODOS,sem_intensidade,TSRA,0,0,,0,0,
SBLJ,Verao,TODOS,sem_intensidade,+RA,0,0,,0,0,
SBLJ,Outono,00-06,exato,TS,0,0,,0,0,
SBLJ,Outono,00-06,exato,+RA,0,0,,0,0,
SBLJ,Outono,00-06,exato,+TSRA,0,0,,0,0,
SBLJ,Outono,00-06,exato,TSRA,0,0,,0,0,
SBLJ,Outono,00-06,sem_intensidade,TS,0,0,,0,0,
SBLJ,Outono,00-06,sem_intensidade,TSRA,0,0,,0,0,
SBLJ,Outono,00-06,sem_intensidade,+RA,0,0,,0,0,
SBLJ,Outono,06-12,exato,TS,0,0,,0,0,
SBLJ,Outono,06-12,exato,+RA,0,0,,0,0,
SBLJ,Outono,06-12,exato,+TSRA,0,0,,0,0,
SBLJ,Outono,06-12,exato,TSRA,0,0,,0,0,
SBLJ,Outono,06-12,sem_intensidade,TS,0,0,,0,0,
SBLJ,Outono,06-12,sem_intensidade,TSRA,0,0,,0,0,
SBLJ,Outono,06-12,sem_intensidade,+RA,0,0,,0,0,
SBLJ,Outono,12-18,exato,TS,0,0,,0,0,
SBLJ,Outono,12-18,exato,+RA,0,0,,0,0,
SBLJ,Outono,12-18,exato,+TSRA,0,0,,0,0,
SBLJ,Outono,12-18,exato,TSRA,0,0,,0,0,
SBLJ,Outono,12-18,sem_intensidade,TS,0,0,,0,0,
SBLJ,Outono,12-18,sem_intensidade,TSRA,0,0,,0,0,
SBLJ,Outono,12-18,sem_intensidade,+RA,0,0,,0,0,
SBLJ,Outono,18-24,exato,TS,0,0,,0,0,
SBLJ,Outono,18-24,exato,+RA,0,0,,0,0,
SBLJ,Outono,18-24,exato,+TSRA,0,0,,0,0,
SBLJ,Outono,18-24,exato,TSRA,0,0,,0,0,
SBLJ,Outono,18-24,sem_intensidade,TS,0,0,,0,0,
SBLJ,Outono,18-24,sem_intensidade,TSRA,0,0,,0,0,
SBLJ,Outono,18-24,sem_intensidade,+RA,0,0,,0,0,
SBLJ,Outono,TODOS,exato,TS,0,0,,0,0,
SBLJ,Outono,TODOS,exato,+RA,0,0,,0,0,
SBLJ,Outono,TODOS,exato,+TSRA,0,0,,0,0,
SBLJ,Outono,TODOS,exato,TSRA,0,0,,0,0,
SBLJ,Outono,TODOS,sem_intensidade,TS,0,0,,0,0,
SBLJ,Outono,TODOS,sem_intensidade,TSRA,0,0,,0,0,
SBLJ,Outono,TODOS,sem_intensidade,+RA,0,0,,0,0,
SBLJ,Inverno,00-06,exato,TS,0,0,,0,0,
SBLJ,Inverno,00-06,exato,+RA,0,0,,0,0,
SBLJ,Inverno,00-06,exato,+TSRA,0,0,,0,0,
SBLJ,Inverno,00-06,exato,TSRA,0,0,,0,0,
SBLJ,Inverno,00-06,sem_intensidade,TS,0,0,,0,0,
SBLJ,Inverno,00-06,sem_intensidade,TSRA,0,0,,0,0,
SBLJ,Inverno,00-06,sem_intensidade,+RA,0,0,,0,0,
SBLJ,Inverno,06-12,exato,TS,0,0,,0,0,
SBLJ,Inverno,06-12,exato,+RA,0,0,,0,0,
SBLJ,Inverno,06-12,exato,+TSRA,0,0,,0,0,
SBLJ,Inverno,06-12,exato,TSRA,0,0,,0,0,
SBLJ,Inverno,06-12,sem_intensidade,TS,0,0,,0,0,
SBLJ,Inverno,06-12,sem_intensidade,TSRA,0,0,,0,0,
SBLJ,Inverno,06-12,sem_intensidade,+RA,0,0,,0,0,
SBLJ,Inverno,12-18,exato,TS,0,0,,0,0,
SBLJ,Inverno,12-18,exato,+RA,0,0,,0,0,
SBLJ,Inverno,12-18,exato,+TSRA,0,0,,0,0,
SBLJ,Inverno,12-18,exato,TSRA,0,0,,0,0,
SBLJ,Inverno,12-18,sem_intensidade,TS,0,0,,0,0,
SBLJ,Inverno,12-18,sem_intensidade,TSRA,0,0,,0,0,
SBLJ,Inverno,12-18,sem_intensidade,+RA,0,0,,0,0,
SBLJ,Inverno,18-24,exato,TS,0,0,,0,0,
SBLJ,Inverno,18-24,exato,+RA,0,0,,0,0,
SBLJ,Inverno,18-24,exato,+TSRA,0,0,,0,0,
SBLJ,Inverno,18-24,exato,TSRA,0,0,,0,0,
SBLJ,Inverno,18-24,sem_intensidade,TS,0,0,,0,0,
SBLJ,Inverno,18-24,sem_intensidade,TSRA,0,0,,0,0,
SBLJ,Inverno,18-24,sem_intensidade,+RA,0,0,,0,0,
SBLJ,Inverno,TODOS,exato,TS,0,0,,0,0,
SBLJ,Inverno,TODOS,exato,+RA,0,0,,0,0,
SBLJ,Inverno,TODOS,exato,+TSRA,0,0,,0,0,
SBLJ,Inverno,TODOS,exato,TSRA,0,0,,0,0,
SBLJ,Inverno,TODOS,sem_intensidade,TS,0,0,,0,0,
SBLJ,Inverno,TODOS,sem_intensidade,TSRA,0,0,,0,0,
SBLJ,Inverno,TODOS,sem_intensidade,+RA,0,0,,0,0,
SBLJ,Primavera,00-06,exato,TS,0,0,,0,0,
SBLJ,Primavera,00-06,exato,+RA,0,0,,0,0,
SBLJ,Primavera,00-06,exato,+TSRA,0,0,,0,0,
SBLJ,Primavera,00-06,exato,TSRA,0,0,,0,0,
SBLJ,Primavera,00-06,sem_intensidade,TS,0,0,,0,0,
SBLJ,Primavera,00-06,sem_intensidade,TSRA,0,0,,0,0,
SBLJ,Primavera,00-06,sem_intensidade,+RA,0,0,,0,0,
SBLJ,Primavera,06-12,exato,TS,0,0,,0,0,
SBLJ,Primavera,06-12,exato,+RA,0,0,,0,0,
SBLJ,Primavera,06-12,exato,+TSRA,0,0,,0,0,
SBLJ,Primavera,06-12,exato,TSRA,0,0,,0,0,
SBLJ,Primavera,06-12,sem_intensidade,TS,0,0,,0,0,
SBLJ,Primavera,06-12,sem_intensidade,TSRA,0,0,,0,0,
SBLJ,Primavera,06-12,sem_intensidade,+RA,0,0,,0,0,
SBLJ,Primavera,12-18,exato,TS,0,0,,0,0,
SBLJ,Primavera,12-18,exato,+RA,0,0,,0,0,
SBLJ,Primavera,12-18,exato,+TSRA,0,0,,0,0,
SBLJ,Primavera,12-18,exato,TSRA,0,0,,0,0,
SBLJ,Primavera,12-18,sem_intensidade,TS,0,0,,0,0,
SBLJ,Primavera,12-18,sem_intensidade,TSRA,0,0,,0,0,
SBLJ,Primavera,12-18,sem_intensidade,+RA,0,0,,0,0,
SBLJ,Primavera,18-24,exato,TS,0,0,,0,0,
SBLJ,Primavera,18-24,exato,+RA,0,0,,0,0,
SBLJ,Primavera,18-24,exato,+TSRA,0,0,,0,0,
SBLJ,Primavera,18-24,exato,TSRA,0,0,,0,0,
SBLJ,Primavera,18-24,sem_intensidade,TS,0,0,,0,0,
SBLJ,Primavera,18-24,sem_intensidade,TSRA,0,0,,0,0,
SBLJ,Primavera,18-24,sem_intensidade,+RA,0,0,,0,0,
SBLJ,Primavera,TODOS,exato,TS,0,0,,0,0,
SBLJ,Primavera,TODOS,exato,+RA,0,0,,0,0,
SBLJ,Primavera,TODOS,exato,+TSRA,0,0,,0,0,
SBLJ,Primavera,TODOS,exato,TSRA,0,0,,0,0,
SBLJ,Primavera,TODOS,sem_intensidade,TS,0,0,,0,0,
SBLJ,Primavera,TODOS,sem_intensidade,TSRA,0,0,,0,0,
SBLJ,Primavera,TODOS,sem_intensidade,+RA,0,0,,0,0,
SBLJ,TODAS,00-06,exato,TS,0,0,,0,0,
SBLJ,TODAS,00-06,exato,+RA,0,0,,0,0,
SBLJ,TODAS,00-06,exato,+TSRA,0,0,,0,0,
SBLJ,TODAS,00-06,exato,TSRA,0,0,,0,0,
SBLJ,TODAS,00-06,sem_intensidade,TS,0,0,,0,0,
SBLJ,TODAS,00-06,sem_intensidade,TSRA,0,0,,0,0,
SBLJ,TODAS,00-06,sem_intensidade,+RA,0,0,,0,0,
SBLJ,TODAS,06-12,exato,TS,0,0,,0,0,
SBLJ,TODAS,06-12,exato,+RA,0,0,,0,0,
SBLJ,TODAS,06-12,exato,+TSRA,0,0,,0,0,
SBLJ,TODAS,06-12,exato,TSRA,0,0,,0,0,
SBLJ,TODAS,06-12,sem_intensidade,TS,0,0,,0,0,
SBLJ,TODAS,06-12,sem_intensidade,TSRA,0,0,,0,0,
SBLJ,TODAS,06-12,sem_intensidade,+RA,0,0,,0,0,
SBLJ,TODAS,12-18,exato,TS,0,0,,0,0,
SBLJ,TODAS,12-18,exato,+RA,0,0,,0,0,
SBLJ,TODAS,12-18,exato,+TSRA,0,0,,0,0,
SBLJ,TODAS,12-18,exato,TSRA,0,0,,0,0,
SBLJ,TODAS,12-18,sem_intensidade,TS,0,0,,0,0,
SBLJ,TODAS,12-18,sem_intensidade,TSRA,0,0,,0,0,
SBLJ,TODAS,12-18,sem_intensidade,+RA,0,0,,0,0,
SBLJ,TODAS,18-24,exato,TS,0,0,,0,0,
SBLJ,TODAS,18-24,exato,+RA,0,0,,0,0,
SBLJ,TODAS,18-24,exato,+TSRA,0,0,,0,0,
SBLJ,TODAS,18-24,exato,TSRA,0,0,,0,0,
SBLJ,TODAS,18-24,sem_intensidade,TS,0,0,,0,0,
SBLJ,TODAS,18-24,sem_intensidade,TSRA,0,0,,0,0,
SBLJ,TODAS,18-24,sem_intensidade,+RA,0,0,,0,0,
SBLJ,TODAS,TODOS,exato,TS,0,0,,0,0,
SBLJ,TODAS,TODOS,exato,+RA,0,0,,0,0,
SBLJ,TODAS,TODOS,exato,+TSRA,0,0,,0,0,
SBLJ,TODAS,TODOS,exato,TSRA,0,0,,0,0,
SBLJ,TODAS,TODOS,sem_intensidade,TS,0,0,,0,0,
SBLJ,TODAS,TODOS,sem_intensidade,TSRA,0,0,,0,0,
SBLJ,TODAS,TODOS,sem_intensidade,+RA,0,0,,0,0,
SBME,Verao,00-06,exato,TS,0,0,,0,0,
SBME,Verao,00-06,exato,+RA,0,0,,0,0,
SBME,Verao,00-06,exato,+TSRA,0,0,,0,0,
SBME,Verao,00-06,exato,TSRA,0,0,,0,0,
SBME,Verao,00-06,sem_intensidade,TS,0,0,,0,0,
SBME,Verao,00-06,sem_intensidade,TSRA,0,0,,0,0,
SBME,Verao,00-06,sem_intensidade,+RA,0,0,,0,0,
SBME,Verao,06-12,exato,TS,0,0,,0,0,
SBME,Verao,06-12,exato,+RA,0,0,,0,0,
SBME,Verao,06-12,exato,+TSRA,0,0,,0,0,
SBME,Verao,06-12,exato,TSRA,0,0,,0,0,
SBME,Verao,06-12,sem_intensidade,TS,0,0,,0,0,
SBME,Verao,06-12,sem_intensidade,TSRA,0,0,,0,0,
SBME,Verao,06-12,sem_intensidade,+RA,0,0,,0,0,
SBME,Verao,12-18,exato,TS,0,0,,0,0,
SBME,Verao,12-18,exato,+RA,0,0,,0,0,
SBME,Verao,12-18,exato,+TSRA,0,0,,0,0,
SBME,Verao,12-18,exato,TSRA,0,0,,0,0,
SBME,Verao,12-18,sem_intensidade,TS,0,0,,0,0,
SBME,Verao,12-18,sem_intensidade,TSRA,0,0,,0,0,
SBME,Verao,12-18,sem_intensidade,+RA,0,0,,0,0,
SBME,Verao,18-24,exato,TS,0,0,,0,0,
SBME,Verao,18-24,exato,+RA,0,0,,0,0,
SBME,Verao,18-24,exato,+TSRA,0,0,,0,0,
SBME,Verao,18-24,exato,TSRA,0,0,,0,0,
SBME,Verao,18-24,sem_intensidade,TS,0,0,,0,0,
SBME,Verao,18-24,sem_intensidade,TSRA,0,0,,0,0,
SBME,Verao,18-24,sem_intensidade,+RA,0,0,,0,0,
SBME,Verao,TODOS,exato,TS,0,0,,0,0,
SBME,Verao,TODOS,exato,+RA,0,0,,0,0,
SBME,Verao,TODOS,exato,+TSRA,0,0,,0,0,
SBME,Verao,TODOS,exato,TSRA,0,0,,0,0,
SBME,Verao,TODOS,sem_intensidade,TS,0,0,,0,0,
SBME,Verao,TODOS,sem_intensidade,TSRA,0,0,,0,0,
SBME,Verao,TODOS,sem_intensidade,+RA,0,0,,0,0,
SBME,Outono,00-06,exato,TS,0,0,,0,0,
SBME,Outono,00-06,exato,+RA,0,0,,0,0,
SBME,Outono,00-06,exato,+TSRA,0,0,,0,0,
SBME,Outono,00-06,exato,TSRA,0,0,,0,0,
SBME,Outono,00-06,sem_intensidade,TS,0,0,,0,0,
SBME,Outono,00-06,sem_intensidade,TSRA,0,0,,0,0,
SBME,Outono,00-06,sem_intensidade,+RA,0,0,,0,0,
SBME,Outono,06-12,exato,TS,0,0,,0,0,
SBME,Outono,06-12,exato,+RA,0,0,,0,0,
SBME,Outono,06-12,exato,+TSRA,0,0,,0,0,
SBME,Outono,06-12,exato,TSRA,0,0,,0,0,
SBME,Outono,06-12,sem_intensidade,TS,0,0,,0,0,
SBME,Outono,06-12,sem_intensidade,TSRA,0,0,,0,0,
SBME,Outono,06-12,sem_intensidade,+RA,0,0,,0,0,
SBME,Outono,12-18,exato,TS,0,0,,0,0,
SBME,Outono,12-18,exato,+RA,0,0,,0,0,
SBME,Outono,12-18,exato,+TSRA,0,0,,0,0,
SBME,Outono,12-18,exato,TSRA,0,0,,0,0,
SBME,Outono,12-18,sem_intensidade,TS,0,0,,0,0,
SBME,Outono,12-18,sem_intensidade,TSRA,0,0,,0,0,
SBME,Outono,12-18,sem_intensidade,+RA,0,0,,0,0,
SBME,Outono,18-24,exato,TS,0,0,,0,0,
SBME,Outono,18-24,exato,+RA,0,0,,0,0,
SBME,Outono,18-24,exato,+TSRA,0,0,,0,0,
SBME,Outono,18-24,exato,TSRA,0,0,,0,0,
SBME,Outono,18-24,sem_intensidade,TS,0,0,,0,0,
SBME,Outono,18-24,sem_intensidade,TSRA,0,0,,0,0,
SBME,Outono,18-24,sem_intensidade,+RA,0,0,,0,0,
SBME,Outono,TODOS,exato,TS,0,0,,0,0,
SBME,Outono,TODOS,exato,+RA,0,0,,0,0,
SBME,Outono,TODOS,exato,+TSRA,0,0,,0,0,
SBME,Outono,TODOS,exato,TSRA,0,0,,0,0,
SBME,Outono,TODOS,sem_intensidade,TS,0,0,,0,0,
SBME,Outono,TODOS,sem_intensidade,TSRA,0,0,,0,0,
SBME,Outono,TODOS,sem_intensidade,+RA,0,0,,0,0,
SBME,Inverno,00-06,exato,TS,0,0,,0,0,
SBME,Inverno,00-06,exato,+RA,0,0,,0,0,
SBME,Inverno,00-06,exato,+TSRA,0,0,,0,0,
SBME,Inverno,00-06,exato,TSRA,0,0,,0,0,
SBME,Inverno,00-06,sem_intensidade,TS,0,0,,0,0,
SBME,Inverno,00-06,sem_intensidade,TSRA,0,0,,0,0,
SBME,Inverno,00-06,sem_intensidade,+RA,0,0,,0,0,
SBME,Inverno,06-12,exato,TS,0,0,,0,0,
SBME,Inverno,06-12,exato,+RA,0,0,,0,0,
SBME,Inverno,06-12,exato,+TSRA,0,0,,0,0,
SBME,Inverno,06-12,exato,TSRA,0,0,,0,0,
SBME,Inverno,06-12,sem_intensidade,TS,0,0,,0,0,
SBME,Inverno,06-12,sem_intensidade,TSRA,0,0,,0,0,
SBME,Inverno,06-12,sem_intensidade,+RA,0,0,,0,0,
SBME,Inverno,12-18,exato,TS,0,0,,0,0,
SBME,Inverno,12-18,exato,+RA,0,0,,0,0,
SBME,Inverno,12-18,exato,+TSRA,0,0,,0,0,
SBME,Inverno,12-18,exato,TSRA,0,0,,0,0,
SBME,Inverno,12-18,sem_intensidade,TS,0,0,,0,0,
SBME,Inverno,12-18,sem_intensidade,TSRA,0,0,,0,0,
SBME,Inverno,12-18,sem_intensidade,+RA,0,0,,0,0,
SBME,Inverno,18-24,exato,TS,0,0,,0,0,
SBME,Inverno,18-24,exato,+RA,0,0,,0,0,
SBME,Inverno,18-24,exato,+TSRA,0,0,,0,0,
SBME,Inverno,18-24,exato,TSRA,0,0,,0,0,
SBME,Inverno,18-24,sem_intensidade,TS,0,0,,0,0,
SBME,Inverno,18-24,sem_intensidade,TSRA,0,0,,0,0,
SBME,Inverno,18-24,sem_intensidade,+RA,0,0,,0,0,
SBME,Inverno,TODOS,exato,TS,0,0,,0,0,
SBME,Inverno,TODOS,exato,+RA,0,0,,0,0,
SBME,Inverno,TODOS,exato,+TSRA,0,0,,0,0,
SBME,Inverno,TODOS,exato,TSRA,0,0,,0,0,
SBME,Inverno,TODOS,sem_intensidade,TS,0,0,,0,0,
SBME,Inverno,TODOS,sem_intensidade,TSRA,0,0,,0,0,
SBME,Inverno,TODOS,sem_intensidade,+RA,0,0,,0,0,
SBME,Primavera,00-06,exato,TS,0,0,,0,0,
SBME,Primavera,00-06,exato,+RA,0,0,,0,0,
SBME,Primavera,00-06,exato,+TSRA,0,0,,0,0,
SBME,Primavera,00-06,exato,TSRA,0,0,,0,0,
SBME,Primavera,00-06,sem_intensidade,TS,0,0,,0,0,
SBME,Primavera,00-06,sem_intensidade,TSRA,0,0,,0,0,
SBME,Primavera,00-06,sem_intensidade,+RA,0,0,,0,0,
SBME,Primavera,06-12,exato,TS,0,0,,0,0,
SBME,Primavera,06-12,exato,+RA,0,0,,0,0,
SBME,Primavera,06-12,exato,+TSRA,0,0,,0,0,
SBME,Primavera,06-12,exato,TSRA,0,0,,0,0,
SBME,Primavera,06-12,sem_intensidade,TS,0,0,,0,0,
SBME,Primavera,06-12,sem_intensidade,TSRA,0,0,,0,0,
SBME,Primavera,06-12,sem_intensidade,+RA,0,0,,0,0,
SBME,Primavera,12-18,exato,TS,0,0,,0,0,
SBME,Primavera,12-18,exato,+RA,0,0,,0,0,
SBME,Primavera,12-18,exato,+TSRA,0,0,,0,0,
SBME,Primavera,12-18,exato,TSRA,0,0,,0,0,
SBME,Primavera,12-18,sem_intensidade,TS,0,0,,0,0,
SBME,Primavera,12-18,sem_intensidade,TSRA,0,0,,0,0,
SBME,Primavera,12-18,sem_intensidade,+RA,0,0,,0,0,
SBME,Primavera,18-24,exato,TS,0,0,,0,0,
SBME,Primavera,18-24,exato,+RA,0,0,,0,0,
SBME,Primavera,18-24,exato,+TSRA,0,0,,0,0,
SBME,Primavera,18-24,exato,TSRA,0,0,,0,0,
SBME,Primavera,18-24,sem_intensidade,TS,0,0,,0,0,
SBME,Primavera,18-24,sem_intensidade,TSRA,0,0,,0,0,
SBME,Primavera,18-24,sem_intensidade,+RA,0,0,,0,0,
SBME,Primavera,TODOS,exato,TS,0,0,,0,0,
SBME,Primavera,TODOS,exato,+RA,0,0,,0,0,
SBME,Primavera,TODOS,exato,+TSRA,0,0,,0,0,
SBME,Primavera,TODOS,exato,TSRA,0,0,,0,0,
SBME,Primavera,TODOS,sem_intensidade,TS,0,0,,0,0,
SBME,Primavera,TODOS,sem_intensidade,TSRA,0,0,,0,0,
SBME,Primavera,TODOS,sem_intensidade,+RA,0,0,,0,0,
SBME,TODAS,00-06,exato,TS,0,0,,0,0,
SBME,TODAS,00-06,exato,+RA,0,0,,0,0,
SBME,TODAS,00-06,exato,+TSRA,0,0,,0,0,
SBME,TODAS,00-06,exato,TSRA,0,0,,0,0,
SBME,TODAS,00-06,sem_intensidade,TS,0,0,,0,0,
SBME,TODAS,00-06,sem_intensidade,TSRA,0,0,,0,0,
SBME,TODAS,00-06,sem_intensidade,+RA,0,0,,0,0,
SBME,TODAS,06-12,exato,TS,0,0,,0,0,
SBME,TODAS,06-12,exato,+RA,0,0,,0,0,
SBME,TODAS,06-12,exato,+TSRA,0,0,,0,0,
SBME,TODAS,06-12,exato,TSRA,0,0,,0,0,
SBME,TODAS,06-12,sem_intensidade,TS,0,0,,0,0,
SBME,TODAS,06-12,sem_intensidade,TSRA,0,0,,0,0,
SBME,TODAS,06-12,sem_intensidade,+RA,0,0,,0,0,
SBME,TODAS,12-18,exato,TS,0,0,,0,0,
SBME,TODAS,12-18,exato,+RA,0,0,,0,0,
SBME,TODAS,12-18,exato,+TSRA,0,0,,0,0,
SBME,TODAS,12-18,exato,TSRA,0,0,,0,0,
SBME,TODAS,12-18,sem_intensidade,TS,0,0,,0,0,
SBME,TODAS,12-18,sem_intensidade,TSRA,0,0,,0,0,
SBME,TODAS,12-18,sem_intensidade,+RA,0,0,,0,0,
SBME,TODAS,18-24,exato,TS,0,0,,0,0,
SBME,TODAS,18-24,exato,+RA,0,0,,0,0,
SBME,TODAS,18-24,exato,+TSRA,0,0,,0,0,
SBME,TODAS,18-24,exato,TSRA,0,0,,0,0,
SBME,TODAS,18-24,sem_intensidade,TS,0,0,,0,0,
SBME,TODAS,18-24,sem_intensidade,TSRA,0,0,,0,0,
SBME,TODAS,18-24,sem_intensidade,+RA,0,0,,0,0,
SBME,TODAS,TODOS,exato,TS,0,0,,0,0,
SBME,TODAS,TODOS,exato,+RA,0,0,,0,0,
SBME,TODAS,TODOS,exato,+TSRA,0,0,,0,0,
SBME,TODAS,TODOS,exato,TSRA,0,0,,0,0,
SBME,TODAS,TODOS,sem_intensidade,TS,0,0,,0,0,
SBME,TODAS,TODOS,sem_intensidade,TSRA,0,0,,0,0,
SBME,TODAS,TODOS,sem_intensidade,+RA,0,0,,0,0,
SBMG,Verao,00-06,exato,TS,0,0,,0,0,
SBMG,Verao,00-06,exato,+RA,0,0,,0,0,
SBMG,Verao,00-06,exato,+TSRA,0,0,,0,0,
SBMG,Verao,00-06,exato,TSRA,0,0,,0,0,
SBMG,Verao,00-06,sem_intensidade,TS,0,0,,0,0,
SBMG,Verao,00-06,sem_intensidade,TSRA,0,0,,0,0,
SBMG,Verao,00-06,sem_intensidade,+RA,0,0,,0,0,
SBMG,Verao,06-12,exato,TS,0,0,,0,0,
SBMG,Verao,06-12,exato,+RA,0,0,,0,0,
SBMG,Verao,06-12,exato,+TSRA,0,0,,0,0,
SBMG,Verao,06-12,exato,TSRA,0,0,,0,0,
SBMG,Verao,06-12,sem_intensidade,TS,0,0,,0,0,
SBMG,Verao,06-12,sem_intensidade,TSRA,0,0,,0,0,
SBMG,Verao,06-12,sem_intensidade,+RA,0,0,,0,0,
SBMG,Verao,12-18,exato,TS,0,0,,1,0,0.0
SBMG,Verao,12-18,exato,+RA,0,0,,0,0,
SBMG,Verao,12-18,exato,+TSRA,0,0,,0,0,
SBMG,Verao,12-18,exato,TSRA,1,0,0.0,0,0,
SBMG,Verao,12-18,sem_intensidade,TS,0,0,,1,0,0.0
SBMG,Verao,12-18,sem_intensidade,TSRA,1,0,0.0,1,0,0.0
SBMG,Verao,12-18,sem_intensidade,+RA,0,0,,0,0,
SBMG,Verao,18-24,exato,TS,13,0,0.0,10,0,0.0
SBMG,Verao,18-24,exato,+RA,0,0,,0,0,
SBMG,Verao,18-24,exato,+TSRA,0,0,,2,0,0.0
SBMG,Verao,18-24,exato,TSRA,21,0,0.0,3,0,0.0
SBMG,Verao,18-24,sem_intensidade,TS,13,0,0.0,10,0,0.0
SBMG,Verao,18-24,sem_intensidade,TSRA,21,2,9.5,12,2,16.7
SBMG,Verao,18-24,sem_intensidade,+RA,0,0,,0,0,
SBMG,Verao,TODOS,exato,TS,13,0,0.0,11,0,0.0
SBMG,Verao,TODOS,exato,+RA,0,0,,0,0,
SBMG,Verao,TODOS,exato,+TSRA,0,0,,2,0,0.0
SBMG,Verao,TODOS,exato,TSRA,22,0,0.0,3,0,0.0
SBMG,Verao,TODOS,sem_intensidade,TS,13,0,0.0,11,0,0.0
SBMG,Verao,TODOS,sem_intensidade,TSRA,22,2,9.1,13,2,15.4
SBMG,Verao,TODOS,sem_intensidade,+RA,0,0,,0,0,
SBMG,Outono,00-06,exato,TS,0,0,,0,0,
SBMG,Outono,00-06,exato,+RA,0,0,,0,0,
SBMG,Outono,00-06,exato,+TSRA,0,0,,0,0,
SBMG,Outono,00-06,exato,TSRA,0,0,,0,0,
SBMG,Outono,00-06,sem_intensidade,TS,0,0,,0,0,
SBMG,Outono,00-06,sem_intensidade,TSRA,0,0,,0,0,
SBMG,Outono,00-06,sem_intensidade,+RA,0,0,,0,0,
SBMG,Outono,06-12,exato,TS,0,0,,0,0,
SBMG,Outono,06-12,exato,+RA,0,0,,1,0,0.0
SBMG,Outono,06-12,exato,+TSRA,0,0,,0,0,
SBMG,Outono,06-12,exato,TSRA,0,0,,0,0,
SBMG,Outono,06-12,sem_intensidade,TS,0,0,,0,0,
SBMG,Outono,06-12,sem_intensidade,TSRA,0,0,,0,0,
SBMG,Outono,06-12,sem_intensidade,+RA,0,0,,1,0,0.0
SBMG,Outono,12-18,exato,TS,0,0,,2,0,0.0
SBMG,Outono,12-18,exato,+RA,0,0,,0,0,
SBMG,Outono,12-18,exato,+TSRA,0,0,,0,0,
SBMG,Outono,12-18,exato,TSRA,5,0,0.0,0,0,
SBMG,Outono,12-18,sem_intensidade,TS,0,0,,2,0,0.0
SBMG,Outono,12-18,sem_intensidade,TSRA,5,0,0.0,0,0,
SBMG,Outono,12-18,sem_intensidade,+RA,0,0,,0,0,
SBMG,Outono,18-24,exato,TS,1,0,0.0,4,0,0.0
SBMG,Outono,18-24,exato,+RA,0,0,,0,0,
SBMG,Outono,18-24,exato,+TSRA,0,0,,1,0,0.0
SBMG,Outono,18-24,exato,TSRA,31,0,0.0,1,0,0.0
SBMG,Outono,18-24,sem_intensidade,TS,1,0,0.0,4,0,0.0
SBMG,Outono,18-24,sem_intensidade,TSRA,31,0,0.0,5,0,0.0
SBMG,Outono,18-24,sem_intensidade,+RA,0,0,,0,0,
SBMG,Outono,TODOS,exato,TS,1,0,0.0,6,0,0.0
SBMG,Outono,TODOS,exato,+RA,0,0,,1,0,0.0
SBMG,Outono,TODOS,exato,+TSRA,0,0,,1,0,0.0
SBMG,Outono,TODOS,exato,TSRA,36,0,0.0,1,0,0.0
SBMG,Outono,TODOS,sem_intensidade,TS,1,0,0.0,6,0,0.0
SBMG,Outono,TODOS,sem_intensidade,TSRA,36,0,0.0,5,0,0.0
SBMG,Outono,TODOS,sem_intensidade,+RA,0,0,,1,0,0.0
SBMG,Inverno,00-06,exato,TS,0,0,,0,0,
SBMG,Inverno,00-06,exato,+RA,0,0,,0,0,
SBMG,Inverno,00-06,exato,+TSRA,0,0,,0,0,
SBMG,Inverno,00-06,exato,TSRA,0,0,,0,0,
SBMG,Inverno,00-06,sem_intensidade,TS,0,0,,0,0,
SBMG,Inverno,00-06,sem_intensidade,TSRA,0,0,,0,0,
SBMG,Inverno,00-06,sem_intensidade,+RA,0,0,,0,0,
SBMG,Inverno,06-12,exato,TS,0,0,,0,0,
SBMG,Inverno,06-12,exato,+RA,0,0,,0,0,
SBMG,Inverno,06-12,exato,+TSRA,0,0,,0,0,
SBMG,Inverno,06-12,exato,TSRA,1,0,0.0,0,0,
SBMG,Inverno,06-12,sem_intensidade,TS,0,0,,0,0,
SBMG,Inverno,06-12,sem_intensidade,TSRA,1,1,100.0,3,1,33.3
SBMG,Inverno,06-12,sem_intensidade,+RA,0,0,,0,0,
SBMG,Inverno,12-18,exato,TS,0,0,,0,0,
SBMG,Inverno,12-18,exato,+RA,0,0,,0,0,
SBMG,Inverno,12-18,exato,+TSRA,0,0,,0,0,
SBMG,Inverno,12-18,exato,TSRA,6,0,0.0,0,0,
SBMG,Inverno,12-18,sem_intensidade,TS,0,0,,0,0,
SBMG,Inverno,12-18,sem_intensidade,TSRA,6,0,0.0,2,0,0.0
SBMG,Inverno,12-18,sem_intensidade,+RA,0,0,,0,0,
SBMG,Inverno,18-24,exato,TS,0,0,,3,0,0.0
SBMG,Inverno,18-24,exato,+RA,0,0,,0,0,
SBMG,Inverno,18-24,exato,+TSRA,0,0,,2,0,0.0
SBMG,Inverno,18-24,exato,TSRA,16,0,0.0,0,0,
SBMG,Inverno,18-24,sem_intensidade,TS,0,0,,3,0,0.0
SBMG,Inverno,18-24,sem_intensidade,TSRA,16,4,25.0,6,4,66.7
SBMG,Inverno,18-24,sem_intensidade,+RA,0,0,,0,0,
SBMG,Inverno,TODOS,exato,TS,0,0,,3,0,0.0
SBMG,Inverno,TODOS,exato,+RA,0,0,,0,0,
SBMG,Inverno,TODOS,exato,+TSRA,0,0,,2,0,0.0
SBMG,Inverno,TODOS,exato,TSRA,23,0,0.0,0,0,
SBMG,Inverno,TODOS,sem_intensidade,TS,0,0,,3,0,0.0
SBMG,Inverno,TODOS,sem_intensidade,TSRA,23,5,21.7,11,5,45.5
SBMG,Inverno,TODOS,sem_intensidade,+RA,0,0,,0,0,
SBMG,Primavera,00-06,exato,TS,0,0,,0,0,
SBMG,Primavera,00-06,exato,+RA,0,0,,0,0,
SBMG,Primavera,00-06,exato,+TSRA,0,0,,0,0,
SBMG,Primavera,00-06,exato,TSRA,1,0,0.0,0,0,
SBMG,Primavera,00-06,sem_intensidade,TS,0,0,,0,0,
SBMG,Primavera,00-06,sem_intensidade,TSRA,1,0,0.0,0,0,
SBMG,Primavera,00-06,sem_intensidade,+RA,0,0,,0,0,
SBMG,Primavera,06-12,exato,TS,0,0,,0,0,
SBMG,Primavera,06-12,exato,+RA,0,0,,0,0,
SBMG,Primavera,06-12,exato,+TSRA,0,0,,0,0,
SBMG,Primavera,06-12,exato,TSRA,1,0,0.0,0,0,
SBMG,Primavera,06-12,sem_intensidade,TS,0,0,,0,0,
SBMG,Primavera,06-12,sem_intensidade,TSRA,1,0,0.0,0,0,
SBMG,Primavera,06-12,sem_intensidade,+RA,0,0,,0,0,
SBMG,Primavera,12-18,exato,TS,1,0,0.0,0,0,
SBMG,Primavera,12-18,exato,+RA,0,0,,0,0,
SBMG,Primavera,12-18,exato,+TSRA,0,0,,0,0,
SBMG,Primavera,12-18,exato,TSRA,18,0,0.0,0,0,
SBMG,Primavera,12-18,sem_intensidade,TS,1,0,0.0,0,0,
SBMG,Primavera,12-18,sem_intensidade,TSRA,18,0,0.0,3,0,0.0
SBMG,Primavera,12-18,sem_intensidade,+RA,0,0,,0,0,
SBMG,Primavera,18-24,exato,TS,0,0,,1,0,0.0
SBMG,Primavera,18-24,exato,+RA,0,0,,0,0,
SBMG,Primavera,18-24,exato,+TSRA,0,0,,0,0,
SBMG,Primavera,18-24,exato,TSRA,27,1,3.7,2,1,50.0
SBMG,Primavera,18-24,sem_intensidade,TS,0,0,,1,0,0.0
SBMG,Primavera,18-24,sem_intensidade,TSRA,27,3,11.1,5,3,60.0
SBMG,Primavera,18-24,sem_intensidade,+RA,0,0,,0,0,
SBMG,Primavera,TODOS,exato,TS,1,0,0.0,1,0,0.0
SBMG,Primavera,TODOS,exato,+RA,0,0,,0,0,
SBMG,Primavera,TODOS,exato,+TSRA,0,0,,0,0,
SBMG,Primavera,TODOS,exato,TSRA,47,1,2.1,2,1,50.0
SBMG,Primavera,TODOS,sem_intensidade,TS,1,0,0.0,1,0,0.0
SBMG,Primavera,TODOS,sem_intensidade,TSRA,47,3,6.4,8,3,37.5
SBMG,Primavera,TODOS,sem_intensidade,+RA,0,0,,0,0,
SBMG,TODAS,00-06,exato,TS,0,0,,0,0,
SBMG,TODAS,00-06,exato,+RA,0,0,,0,0,
SBMG,TODAS,00-06,exato,+TSRA,0,0,,0,0,
SBMG,TODAS,00-06,exato,TSRA,1,0,0.0,0,0,
SBMG,TODAS,00-06,sem_intensidade,TS,0,0,,0,0,
SBMG,TODAS,00-06,sem_intensidade,TSRA,1,0,0.0,0,0,
SBMG,TODAS,00-06,sem_intensidade,+RA,0,0,,0,0,
SBMG,TODAS,06-12,exato,TS,0,0,,0,0,
SBMG,TODAS,06-12,exato,+RA,0,0,,1,0,0.0
SBMG,TODAS,06-12,exato,+TSRA,0,0,,0,0,
SBMG,TODAS,06-12,exato,TSRA,2,0,0.0,0,0,
SBMG,TODAS,06-12,sem_intensidade,TS,0,0,,0,0,
SBMG,TODAS,06-12,sem_intensidade,TSRA,2,1,50.0,3,1,33.3
SBMG,TODAS,06-12,sem_intensidade,+RA,0,0,,1,0,0.0
SBMG,TODAS,12-18,exato,TS,1,0,0.0,3,0,0.0
SBMG,TODAS,12-18,exato,+RA,0,0,,0,0,
SBMG,TODAS,12-18,exato,+TSRA,0,0,,0,0,
SBMG,TODAS,12-18,exato,TSRA,30,0,0.0,0,0,
SBMG,TODAS,12-18,sem_intensidade,TS,1,0,0.0,3,0,0.0
SBMG,TODAS,12-18,sem_intensidade,TSRA,30,0,0.0,6,0,0.0
SBMG,TODAS,12-18,sem_intensidade,+RA,0,0,,0,0,
SBMG,TODAS,18-24,exato,TS,14,0,0.0,18,0,0.0
SBMG,TODAS,18-24,exato,+RA,0,0,,0,0,
SBMG,TODAS,18-24,exato,+TSRA,0,0,,5,0,0.0
SBMG,TODAS,18-24,exato,TSRA,95,1,1.1,6,1,16.7
SBMG,TODAS,18-24,sem_intensidade,TS,14,0,0.0,18,0,0.0
SBMG,TODAS,18-24,sem_intensidade,TSRA,95,9,9.5,28,9,32.1
SBMG,TODAS,18-24,sem_intensidade,+RA,0,0,,0,0,
SBMG,TODAS,TODOS,exato,TS,15,0,0.0,21,0,0.0
SBMG,TODAS,TODOS,exato,+RA,0,0,,1,0,0.0
SBMG,TODAS,TODOS,exato,+TSRA,0,0,,5,0,0.0
SBMG,TODAS,TODOS,exato,TSRA,128,1,0.8,6,1,16.7
SBMG,TODAS,TODOS,sem_intensidade,TS,15,0,0.0,21,0,0.0
SBMG,TODAS,TODOS,sem_intensidade,TSRA,128,10,7.8,37,10,27.0
SBMG,TODAS,TODOS,sem_intensidade,+RA,0,0,,1,0,0.0
SBML,Verao,00-06,exato,TS,0,0,,0,0,
SBML,Verao,00-06,exato,+RA,0,0,,0,0,
SBML,Verao,00-06,exato,+TSRA,0,0,,0,0,
SBML,Verao,00-06,exato,TSRA,0,0,,0,0,
SBML,Verao,00-06,sem_intensidade,TS,0,0,,0,0,
SBML,Verao,00-06,sem_intensidade,TSRA,0,0,,0,0,
SBML,Verao,00-06,sem_intensidade,+RA,0,0,,0,0,
SBML,Verao,06-12,exato,TS,0,0,,0,0,
SBML,Verao,06-12,exato,+RA,0,0,,0,0,
SBML,Verao,06-12,exato,+TSRA,0,0,,0,0,
SBML,Verao,06-12,exato,TSRA,0,0,,0,0,
SBML,Verao,06-12,sem_intensidade,TS,0,0,,0,0,
SBML,Verao,06-12,sem_intensidade,TSRA,0,0,,0,0,
SBML,Verao,06-12,sem_intensidade,+RA,0,0,,0,0,
SBML,Verao,12-18,exato,TS,0,0,,0,0,
SBML,Verao,12-18,exato,+RA,0,0,,0,0,
SBML,Verao,12-18,exato,+TSRA,0,0,,0,0,
SBML,Verao,12-18,exato,TSRA,0,0,,0,0,
SBML,Verao,12-18,sem_intensidade,TS,0,0,,0,0,
SBML,Verao,12-18,sem_intensidade,TSRA,0,0,,0,0,
SBML,Verao,12-18,sem_intensidade,+RA,0,0,,0,0,
SBML,Verao,18-24,exato,TS,0,0,,0,0,
SBML,Verao,18-24,exato,+RA,0,0,,0,0,
SBML,Verao,18-24,exato,+TSRA,0,0,,0,0,
SBML,Verao,18-24,exato,TSRA,0,0,,0,0,
SBML,Verao,18-24,sem_intensidade,TS,0,0,,0,0,
SBML,Verao,18-24,sem_intensidade,TSRA,0,0,,0,0,
SBML,Verao,18-24,sem_intensidade,+RA,0,0,,0,0,
SBML,Verao,TODOS,exato,TS,0,0,,0,0,
SBML,Verao,TODOS,exato,+RA,0,0,,0,0,
SBML,Verao,TODOS,exato,+TSRA,0,0,,0,0,
SBML,Verao,TODOS,exato,TSRA,0,0,,0,0,
SBML,Verao,TODOS,sem_intensidade,TS,0,0,,0,0,
SBML,Verao,TODOS,sem_intensidade,TSRA,0,0,,0,0,
SBML,Verao,TODOS,sem_intensidade,+RA,0,0,,0,0,
SBML,Outono,00-06,exato,TS,0,0,,0,0,
SBML,Outono,00-06,exato,+RA,0,0,,0,0,
SBML,Outono,00-06,exato,+TSRA,0,0,,0,0,
SBML,Outono,00-06,exato,TSRA,0,0,,0,0,
SBML,Outono,00-06,sem_intensidade,TS,0,0,,0,0,
SBML,Outono,00-06,sem_intensidade,TSRA,0,0,,0,0,
SBML,Outono,00-06,sem_intensidade,+RA,0,0,,0,0,
SBML,Outono,06-12,exato,TS,0,0,,0,0,
SBML,Outono,06-12,exato,+RA,0,0,,0,0,
SBML,Outono,06-12,exato,+TSRA,0,0,,0,0,
SBML,Outono,06-12,exato,TSRA,0,0,,0,0,
SBML,Outono,06-12,sem_intensidade,TS,0,0,,0,0,
SBML,Outono,06-12,sem_intensidade,TSRA,0,0,,0,0,
SBML,Outono,06-12,sem_intensidade,+RA,0,0,,0,0,
SBML,Outono,12-18,exato,TS,0,0,,0,0,
SBML,Outono,12-18,exato,+RA,0,0,,0,0,
SBML,Outono,12-18,exato,+TSRA,0,0,,0,0,
SBML,Outono,12-18,exato,TSRA,0,0,,0,0,
SBML,Outono,12-18,sem_intensidade,TS,0,0,,0,0,
SBML,Outono,12-18,sem_intensidade,TSRA,0,0,,0,0,
SBML,Outono,12-18,sem_intensidade,+RA,0,0,,0,0,
SBML,Outono,18-24,exato,TS,0,0,,0,0,
SBML,Outono,18-24,exato,+RA,0,0,,0,0,
SBML,Outono,18-24,exato,+TSRA,0,0,,0,0,
SBML,Outono,18-24,exato,TSRA,0,0,,0,0,
SBML,Outono,18-24,sem_intensidade,TS,0,0,,0,0,
SBML,Outono,18-24,sem_intensidade,TSRA,0,0,,0,0,
SBML,Outono,18-24,sem_intensidade,+RA,0,0,,0,0,
SBML,Outono,TODOS,exato,TS,0,0,,0,0,
SBML,Outono,TODOS,exato,+RA,0,0,,0,0,
SBML,Outono,TODOS,exato,+TSRA,0,0,,0,0,
SBML,Outono,TODOS,exato,TSRA,0,0,,0,0,
SBML,Outono,TODOS,sem_intensidade,TS,0,0,,0,0,
SBML,Outono,TODOS,sem_intensidade,TSRA,0,0,,0,0,
SBML,Outono,TODOS,sem_intensidade,+RA,0,0,,0,0,
SBML,Inverno,00-06,exato,TS,0,0,,0,0,
SBML,Inverno,00-06,exato,+RA,0,0,,0,0,
SBML,Inverno,00-06,exato,+TSRA,0,0,,0,0,
SBML,Inverno,00-06,exato,TSRA,0,0,,0,0,
SBML,Inverno,00-06,sem_intensidade,TS,0,0,,0,0,
SBML,Inverno,00-06,sem_intensidade,TSRA,0,0,,0,0,
SBML,Inverno,00-06,sem_intensidade,+RA,0,0,,0,0,
SBML,Inverno,06-12,exato,TS,0,0,,0,0,
SBML,Inverno,06-12,exato,+RA,0,0,,0,0,
SBML,Inverno,06-12,exato,+TSRA,0,0,,0,0,
SBML,Inverno,06-12,exato,TSRA,0,0,,0,0,
SBML,Inverno,06-12,sem_intensidade,TS,0,0,,0,0,
SBML,Inverno,06-12,sem_intensidade,TSRA,0,0,,0,0,
SBML,Inverno,06-12,sem_intensidade,+RA,0,0,,0,0,
SBML,Inverno,12-18,exato,TS,0,0,,0,0,
SBML,Inverno,12-18,exato,+RA,0,0,,0,0,
SBML,Inverno,12-18,exato,+TSRA,0,0,,0,0,
SBML,Inverno,12-18,exato,TSRA,0,0,,0,0,
SBML,Inverno,12-18,sem_intensidade,TS,0,0,,0,0,
SBML,Inverno,12-18,sem_intensidade,TSRA,0,0,,0,0,
SBML,Inverno,12-18,sem_intensidade,+RA,0,0,,0,0,
SBML,Inverno,18-24,exato,TS,0,0,,0,0,
SBML,Inverno,18-24,exato,+RA,0,0,,0,0,
SBML,Inverno,18-24,exato,+TSRA,0,0,,0,0,
SBML,Inverno,18-24,exato,TSRA,0,0,,0,0,
SBML,Inverno,18-24,sem_intensidade,TS,0,0,,0,0,
SBML,Inverno,18-24,sem_intensidade,TSRA,0,0,,0,0,
SBML,Inverno,18-24,sem_intensidade,+RA,0,0,,0,0,
SBML,Inverno,TODOS,exato,TS,0,0,,0,0,
SBML,Inverno,TODOS,exato,+RA,0,0,,0,0,
SBML,Inverno,TODOS,exato,+TSRA,0,0,,0,0,
SBML,Inverno,TODOS,exato,TSRA,0,0,,0,0,
SBML,Inverno,TODOS,sem_intensidade,TS,0,0,,0,0,
SBML,Inverno,TODOS,sem_intensidade,TSRA,0,0,,0,0,
SBML,Inverno,TODOS,sem_intensidade,+RA,0,0,,0,0,
SBML,Primavera,00-06,exato,TS,0,0,,0,0,
SBML,Primavera,00-06,exato,+RA,0,0,,0,0,
SBML,Primavera,00-06,exato,+TSRA,0,0,,0,0,
SBML,Primavera,00-06,exato,TSRA,0,0,,0,0,
SBML,Primavera,00-06,sem_intensidade,TS,0,0,,0,0,
SBML,Primavera,00-06,sem_intensidade,TSRA,0,0,,0,0,
SBML,Primavera,00-06,sem_intensidade,+RA,0,0,,0,0,
SBML,Primavera,06-12,exato,TS,0,0,,0,0,
SBML,Primavera,06-12,exato,+RA,0,0,,0,0,
SBML,Primavera,06-12,exato,+TSRA,0,0,,0,0,
SBML,Primavera,06-12,exato,TSRA,0,0,,0,0,
SBML,Primavera,06-12,sem_intensidade,TS,0,0,,0,0,
SBML,Primavera,06-12,sem_intensidade,TSRA,0,0,,0,0,
SBML,Primavera,06-12,sem_intensidade,+RA,0,0,,0,0,
SBML,Primavera,12-18,exato,TS,0,0,,0,0,
SBML,Primavera,12-18,exato,+RA,0,0,,0,0,
SBML,Primavera,12-18,exato,+TSRA,0,0,,0,0,
SBML,Primavera,12-18,exato,TSRA,0,0,,0,0,
SBML,Primavera,12-18,sem_intensidade,TS,0,0,,0,0,
SBML,Primavera,12-18,sem_intensidade,TSRA,0,0,,0,0,
SBML,Primavera,12-18,sem_intensidade,+RA,0,0,,0,0,
SBML,Primavera,18-24,exato,TS,0,0,,0,0,
SBML,Primavera,18-24,exato,+RA,0,0,,0,0,
SBML,Primavera,18-24,exato,+TSRA,0,0,,0,0,
SBML,Primavera,18-24,exato,TSRA,0,0,,0,0,
SBML,Primavera,18-24,sem_intensidade,TS,0,0,,0,0,
SBML,Primavera,18-24,sem_intensidade,TSRA,0,0,,0,0,
SBML,Primavera,18-24,sem_intensidade,+RA,0,0,,0,0,
SBML,Primavera,TODOS,exato,TS,0,0,,0,0,
SBML,Primavera,TODOS,exato,+RA,0,0,,0,0,
SBML,Primavera,TODOS,exato,+TSRA,0,0,,0,0,
SBML,Primavera,TODOS,exato,TSRA,0,0,,0,0,
SBML,Primavera,TODOS,sem_intensidade,TS,0,0,,0,0,
SBML,Primavera,TODOS,sem_intensidade,TSRA,0,0,,0,0,
SBML,Primavera,TODOS,sem_intensidade,+RA,0,0,,0,0,
SBML,TODAS,00-06,exato,TS,0,0,,0,0,
SBML,TODAS,00-06,exato,+RA,0,0,,0,0,
SBML,TODAS,00-06,exato,+TSRA,0,0,,0,0,
SBML,TODAS,00-06,exato,TSRA,0,0,,0,0,
SBML,TODAS,00-06,sem_intensidade,TS,0,0,,0,0,
SBML,TODAS,00-06,sem_intensidade,TSRA,0,0,,0,0,
SBML,TODAS,00-06,sem_intensidade,+RA,0,0,,0,0,
SBML,TODAS,06-12,exato,TS,0,0,,0,0,
SBML,TODAS,06-12,exato,+RA,0,0,,0,0,
SBML,TODAS,06-12,exato,+TSRA,0,0,,0,0,
SBML,TODAS,06-12,exato,TSRA,0,0,,0,0,
SBML,TODAS,06-12,sem_intensidade,TS,0,0,,0,0,
SBML,TODAS,06-12,sem_intensidade,TSRA,0,0,,0,0,
SBML,TODAS,06-12,sem_intensidade,+RA,0,0,,0,0,
SBML,TODAS,12-18,exato,TS,0,0,,0,0,
SBML,TODAS,12-18,exato,+RA,0,0,,0,0,
SBML,TODAS,12-18,exato,+TSRA,0,0,,0,0,
SBML,TODAS,12-18,exato,TSRA,0,0,,0,0,
SBML,TODAS,12-18,sem_intensidade,TS,0,0,,0,0,
SBML,TODAS,12-18,sem_intensidade,TSRA,0,0,,0,0,
SBML,TODAS,12-18,sem_intensidade,+RA,0,0,,0,0,
SBML,TODAS,18-24,exato,TS,0,0,,0,0,
SBML,TODAS,18-24,exato,+RA,0,0,,0,0,
SBML,TODAS,18-24,exato,+TSRA,0,0,,0,0,
SBML,TODAS,18-24,exato,TSRA,0,0,,0,0,
SBML,TODAS,18-24,sem_intensidade,TS,0,0,,0,0,
SBML,TODAS,18-24,sem_intensidade,TSRA,0,0,,0,0,
SBML,TODAS,18-24,sem_intensidade,+RA,0,0,,0,0,
SBML,TODAS,TODOS,exato,TS,0,0,,0,0,
SBML,TODAS,TODOS,exato,+RA,0,0,,0,0,
SBML,TODAS,TODOS,exato,+TSRA,0,0,,0,0,
SBML,TODAS,TODOS,exato,TSRA,0,0,,0,0,
SBML,TODAS,TODOS,sem_intensidade,TS,0,0,,0,0,
SBML,TODAS,TODOS,sem_intensidade,TSRA,0,0,,0,0,
SBML,TODAS,TODOS,sem_intensidade,+RA,0,0,,0,0,
SBMO,Verao,00-06,exato,TS,0,0,,0,0,
SBMO,Verao,00-06,exato,+RA,0,0,,0,0,
SBMO,Verao,00-06,exato,+TSRA,0,0,,0,0,
SBMO,Verao,00-06,exato,TSRA,0,0,,0,0,
SBMO,Verao,00-06,sem_intensidade,TS,0,0,,0,0,
SBMO,Verao,00-06,sem_intensidade,TSRA,0,0,,0,0,
SBMO,Verao,00-06,sem_intensidade,+RA,0,0,,0,0,
SBMO,Verao,06-12,exato,TS,0,0,,0,0,
SBMO,Verao,06-12,exato,+RA,0,0,,0,0,
SBMO,Verao,06-12,exato,+TSRA,0,0,,0,0,
SBMO,Verao,06-12,exato,TSRA,0,0,,0,0,
SBMO,Verao,06-12,sem_intensidade,TS,0,0,,0,0,
SBMO,Verao,06-12,sem_intensidade,TSRA,0,0,,0,0,
SBMO,Verao,06-12,sem_intensidade,+RA,0,0,,0,0,
SBMO,Verao,12-18,exato,TS,0,0,,0,0,
SBMO,Verao,12-18,exato,+RA,0,0,,0,0,
SBMO,Verao,12-18,exato,+TSRA,0,0,,0,0,
SBMO,Verao,12-18,exato,TSRA,1,0,0.0,0,0,
SBMO,Verao,12-18,sem_intensidade,TS,0,0,,0,0,
SBMO,Verao,12-18,sem_intensidade,TSRA,1,0,0.0,1,0,0.0
SBMO,Verao,12-18,sem_intensidade,+RA,0,0,,0,0,
SBMO,Verao,18-24,exato,TS,2,0,0.0,0,0,
SBMO,Verao,18-24,exato,+RA,0,0,,0,0,
SBMO,Verao,18-24,exato,+TSRA,0,0,,0,0,
SBMO,Verao,18-24,exato,TSRA,0,0,,0,0,
SBMO,Verao,18-24,sem_intensidade,TS,2,0,0.0,0,0,
SBMO,Verao,18-24,sem_intensidade,TSRA,0,0,,0,0,
SBMO,Verao,18-24,sem_intensidade,+RA,0,0,,0,0,
SBMO,Verao,TODOS,exato,TS,2,0,0.0,0,0,
SBMO,Verao,TODOS,exato,+RA,0,0,,0,0,
SBMO,Verao,TODOS,exato,+TSRA,0,0,,0,0,
SBMO,Verao,TODOS,exato,TSRA,1,0,0.0,0,0,
SBMO,Verao,TODOS,sem_intensidade,TS,2,0,0.0,0,0,
SBMO,Verao,TODOS,sem_intensidade,TSRA,1,0,0.0,1,0,0.0
SBMO,Verao,TODOS,sem_intensidade,+RA,0,0,,0,0,
SBMO,Outono,00-06,exato,TS,0,0,,0,0,
SBMO,Outono,00-06,exato,+RA,0,0,,0,0,
SBMO,Outono,00-06,exato,+TSRA,0,0,,0,0,
SBMO,Outono,00-06,exato,TSRA,0,0,,0,0,
SBMO,Outono,00-06,sem_intensidade,TS,0,0,,0,0,
SBMO,Outono,00-06,sem_intensidade,TSRA,0,0,,0,0,
SBMO,Outono,00-06,sem_intensidade,+RA,0,0,,0,0,
SBMO,Outono,06-12,exato,TS,0,0,,0,0,
SBMO,Outono,06-12,exato,+RA,0,0,,0,0,
SBMO,Outono,06-12,exato,+TSRA,0,0,,0,0,
SBMO,Outono,06-12,exato,TSRA,0,0,,0,0,
SBMO,Outono,06-12,sem_intensidade,TS,0,0,,0,0,
SBMO,Outono,06-12,sem_intensidade,TSRA,0,0,,0,0,
SBMO,Outono,06-12,sem_intensidade,+RA,0,0,,0,0,
SBMO,Outono,12-18,exato,TS,0,0,,0,0,
SBMO,Outono,12-18,exato,+RA,0,0,,0,0,
SBMO,Outono,12-18,exato,+TSRA,0,0,,0,0,
SBMO,Outono,12-18,exato,TSRA,0,0,,0,0,
SBMO,Outono,12-18,sem_intensidade,TS,0,0,,0,0,
SBMO,Outono,12-18,sem_intensidade,TSRA,0,0,,0,0,
SBMO,Outono,12-18,sem_intensidade,+RA,0,0,,0,0,
SBMO,Outono,18-24,exato,TS,3,0,0.0,0,0,
SBMO,Outono,18-24,exato,+RA,0,0,,0,0,
SBMO,Outono,18-24,exato,+TSRA,0,0,,0,0,
SBMO,Outono,18-24,exato,TSRA,1,0,0.0,0,0,
SBMO,Outono,18-24,sem_intensidade,TS,3,0,0.0,0,0,
SBMO,Outono,18-24,sem_intensidade,TSRA,1,0,0.0,0,0,
SBMO,Outono,18-24,sem_intensidade,+RA,0,0,,0,0,
SBMO,Outono,TODOS,exato,TS,3,0,0.0,0,0,
SBMO,Outono,TODOS,exato,+RA,0,0,,0,0,
SBMO,Outono,TODOS,exato,+TSRA,0,0,,0,0,
SBMO,Outono,TODOS,exato,TSRA,1,0,0.0,0,0,
SBMO,Outono,TODOS,sem_intensidade,TS,3,0,0.0,0,0,
SBMO,Outono,TODOS,sem_intensidade,TSRA,1,0,0.0,0,0,
SBMO,Outono,TODOS,sem_intensidade,+RA,0,0,,0,0,
SBMO,Inverno,00-06,exato,TS,0,0,,0,0,
SBMO,Inverno,00-06,exato,+RA,0,0,,0,0,
SBMO,Inverno,00-06,exato,+TSRA,0,0,,0,0,
SBMO,Inverno,00-06,exato,TSRA,0,0,,0,0,
SBMO,Inverno,00-06,sem_intensidade,TS,0,0,,0,0,
SBMO,Inverno,00-06,sem_intensidade,TSRA,0,0,,0,0,
SBMO,Inverno,00-06,sem_intensidade,+RA,0,0,,0,0,
SBMO,Inverno,06-12,exato,TS,0,0,,0,0,
SBMO,Inverno,06-12,exato,+RA,0,0,,0,0,
SBMO,Inverno,06-12,exato,+TSRA,0,0,,0,0,
SBMO,Inverno,06-12,exato,TSRA,0,0,,0,0,
SBMO,Inverno,06-12,sem_intensidade,TS,0,0,,0,0,
SBMO,Inverno,06-12,sem_intensidade,TSRA,0,0,,0,0,
SBMO,Inverno,06-12,sem_intensidade,+RA,0,0,,0,0,
SBMO,Inverno,12-18,exato,TS,0,0,,0,0,
SBMO,Inverno,12-18,exato,+RA,0,0,,0,0,
SBMO,Inverno,12-18,exato,+TSRA,0,0,,0,0,
SBMO,Inverno,12-18,exato,TSRA,0,0,,0,0,
SBMO,Inverno,12-18,sem_intensidade,TS,0,0,,0,0,
SBMO,Inverno,12-18,sem_intensidade,TSRA,0,0,,0,0,
SBMO,Inverno,12-18,sem_intensidade,+RA,0,0,,0,0,
SBMO,Inverno,18-24,exato,TS,0,0,,0,0,
SBMO,Inverno,18-24,exato,+RA,0,0,,0,0,
SBMO,Inverno,18-24,exato,+TSRA,0,0,,0,0,
SBMO,Inverno,18-24,exato,TSRA,0,0,,0,0,
SBMO,Inverno,18-24,sem_intensidade,TS,0,0,,0,0,
SBMO,Inverno,18-24,sem_intensidade,TSRA,0,0,,0,0,
SBMO,Inverno,18-24,sem_intensidade,+RA,0,0,,0,0,
SBMO,Inverno,TODOS,exato,TS,0,0,,0,0,
SBMO,Inverno,TODOS,exato,+RA,0,0,,0,0,
SBMO,Inverno,TODOS,exato,+TSRA,0,0,,0,0,
SBMO,Inverno,TODOS,exato,TSRA,0,0,,0,0,
SBMO,Inverno,TODOS,sem_intensidade,TS,0,0,,0,0,
SBMO,Inverno,TODOS,sem_intensidade,TSRA,0,0,,0,0,
SBMO,Inverno,TODOS,sem_intensidade,+RA,0,0,,0,0,
SBMO,Primavera,00-06,exato,TS,0,0,,0,0,
SBMO,Primavera,00-06,exato,+RA,0,0,,0,0,
SBMO,Primavera,00-06,exato,+TSRA,0,0,,0,0,
SBMO,Primavera,00-06,exato,TSRA,0,0,,0,0,
SBMO,Primavera,00-06,sem_intensidade,TS,0,0,,0,0,
SBMO,Primavera,00-06,sem_intensidade,TSRA,0,0,,0,0,
SBMO,Primavera,00-06,sem_intensidade,+RA,0,0,,0,0,
SBMO,Primavera,06-12,exato,TS,0,0,,0,0,
SBMO,Primavera,06-12,exato,+RA,0,0,,0,0,
SBMO,Primavera,06-12,exato,+TSRA,0,0,,0,0,
SBMO,Primavera,06-12,exato,TSRA,0,0,,0,0,
SBMO,Primavera,06-12,sem_intensidade,TS,0,0,,0,0,
SBMO,Primavera,06-12,sem_intensidade,TSRA,0,0,,0,0,
SBMO,Primavera,06-12,sem_intensidade,+RA,0,0,,0,0,
SBMO,Primavera,12-18,exato,TS,0,0,,0,0,
SBMO,Primavera,12-18,exato,+RA,0,0,,0,0,
SBMO,Primavera,12-18,exato,+TSRA,0,0,,0,0,
SBMO,Primavera,12-18,exato,TSRA,0,0,,0,0,
SBMO,Primavera,12-18,sem_intensidade,TS,0,0,,0,0,
SBMO,Primavera,12-18,sem_intensidade,TSRA,0,0,,0,0,
SBMO,Primavera,12-18,sem_intensidade,+RA,0,0,,0,0,
SBMO,Primavera,18-24,exato,TS,0,0,,0,0,
SBMO,Primavera,18-24,exato,+RA,0,0,,0,0,
SBMO,Primavera,18-24,exato,+TSRA,0,0,,0,0,
SBMO,Primavera,18-24,exato,TSRA,0,0,,0,0,
SBMO,Primavera,18-24,sem_intensidade,TS,0,0,,0,0,
SBMO,Primavera,18-24,sem_intensidade,TSRA,0,0,,0,0,
SBMO,Primavera,18-24,sem_intensidade,+RA,0,0,,0,0,
SBMO,Primavera,TODOS,exato,TS,0,0,,0,0,
SBMO,Primavera,TODOS,exato,+RA,0,0,,0,0,
SBMO,Primavera,TODOS,exato,+TSRA,0,0,,0,0,
SBMO,Primavera,TODOS,exato,TSRA,0,0,,0,0,
SBMO,Primavera,TODOS,sem_intensidade,TS,0,0,,0,0,
SBMO,Primavera,TODOS,sem_intensidade,TSRA,0,0,,0,0,
SBMO,Primavera,TODOS,sem_intensidade,+RA,0,0,,0,0,
SBMO,TODAS,00-06,exato,TS,0,0,,0,0,
SBMO,TODAS,00-06,exato,+RA,0,0,,0,0,
SBMO,TODAS,00-06,exato,+TSRA,0,0,,0,0,
SBMO,TODAS,00-06,exato,TSRA,0,0,,0,0,
SBMO,TODAS,00-06,sem_intensidade,TS,0,0,,0,0,
SBMO,TODAS,00-06,sem_intensidade,TSRA,0,0,,0,0,
SBMO,TODAS,00-06,sem_intensidade,+RA,0,0,,0,0,
SBMO,TODAS,06-12,exato,TS,0,0,,0,0,
SBMO,TODAS,06-12,exato,+RA,0,0,,0,0,
SBMO,TODAS,06-12,exato,+TSRA,0,0,,0,0,
SBMO,TODAS,06-12,exato,TSRA,0,0,,0,0,
SBMO,TODAS,06-12,sem_intensidade,TS,0,0,,0,0,
SBMO,TODAS,06-12,sem_intensidade,TSRA,0,0,,0,0,
SBMO,TODAS,06-12,sem_intensidade,+RA,0,0,,0,0,
SBMO,TODAS,12-18,exato,TS,0,0,,0,0,
SBMO,TODAS,12-18,exato,+RA,0,0,,0,0,
SBMO,TODAS,12-18,exato,+TSRA,0,0,,0,0,
SBMO,TODAS,12-18,exato,TSRA,1,0,0.0,0,0,
SBMO,TODAS,12-18,sem_intensidade,TS,0,0,,0,0,
SBMO,TODAS,12-18,sem_intensidade,TSRA,1,0,0.0,1,0,0.0
SBMO,TODAS,12-18,sem_intensidade,+RA,0,0,,0,0,
SBMO,TODAS,18-24,exato,TS,5,0,0.0,0,0,
SBMO,TODAS,18-24,exato,+RA,0,0,,0,0,
SBMO,TODAS,18-24,exato,+TSRA,0,0,,0,0,
SBMO,TODAS,18-24,exato,TSRA,1,0,0.0,0,0,
SBMO,TODAS,18-24,sem_intensidade,TS,5,0,0.0,0,0,
SBMO,TODAS,18-24,sem_intensidade,TSRA,1,0,0.0,0,0,
SBMO,TODAS,18-24,sem_intensidade,+RA,0,0,,0,0,
SBMO,TODAS,TODOS,exato,TS,5,0,0.0,0,0,
SBMO,TODAS,TODOS,exato,+RA,0,0,,0,0,
SBMO,TODAS,TODOS,exato,+TSRA,0,0,,0,0,
SBMO,TODAS,TODOS,exato,TSRA,2,0,0.0,0,0,
SBMO,TODAS,TODOS,sem_intensidade,TS,5,0,0.0,0,0,
SBMO,TODAS,TODOS,sem_intensidade,TSRA,2,0,0.0,1,0,0.0
SBMO,TODAS,TODOS,sem_intensidade,+RA,0,0,,0,0,
SBNM,Verao,00-06,exato,TS,0,0,,0,0,
SBNM,Verao,00-06,exato,+RA,0,0,,0,0,
SBNM,Verao,00-06,exato,+TSRA,0,0,,0,0,
SBNM,Verao,00-06,exato,TSRA,0,0,,0,0,
SBNM,Verao,00-06,sem_intensidade,TS,0,0,,0,0,
SBNM,Verao,00-06,sem_intensidade,TSRA,0,0,,0,0,
SBNM,Verao,00-06,sem_intensidade,+RA,0,0,,0,0,
SBNM,Verao,06-12,exato,TS,0,0,,0,0,
SBNM,Verao,06-12,exato,+RA,0,0,,0,0,
SBNM,Verao,06-12,exato,+TSRA,0,0,,0,0,
SBNM,Verao,06-12,exato,TSRA,0,0,,0,0,
SBNM,Verao,06-12,sem_intensidade,TS,0,0,,0,0,
SBNM,Verao,06-12,sem_intensidade,TSRA,0,0,,0,0,
SBNM,Verao,06-12,sem_intensidade,+RA,0,0,,0,0,
SBNM,Verao,12-18,exato,TS,0,0,,0,0,
SBNM,Verao,12-18,exato,+RA,0,0,,0,0,
SBNM,Verao,12-18,exato,+TSRA,0,0,,0,0,
SBNM,Verao,12-18,exato,TSRA,0,0,,0,0,
SBNM,Verao,12-18,sem_intensidade,TS,0,0,,0,0,
SBNM,Verao,12-18,sem_intensidade,TSRA,0,0,,0,0,
SBNM,Verao,12-18,sem_intensidade,+RA,0,0,,0,0,
SBNM,Verao,18-24,exato,TS,0,0,,0,0,
SBNM,Verao,18-24,exato,+RA,0,0,,0,0,
SBNM,Verao,18-24,exato,+TSRA,0,0,,0,0,
SBNM,Verao,18-24,exato,TSRA,0,0,,0,0,
SBNM,Verao,18-24,sem_intensidade,TS,0,0,,0,0,
SBNM,Verao,18-24,sem_intensidade,TSRA,0,0,,0,0,
SBNM,Verao,18-24,sem_intensidade,+RA,0,0,,0,0,
SBNM,Verao,TODOS,exato,TS,0,0,,0,0,
SBNM,Verao,TODOS,exato,+RA,0,0,,0,0,
SBNM,Verao,TODOS,exato,+TSRA,0,0,,0,0,
SBNM,Verao,TODOS,exato,TSRA,0,0,,0,0,
SBNM,Verao,TODOS,sem_intensidade,TS,0,0,,0,0,
SBNM,Verao,TODOS,sem_intensidade,TSRA,0,0,,0,0,
SBNM,Verao,TODOS,sem_intensidade,+RA,0,0,,0,0,
SBNM,Outono,00-06,exato,TS,0,0,,0,0,
SBNM,Outono,00-06,exato,+RA,0,0,,0,0,
SBNM,Outono,00-06,exato,+TSRA,0,0,,0,0,
SBNM,Outono,00-06,exato,TSRA,0,0,,0,0,
SBNM,Outono,00-06,sem_intensidade,TS,0,0,,0,0,
SBNM,Outono,00-06,sem_intensidade,TSRA,0,0,,0,0,
SBNM,Outono,00-06,sem_intensidade,+RA,0,0,,0,0,
SBNM,Outono,06-12,exato,TS,0,0,,0,0,
SBNM,Outono,06-12,exato,+RA,0,0,,0,0,
SBNM,Outono,06-12,exato,+TSRA,0,0,,0,0,
SBNM,Outono,06-12,exato,TSRA,0,0,,0,0,
SBNM,Outono,06-12,sem_intensidade,TS,0,0,,0,0,
SBNM,Outono,06-12,sem_intensidade,TSRA,0,0,,0,0,
SBNM,Outono,06-12,sem_intensidade,+RA,0,0,,0,0,
SBNM,Outono,12-18,exato,TS,0,0,,0,0,
SBNM,Outono,12-18,exato,+RA,0,0,,0,0,
SBNM,Outono,12-18,exato,+TSRA,0,0,,0,0,
SBNM,Outono,12-18,exato,TSRA,0,0,,0,0,
SBNM,Outono,12-18,sem_intensidade,TS,0,0,,0,0,
SBNM,Outono,12-18,sem_intensidade,TSRA,0,0,,0,0,
SBNM,Outono,12-18,sem_intensidade,+RA,0,0,,0,0,
SBNM,Outono,18-24,exato,TS,0,0,,0,0,
SBNM,Outono,18-24,exato,+RA,0,0,,0,0,
SBNM,Outono,18-24,exato,+TSRA,0,0,,0,0,
SBNM,Outono,18-24,exato,TSRA,0,0,,0,0,
SBNM,Outono,18-24,sem_intensidade,TS,0,0,,0,0,
SBNM,Outono,18-24,sem_intensidade,TSRA,0,0,,0,0,
SBNM,Outono,18-24,sem_intensidade,+RA,0,0,,0,0,
SBNM,Outono,TODOS,exato,TS,0,0,,0,0,
SBNM,Outono,TODOS,exato,+RA,0,0,,0,0,
SBNM,Outono,TODOS,exato,+TSRA,0,0,,0,0,
SBNM,Outono,TODOS,exato,TSRA,0,0,,0,0,
SBNM,Outono,TODOS,sem_intensidade,TS,0,0,,0,0,
SBNM,Outono,TODOS,sem_intensidade,TSRA,0,0,,0,0,
SBNM,Outono,TODOS,sem_intensidade,+RA,0,0,,0,0,
SBNM,Inverno,00-06,exato,TS,0,0,,0,0,
SBNM,Inverno,00-06,exato,+RA,0,0,,0,0,
SBNM,Inverno,00-06,exato,+TSRA,0,0,,0,0,
SBNM,Inverno,00-06,exato,TSRA,0,0,,0,0,
SBNM,Inverno,00-06,sem_intensidade,TS,0,0,,0,0,
SBNM,Inverno,00-06,sem_intensidade,TSRA,0,0,,0,0,
SBNM,Inverno,00-06,sem_intensidade,+RA,0,0,,0,0,
SBNM,Inverno,06-12,exato,TS,0,0,,0,0,
SBNM,Inverno,06-12,exato,+RA,0,0,,0,0,
SBNM,Inverno,06-12,exato,+TSRA,0,0,,0,0,
SBNM,Inverno,06-12,exato,TSRA,0,0,,0,0,
SBNM,Inverno,06-12,sem_intensidade,TS,0,0,,0,0,
SBNM,Inverno,06-12,sem_intensidade,TSRA,0,0,,0,0,
SBNM,Inverno,06-12,sem_intensidade,+RA,0,0,,0,0,
SBNM,Inverno,12-18,exato,TS,0,0,,0,0,
SBNM,Inverno,12-18,exato,+RA,0,0,,0,0,
SBNM,Inverno,12-18,exato,+TSRA,0,0,,0,0,
SBNM,Inverno,12-18,exato,TSRA,0,0,,0,0,
SBNM,Inverno,12-18,sem_intensidade,TS,0,0,,0,0,
SBNM,Inverno,12-18,sem_intensidade,TSRA,0,0,,0,0,
SBNM,Inverno,12-18,sem_intensidade,+RA,0,0,,0,0,
SBNM,Inverno,18-24,exato,TS,0,0,,0,0,
SBNM,Inverno,18-24,exato,+RA,0,0,,0,0,
SBNM,Inverno,18-24,exato,+TSRA,0,0,,0,0,
SBNM,Inverno,18-24,exato,TSRA,0,0,,0,0,
SBNM,Inverno,18-24,sem_intensidade,TS,0,0,,0,0,
SBNM,Inverno,18-24,sem_intensidade,TSRA,0,0,,0,0,
SBNM,Inverno,18-24,sem_intensidade,+RA,0,0,,0,0,
SBNM,Inverno,TODOS,exato,TS,0,0,,0,0,
SBNM,Inverno,TODOS,exato,+RA,0,0,,0,0,
SBNM,Inverno,TODOS,exato,+TSRA,0,0,,0,0,
SBNM,Inverno,TODOS,exato,TSRA,0,0,,0,0,
SBNM,Inverno,TODOS,sem_intensidade,TS,0,0,,0,0,
SBNM,Inverno,TODOS,sem_intensidade,TSRA,0,0,,0,0,
SBNM,Inverno,TODOS,sem_intensidade,+RA,0,0,,0,0,
SBNM,Primavera,00-06,exato,TS,0,0,,0,0,
SBNM,Primavera,00-06,exato,+RA,0,0,,0,0,
SBNM,Primavera,00-06,exato,+TSRA,0,0,,0,0,
SBNM,Primavera,00-06,exato,TSRA,0,0,,0,0,
SBNM,Primavera,00-06,sem_intensidade,TS,0,0,,0,0,
SBNM,Primavera,00-06,sem_intensidade,TSRA,0,0,,0,0,
SBNM,Primavera,00-06,sem_intensidade,+RA,0,0,,0,0,
SBNM,Primavera,06-12,exato,TS,0,0,,0,0,
SBNM,Primavera,06-12,exato,+RA,0,0,,0,0,
SBNM,Primavera,06-12,exato,+TSRA,0,0,,0,0,
SBNM,Primavera,06-12,exato,TSRA,0,0,,0,0,
SBNM,Primavera,06-12,sem_intensidade,TS,0,0,,0,0,
SBNM,Primavera,06-12,sem_intensidade,TSRA,0,0,,0,0,
SBNM,Primavera,06-12,sem_intensidade,+RA,0,0,,0,0,
SBNM,Primavera,12-18,exato,TS,0,0,,0,0,
SBNM,Primavera,12-18,exato,+RA,0,0,,0,0,
SBNM,Primavera,12-18,exato,+TSRA,0,0,,0,0,
SBNM,Primavera,12-18,exato,TSRA,0,0,,0,0,
SBNM,Primavera,12-18,sem_intensidade,TS,0,0,,0,0,
SBNM,Primavera,12-18,sem_intensidade,TSRA,0,0,,0,0,
SBNM,Primavera,12-18,sem_intensidade,+RA,0,0,,0,0,
SBNM,Primavera,18-24,exato,TS,0,0,,0,0,
SBNM,Primavera,18-24,exato,+RA,0,0,,0,0,
SBNM,Primavera,18-24,exato,+TSRA,0,0,,0,0,
SBNM,Primavera,18-24,exato,TSRA,0,0,,0,0,
SBNM,Primavera,18-24,sem_intensidade,TS,0,0,,0,0,
SBNM,Primavera,18-24,sem_intensidade,TSRA,0,0,,0,0,
SBNM,Primavera,18-24,sem_intensidade,+RA,0,0,,0,0,
SBNM,Primavera,TODOS,exato,TS,0,0,,0,0,
SBNM,Primavera,TODOS,exato,+RA,0,0,,0,0,
SBNM,Primavera,TODOS,exato,+TSRA,0,0,,0,0,
SBNM,Primavera,TODOS,exato,TSRA,0,0,,0,0,
SBNM,Primavera,TODOS,sem_intensidade,TS,0,0,,0,0,
SBNM,Primavera,TODOS,sem_intensidade,TSRA,0,0,,0,0,
SBNM,Primavera,TODOS,sem_intensidade,+RA,0,0,,0,0,
SBNM,TODAS,00-06,exato,TS,0,0,,0,0,
SBNM,TODAS,00-06,exato,+RA,0,0,,0,0,
SBNM,TODAS,00-06,exato,+TSRA,0,0,,0,0,
SBNM,TODAS,00-06,exato,TSRA,0,0,,0,0,
SBNM,TODAS,00-06,sem_intensidade,TS,0,0,,0,0,
SBNM,TODAS,00-06,sem_intensidade,TSRA,0,0,,0,0,
SBNM,TODAS,00-06,sem_intensidade,+RA,0,0,,0,0,
SBNM,TODAS,06-12,exato,TS,0,0,,0,0,
SBNM,TODAS,06-12,exato,+RA,0,0,,0,0,
SBNM,TODAS,06-12,exato,+TSRA,0,0,,0,0,
SBNM,TODAS,06-12,exato,TSRA,0,0,,0,0,
SBNM,TODAS,06-12,sem_intensidade,TS,0,0,,0,0,
SBNM,TODAS,06-12,sem_intensidade,TSRA,0,0,,0,0,
SBNM,TODAS,06-12,sem_intensidade,+RA,0,0,,0,0,
SBNM,TODAS,12-18,exato,TS,0,0,,0,0,
SBNM,TODAS,12-18,exato,+RA,0,0,,0,0,
SBNM,TODAS,12-18,exato,+TSRA,0,0,,0,0,
SBNM,TODAS,12-18,exato,TSRA,0,0,,0,0,
SBNM,TODAS,12-18,sem_intensidade,TS,0,0,,0,0,
SBNM,TODAS,12-18,sem_intensidade,TSRA,0,0,,0,0,
SBNM,TODAS,12-18,sem_intensidade,+RA,0,0,,0,0,
SBNM,TODAS,18-24,exato,TS,0,0,,0,0,
SBNM,TODAS,18-24,exato,+RA,0,0,,0,0,
SBNM,TODAS,18-24,exato,+TSRA,0,0,,0,0,
SBNM,TODAS,18-24,exato,TSRA,0,0,,0,0,
SBNM,TODAS,18-24,sem_intensidade,TS,0,0,,0,0,
SBNM,TODAS,18-24,sem_intensidade,TSRA,0,0,,0,0,
SBNM,TODAS,18-24,sem_intensidade,+RA,0,0,,0,0,
SBNM,TODAS,TODOS,exato,TS,0,0,,0,0,
SBNM,TODAS,TODOS,exato,+RA,0,0,,0,0,
SBNM,TODAS,TODOS,exato,+TSRA,0,0,,0,0,
SBNM,TODAS,TODOS,exato,TSRA,0,0,,0,0,
SBNM,TODAS,TODOS,sem_intensidade,TS,0,0,,0,0,
SBNM,TODAS,TODOS,sem_intensidade,TSRA,0,0,,0,0,
SBNM,TODAS,TODOS,sem_intensidade,+RA,0,0,,0,0,
SBNT,Verao,00-06,exato,TS,0,0,,0,0,
SBNT,Verao,00-06,exato,+RA,0,0,,0,0,
SBNT,Verao,00-06,exato,+TSRA,0,0,,0,0,
SBNT,Verao,00-06,exato,TSRA,0,0,,0,0,
SBNT,Verao,00-06,sem_intensidade,TS,0,0,,0,0,
SBNT,Verao,00-06,sem_intensidade,TSRA,0,0,,0,0,
SBNT,Verao,00-06,sem_intensidade,+RA,0,0,,0,0,
SBNT,Verao,06-12,exato,TS,0,0,,0,0,
SBNT,Verao,06-12,exato,+RA,0,0,,0,0,
SBNT,Verao,06-12,exato,+TSRA,0,0,,0,0,
SBNT,Verao,06-12,exato,TSRA,0,0,,0,0,
SBNT,Verao,06-12,sem_intensidade,TS,0,0,,0,0,
SBNT,Verao,06-12,sem_intensidade,TSRA,0,0,,0,0,
SBNT,Verao,06-12,sem_intensidade,+RA,0,0,,0,0,
SBNT,Verao,12-18,exato,TS,0,0,,0,0,
SBNT,Verao,12-18,exato,+RA,0,0,,0,0,
SBNT,Verao,12-18,exato,+TSRA,0,0,,0,0,
SBNT,Verao,12-18,exato,TSRA,0,0,,0,0,
SBNT,Verao,12-18,sem_intensidade,TS,0,0,,0,0,
SBNT,Verao,12-18,sem_intensidade,TSRA,0,0,,0,0,
SBNT,Verao,12-18,sem_intensidade,+RA,0,0,,0,0,
SBNT,Verao,18-24,exato,TS,0,0,,0,0,
SBNT,Verao,18-24,exato,+RA,0,0,,0,0,
SBNT,Verao,18-24,exato,+TSRA,0,0,,0,0,
SBNT,Verao,18-24,exato,TSRA,0,0,,0,0,
SBNT,Verao,18-24,sem_intensidade,TS,0,0,,0,0,
SBNT,Verao,18-24,sem_intensidade,TSRA,0,0,,0,0,
SBNT,Verao,18-24,sem_intensidade,+RA,0,0,,0,0,
SBNT,Verao,TODOS,exato,TS,0,0,,0,0,
SBNT,Verao,TODOS,exato,+RA,0,0,,0,0,
SBNT,Verao,TODOS,exato,+TSRA,0,0,,0,0,
SBNT,Verao,TODOS,exato,TSRA,0,0,,0,0,
SBNT,Verao,TODOS,sem_intensidade,TS,0,0,,0,0,
SBNT,Verao,TODOS,sem_intensidade,TSRA,0,0,,0,0,
SBNT,Verao,TODOS,sem_intensidade,+RA,0,0,,0,0,
SBNT,Outono,00-06,exato,TS,0,0,,0,0,
SBNT,Outono,00-06,exato,+RA,0,0,,0,0,
SBNT,Outono,00-06,exato,+TSRA,0,0,,0,0,
SBNT,Outono,00-06,exato,TSRA,0,0,,0,0,
SBNT,Outono,00-06,sem_intensidade,TS,0,0,,0,0,
SBNT,Outono,00-06,sem_intensidade,TSRA,0,0,,0,0,
SBNT,Outono,00-06,sem_intensidade,+RA,0,0,,0,0,
SBNT,Outono,06-12,exato,TS,0,0,,0,0,
SBNT,Outono,06-12,exato,+RA,0,0,,0,0,
SBNT,Outono,06-12,exato,+TSRA,0,0,,0,0,
SBNT,Outono,06-12,exato,TSRA,0,0,,0,0,
SBNT,Outono,06-12,sem_intensidade,TS,0,0,,0,0,
SBNT,Outono,06-12,sem_intensidade,TSRA,0,0,,0,0,
SBNT,Outono,06-12,sem_intensidade,+RA,0,0,,0,0,
SBNT,Outono,12-18,exato,TS,0,0,,0,0,
SBNT,Outono,12-18,exato,+RA,0,0,,0,0,
SBNT,Outono,12-18,exato,+TSRA,0,0,,0,0,
SBNT,Outono,12-18,exato,TSRA,0,0,,0,0,
SBNT,Outono,12-18,sem_intensidade,TS,0,0,,0,0,
SBNT,Outono,12-18,sem_intensidade,TSRA,0,0,,0,0,
SBNT,Outono,12-18,sem_intensidade,+RA,0,0,,0,0,
SBNT,Outono,18-24,exato,TS,0,0,,0,0,
SBNT,Outono,18-24,exato,+RA,0,0,,0,0,
SBNT,Outono,18-24,exato,+TSRA,0,0,,0,0,
SBNT,Outono,18-24,exato,TSRA,0,0,,0,0,
SBNT,Outono,18-24,sem_intensidade,TS,0,0,,0,0,
SBNT,Outono,18-24,sem_intensidade,TSRA,0,0,,0,0,
SBNT,Outono,18-24,sem_intensidade,+RA,0,0,,0,0,
SBNT,Outono,TODOS,exato,TS,0,0,,0,0,
SBNT,Outono,TODOS,exato,+RA,0,0,,0,0,
SBNT,Outono,TODOS,exato,+TSRA,0,0,,0,0,
SBNT,Outono,TODOS,exato,TSRA,0,0,,0,0,
SBNT,Outono,TODOS,sem_intensidade,TS,0,0,,0,0,
SBNT,Outono,TODOS,sem_intensidade,TSRA,0,0,,0,0,
SBNT,Outono,TODOS,sem_intensidade,+RA,0,0,,0,0,
SBNT,Inverno,00-06,exato,TS,0,0,,0,0,
SBNT,Inverno,00-06,exato,+RA,0,0,,0,0,
SBNT,Inverno,00-06,exato,+TSRA,0,0,,0,0,
SBNT,Inverno,00-06,exato,TSRA,0,0,,0,0,
SBNT,Inverno,00-06,sem_intensidade,TS,0,0,,0,0,
SBNT,Inverno,00-06,sem_intensidade,TSRA,0,0,,0,0,
SBNT,Inverno,00-06,sem_intensidade,+RA,0,0,,0,0,
SBNT,Inverno,06-12,exato,TS,0,0,,0,0,
SBNT,Inverno,06-12,exato,+RA,0,0,,0,0,
SBNT,Inverno,06-12,exato,+TSRA,0,0,,0,0,
SBNT,Inverno,06-12,exato,TSRA,0,0,,0,0,
SBNT,Inverno,06-12,sem_intensidade,TS,0,0,,0,0,
SBNT,Inverno,06-12,sem_intensidade,TSRA,0,0,,0,0,
SBNT,Inverno,06-12,sem_intensidade,+RA,0,0,,0,0,
SBNT,Inverno,12-18,exato,TS,0,0,,0,0,
SBNT,Inverno,12-18,exato,+RA,0,0,,0,0,
SBNT,Inverno,12-18,exato,+TSRA,0,0,,0,0,
SBNT,Inverno,12-18,exato,TSRA,0,0,,0,0,
SBNT,Inverno,12-18,sem_intensidade,TS,0,0,,0,0,
SBNT,Inverno,12-18,sem_intensidade,TSRA,0,0,,0,0,
SBNT,Inverno,12-18,sem_intensidade,+RA,0,0,,0,0,
SBNT,Inverno,18-24,exato,TS,0,0,,0,0,
SBNT,Inverno,18-24,exato,+RA,0,0,,0,0,
SBNT,Inverno,18-24,exato,+TSRA,0,0,,0,0,
SBNT,Inverno,18-24,exato,TSRA,0,0,,0,0,
SBNT,Inverno,18-24,sem_intensidade,TS,0,0,,0,0,
SBNT,Inverno,18-24,sem_intensidade,TSRA,0,0,,0,0,
SBNT,Inverno,18-24,sem_intensidade,+RA,0,0,,0,0,
SBNT,Inverno,TODOS,exato,TS,0,0,,0,0,
SBNT,Inverno,TODOS,exato,+RA,0,0,,0,0,
SBNT,Inverno,TODOS,exato,+TSRA,0,0,,0,0,
SBNT,Inverno,TODOS,exato,TSRA,0,0,,0,0,
SBNT,Inverno,TODOS,sem_intensidade,TS,0,0,,0,0,
SBNT,Inverno,TODOS,sem_intensidade,TSRA,0,0,,0,0,
SBNT,Inverno,TODOS,sem_intensidade,+RA,0,0,,0,0,
SBNT,Primavera,00-06,exato,TS,0,0,,0,0,
SBNT,Primavera,00-06,exato,+RA,0,0,,0,0,
SBNT,Primavera,00-06,exato,+TSRA,0,0,,0,0,
SBNT,Primavera,00-06,exato,TSRA,0,0,,0,0,
SBNT,Primavera,00-06,sem_intensidade,TS,0,0,,0,0,
SBNT,Primavera,00-06,sem_intensidade,TSRA,0,0,,0,0,
SBNT,Primavera,00-06,sem_intensidade,+RA,0,0,,0,0,
SBNT,Primavera,06-12,exato,TS,0,0,,0,0,
SBNT,Primavera,06-12,exato,+RA,0,0,,0,0,
SBNT,Primavera,06-12,exato,+TSRA,0,0,,0,0,
SBNT,Primavera,06-12,exato,TSRA,0,0,,0,0,
SBNT,Primavera,06-12,sem_intensidade,TS,0,0,,0,0,
SBNT,Primavera,06-12,sem_intensidade,TSRA,0,0,,0,0,
SBNT,Primavera,06-12,sem_intensidade,+RA,0,0,,0,0,
SBNT,Primavera,12-18,exato,TS,0,0,,0,0,
SBNT,Primavera,12-18,exato,+RA,0,0,,0,0,
SBNT,Primavera,12-18,exato,+TSRA,0,0,,0,0,
SBNT,Primavera,12-18,exato,TSRA,0,0,,0,0,
SBNT,Primavera,12-18,sem_intensidade,TS,0,0,,0,0,
SBNT,Primavera,12-18,sem_intensidade,TSRA,0,0,,0,0,
SBNT,Primavera,12-18,sem_intensidade,+RA,0,0,,0,0,
SBNT,Primavera,18-24,exato,TS,0,0,,0,0,
SBNT,Primavera,18-24,exato,+RA,0,0,,0,0,
SBNT,Primavera,18-24,exato,+TSRA,0,0,,0,0,
SBNT,Primavera,18-24,exato,TSRA,0,0,,0,0,
SBNT,Primavera,18-24,sem_intensidade,TS,0,0,,0,0,
SBNT,Primavera,18-24,sem_intensidade,TSRA,0,0,,0,0,
SBNT,Primavera,18-24,sem_intensidade,+RA,0,0,,0,0,
SBNT,Primavera,TODOS,exato,TS,0,0,,0,0,
SBNT,Primavera,TODOS,exato,+RA,0,0,,0,0,
SBNT,Primavera,TODOS,exato,+TSRA,0,0,,0,0,
SBNT,Primavera,TODOS,exato,TSRA,0,0,,0,0,
SBNT,Primavera,TODOS,sem_intensidade,TS,0,0,,0,0,
SBNT,Primavera,TODOS,sem_intensidade,TSRA,0,0,,0,0,
SBNT,Primavera,TODOS,sem_intensidade,+RA,0,0,,0,0,
SBNT,TODAS,00-06,exato,TS,0,0,,0,0,
SBNT,TODAS,00-06,exato,+RA,0,0,,0,0,
SBNT,TODAS,00-06,exato,+TSRA,0,0,,0,0,
SBNT,TODAS,00-06,exato,TSRA,0,0,,0,0,
SBNT,TODAS,00-06,sem_intensidade,TS,0,0,,0,0,
SBNT,TODAS,00-06,sem_intensidade,TSRA,0,0,,0,0,
SBNT,TODAS,00-06,sem_intensidade,+RA,0,0,,0,0,
SBNT,TODAS,06-12,exato,TS,0,0,,0,0,
SBNT,TODAS,06-12,exato,+RA,0,0,,0,0,
SBNT,TODAS,06-12,exato,+TSRA,0,0,,0,0,
SBNT,TODAS,06-12,exato,TSRA,0,0,,0,0,
SBNT,TODAS,06-12,sem_intensidade,TS,0,0,,0,0,
SBNT,TODAS,06-12,sem_intensidade,TSRA,0,0,,0,0,
SBNT,TODAS,06-12,sem_intensidade,+RA,0,0,,0,0,
SBNT,TODAS,12-18,exato,TS,0,0,,0,0,
SBNT,TODAS,12-18,exato,+RA,0,0,,0,0,
SBNT,TODAS,12-18,exato,+TSRA,0,0,,0,0,
SBNT,TODAS,12-18,exato,TSRA,0,0,,0,0,
SBNT,TODAS,12-18,sem_intensidade,TS,0,0,,0,0,
SBNT,TODAS,12-18,sem_intensidade,TSRA,0,0,,0,0,
SBNT,TODAS,12-18,sem_intensidade,+RA,0,0,,0,0,
SBNT,TODAS,18-24,exato,TS,0,0,,0,0,
SBNT,TODAS,18-24,exato,+RA,0,0,,0,0,
SBNT,TODAS,18-24,exato,+TSRA,0,0,,0,0,
SBNT,TODAS,18-24,exato,TSRA,0,0,,0,0,
SBNT,TODAS,18-24,sem_intensidade,TS,0,0,,0,0,
SBNT,TODAS,18-24,sem_intensidade,TSRA,0,0,,0,0,
SBNT,TODAS,18-24,sem_intensidade,+RA,0,0,,0,0,
SBNT,TODAS,TODOS,exato,TS,0,0,,0,0,
SBNT,TODAS,TODOS,exato,+RA,0,0,,0,0,
SBNT,TODAS,TODOS,exato,+TSRA,0,0,,0,0,
SBNT,TODAS,TODOS,exato,TSRA,0,0,,0,0,
SBNT,TODAS,TODOS,sem_intensidade,TS,0,0,,0,0,
SBNT,TODAS,TODOS,sem_intensidade,TSRA,0,0,,0,0,
SBNT,TODAS,TODOS,sem_intensidade,+RA,0,0,,0,0,
SBPA,Verao,00-06,exato,TS,0,0,,0,0,
SBPA,Verao,00-06,exato,+RA,0,0,,0,0,
SBPA,Verao,00-06,exato,+TSRA,0,0,,0,0,
SBPA,Verao,00-06,exato,TSRA,0,0,,0,0,
SBPA,Verao,00-06,sem_intensidade,TS,0,0,,0,0,
SBPA,Verao,00-06,sem_intensidade,TSRA,0,0,,0,0,
SBPA,Verao,00-06,sem_intensidade,+RA,0,0,,0,0,
SBPA,Verao,06-12,exato,TS,0,0,,0,0,
SBPA,Verao,06-12,exato,+RA,0,0,,0,0,
SBPA,Verao,06-12,exato,+TSRA,0,0,,0,0,
SBPA,Verao,06-12,exato,TSRA,0,0,,0,0,
SBPA,Verao,06-12,sem_intensidade,TS,0,0,,0,0,
SBPA,Verao,06-12,sem_intensidade,TSRA,0,0,,0,0,
SBPA,Verao,06-12,sem_intensidade,+RA,0,0,,0,0,
SBPA,Verao,12-18,exato,TS,3,1,33.3,1,1,100.0
SBPA,Verao,12-18,exato,+RA,0,0,,1,0,0.0
SBPA,Verao,12-18,exato,+TSRA,0,0,,1,0,0.0
SBPA,Verao,12-18,exato,TSRA,9,0,0.0,0,0,
SBPA,Verao,12-18,sem_intensidade,TS,3,1,33.3,1,1,100.0
SBPA,Verao,12-18,sem_intensidade,TSRA,9,1,11.1,2,1,50.0
SBPA,Verao,12-18,sem_intensidade,+RA,0,0,,1,0,0.0
SBPA,Verao,18-24,exato,TS,0,0,,0,0,
SBPA,Verao,18-24,exato,+RA,0,0,,0,0,
SBPA,Verao,18-24,exato,+TSRA,0,0,,0,0,
SBPA,Verao,18-24,exato,TSRA,5,0,0.0,1,0,0.0
SBPA,Verao,18-24,sem_intensidade,TS,0,0,,0,0,
SBPA,Verao,18-24,sem_intensidade,TSRA,6,2,33.3,3,2,66.7
SBPA,Verao,18-24,sem_intensidade,+RA,0,0,,0,0,
SBPA,Verao,TODOS,exato,TS,3,1,33.3,1,1,100.0
SBPA,Verao,TODOS,exato,+RA,0,0,,1,0,0.0
SBPA,Verao,TODOS,exato,+TSRA,0,0,,1,0,0.0
SBPA,Verao,TODOS,exato,TSRA,14,0,0.0,1,0,0.0
SBPA,Verao,TODOS,sem_intensidade,TS,3,1,33.3,1,1,100.0
SBPA,Verao,TODOS,sem_intensidade,TSRA,15,3,20.0,5,3,60.0
SBPA,Verao,TODOS,sem_intensidade,+RA,0,0,,1,0,0.0
SBPA,Outono,00-06,exato,TS,0,0,,0,0,
SBPA,Outono,00-06,exato,+RA,0,0,,0,0,
SBPA,Outono,00-06,exato,+TSRA,0,0,,0,0,
SBPA,Outono,00-06,exato,TSRA,0,0,,0,0,
SBPA,Outono,00-06,sem_intensidade,TS,0,0,,0,0,
SBPA,Outono,00-06,sem_intensidade,TSRA,0,0,,0,0,
SBPA,Outono,00-06,sem_intensidade,+RA,0,0,,0,0,
SBPA,Outono,06-12,exato,TS,0,0,,0,0,
SBPA,Outono,06-12,exato,+RA,0,0,,0,0,
SBPA,Outono,06-12,exato,+TSRA,0,0,,0,0,
SBPA,Outono,06-12,exato,TSRA,0,0,,0,0,
SBPA,Outono,06-12,sem_intensidade,TS,0,0,,0,0,
SBPA,Outono,06-12,sem_intensidade,TSRA,0,0,,0,0,
SBPA,Outono,06-12,sem_intensidade,+RA,0,0,,0,0,
SBPA,Outono,12-18,exato,TS,0,0,,0,0,
SBPA,Outono,12-18,exato,+RA,0,0,,0,0,
SBPA,Outono,12-18,exato,+TSRA,0,0,,0,0,
SBPA,Outono,12-18,exato,TSRA,4,0,0.0,0,0,
SBPA,Outono,12-18,sem_intensidade,TS,0,0,,0,0,
SBPA,Outono,12-18,sem_intensidade,TSRA,4,0,0.0,0,0,
SBPA,Outono,12-18,sem_intensidade,+RA,0,0,,0,0,
SBPA,Outono,18-24,exato,TS,0,0,,0,0,
SBPA,Outono,18-24,exato,+RA,0,0,,0,0,
SBPA,Outono,18-24,exato,+TSRA,0,0,,0,0,
SBPA,Outono,18-24,exato,TSRA,0,0,,0,0,
SBPA,Outono,18-24,sem_intensidade,TS,0,0,,0,0,
SBPA,Outono,18-24,sem_intensidade,TSRA,0,0,,0,0,
SBPA,Outono,18-24,sem_intensidade,+RA,0,0,,0,0,
SBPA,Outono,TODOS,exato,TS,0,0,,0,0,
SBPA,Outono,TODOS,exato,+RA,0,0,,0,0,
SBPA,Outono,TODOS,exato,+TSRA,0,0,,0,0,
SBPA,Outono,TODOS,exato,TSRA,4,0,0.0,0,0,
SBPA,Outono,TODOS,sem_intensidade,TS,0,0,,0,0,
SBPA,Outono,TODOS,sem_intensidade,TSRA,4,0,0.0,0,0,
SBPA,Outono,TODOS,sem_intensidade,+RA,0,0,,0,0,
SBPA,Inverno,00-06,exato,TS,0,0,,0,0,
SBPA,Inverno,00-06,exato,+RA,0,0,,0,0,
SBPA,Inverno,00-06,exato,+TSRA,0,0,,0,0,
SBPA,Inverno,00-06,exato,TSRA,0,0,,0,0,
SBPA,Inverno,00-06,sem_intensidade,TS,0,0,,0,0,
SBPA,Inverno,00-06,sem_intensidade,TSRA,0,0,,0,0,
SBPA,Inverno,00-06,sem_intensidade,+RA,0,0,,0,0,
SBPA,Inverno,06-12,exato,TS,0,0,,0,0,
SBPA,Inverno,06-12,exato,+RA,0,0,,0,0,
SBPA,Inverno,06-12,exato,+TSRA,0,0,,0,0,
SBPA,Inverno,06-12,exato,TSRA,0,0,,0,0,
SBPA,Inverno,06-12,sem_intensidade,TS,0,0,,0,0,
SBPA,Inverno,06-12,sem_intensidade,TSRA,0,0,,0,0,
SBPA,Inverno,06-12,sem_intensidade,+RA,0,0,,0,0,
SBPA,Inverno,12-18,exato,TS,0,0,,0,0,
SBPA,Inverno,12-18,exato,+RA,0,0,,0,0,
SBPA,Inverno,12-18,exato,+TSRA,0,0,,0,0,
SBPA,Inverno,12-18,exato,TSRA,21,7,33.3,7,7,100.0
SBPA,Inverno,12-18,sem_intensidade,TS,0,0,,0,0,
SBPA,Inverno,12-18,sem_intensidade,TSRA,22,11,50.0,17,11,64.7
SBPA,Inverno,12-18,sem_intensidade,+RA,0,0,,0,0,
SBPA,Inverno,18-24,exato,TS,0,0,,0,0,
SBPA,Inverno,18-24,exato,+RA,0,0,,0,0,
SBPA,Inverno,18-24,exato,+TSRA,0,0,,0,0,
SBPA,Inverno,18-24,exato,TSRA,5,0,0.0,0,0,
SBPA,Inverno,18-24,sem_intensidade,TS,0,0,,0,0,
SBPA,Inverno,18-24,sem_intensidade,TSRA,5,0,0.0,0,0,
SBPA,Inverno,18-24,sem_intensidade,+RA,0,0,,0,0,
SBPA,Inverno,TODOS,exato,TS,0,0,,0,0,
SBPA,Inverno,TODOS,exato,+RA,0,0,,0,0,
SBPA,Inverno,TODOS,exato,+TSRA,0,0,,0,0,
SBPA,Inverno,TODOS,exato,TSRA,26,7,26.9,7,7,100.0
SBPA,Inverno,TODOS,sem_intensidade,TS,0,0,,0,0,
SBPA,Inverno,TODOS,sem_intensidade,TSRA,27,11,40.7,17,11,64.7
SBPA,Inverno,TODOS,sem_intensidade,+RA,0,0,,0,0,
SBPA,Primavera,00-06,exato,TS,0,0,,0,0,
SBPA,Primavera,00-06,exato,+RA,0,0,,0,0,
SBPA,Primavera,00-06,exato,+TSRA,0,0,,0,0,
SBPA,Primavera,00-06,exato,TSRA,0,0,,0,0,
SBPA,Primavera,00-06,sem_intensidade,TS,0,0,,0,0,
SBPA,Primavera,00-06,sem_intensidade,TSRA,0,0,,0,0,
SBPA,Primavera,00-06,sem_intensidade,+RA,0,0,,0,0,
SBPA,Primavera,06-12,exato,TS,0,0,,0,0,
SBPA,Primavera,06-12,exato,+RA,0,0,,0,0,
SBPA,Primavera,06-12,exato,+TSRA,0,0,,0,0,
SBPA,Primavera,06-12,exato,TSRA,0,0,,0,0,
SBPA,Primavera,06-12,sem_intensidade,TS,0,0,,0,0,
SBPA,Primavera,06-12,sem_intensidade,TSRA,0,0,,0,0,
SBPA,Primavera,06-12,sem_intensidade,+RA,0,0,,0,0,
SBPA,Primavera,12-18,exato,TS,0,0,,0,0,
SBPA,Primavera,12-18,exato,+RA,0,0,,0,0,
SBPA,Primavera,12-18,exato,+TSRA,1,0,0.0,0,0,
SBPA,Primavera,12-18,exato,TSRA,5,0,0.0,1,0,0.0
SBPA,Primavera,12-18,sem_intensidade,TS,0,0,,0,0,
SBPA,Primavera,12-18,sem_intensidade,TSRA,9,1,11.1,1,1,100.0
SBPA,Primavera,12-18,sem_intensidade,+RA,0,0,,0,0,
SBPA,Primavera,18-24,exato,TS,1,0,0.0,0,0,
SBPA,Primavera,18-24,exato,+RA,0,0,,0,0,
SBPA,Primavera,18-24,exato,+TSRA,0,0,,0,0,
SBPA,Primavera,18-24,exato,TSRA,1,0,0.0,0,0,
SBPA,Primavera,18-24,sem_intensidade,TS,1,0,0.0,0,0,
SBPA,Primavera,18-24,sem_intensidade,TSRA,1,0,0.0,0,0,
SBPA,Primavera,18-24,sem_intensidade,+RA,0,0,,0,0,
SBPA,Primavera,TODOS,exato,TS,1,0,0.0,0,0,
SBPA,Primavera,TODOS,exato,+RA,0,0,,0,0,
SBPA,Primavera,TODOS,exato,+TSRA,1,0,0.0,0,0,
SBPA,Primavera,TODOS,exato,TSRA,6,0,0.0,1,0,0.0
SBPA,Primavera,TODOS,sem_intensidade,TS,1,0,0.0,0,0,
SBPA,Primavera,TODOS,sem_intensidade,TSRA,10,1,10.0,1,1,100.0
SBPA,Primavera,TODOS,sem_intensidade,+RA,0,0,,0,0,
SBPA,TODAS,00-06,exato,TS,0,0,,0,0,
SBPA,TODAS,00-06,exato,+RA,0,0,,0,0,
SBPA,TODAS,00-06,exato,+TSRA,0,0,,0,0,
SBPA,TODAS,00-06,exato,TSRA,0,0,,0,0,
SBPA,TODAS,00-06,sem_intensidade,TS,0,0,,0,0,
SBPA,TODAS,00-06,sem_intensidade,TSRA,0,0,,0,0,
SBPA,TODAS,00-06,sem_intensidade,+RA,0,0,,0,0,
SBPA,TODAS,06-12,exato,TS,0,0,,0,0,
SBPA,TODAS,06-12,exato,+RA,0,0,,0,0,
SBPA,TODAS,06-12,exato,+TSRA,0,0,,0,0,
SBPA,TODAS,06-12,exato,TSRA,0,0,,0,0,
SBPA,TODAS,06-12,sem_intensidade,TS,0,0,,0,0,
SBPA,TODAS,06-12,sem_intensidade,TSRA,0,0,,0,0,
SBPA,TODAS,06-12,sem_intensidade,+RA,0,0,,0,0,
SBPA,TODAS,12-18,exato,TS,3,1,33.3,1,1,100.0
SBPA,TODAS,12-18,exato,+RA,0,0,,1,0,0.0
SBPA,TODAS,12-18,exato,+TSRA,1,0,0.0,1,0,0.0
SBPA,TODAS,12-18,exato,TSRA,39,7,17.9,8,7,87.5
SBPA,TODAS,12-18,sem_intensidade,TS,3,1,33.3,1,1,100.0
SBPA,TODAS,12-18,sem_intensidade,TSRA,44,13,29.5,20,13,65.0
SBPA,TODAS,12-18,sem_intensidade,+RA,0,0,,1,0,0.0
SBPA,TODAS,18-24,exato,TS,1,0,0.0,0,0,
SBPA,TODAS,18-24,exato,+RA,0,0,,0,0,
SBPA,TODAS,18-24,exato,+TSRA,0,0,,0,0,
SBPA,TODAS,18-24,exato,TSRA,11,0,0.0,1,0,0.0
SBPA,TODAS,18-24,sem_intensidade,TS,1,0,0.0,0,0,
SBPA,TODAS,18-24,sem_intensidade,TSRA,12,2,16.7,3,2,66.7
SBPA,TODAS,18-24,sem_intensidade,+RA,0,0,,0,0,
SBPA,TODAS,TODOS,exato,TS,4,1,25.0,1,1,100.0
SBPA,TODAS,TODOS,exato,+RA,0,0,,1,0,0.0
SBPA,TODAS,TODOS,exato,+TSRA,1,0,0.0,1,0,0.0
SBPA,TODAS,TODOS,exato,TSRA,50,7,14.0,9,7,77.8
SBPA,TODAS,TODOS,sem_intensidade,TS,4,1,25.0,1,1,100.0
SBPA,TODAS,TODOS,sem_intensidade,TSRA,56,15,26.8,23,15,65.2
SBPA,TODAS,TODOS,sem_intensidade,+RA,0,0,,1,0,0.0
SBPF,Verao,00-06,exato,TS,0,0,,0,0,
SBPF,Verao,00-06,exato,+RA,0,0,,0,0,
SBPF,Verao,00-06,exato,+TSRA,0,0,,0,0,
SBPF,Verao,00-06,exato,TSRA,0,0,,0,0,
SBPF,Verao,00-06,sem_intensidade,TS,0,0,,0,0,
SBPF,Verao,00-06,sem_intensidade,TSRA,0,0,,0,0,
SBPF,Verao,00-06,sem_intensidade,+RA,0,0,,0,0,
SBPF,Verao,06-12,exato,TS,0,0,,0,0,
SBPF,Verao,06-12,exato,+RA,0,0,,0,0,
SBPF,Verao,06-12,exato,+TSRA,0,0,,0,0,
SBPF,Verao,06-12,exato,TSRA,0,0,,0,0,
SBPF,Verao,06-12,sem_intensidade,TS,0,0,,0,0,
SBPF,Verao,06-12,sem_intensidade,TSRA,0,0,,0,0,
SBPF,Verao,06-12,sem_intensidade,+RA,0,0,,0,0,
SBPF,Verao,12-18,exato,TS,0,0,,0,0,
SBPF,Verao,12-18,exato,+RA,0,0,,0,0,
SBPF,Verao,12-18,exato,+TSRA,0,0,,0,0,
SBPF,Verao,12-18,exato,TSRA,0,0,,0,0,
SBPF,Verao,12-18,sem_intensidade,TS,0,0,,0,0,
SBPF,Verao,12-18,sem_intensidade,TSRA,0,0,,0,0,
SBPF,Verao,12-18,sem_intensidade,+RA,0,0,,0,0,
SBPF,Verao,18-24,exato,TS,0,0,,0,0,
SBPF,Verao,18-24,exato,+RA,0,0,,0,0,
SBPF,Verao,18-24,exato,+TSRA,0,0,,0,0,
SBPF,Verao,18-24,exato,TSRA,0,0,,0,0,
SBPF,Verao,18-24,sem_intensidade,TS,0,0,,0,0,
SBPF,Verao,18-24,sem_intensidade,TSRA,0,0,,0,0,
SBPF,Verao,18-24,sem_intensidade,+RA,0,0,,0,0,
SBPF,Verao,TODOS,exato,TS,0,0,,0,0,
SBPF,Verao,TODOS,exato,+RA,0,0,,0,0,
SBPF,Verao,TODOS,exato,+TSRA,0,0,,0,0,
SBPF,Verao,TODOS,exato,TSRA,0,0,,0,0,
SBPF,Verao,TODOS,sem_intensidade,TS,0,0,,0,0,
SBPF,Verao,TODOS,sem_intensidade,TSRA,0,0,,0,0,
SBPF,Verao,TODOS,sem_intensidade,+RA,0,0,,0,0,
SBPF,Outono,00-06,exato,TS,0,0,,0,0,
SBPF,Outono,00-06,exato,+RA,0,0,,0,0,
SBPF,Outono,00-06,exato,+TSRA,0,0,,0,0,
SBPF,Outono,00-06,exato,TSRA,0,0,,0,0,
SBPF,Outono,00-06,sem_intensidade,TS,0,0,,0,0,
SBPF,Outono,00-06,sem_intensidade,TSRA,0,0,,0,0,
SBPF,Outono,00-06,sem_intensidade,+RA,0,0,,0,0,
SBPF,Outono,06-12,exato,TS,0,0,,0,0,
SBPF,Outono,06-12,exato,+RA,0,0,,0,0,
SBPF,Outono,06-12,exato,+TSRA,0,0,,0,0,
SBPF,Outono,06-12,exato,TSRA,0,0,,0,0,
SBPF,Outono,06-12,sem_intensidade,TS,0,0,,0,0,
SBPF,Outono,06-12,sem_intensidade,TSRA,0,0,,0,0,
SBPF,Outono,06-12,sem_intensidade,+RA,0,0,,0,0,
SBPF,Outono,12-18,exato,TS,0,0,,0,0,
SBPF,Outono,12-18,exato,+RA,0,0,,0,0,
SBPF,Outono,12-18,exato,+TSRA,0,0,,0,0,
SBPF,Outono,12-18,exato,TSRA,0,0,,0,0,
SBPF,Outono,12-18,sem_intensidade,TS,0,0,,0,0,
SBPF,Outono,12-18,sem_intensidade,TSRA,0,0,,0,0,
SBPF,Outono,12-18,sem_intensidade,+RA,0,0,,0,0,
SBPF,Outono,18-24,exato,TS,0,0,,0,0,
SBPF,Outono,18-24,exato,+RA,0,0,,0,0,
SBPF,Outono,18-24,exato,+TSRA,0,0,,0,0,
SBPF,Outono,18-24,exato,TSRA,0,0,,0,0,
SBPF,Outono,18-24,sem_intensidade,TS,0,0,,0,0,
SBPF,Outono,18-24,sem_intensidade,TSRA,0,0,,0,0,
SBPF,Outono,18-24,sem_intensidade,+RA,0,0,,0,0,
SBPF,Outono,TODOS,exato,TS,0,0,,0,0,
SBPF,Outono,TODOS,exato,+RA,0,0,,0,0,
SBPF,Outono,TODOS,exato,+TSRA,0,0,,0,0,
SBPF,Outono,TODOS,exato,TSRA,0,0,,0,0,
SBPF,Outono,TODOS,sem_intensidade,TS,0,0,,0,0,
SBPF,Outono,TODOS,sem_intensidade,TSRA,0,0,,0,0,
SBPF,Outono,TODOS,sem_intensidade,+RA,0,0,,0,0,
SBPF,Inverno,00-06,exato,TS,0,0,,0,0,
SBPF,Inverno,00-06,exato,+RA,0,0,,0,0,
SBPF,Inverno,00-06,exato,+TSRA,0,0,,0,0,
SBPF,Inverno,00-06,exato,TSRA,0,0,,0,0,
SBPF,Inverno,00-06,sem_intensidade,TS,0,0,,0,0,
SBPF,Inverno,00-06,sem_intensidade,TSRA,0,0,,0,0,
SBPF,Inverno,00-06,sem_intensidade,+RA,0,0,,0,0,
SBPF,Inverno,06-12,exato,TS,0,0,,0,0,
SBPF,Inverno,06-12,exato,+RA,0,0,,0,0,
SBPF,Inverno,06-12,exato,+TSRA,0,0,,0,0,
SBPF,Inverno,06-12,exato,TSRA,0,0,,0,0,
SBPF,Inverno,06-12,sem_intensidade,TS,0,0,,0,0,
SBPF,Inverno,06-12,sem_intensidade,TSRA,0,0,,0,0,
SBPF,Inverno,06-12,sem_intensidade,+RA,0,0,,0,0,
SBPF,Inverno,12-18,exato,TS,0,0,,0,0,
SBPF,Inverno,12-18,exato,+RA,0,0,,0,0,
SBPF,Inverno,12-18,exato,+TSRA,0,0,,0,0,
SBPF,Inverno,12-18,exato,TSRA,0,0,,0,0,
SBPF,Inverno,12-18,sem_intensidade,TS,0,0,,0,0,
SBPF,Inverno,12-18,sem_intensidade,TSRA,0,0,,0,0,
SBPF,Inverno,12-18,sem_intensidade,+RA,0,0,,0,0,
SBPF,Inverno,18-24,exato,TS,0,0,,0,0,
SBPF,Inverno,18-24,exato,+RA,0,0,,0,0,
SBPF,Inverno,18-24,exato,+TSRA,0,0,,0,0,
SBPF,Inverno,18-24,exato,TSRA,0,0,,0,0,
SBPF,Inverno,18-24,sem_intensidade,TS,0,0,,0,0,
SBPF,Inverno,18-24,sem_intensidade,TSRA,0,0,,0,0,
SBPF,Inverno,18-24,sem_intensidade,+RA,0,0,,0,0,
SBPF,Inverno,TODOS,exato,TS,0,0,,0,0,
SBPF,Inverno,TODOS,exato,+RA,0,0,,0,0,
SBPF,Inverno,TODOS,exato,+TSRA,0,0,,0,0,
SBPF,Inverno,TODOS,exato,TSRA,0,0,,0,0,
SBPF,Inverno,TODOS,sem_intensidade,TS,0,0,,0,0,
SBPF,Inverno,TODOS,sem_intensidade,TSRA,0,0,,0,0,
SBPF,Inverno,TODOS,sem_intensidade,+RA,0,0,,0,0,
SBPF,Primavera,00-06,exato,TS,0,0,,0,0,
SBPF,Primavera,00-06,exato,+RA,0,0,,0,0,
SBPF,Primavera,00-06,exato,+TSRA,0,0,,0,0,
SBPF,Primavera,00-06,exato,TSRA,0,0,,0,0,
SBPF,Primavera,00-06,sem_intensidade,TS,0,0,,0,0,
SBPF,Primavera,00-06,sem_intensidade,TSRA,0,0,,0,0,
SBPF,Primavera,00-06,sem_intensidade,+RA,0,0,,0,0,
SBPF,Primavera,06-12,exato,TS,0,0,,0,0,
SBPF,Primavera,06-12,exato,+RA,0,0,,0,0,
SBPF,Primavera,06-12,exato,+TSRA,0,0,,0,0,
SBPF,Primavera,06-12,exato,TSRA,0,0,,0,0,
SBPF,Primavera,06-12,sem_intensidade,TS,0,0,,0,0,
SBPF,Primavera,06-12,sem_intensidade,TSRA,0,0,,0,0,
SBPF,Primavera,06-12,sem_intensidade,+RA,0,0,,0,0,
SBPF,Primavera,12-18,exato,TS,0,0,,0,0,
SBPF,Primavera,12-18,exato,+RA,0,0,,0,0,
SBPF,Primavera,12-18,exato,+TSRA,0,0,,0,0,
SBPF,Primavera,12-18,exato,TSRA,0,0,,0,0,
SBPF,Primavera,12-18,sem_intensidade,TS,0,0,,0,0,
SBPF,Primavera,12-18,sem_intensidade,TSRA,0,0,,0,0,
SBPF,Primavera,12-18,sem_intensidade,+RA,0,0,,0,0,
SBPF,Primavera,18-24,exato,TS,0,0,,0,0,
SBPF,Primavera,18-24,exato,+RA,0,0,,0,0,
SBPF,Primavera,18-24,exato,+TSRA,0,0,,0,0,
SBPF,Primavera,18-24,exato,TSRA,0,0,,0,0,
SBPF,Primavera,18-24,sem_intensidade,TS,0,0,,0,0,
SBPF,Primavera,18-24,sem_intensidade,TSRA,0,0,,0,0,
SBPF,Primavera,18-24,sem_intensidade,+RA,0,0,,0,0,
SBPF,Primavera,TODOS,exato,TS,0,0,,0,0,
SBPF,Primavera,TODOS,exato,+RA,0,0,,0,0,
SBPF,Primavera,TODOS,exato,+TSRA,0,0,,0,0,
SBPF,Primavera,TODOS,exato,TSRA,0,0,,0,0,
SBPF,Primavera,TODOS,sem_intensidade,TS,0,0,,0,0,
SBPF,Primavera,TODOS,sem_intensidade,TSRA,0,0,,0,0,
SBPF,Primavera,TODOS,sem_intensidade,+RA,0,0,,0,0,
SBPF,TODAS,00-06,exato,TS,0,0,,0,0,
SBPF,TODAS,00-06,exato,+RA,0,0,,0,0,
SBPF,TODAS,00-06,exato,+TSRA,0,0,,0,0,
SBPF,TODAS,00-06,exato,TSRA,0,0,,0,0,
SBPF,TODAS,00-06,sem_intensidade,TS,0,0,,0,0,
SBPF,TODAS,00-06,sem_intensidade,TSRA,0,0,,0,0,
SBPF,TODAS,00-06,sem_intensidade,+RA,0,0,,0,0,
SBPF,TODAS,06-12,exato,TS,0,0,,0,0,
SBPF,TODAS,06-12,exato,+RA,0,0,,0,0,
SBPF,TODAS,06-12,exato,+TSRA,0,0,,0,0,
SBPF,TODAS,06-12,exato,TSRA,0,0,,0,0,
SBPF,TODAS,06-12,sem_intensidade,TS,0,0,,0,0,
SBPF,TODAS,06-12,sem_intensidade,TSRA,0,0,,0,0,
SBPF,TODAS,06-12,sem_intensidade,+RA,0,0,,0,0,
SBPF,TODAS,12-18,exato,TS,0,0,,0,0,
SBPF,TODAS,12-18,exato,+RA,0,0,,0,0,
SBPF,TODAS,12-18,exato,+TSRA,0,0,,0,0,
SBPF,TODAS,12-18,exato,TSRA,0,0,,0,0,
SBPF,TODAS,12-18,sem_intensidade,TS,0,0,,0,0,
SBPF,TODAS,12-18,sem_intensidade,TSRA,0,0,,0,0,
SBPF,TODAS,12-18,sem_intensidade,+RA,0,0,,0,0,
SBPF,TODAS,18-24,exato,TS,0,0,,0,0,
SBPF,TODAS,18-24,exato,+RA,0,0,,0,0,
SBPF,TODAS,18-24,exato,+TSRA,0,0,,0,0,
SBPF,TODAS,18-24,exato,TSRA,0,0,,0,0,
SBPF,TODAS,18-24,sem_intensidade,TS,0,0,,0,0,
SBPF,TODAS,18-24,sem_intensidade,TSRA,0,0,,0,0,
SBPF,TODAS,18-24,sem_intensidade,+RA,0,0,,0,0,
SBPF,TODAS,TODOS,exato,TS,0,0,,0,0,
SBPF,TODAS,TODOS,exato,+RA,0,0,,0,0,
SBPF,TODAS,TODOS,exato,+TSRA,0,0,,0,0,
SBPF,TODAS,TODOS,exato,TSRA,0,0,,0,0,
SBPF,TODAS,TODOS,sem_intensidade,TS,0,0,,0,0,
SBPF,TODAS,TODOS,sem_intensidade,TSRA,0,0,,0,0,
SBPF,TODAS,TODOS,sem_intensidade,+RA,0,0,,0,0,
SBPG,Verao,00-06,exato,TS,0,0,,0,0,
SBPG,Verao,00-06,exato,+RA,0,0,,0,0,
SBPG,Verao,00-06,exato,+TSRA,0,0,,0,0,
SBPG,Verao,00-06,exato,TSRA,0,0,,0,0,
SBPG,Verao,00-06,sem_intensidade,TS,0,0,,0,0,
SBPG,Verao,00-06,sem_intensidade,TSRA,0,0,,0,0,
SBPG,Verao,00-06,sem_intensidade,+RA,0,0,,0,0,
SBPG,Verao,06-12,exato,TS,0,0,,0,0,
SBPG,Verao,06-12,exato,+RA,0,0,,0,0,
SBPG,Verao,06-12,exato,+TSRA,0,0,,0,0,
SBPG,Verao,06-12,exato,TSRA,0,0,,0,0,
SBPG,Verao,06-12,sem_intensidade,TS,0,0,,0,0,
SBPG,Verao,06-12,sem_intensidade,TSRA,0,0,,0,0,
SBPG,Verao,06-12,sem_intensidade,+RA,0,0,,0,0,
SBPG,Verao,12-18,exato,TS,0,0,,0,0,
SBPG,Verao,12-18,exato,+RA,0,0,,0,0,
SBPG,Verao,12-18,exato,+TSRA,0,0,,0,0,
SBPG,Verao,12-18,exato,TSRA,0,0,,0,0,
SBPG,Verao,12-18,sem_intensidade,TS,0,0,,0,0,
SBPG,Verao,12-18,sem_intensidade,TSRA,0,0,,0,0,
SBPG,Verao,12-18,sem_intensidade,+RA,0,0,,0,0,
SBPG,Verao,18-24,exato,TS,0,0,,0,0,
SBPG,Verao,18-24,exato,+RA,0,0,,0,0,
SBPG,Verao,18-24,exato,+TSRA,0,0,,0,0,
SBPG,Verao,18-24,exato,TSRA,0,0,,0,0,
SBPG,Verao,18-24,sem_intensidade,TS,0,0,,0,0,
SBPG,Verao,18-24,sem_intensidade,TSRA,0,0,,0,0,
SBPG,Verao,18-24,sem_intensidade,+RA,0,0,,0,0,
SBPG,Verao,TODOS,exato,TS,0,0,,0,0,
SBPG,Verao,TODOS,exato,+RA,0,0,,0,0,
SBPG,Verao,TODOS,exato,+TSRA,0,0,,0,0,
SBPG,Verao,TODOS,exato,TSRA,0,0,,0,0,
SBPG,Verao,TODOS,sem_intensidade,TS,0,0,,0,0,
SBPG,Verao,TODOS,sem_intensidade,TSRA,0,0,,0,0,
SBPG,Verao,TODOS,sem_intensidade,+RA,0,0,,0,0,
SBPG,Outono,00-06,exato,TS,0,0,,0,0,
SBPG,Outono,00-06,exato,+RA,0,0,,0,0,
SBPG,Outono,00-06,exato,+TSRA,0,0,,0,0,
SBPG,Outono,00-06,exato,TSRA,0,0,,0,0,
SBPG,Outono,00-06,sem_intensidade,TS,0,0,,0,0,
SBPG,Outono,00-06,sem_intensidade,TSRA,0,0,,0,0,
SBPG,Outono,00-06,sem_intensidade,+RA,0,0,,0,0,
SBPG,Outono,06-12,exato,TS,0,0,,0,0,
SBPG,Outono,06-12,exato,+RA,0,0,,0,0,
SBPG,Outono,06-12,exato,+TSRA,0,0,,0,0,
SBPG,Outono,06-12,exato,TSRA,0,0,,0,0,
SBPG,Outono,06-12,sem_intensidade,TS,0,0,,0,0,
SBPG,Outono,06-12,sem_intensidade,TSRA,0,0,,0,0,
SBPG,Outono,06-12,sem_intensidade,+RA,0,0,,0,0,
SBPG,Outono,12-18,exato,TS,0,0,,0,0,
SBPG,Outono,12-18,exato,+RA,0,0,,0,0,
SBPG,Outono,12-18,exato,+TSRA,0,0,,0,0,
SBPG,Outono,12-18,exato,TSRA,0,0,,0,0,
SBPG,Outono,12-18,sem_intensidade,TS,0,0,,0,0,
SBPG,Outono,12-18,sem_intensidade,TSRA,0,0,,0,0,
SBPG,Outono,12-18,sem_intensidade,+RA,0,0,,0,0,
SBPG,Outono,18-24,exato,TS,0,0,,0,0,
SBPG,Outono,18-24,exato,+RA,0,0,,0,0,
SBPG,Outono,18-24,exato,+TSRA,0,0,,0,0,
SBPG,Outono,18-24,exato,TSRA,0,0,,0,0,
SBPG,Outono,18-24,sem_intensidade,TS,0,0,,0,0,
SBPG,Outono,18-24,sem_intensidade,TSRA,0,0,,0,0,
SBPG,Outono,18-24,sem_intensidade,+RA,0,0,,0,0,
SBPG,Outono,TODOS,exato,TS,0,0,,0,0,
SBPG,Outono,TODOS,exato,+RA,0,0,,0,0,
SBPG,Outono,TODOS,exato,+TSRA,0,0,,0,0,
SBPG,Outono,TODOS,exato,TSRA,0,0,,0,0,
SBPG,Outono,TODOS,sem_intensidade,TS,0,0,,0,0,
SBPG,Outono,TODOS,sem_intensidade,TSRA,0,0,,0,0,
SBPG,Outono,TODOS,sem_intensidade,+RA,0,0,,0,0,
SBPG,Inverno,00-06,exato,TS,0,0,,0,0,
SBPG,Inverno,00-06,exato,+RA,0,0,,0,0,
SBPG,Inverno,00-06,exato,+TSRA,0,0,,0,0,
SBPG,Inverno,00-06,exato,TSRA,0,0,,0,0,
SBPG,Inverno,00-06,sem_intensidade,TS,0,0,,0,0,
SBPG,Inverno,00-06,sem_intensidade,TSRA,0,0,,0,0,
SBPG,Inverno,00-06,sem_intensidade,+RA,0,0,,0,0,
SBPG,Inverno,06-12,exato,TS,0,0,,0,0,
SBPG,Inverno,06-12,exato,+RA,0,0,,0,0,
SBPG,Inverno,06-12,exato,+TSRA,0,0,,0,0,
SBPG,Inverno,06-12,exato,TSRA,0,0,,0,0,
SBPG,Inverno,06-12,sem_intensidade,TS,0,0,,0,0,
SBPG,Inverno,06-12,sem_intensidade,TSRA,0,0,,0,0,
SBPG,Inverno,06-12,sem_intensidade,+RA,0,0,,0,0,
SBPG,Inverno,12-18,exato,TS,0,0,,0,0,
SBPG,Inverno,12-18,exato,+RA,0,0,,0,0,
SBPG,Inverno,12-18,exato,+TSRA,0,0,,0,0,
SBPG,Inverno,12-18,exato,TSRA,0,0,,0,0,
SBPG,Inverno,12-18,sem_intensidade,TS,0,0,,0,0,
SBPG,Inverno,12-18,sem_intensidade,TSRA,0,0,,0,0,
SBPG,Inverno,12-18,sem_intensidade,+RA,0,0,,0,0,
SBPG,Inverno,18-24,exato,TS,0,0,,0,0,
SBPG,Inverno,18-24,exato,+RA,0,0,,0,0,
SBPG,Inverno,18-24,exato,+TSRA,0,0,,0,0,
SBPG,Inverno,18-24,exato,TSRA,0,0,,0,0,
SBPG,Inverno,18-24,sem_intensidade,TS,0,0,,0,0,
SBPG,Inverno,18-24,sem_intensidade,TSRA,0,0,,0,0,
SBPG,Inverno,18-24,sem_intensidade,+RA,0,0,,0,0,
SBPG,Inverno,TODOS,exato,TS,0,0,,0,0,
SBPG,Inverno,TODOS,exato,+RA,0,0,,0,0,
SBPG,Inverno,TODOS,exato,+TSRA,0,0,,0,0,
SBPG,Inverno,TODOS,exato,TSRA,0,0,,0,0,
SBPG,Inverno,TODOS,sem_intensidade,TS,0,0,,0,0,
SBPG,Inverno,TODOS,sem_intensidade,TSRA,0,0,,0,0,
SBPG,Inverno,TODOS,sem_intensidade,+RA,0,0,,0,0,
SBPG,Primavera,00-06,exato,TS,0,0,,0,0,
SBPG,Primavera,00-06,exato,+RA,0,0,,0,0,
SBPG,Primavera,00-06,exato,+TSRA,0,0,,0,0,
SBPG,Primavera,00-06,exato,TSRA,0,0,,0,0,
SBPG,Primavera,00-06,sem_intensidade,TS,0,0,,0,0,
SBPG,Primavera,00-06,sem_intensidade,TSRA,0,0,,0,0,
SBPG,Primavera,00-06,sem_intensidade,+RA,0,0,,0,0,
SBPG,Primavera,06-12,exato,TS,0,0,,0,0,
SBPG,Primavera,06-12,exato,+RA,0,0,,0,0,
SBPG,Primavera,06-12,exato,+TSRA,0,0,,0,0,
SBPG,Primavera,06-12,exato,TSRA,0,0,,0,0,
SBPG,Primavera,06-12,sem_intensidade,TS,0,0,,0,0,
SBPG,Primavera,06-12,sem_intensidade,TSRA,0,0,,0,0,
SBPG,Primavera,06-12,sem_intensidade,+RA,0,0,,0,0,
SBPG,Primavera,12-18,exato,TS,0,0,,0,0,
SBPG,Primavera,12-18,exato,+RA,0,0,,0,0,
SBPG,Primavera,12-18,exato,+TSRA,0,0,,0,0,
SBPG,Primavera,12-18,exato,TSRA,0,0,,0,0,
SBPG,Primavera,12-18,sem_intensidade,TS,0,0,,0,0,
SBPG,Primavera,12-18,sem_intensidade,TSRA,0,0,,0,0,
SBPG,Primavera,12-18,sem_intensidade,+RA,0,0,,0,0,
SBPG,Primavera,18-24,exato,TS,0,0,,0,0,
SBPG,Primavera,18-24,exato,+RA,0,0,,0,0,
SBPG,Primavera,18-24,exato,+TSRA,0,0,,0,0,
SBPG,Primavera,18-24,exato,TSRA,0,0,,0,0,
SBPG,Primavera,18-24,sem_intensidade,TS,0,0,,0,0,
SBPG,Primavera,18-24,sem_intensidade,TSRA,0,0,,0,0,
SBPG,Primavera,18-24,sem_intensidade,+RA,0,0,,0,0,
SBPG,Primavera,TODOS,exato,TS,0,0,,0,0,
SBPG,Primavera,TODOS,exato,+RA,0,0,,0,0,
SBPG,Primavera,TODOS,exato,+TSRA,0,0,,0,0,
SBPG,Primavera,TODOS,exato,TSRA,0,0,,0,0,
SBPG,Primavera,TODOS,sem_intensidade,TS,0,0,,0,0,
SBPG,Primavera,TODOS,sem_intensidade,TSRA,0,0,,0,0,
SBPG,Primavera,TODOS,sem_intensidade,+RA,0,0,,0,0,
SBPG,TODAS,00-06,exato,TS,0,0,,0,0,
SBPG,TODAS,00-06,exato,+RA,0,0,,0,0,
SBPG,TODAS,00-06,exato,+TSRA,0,0,,0,0,
SBPG,TODAS,00-06,exato,TSRA,0,0,,0,0,
SBPG,TODAS,00-06,sem_intensidade,TS,0,0,,0,0,
SBPG,TODAS,00-06,sem_intensidade,TSRA,0,0,,0,0,
SBPG,TODAS,00-06,sem_intensidade,+RA,0,0,,0,0,
SBPG,TODAS,06-12,exato,TS,0,0,,0,0,
SBPG,TODAS,06-12,exato,+RA,0,0,,0,0,
SBPG,TODAS,06-12,exato,+TSRA,0,0,,0,0,
SBPG,TODAS,06-12,exato,TSRA,0,0,,0,0,
SBPG,TODAS,06-12,sem_intensidade,TS,0,0,,0,0,
SBPG,TODAS,06-12,sem_intensidade,TSRA,0,0,,0,0,
SBPG,TODAS,06-12,sem_intensidade,+RA,0,0,,0,0,
SBPG,TODAS,12-18,exato,TS,0,0,,0,0,
SBPG,TODAS,12-18,exato,+RA,0,0,,0,0,
SBPG,TODAS,12-18,exato,+TSRA,0,0,,0,0,
SBPG,TODAS,12-18,exato,TSRA,0,0,,0,0,
SBPG,TODAS,12-18,sem_intensidade,TS,0,0,,0,0,
SBPG,TODAS,12-18,sem_intensidade,TSRA,0,0,,0,0,
SBPG,TODAS,12-18,sem_intensidade,+RA,0,0,,0,0,
SBPG,TODAS,18-24,exato,TS,0,0,,0,0,
SBPG,TODAS,18-24,exato,+RA,0,0,,0,0,
SBPG,TODAS,18-24,exato,+TSRA,0,0,,0,0,
SBPG,TODAS,18-24,exato,TSRA,0,0,,0,0,
SBPG,TODAS,18-24,sem_intensidade,TS,0,0,,0,0,
SBPG,TODAS,18-24,sem_intensidade,TSRA,0,0,,0,0,
SBPG,TODAS,18-24,sem_intensidade,+RA,0,0,,0,0,
SBPG,TODAS,TODOS,exato,TS,0,0,,0,0,
SBPG,TODAS,TODOS,exato,+RA,0,0,,0,0,
SBPG,TODAS,TODOS,exato,+TSRA,0,0,,0,0,
SBPG,TODAS,TODOS,exato,TSRA,0,0,,0,0,
SBPG,TODAS,TODOS,sem_intensidade,TS,0,0,,0,0,
SBPG,TODAS,TODOS,sem_intensidade,TSRA,0,0,,0,0,
SBPG,TODAS,TODOS,sem_intensidade,+RA,0,0,,0,0,
SBPO,Verao,00-06,exato,TS,0,0,,0,0,
SBPO,Verao,00-06,exato,+RA,0,0,,0,0,
SBPO,Verao,00-06,exato,+TSRA,0,0,,0,0,
SBPO,Verao,00-06,exato,TSRA,0,0,,0,0,
SBPO,Verao,00-06,sem_intensidade,TS,0,0,,0,0,
SBPO,Verao,00-06,sem_intensidade,TSRA,0,0,,0,0,
SBPO,Verao,00-06,sem_intensidade,+RA,0,0,,0,0,
SBPO,Verao,06-12,exato,TS,0,0,,0,0,
SBPO,Verao,06-12,exato,+RA,0,0,,0,0,
SBPO,Verao,06-12,exato,+TSRA,0,0,,0,0,
SBPO,Verao,06-12,exato,TSRA,0,0,,0,0,
SBPO,Verao,06-12,sem_intensidade,TS,0,0,,0,0,
SBPO,Verao,06-12,sem_intensidade,TSRA,0,0,,0,0,
SBPO,Verao,06-12,sem_intensidade,+RA,0,0,,0,0,
SBPO,Verao,12-18,exato,TS,0,0,,0,0,
SBPO,Verao,12-18,exato,+RA,0,0,,0,0,
SBPO,Verao,12-18,exato,+TSRA,0,0,,0,0,
SBPO,Verao,12-18,exato,TSRA,0,0,,0,0,
SBPO,Verao,12-18,sem_intensidade,TS,0,0,,0,0,
SBPO,Verao,12-18,sem_intensidade,TSRA,0,0,,0,0,
SBPO,Verao,12-18,sem_intensidade,+RA,0,0,,0,0,
SBPO,Verao,18-24,exato,TS,0,0,,0,0,
SBPO,Verao,18-24,exato,+RA,0,0,,0,0,
SBPO,Verao,18-24,exato,+TSRA,0,0,,0,0,
SBPO,Verao,18-24,exato,TSRA,0,0,,0,0,
SBPO,Verao,18-24,sem_intensidade,TS,0,0,,0,0,
SBPO,Verao,18-24,sem_intensidade,TSRA,0,0,,0,0,
SBPO,Verao,18-24,sem_intensidade,+RA,0,0,,0,0,
SBPO,Verao,TODOS,exato,TS,0,0,,0,0,
SBPO,Verao,TODOS,exato,+RA,0,0,,0,0,
SBPO,Verao,TODOS,exato,+TSRA,0,0,,0,0,
SBPO,Verao,TODOS,exato,TSRA,0,0,,0,0,
SBPO,Verao,TODOS,sem_intensidade,TS,0,0,,0,0,
SBPO,Verao,TODOS,sem_intensidade,TSRA,0,0,,0,0,
SBPO,Verao,TODOS,sem_intensidade,+RA,0,0,,0,0,
SBPO,Outono,00-06,exato,TS,0,0,,0,0,
SBPO,Outono,00-06,exato,+RA,0,0,,0,0,
SBPO,Outono,00-06,exato,+TSRA,0,0,,0,0,
SBPO,Outono,00-06,exato,TSRA,0,0,,0,0,
SBPO,Outono,00-06,sem_intensidade,TS,0,0,,0,0,
SBPO,Outono,00-06,sem_intensidade,TSRA,0,0,,0,0,
SBPO,Outono,00-06,sem_intensidade,+RA,0,0,,0,0,
SBPO,Outono,06-12,exato,TS,0,0,,0,0,
SBPO,Outono,06-12,exato,+RA,0,0,,0,0,
SBPO,Outono,06-12,exato,+TSRA,0,0,,0,0,
SBPO,Outono,06-12,exato,TSRA,0,0,,0,0,
SBPO,Outono,06-12,sem_intensidade,TS,0,0,,0,0,
SBPO,Outono,06-12,sem_intensidade,TSRA,0,0,,0,0,
SBPO,Outono,06-12,sem_intensidade,+RA,0,0,,0,0,
SBPO,Outono,12-18,exato,TS,0,0,,0,0,
SBPO,Outono,12-18,exato,+RA,0,0,,0,0,
SBPO,Outono,12-18,exato,+TSRA,0,0,,0,0,
SBPO,Outono,12-18,exato,TSRA,0,0,,0,0,
SBPO,Outono,12-18,sem_intensidade,TS,0,0,,0,0,
SBPO,Outono,12-18,sem_intensidade,TSRA,0,0,,0,0,
SBPO,Outono,12-18,sem_intensidade,+RA,0,0,,0,0,
SBPO,Outono,18-24,exato,TS,0,0,,0,0,
SBPO,Outono,18-24,exato,+RA,0,0,,0,0,
SBPO,Outono,18-24,exato,+TSRA,0,0,,0,0,
SBPO,Outono,18-24,exato,TSRA,0,0,,0,0,
SBPO,Outono,18-24,sem_intensidade,TS,0,0,,0,0,
SBPO,Outono,18-24,sem_intensidade,TSRA,0,0,,0,0,
SBPO,Outono,18-24,sem_intensidade,+RA,0,0,,0,0,
SBPO,Outono,TODOS,exato,TS,0,0,,0,0,
SBPO,Outono,TODOS,exato,+RA,0,0,,0,0,
SBPO,Outono,TODOS,exato,+TSRA,0,0,,0,0,
SBPO,Outono,TODOS,exato,TSRA,0,0,,0,0,
SBPO,Outono,TODOS,sem_intensidade,TS,0,0,,0,0,
SBPO,Outono,TODOS,sem_intensidade,TSRA,0,0,,0,0,
SBPO,Outono,TODOS,sem_intensidade,+RA,0,0,,0,0,
SBPO,Inverno,00-06,exato,TS,0,0,,0,0,
SBPO,Inverno,00-06,exato,+RA,0,0,,0,0,
SBPO,Inverno,00-06,exato,+TSRA,0,0,,0,0,
SBPO,Inverno,00-06,exato,TSRA,0,0,,0,0,
SBPO,Inverno,00-06,sem_intensidade,TS,0,0,,0,0,
SBPO,Inverno,00-06,sem_intensidade,TSRA,0,0,,0,0,
SBPO,Inverno,00-06,sem_intensidade,+RA,0,0,,0,0,
SBPO,Inverno,06-12,exato,TS,0,0,,0,0,
SBPO,Inverno,06-12,exato,+RA,0,0,,0,0,
SBPO,Inverno,06-12,exato,+TSRA,0,0,,0,0,
SBPO,Inverno,06-12,exato,TSRA,0,0,,0,0,
SBPO,Inverno,06-12,sem_intensidade,TS,0,0,,0,0,
SBPO,Inverno,06-12,sem_intensidade,TSRA,0,0,,0,0,
SBPO,Inverno,06-12,sem_intensidade,+RA,0,0,,0,0,
SBPO,Inverno,12-18,exato,TS,0,0,,0,0,
SBPO,Inverno,12-18,exato,+RA,0,0,,0,0,
SBPO,Inverno,12-18,exato,+TSRA,0,0,,0,0,
SBPO,Inverno,12-18,exato,TSRA,0,0,,0,0,
SBPO,Inverno,12-18,sem_intensidade,TS,0,0,,0,0,
SBPO,Inverno,12-18,sem_intensidade,TSRA,0,0,,0,0,
SBPO,Inverno,12-18,sem_intensidade,+RA,0,0,,0,0,
SBPO,Inverno,18-24,exato,TS,0,0,,0,0,
SBPO,Inverno,18-24,exato,+RA,0,0,,0,0,
SBPO,Inverno,18-24,exato,+TSRA,0,0,,0,0,
SBPO,Inverno,18-24,exato,TSRA,0,0,,0,0,
SBPO,Inverno,18-24,sem_intensidade,TS,0,0,,0,0,
SBPO,Inverno,18-24,sem_intensidade,TSRA,0,0,,0,0,
SBPO,Inverno,18-24,sem_intensidade,+RA,0,0,,0,0,
SBPO,Inverno,TODOS,exato,TS,0,0,,0,0,
SBPO,Inverno,TODOS,exato,+RA,0,0,,0,0,
SBPO,Inverno,TODOS,exato,+TSRA,0,0,,0,0,
SBPO,Inverno,TODOS,exato,TSRA,0,0,,0,0,
SBPO,Inverno,TODOS,sem_intensidade,TS,0,0,,0,0,
SBPO,Inverno,TODOS,sem_intensidade,TSRA,0,0,,0,0,
SBPO,Inverno,TODOS,sem_intensidade,+RA,0,0,,0,0,
SBPO,Primavera,00-06,exato,TS,0,0,,0,0,
SBPO,Primavera,00-06,exato,+RA,0,0,,0,0,
SBPO,Primavera,00-06,exato,+TSRA,0,0,,0,0,
SBPO,Primavera,00-06,exato,TSRA,0,0,,0,0,
SBPO,Primavera,00-06,sem_intensidade,TS,0,0,,0,0,
SBPO,Primavera,00-06,sem_intensidade,TSRA,0,0,,0,0,
SBPO,Primavera,00-06,sem_intensidade,+RA,0,0,,0,0,
SBPO,Primavera,06-12,exato,TS,0,0,,0,0,
SBPO,Primavera,06-12,exato,+RA,0,0,,0,0,
SBPO,Primavera,06-12,exato,+TSRA,0,0,,0,0,
SBPO,Primavera,06-12,exato,TSRA,0,0,,0,0,
SBPO,Primavera,06-12,sem_intensidade,TS,0,0,,0,0,
SBPO,Primavera,06-12,sem_intensidade,TSRA,0,0,,0,0,
SBPO,Primavera,06-12,sem_intensidade,+RA,0,0,,0,0,
SBPO,Primavera,12-18,exato,TS,0,0,,0,0,
SBPO,Primavera,12-18,exato,+RA,0,0,,0,0,
SBPO,Primavera,12-18,exato,+TSRA,0,0,,0,0,
SBPO,Primavera,12-18,exato,TSRA,0,0,,0,0,
SBPO,Primavera,12-18,sem_intensidade,TS,0,0,,0,0,
SBPO,Primavera,12-18,sem_intensidade,TSRA,0,0,,0,0,
SBPO,Primavera,12-18,sem_intensidade,+RA,0,0,,0,0,
SBPO,Primavera,18-24,exato,TS,0,0,,0,0,
SBPO,Primavera,18-24,exato,+RA,0,0,,0,0,
SBPO,Primavera,18-24,exato,+TSRA,0,0,,0,0,
SBPO,Primavera,18-24,exato,TSRA,0,0,,0,0,
SBPO,Primavera,18-24,sem_intensidade,TS,0,0,,0,0,
SBPO,Primavera,18-24,sem_intensidade,TSRA,0,0,,0,0,
SBPO,Primavera,18-24,sem_intensidade,+RA,0,0,,0,0,
SBPO,Primavera,TODOS,exato,TS,0,0,,0,0,
SBPO,Primavera,TODOS,exato,+RA,0,0,,0,0,
SBPO,Primavera,TODOS,exato,+TSRA,0,0,,0,0,
SBPO,Primavera,TODOS,exato,TSRA,0,0,,0,0,
SBPO,Primavera,TODOS,sem_intensidade,TS,0,0,,0,0,
SBPO,Primavera,TODOS,sem_intensidade,TSRA,0,0,,0,0,
SBPO,Primavera,TODOS,sem_intensidade,+RA,0,0,,0,0,
SBPO,TODAS,00-06,exato,TS,0,0,,0,0,
SBPO,TODAS,00-06,exato,+RA,0,0,,0,0,
SBPO,TODAS,00-06,exato,+TSRA,0,0,,0,0,
SBPO,TODAS,00-06,exato,TSRA,0,0,,0,0,
SBPO,TODAS,00-06,sem_intensidade,TS,0,0,,0,0,
SBPO,TODAS,00-06,sem_intensidade,TSRA,0,0,,0,0,
SBPO,TODAS,00-06,sem_intensidade,+RA,0,0,,0,0,
SBPO,TODAS,06-12,exato,TS,0,0,,0,0,
SBPO,TODAS,06-12,exato,+RA,0,0,,0,0,
SBPO,TODAS,06-12,exato,+TSRA,0,0,,0,0,
SBPO,TODAS,06-12,exato,TSRA,0,0,,0,0,
SBPO,TODAS,06-12,sem_intensidade,TS,0,0,,0,0,
SBPO,TODAS,06-12,sem_intensidade,TSRA,0,0,,0,0,
SBPO,TODAS,06-12,sem_intensidade,+RA,0,0,,0,0,
SBPO,TODAS,12-18,exato,TS,0,0,,0,0,
SBPO,TODAS,12-18,exato,+RA,0,0,,0,0,
SBPO,TODAS,12-18,exato,+TSRA,0,0,,0,0,
SBPO,TODAS,12-18,exato,TSRA,0,0,,0,0,
SBPO,TODAS,12-18,sem_intensidade,TS,0,0,,0,0,
SBPO,TODAS,12-18,sem_intensidade,TSRA,0,0,,0,0,
SBPO,TODAS,12-18,sem_intensidade,+RA,0,0,,0,0,
SBPO,TODAS,18-24,exato,TS,0,0,,0,0,
SBPO,TODAS,18-24,exato,+RA,0,0,,0,0,
SBPO,TODAS,18-24,exato,+TSRA,0,0,,0,0,
SBPO,TODAS,18-24,exato,TSRA,0,0,,0,0,
SBPO,TODAS,18-24,sem_intensidade,TS,0,0,,0,0,
SBPO,TODAS,18-24,sem_intensidade,TSRA,0,0,,0,0,
SBPO,TODAS,18-24,sem_intensidade,+RA,0,0,,0,0,
SBPO,TODAS,TODOS,exato,TS,0,0,,0,0,
SBPO,TODAS,TODOS,exato,+RA,0,0,,0,0,
SBPO,TODAS,TODOS,exato,+TSRA,0,0,,0,0,
SBPO,TODAS,TODOS,exato,TSRA,0,0,,0,0,
SBPO,TODAS,TODOS,sem_intensidade,TS,0,0,,0,0,
SBPO,TODAS,TODOS,sem_intensidade,TSRA,0,0,,0,0,
SBPO,TODAS,TODOS,sem_intensidade,+RA,0,0,,0,0,
SBPS,Verao,00-06,exato,TS,0,0,,0,0,
SBPS,Verao,00-06,exato,+RA,0,0,,0,0,
SBPS,Verao,00-06,exato,+TSRA,0,0,,0,0,
SBPS,Verao,00-06,exato,TSRA,0,0,,0,0,
SBPS,Verao,00-06,sem_intensidade,TS,0,0,,0,0,
SBPS,Verao,00-06,sem_intensidade,TSRA,0,0,,0,0,
SBPS,Verao,00-06,sem_intensidade,+RA,0,0,,0,0,
SBPS,Verao,06-12,exato,TS,0,0,,0,0,
SBPS,Verao,06-12,exato,+RA,0,0,,0,0,
SBPS,Verao,06-12,exato,+TSRA,0,0,,0,0,
SBPS,Verao,06-12,exato,TSRA,0,0,,0,0,
SBPS,Verao,06-12,sem_intensidade,TS,0,0,,0,0,
SBPS,Verao,06-12,sem_intensidade,TSRA,0,0,,0,0,
SBPS,Verao,06-12,sem_intensidade,+RA,0,0,,0,0,
SBPS,Verao,12-18,exato,TS,0,0,,0,0,
SBPS,Verao,12-18,exato,+RA,0,0,,0,0,
SBPS,Verao,12-18,exato,+TSRA,0,0,,0,0,
SBPS,Verao,12-18,exato,TSRA,0,0,,0,0,
SBPS,Verao,12-18,sem_intensidade,TS,0,0,,0,0,
SBPS,Verao,12-18,sem_intensidade,TSRA,0,0,,0,0,
SBPS,Verao,12-18,sem_intensidade,+RA,0,0,,0,0,
SBPS,Verao,18-24,exato,TS,0,0,,0,0,
SBPS,Verao,18-24,exato,+RA,0,0,,0,0,
SBPS,Verao,18-24,exato,+TSRA,0,0,,0,0,
SBPS,Verao,18-24,exato,TSRA,0,0,,0,0,
SBPS,Verao,18-24,sem_intensidade,TS,0,0,,0,0,
SBPS,Verao,18-24,sem_intensidade,TSRA,0,0,,0,0,
SBPS,Verao,18-24,sem_intensidade,+RA,0,0,,0,0,
SBPS,Verao,TODOS,exato,TS,0,0,,0,0,
SBPS,Verao,TODOS,exato,+RA,0,0,,0,0,
SBPS,Verao,TODOS,exato,+TSRA,0,0,,0,0,
SBPS,Verao,TODOS,exato,TSRA,0,0,,0,0,
SBPS,Verao,TODOS,sem_intensidade,TS,0,0,,0,0,
SBPS,Verao,TODOS,sem_intensidade,TSRA,0,0,,0,0,
SBPS,Verao,TODOS,sem_intensidade,+RA,0,0,,0,0,
SBPS,Outono,00-06,exato,TS,0,0,,0,0,
SBPS,Outono,00-06,exato,+RA,0,0,,0,0,
SBPS,Outono,00-06,exato,+TSRA,0,0,,0,0,
SBPS,Outono,00-06,exato,TSRA,0,0,,0,0,
SBPS,Outono,00-06,sem_intensidade,TS,0,0,,0,0,
SBPS,Outono,00-06,sem_intensidade,TSRA,0,0,,0,0,
SBPS,Outono,00-06,sem_intensidade,+RA,0,0,,0,0,
SBPS,Outono,06-12,exato,TS,0,0,,0,0,
SBPS,Outono,06-12,exato,+RA,0,0,,0,0,
SBPS,Outono,06-12,exato,+TSRA,0,0,,0,0,
SBPS,Outono,06-12,exato,TSRA,0,0,,0,0,
SBPS,Outono,06-12,sem_intensidade,TS,0,0,,0,0,
SBPS,Outono,06-12,sem_intensidade,TSRA,0,0,,0,0,
SBPS,Outono,06-12,sem_intensidade,+RA,0,0,,0,0,
SBPS,Outono,12-18,exato,TS,0,0,,0,0,
SBPS,Outono,12-18,exato,+RA,0,0,,0,0,
SBPS,Outono,12-18,exato,+TSRA,0,0,,0,0,
SBPS,Outono,12-18,exato,TSRA,0,0,,0,0,
SBPS,Outono,12-18,sem_intensidade,TS,0,0,,0,0,
SBPS,Outono,12-18,sem_intensidade,TSRA,0,0,,0,0,
SBPS,Outono,12-18,sem_intensidade,+RA,0,0,,0,0,
SBPS,Outono,18-24,exato,TS,0,0,,0,0,
SBPS,Outono,18-24,exato,+RA,0,0,,0,0,
SBPS,Outono,18-24,exato,+TSRA,0,0,,0,0,
SBPS,Outono,18-24,exato,TSRA,0,0,,0,0,
SBPS,Outono,18-24,sem_intensidade,TS,0,0,,0,0,
SBPS,Outono,18-24,sem_intensidade,TSRA,0,0,,0,0,
SBPS,Outono,18-24,sem_intensidade,+RA,0,0,,0,0,
SBPS,Outono,TODOS,exato,TS,0,0,,0,0,
SBPS,Outono,TODOS,exato,+RA,0,0,,0,0,
SBPS,Outono,TODOS,exato,+TSRA,0,0,,0,0,
SBPS,Outono,TODOS,exato,TSRA,0,0,,0,0,
SBPS,Outono,TODOS,sem_intensidade,TS,0,0,,0,0,
SBPS,Outono,TODOS,sem_intensidade,TSRA,0,0,,0,0,
SBPS,Outono,TODOS,sem_intensidade,+RA,0,0,,0,0,
SBPS,Inverno,00-06,exato,TS,0,0,,0,0,
SBPS,Inverno,00-06,exato,+RA,0,0,,0,0,
SBPS,Inverno,00-06,exato,+TSRA,0,0,,0,0,
SBPS,Inverno,00-06,exato,TSRA,0,0,,0,0,
SBPS,Inverno,00-06,sem_intensidade,TS,0,0,,0,0,
SBPS,Inverno,00-06,sem_intensidade,TSRA,0,0,,0,0,
SBPS,Inverno,00-06,sem_intensidade,+RA,0,0,,0,0,
SBPS,Inverno,06-12,exato,TS,0,0,,0,0,
SBPS,Inverno,06-12,exato,+RA,0,0,,0,0,
SBPS,Inverno,06-12,exato,+TSRA,0,0,,0,0,
SBPS,Inverno,06-12,exato,TSRA,0,0,,0,0,
SBPS,Inverno,06-12,sem_intensidade,TS,0,0,,0,0,
SBPS,Inverno,06-12,sem_intensidade,TSRA,0,0,,0,0,
SBPS,Inverno,06-12,sem_intensidade,+RA,0,0,,0,0,
SBPS,Inverno,12-18,exato,TS,0,0,,0,0,
SBPS,Inverno,12-18,exato,+RA,0,0,,0,0,
SBPS,Inverno,12-18,exato,+TSRA,0,0,,0,0,
SBPS,Inverno,12-18,exato,TSRA,0,0,,0,0,
SBPS,Inverno,12-18,sem_intensidade,TS,0,0,,0,0,
SBPS,Inverno,12-18,sem_intensidade,TSRA,0,0,,0,0,
SBPS,Inverno,12-18,sem_intensidade,+RA,0,0,,0,0,
SBPS,Inverno,18-24,exato,TS,0,0,,0,0,
SBPS,Inverno,18-24,exato,+RA,0,0,,0,0,
SBPS,Inverno,18-24,exato,+TSRA,0,0,,0,0,
SBPS,Inverno,18-24,exato,TSRA,0,0,,0,0,
SBPS,Inverno,18-24,sem_intensidade,TS,0,0,,0,0,
SBPS,Inverno,18-24,sem_intensidade,TSRA,0,0,,0,0,
SBPS,Inverno,18-24,sem_intensidade,+RA,0,0,,0,0,
SBPS,Inverno,TODOS,exato,TS,0,0,,0,0,
SBPS,Inverno,TODOS,exato,+RA,0,0,,0,0,
SBPS,Inverno,TODOS,exato,+TSRA,0,0,,0,0,
SBPS,Inverno,TODOS,exato,TSRA,0,0,,0,0,
SBPS,Inverno,TODOS,sem_intensidade,TS,0,0,,0,0,
SBPS,Inverno,TODOS,sem_intensidade,TSRA,0,0,,0,0,
SBPS,Inverno,TODOS,sem_intensidade,+RA,0,0,,0,0,
SBPS,Primavera,00-06,exato,TS,0,0,,0,0,
SBPS,Primavera,00-06,exato,+RA,0,0,,0,0,
SBPS,Primavera,00-06,exato,+TSRA,0,0,,0,0,
SBPS,Primavera,00-06,exato,TSRA,0,0,,0,0,
SBPS,Primavera,00-06,sem_intensidade,TS,0,0,,0,0,
SBPS,Primavera,00-06,sem_intensidade,TSRA,0,0,,0,0,
SBPS,Primavera,00-06,sem_intensidade,+RA,0,0,,0,0,
SBPS,Primavera,06-12,exato,TS,0,0,,0,0,
SBPS,Primavera,06-12,exato,+RA,0,0,,0,0,
SBPS,Primavera,06-12,exato,+TSRA,0,0,,0,0,
SBPS,Primavera,06-12,exato,TSRA,0,0,,0,0,
SBPS,Primavera,06-12,sem_intensidade,TS,0,0,,0,0,
SBPS,Primavera,06-12,sem_intensidade,TSRA,0,0,,0,0,
SBPS,Primavera,06-12,sem_intensidade,+RA,0,0,,0,0,
SBPS,Primavera,12-18,exato,TS,0,0,,0,0,
SBPS,Primavera,12-18,exato,+RA,0,0,,0,0,
SBPS,Primavera,12-18,exato,+TSRA,0,0,,0,0,
SBPS,Primavera,12-18,exato,TSRA,0,0,,0,0,
SBPS,Primavera,12-18,sem_intensidade,TS,0,0,,0,0,
SBPS,Primavera,12-18,sem_intensidade,TSRA,0,0,,0,0,
SBPS,Primavera,12-18,sem_intensidade,+RA,0,0,,0,0,
SBPS,Primavera,18-24,exato,TS,0,0,,0,0,
SBPS,Primavera,18-24,exato,+RA,0,0,,0,0,
SBPS,Primavera,18-24,exato,+TSRA,0,0,,0,0,
SBPS,Primavera,18-24,exato,TSRA,0,0,,0,0,
SBPS,Primavera,18-24,sem_intensidade,TS,0,0,,0,0,
SBPS,Primavera,18-24,sem_intensidade,TSRA,0,0,,0,0,
SBPS,Primavera,18-24,sem_intensidade,+RA,0,0,,0,0,
SBPS,Primavera,TODOS,exato,TS,0,0,,0,0,
SBPS,Primavera,TODOS,exato,+RA,0,0,,0,0,
SBPS,Primavera,TODOS,exato,+TSRA,0,0,,0,0,
SBPS,Primavera,TODOS,exato,TSRA,0,0,,0,0,
SBPS,Primavera,TODOS,sem_intensidade,TS,0,0,,0,0,
SBPS,Primavera,TODOS,sem_intensidade,TSRA,0,0,,0,0,
SBPS,Primavera,TODOS,sem_intensidade,+RA,0,0,,0,0,
SBPS,TODAS,00-06,exato,TS,0,0,,0,0,
SBPS,TODAS,00-06,exato,+RA,0,0,,0,0,
SBPS,TODAS,00-06,exato,+TSRA,0,0,,0,0,
SBPS,TODAS,00-06,exato,TSRA,0,0,,0,0,
SBPS,TODAS,00-06,sem_intensidade,TS,0,0,,0,0,
SBPS,TODAS,00-06,sem_intensidade,TSRA,0,0,,0,0,
SBPS,TODAS,00-06,sem_intensidade,+RA,0,0,,0,0,
SBPS,TODAS,06-12,exato,TS,0,0,,0,0,
SBPS,TODAS,06-12,exato,+RA,0,0,,0,0,
SBPS,TODAS,06-12,exato,+TSRA,0,0,,0,0,
SBPS,TODAS,06-12,exato,TSRA,0,0,,0,0,
SBPS,TODAS,06-12,sem_intensidade,TS,0,0,,0,0,
SBPS,TODAS,06-12,sem_intensidade,TSRA,0,0,,0,0,
SBPS,TODAS,06-12,sem_intensidade,+RA,0,0,,0,0,
SBPS,TODAS,12-18,exato,TS,0,0,,0,0,
SBPS,TODAS,12-18,exato,+RA,0,0,,0,0,
SBPS,TODAS,12-18,exato,+TSRA,0,0,,0,0,
SBPS,TODAS,12-18,exato,TSRA,0,0,,0,0,
SBPS,TODAS,12-18,sem_intensidade,TS,0,0,,0,0,
SBPS,TODAS,12-18,sem_intensidade,TSRA,0,0,,0,0,
SBPS,TODAS,12-18,sem_intensidade,+RA,0,0,,0,0,
SBPS,TODAS,18-24,exato,TS,0,0,,0,0,
SBPS,TODAS,18-24,exato,+RA,0,0,,0,0,
SBPS,TODAS,18-24,exato,+TSRA,0,0,,0,0,
SBPS,TODAS,18-24,exato,TSRA,0,0,,0,0,
SBPS,TODAS,18-24,sem_intensidade,TS,0,0,,0,0,
SBPS,TODAS,18-24,sem_intensidade,TSRA,0,0,,0,0,
SBPS,TODAS,18-24,sem_intensidade,+RA,0,0,,0,0,
SBPS,TODAS,TODOS,exato,TS,0,0,,0,0,
SBPS,TODAS,TODOS,exato,+RA,0,0,,0,0,
SBPS,TODAS,TODOS,exato,+TSRA,0,0,,0,0,
SBPS,TODAS,TODOS,exato,TSRA,0,0,,0,0,
SBPS,TODAS,TODOS,sem_intensidade,TS,0,0,,0,0,
SBPS,TODAS,TODOS,sem_intensidade,TSRA,0,0,,0,0,
SBPS,TODAS,TODOS,sem_intensidade,+RA,0,0,,0,0,
SBPV,Verao,00-06,exato,TS,0,0,,0,0,
SBPV,Verao,00-06,exato,+RA,0,0,,0,0,
SBPV,Verao,00-06,exato,+TSRA,0,0,,0,0,
SBPV,Verao,00-06,exato,TSRA,0,0,,0,0,
SBPV,Verao,00-06,sem_intensidade,TS,0,0,,0,0,
SBPV,Verao,00-06,sem_intensidade,TSRA,0,0,,0,0,
SBPV,Verao,00-06,sem_intensidade,+RA,0,0,,0,0,
SBPV,Verao,06-12,exato,TS,0,0,,0,0,
SBPV,Verao,06-12,exato,+RA,0,0,,0,0,
SBPV,Verao,06-12,exato,+TSRA,0,0,,0,0,
SBPV,Verao,06-12,exato,TSRA,3,1,33.3,1,1,100.0
SBPV,Verao,06-12,sem_intensidade,TS,0,0,,0,0,
SBPV,Verao,06-12,sem_intensidade,TSRA,3,1,33.3,1,1,100.0
SBPV,Verao,06-12,sem_intensidade,+RA,0,0,,0,0,
SBPV,Verao,12-18,exato,TS,0,0,,0,0,
SBPV,Verao,12-18,exato,+RA,0,0,,0,0,
SBPV,Verao,12-18,exato,+TSRA,0,0,,0,0,
SBPV,Verao,12-18,exato,TSRA,0,0,,0,0,
SBPV,Verao,12-18,sem_intensidade,TS,0,0,,0,0,
SBPV,Verao,12-18,sem_intensidade,TSRA,0,0,,0,0,
SBPV,Verao,12-18,sem_intensidade,+RA,0,0,,0,0,
SBPV,Verao,18-24,exato,TS,4,0,0.0,1,0,0.0
SBPV,Verao,18-24,exato,+RA,0,0,,1,0,0.0
SBPV,Verao,18-24,exato,+TSRA,0,0,,0,0,
SBPV,Verao,18-24,exato,TSRA,8,0,0.0,0,0,
SBPV,Verao,18-24,sem_intensidade,TS,4,0,0.0,1,0,0.0
SBPV,Verao,18-24,sem_intensidade,TSRA,8,0,0.0,4,0,0.0
SBPV,Verao,18-24,sem_intensidade,+RA,0,0,,1,0,0.0
SBPV,Verao,TODOS,exato,TS,4,0,0.0,1,0,0.0
SBPV,Verao,TODOS,exato,+RA,0,0,,1,0,0.0
SBPV,Verao,TODOS,exato,+TSRA,0,0,,0,0,
SBPV,Verao,TODOS,exato,TSRA,11,1,9.1,1,1,100.0
SBPV,Verao,TODOS,sem_intensidade,TS,4,0,0.0,1,0,0.0
SBPV,Verao,TODOS,sem_intensidade,TSRA,11,1,9.1,5,1,20.0
SBPV,Verao,TODOS,sem_intensidade,+RA,0,0,,1,0,0.0
SBPV,Outono,00-06,exato,TS,0,0,,0,0,
SBPV,Outono,00-06,exato,+RA,0,0,,0,0,
SBPV,Outono,00-06,exato,+TSRA,0,0,,0,0,
SBPV,Outono,00-06,exato,TSRA,0,0,,0,0,
SBPV,Outono,00-06,sem_intensidade,TS,0,0,,0,0,
SBPV,Outono,00-06,sem_intensidade,TSRA,0,0,,0,0,
SBPV,Outono,00-06,sem_intensidade,+RA,0,0,,0,0,
SBPV,Outono,06-12,exato,TS,0,0,,0,0,
SBPV,Outono,06-12,exato,+RA,0,0,,0,0,
SBPV,Outono,06-12,exato,+TSRA,0,0,,0,0,
SBPV,Outono,06-12,exato,TSRA,0,0,,0,0,
SBPV,Outono,06-12,sem_intensidade,TS,0,0,,0,0,
SBPV,Outono,06-12,sem_intensidade,TSRA,0,0,,0,0,
SBPV,Outono,06-12,sem_intensidade,+RA,0,0,,0,0,
SBPV,Outono,12-18,exato,TS,1,0,0.0,0,0,
SBPV,Outono,12-18,exato,+RA,0,0,,0,0,
SBPV,Outono,12-18,exato,+TSRA,0,0,,0,0,
SBPV,Outono,12-18,exato,TSRA,0,0,,0,0,
SBPV,Outono,12-18,sem_intensidade,TS,1,0,0.0,0,0,
SBPV,Outono,12-18,sem_intensidade,TSRA,0,0,,0,0,
SBPV,Outono,12-18,sem_intensidade,+RA,0,0,,0,0,
SBPV,Outono,18-24,exato,TS,4,0,0.0,0,0,
SBPV,Outono,18-24,exato,+RA,0,0,,0,0,
SBPV,Outono,18-24,exato,+TSRA,0,0,,0,0,
SBPV,Outono,18-24,exato,TSRA,5,0,0.0,0,0,
SBPV,Outono,18-24,sem_intensidade,TS,4,0,0.0,0,0,
SBPV,Outono,18-24,sem_intensidade,TSRA,5,0,0.0,1,0,0.0
SBPV,Outono,18-24,sem_intensidade,+RA,0,0,,0,0,
SBPV,Outono,TODOS,exato,TS,5,0,0.0,0,0,
SBPV,Outono,TODOS,exato,+RA,0,0,,0,0,
SBPV,Outono,TODOS,exato,+TSRA,0,0,,0,0,
SBPV,Outono,TODOS,exato,TSRA,5,0,0.0,0,0,
SBPV,Outono,TODOS,sem_intensidade,TS,5,0,0.0,0,0,
SBPV,Outono,TODOS,sem_intensidade,TSRA,5,0,0.0,1,0,0.0
SBPV,Outono,TODOS,sem_intensidade,+RA,0,0,,0,0,
SBPV,Inverno,00-06,exato,TS,0,0,,0,0,
SBPV,Inverno,00-06,exato,+RA,0,0,,0,0,
SBPV,Inverno,00-06,exato,+TSRA,0,0,,0,0,
SBPV,Inverno,00-06,exato,TSRA,0,0,,0,0,
SBPV,Inverno,00-06,sem_intensidade,TS,0,0,,0,0,
SBPV,Inverno,00-06,sem_intensidade,TSRA,0,0,,0,0,
SBPV,Inverno,00-06,sem_intensidade,+RA,0,0,,0,0,
SBPV,Inverno,06-12,exato,TS,0,0,,0,0,
SBPV,Inverno,06-12,exato,+RA,0,0,,0,0,
SBPV,Inverno,06-12,exato,+TSRA,0,0,,0,0,
SBPV,Inverno,06-12,exato,TSRA,1,0,0.0,0,0,
SBPV,Inverno,06-12,sem_intensidade,TS,0,0,,0,0,
SBPV,Inverno,06-12,sem_intensidade,TSRA,1,0,0.0,0,0,
SBPV,Inverno,06-12,sem_intensidade,+RA,0,0,,0,0,
SBPV,Inverno,12-18,exato,TS,1,0,0.0,0,0,
SBPV,Inverno,12-18,exato,+RA,0,0,,0,0,
SBPV,Inverno,12-18,exato,+TSRA,0,0,,0,0,
SBPV,Inverno,12-18,exato,TSRA,0,0,,0,0,
SBPV,Inverno,12-18,sem_intensidade,TS,1,0,0.0,0,0,
SBPV,Inverno,12-18,sem_intensidade,TSRA,0,0,,0,0,
SBPV,Inverno,12-18,sem_intensidade,+RA,0,0,,0,0,
SBPV,Inverno,18-24,exato,TS,3,2,66.7,3,2,66.7
SBPV,Inverno,18-24,exato,+RA,0,0,,0,0,
SBPV,Inverno,18-24,exato,+TSRA,0,0,,0,0,
SBPV,Inverno,18-24,exato,TSRA,1,0,0.0,0,0,
SBPV,Inverno,18-24,sem_intensidade,TS,3,2,66.7,3,2,66.7
SBPV,Inverno,18-24,sem_intensidade,TSRA,1,0,0.0,0,0,
SBPV,Inverno,18-24,sem_intensidade,+RA,0,0,,0,0,
SBPV,Inverno,TODOS,exato,TS,4,2,50.0,3,2,66.7
SBPV,Inverno,TODOS,exato,+RA,0,0,,0,0,
SBPV,Inverno,TODOS,exato,+TSRA,0,0,,0,0,
SBPV,Inverno,TODOS,exato,TSRA,2,0,0.0,0,0,
SBPV,Inverno,TODOS,sem_intensidade,TS,4,2,50.0,3,2,66.7
SBPV,Inverno,TODOS,sem_intensidade,TSRA,2,0,0.0,0,0,
SBPV,Inverno,TODOS,sem_intensidade,+RA,0,0,,0,0,
SBPV,Primavera,00-06,exato,TS,0,0,,0,0,
SBPV,Primavera,00-06,exato,+RA,0,0,,0,0,
SBPV,Primavera,00-06,exato,+TSRA,0,0,,0,0,
SBPV,Primavera,00-06,exato,TSRA,0,0,,0,0,
SBPV,Primavera,00-06,sem_intensidade,TS,0,0,,0,0,
SBPV,Primavera,00-06,sem_intensidade,TSRA,0,0,,0,0,
SBPV,Primavera,00-06,sem_intensidade,+RA,0,0,,0,0,
SBPV,Primavera,06-12,exato,TS,0,0,,0,0,
SBPV,Primavera,06-12,exato,+RA,0,0,,0,0,
SBPV,Primavera,06-12,exato,+TSRA,0,0,,0,0,
SBPV,Primavera,06-12,exato,TSRA,1,0,0.0,0,0,
SBPV,Primavera,06-12,sem_intensidade,TS,0,0,,0,0,
SBPV,Primavera,06-12,sem_intensidade,TSRA,1,0,0.0,3,0,0.0
SBPV,Primavera,06-12,sem_intensidade,+RA,0,0,,0,0,
SBPV,Primavera,12-18,exato,TS,0,0,,0,0,
SBPV,Primavera,12-18,exato,+RA,0,0,,0,0,
SBPV,Primavera,12-18,exato,+TSRA,0,0,,0,0,
SBPV,Primavera,12-18,exato,TSRA,0,0,,0,0,
SBPV,Primavera,12-18,sem_intensidade,TS,0,0,,0,0,
SBPV,Primavera,12-18,sem_intensidade,TSRA,0,0,,0,0,
SBPV,Primavera,12-18,sem_intensidade,+RA,0,0,,0,0,
SBPV,Primavera,18-24,exato,TS,9,1,11.1,1,1,100.0
SBPV,Primavera,18-24,exato,+RA,0,0,,0,0,
SBPV,Primavera,18-24,exato,+TSRA,0,0,,0,0,
SBPV,Primavera,18-24,exato,TSRA,7,0,0.0,0,0,
SBPV,Primavera,18-24,sem_intensidade,TS,9,1,11.1,1,1,100.0
SBPV,Primavera,18-24,sem_intensidade,TSRA,7,0,0.0,0,0,
SBPV,Primavera,18-24,sem_intensidade,+RA,0,0,,0,0,
SBPV,Primavera,TODOS,exato,TS,9,1,11.1,1,1,100.0
SBPV,Primavera,TODOS,exato,+RA,0,0,,0,0,
SBPV,Primavera,TODOS,exato,+TSRA,0,0,,0,0,
SBPV,Primavera,TODOS,exato,TSRA,8,0,0.0,0,0,
SBPV,Primavera,TODOS,sem_intensidade,TS,9,1,11.1,1,1,100.0
SBPV,Primavera,TODOS,sem_intensidade,TSRA,8,0,0.0,3,0,0.0
SBPV,Primavera,TODOS,sem_intensidade,+RA,0,0,,0,0,
SBPV,TODAS,00-06,exato,TS,0,0,,0,0,
SBPV,TODAS,00-06,exato,+RA,0,0,,0,0,
SBPV,TODAS,00-06,exato,+TSRA,0,0,,0,0,
SBPV,TODAS,00-06,exato,TSRA,0,0,,0,0,
SBPV,TODAS,00-06,sem_intensidade,TS,0,0,,0,0,
SBPV,TODAS,00-06,sem_intensidade,TSRA,0,0,,0,0,
SBPV,TODAS,00-06,sem_intensidade,+RA,0,0,,0,0,
SBPV,TODAS,06-12,exato,TS,0,0,,0,0,
SBPV,TODAS,06-12,exato,+RA,0,0,,0,0,
SBPV,TODAS,06-12,exato,+TSRA,0,0,,0,0,
SBPV,TODAS,06-12,exato,TSRA,5,1,20.0,1,1,100.0
SBPV,TODAS,06-12,sem_intensidade,TS,0,0,,0,0,
SBPV,TODAS,06-12,sem_intensidade,TSRA,5,1,20.0,4,1,25.0
SBPV,TODAS,06-12,sem_intensidade,+RA,0,0,,0,0,
SBPV,TODAS,12-18,exato,TS,2,0,0.0,0,0,
SBPV,TODAS,12-18,exato,+RA,0,0,,0,0,
SBPV,TODAS,12-18,exato,+TSRA,0,0,,0,0,
SBPV,TODAS,12-18,exato,TSRA,0,0,,0,0,
SBPV,TODAS,12-18,sem_intensidade,TS,2,0,0.0,0,0,
SBPV,TODAS,12-18,sem_intensidade,TSRA,0,0,,0,0,
SBPV,TODAS,12-18,sem_intensidade,+RA,0,0,,0,0,
SBPV,TODAS,18-24,exato,TS,20,3,15.0,5,3,60.0
SBPV,TODAS,18-24,exato,+RA,0,0,,1,0,0.0
SBPV,TODAS,18-24,exato,+TSRA,0,0,,0,0,
SBPV,TODAS,18-24,exato,TSRA,21,0,0.0,0,0,
SBPV,TODAS,18-24,sem_intensidade,TS,20,3,15.0,5,3,60.0
SBPV,TODAS,18-24,sem_intensidade,TSRA,21,0,0.0,5,0,0.0
SBPV,TODAS,18-24,sem_intensidade,+RA,0,0,,1,0,0.0
SBPV,TODAS,TODOS,exato,TS,22,3,13.6,5,3,60.0
SBPV,TODAS,TODOS,exato,+RA,0,0,,1,0,0.0
SBPV,TODAS,TODOS,exato,+TSRA,0,0,,0,0,
SBPV,TODAS,TODOS,exato,TSRA,26,1,3.8,1,1,100.0
SBPV,TODAS,TODOS,sem_intensidade,TS,22,3,13.6,5,3,60.0
SBPV,TODAS,TODOS,sem_intensidade,TSRA,26,1,3.8,9,1,11.1
SBPV,TODAS,TODOS,sem_intensidade,+RA,0,0,,1,0,0.0
SBRB,Verao,00-06,exato,TS,0,0,,0,0,
SBRB,Verao,00-06,exato,+RA,0,0,,0,0,
SBRB,Verao,00-06,exato,+TSRA,0,0,,0,0,
SBRB,Verao,00-06,exato,TSRA,0,0,,0,0,
SBRB,Verao,00-06,sem_intensidade,TS,0,0,,0,0,
SBRB,Verao,00-06,sem_intensidade,TSRA,0,0,,0,0,
SBRB,Verao,00-06,sem_intensidade,+RA,0,0,,0,0,
SBRB,Verao,06-12,exato,TS,0,0,,0,0,
SBRB,Verao,06-12,exato,+RA,0,0,,0,0,
SBRB,Verao,06-12,exato,+TSRA,0,0,,0,0,
SBRB,Verao,06-12,exato,TSRA,2,0,0.0,1,0,0.0
SBRB,Verao,06-12,sem_intensidade,TS,0,0,,0,0,
SBRB,Verao,06-12,sem_intensidade,TSRA,2,0,0.0,1,0,0.0
SBRB,Verao,06-12,sem_intensidade,+RA,0,0,,0,0,
SBRB,Verao,12-18,exato,TS,0,0,,0,0,
SBRB,Verao,12-18,exato,+RA,0,0,,0,0,
SBRB,Verao,12-18,exato,+TSRA,0,0,,0,0,
SBRB,Verao,12-18,exato,TSRA,0,0,,0,0,
SBRB,Verao,12-18,sem_intensidade,TS,0,0,,0,0,
SBRB,Verao,12-18,sem_intensidade,TSRA,0,0,,0,0,
SBRB,Verao,12-18,sem_intensidade,+RA,0,0,,0,0,
SBRB,Verao,18-24,exato,TS,0,0,,0,0,
SBRB,Verao,18-24,exato,+RA,0,0,,0,0,
SBRB,Verao,18-24,exato,+TSRA,0,0,,0,0,
SBRB,Verao,18-24,exato,TSRA,1,0,0.0,0,0,
SBRB,Verao,18-24,sem_intensidade,TS,0,0,,0,0,
SBRB,Verao,18-24,sem_intensidade,TSRA,1,0,0.0,0,0,
SBRB,Verao,18-24,sem_intensidade,+RA,0,0,,0,0,
SBRB,Verao,TODOS,exato,TS,0,0,,0,0,
SBRB,Verao,TODOS,exato,+RA,0,0,,0,0,
SBRB,Verao,TODOS,exato,+TSRA,0,0,,0,0,
SBRB,Verao,TODOS,exato,TSRA,3,0,0.0,1,0,0.0
SBRB,Verao,TODOS,sem_intensidade,TS,0,0,,0,0,
SBRB,Verao,TODOS,sem_intensidade,TSRA,3,0,0.0,1,0,0.0
SBRB,Verao,TODOS,sem_intensidade,+RA,0,0,,0,0,
SBRB,Outono,00-06,exato,TS,0,0,,0,0,
SBRB,Outono,00-06,exato,+RA,0,0,,0,0,
SBRB,Outono,00-06,exato,+TSRA,0,0,,0,0,
SBRB,Outono,00-06,exato,TSRA,0,0,,0,0,
SBRB,Outono,00-06,sem_intensidade,TS,0,0,,0,0,
SBRB,Outono,00-06,sem_intensidade,TSRA,0,0,,0,0,
SBRB,Outono,00-06,sem_intensidade,+RA,0,0,,0,0,
SBRB,Outono,06-12,exato,TS,0,0,,0,0,
SBRB,Outono,06-12,exato,+RA,0,0,,0,0,
SBRB,Outono,06-12,exato,+TSRA,0,0,,1,0,0.0
SBRB,Outono,06-12,exato,TSRA,2,0,0.0,0,0,
SBRB,Outono,06-12,sem_intensidade,TS,0,0,,0,0,
SBRB,Outono,06-12,sem_intensidade,TSRA,2,0,0.0,1,0,0.0
SBRB,Outono,06-12,sem_intensidade,+RA,0,0,,0,0,
SBRB,Outono,12-18,exato,TS,0,0,,0,0,
SBRB,Outono,12-18,exato,+RA,0,0,,0,0,
SBRB,Outono,12-18,exato,+TSRA,0,0,,0,0,
SBRB,Outono,12-18,exato,TSRA,0,0,,0,0,
SBRB,Outono,12-18,sem_intensidade,TS,0,0,,0,0,
SBRB,Outono,12-18,sem_intensidade,TSRA,0,0,,0,0,
SBRB,Outono,12-18,sem_intensidade,+RA,0,0,,0,0,
SBRB,Outono,18-24,exato,TS,0,0,,0,0,
SBRB,Outono,18-24,exato,+RA,0,0,,0,0,
SBRB,Outono,18-24,exato,+TSRA,0,0,,0,0,
SBRB,Outono,18-24,exato,TSRA,1,0,0.0,0,0,
SBRB,Outono,18-24,sem_intensidade,TS,0,0,,0,0,
SBRB,Outono,18-24,sem_intensidade,TSRA,1,0,0.0,0,0,
SBRB,Outono,18-24,sem_intensidade,+RA,0,0,,0,0,
SBRB,Outono,TODOS,exato,TS,0,0,,0,0,
SBRB,Outono,TODOS,exato,+RA,0,0,,0,0,
SBRB,Outono,TODOS,exato,+TSRA,0,0,,1,0,0.0
SBRB,Outono,TODOS,exato,TSRA,3,0,0.0,0,0,
SBRB,Outono,TODOS,sem_intensidade,TS,0,0,,0,0,
SBRB,Outono,TODOS,sem_intensidade,TSRA,3,0,0.0,1,0,0.0
SBRB,Outono,TODOS,sem_intensidade,+RA,0,0,,0,0,
SBRB,Inverno,00-06,exato,TS,0,0,,0,0,
SBRB,Inverno,00-06,exato,+RA,0,0,,0,0,
SBRB,Inverno,00-06,exato,+TSRA,0,0,,0,0,
SBRB,Inverno,00-06,exato,TSRA,0,0,,0,0,
SBRB,Inverno,00-06,sem_intensidade,TS,0,0,,0,0,
SBRB,Inverno,00-06,sem_intensidade,TSRA,0,0,,0,0,
SBRB,Inverno,00-06,sem_intensidade,+RA,0,0,,0,0,
SBRB,Inverno,06-12,exato,TS,1,0,0.0,0,0,
SBRB,Inverno,06-12,exato,+RA,0,0,,0,0,
SBRB,Inverno,06-12,exato,+TSRA,0,0,,0,0,
SBRB,Inverno,06-12,exato,TSRA,0,0,,0,0,
SBRB,Inverno,06-12,sem_intensidade,TS,1,0,0.0,0,0,
SBRB,Inverno,06-12,sem_intensidade,TSRA,0,0,,0,0,
SBRB,Inverno,06-12,sem_intensidade,+RA,0,0,,0,0,
SBRB,Inverno,12-18,exato,TS,0,0,,0,0,
SBRB,Inverno,12-18,exato,+RA,0,0,,0,0,
SBRB,Inverno,12-18,exato,+TSRA,0,0,,0,0,
SBRB,Inverno,12-18,exato,TSRA,0,0,,0,0,
SBRB,Inverno,12-18,sem_intensidade,TS,0,0,,0,0,
SBRB,Inverno,12-18,sem_intensidade,TSRA,0,0,,0,0,
SBRB,Inverno,12-18,sem_intensidade,+RA,0,0,,0,0,
SBRB,Inverno,18-24,exato,TS,0,0,,0,0,
SBRB,Inverno,18-24,exato,+RA,0,0,,0,0,
SBRB,Inverno,18-24,exato,+TSRA,0,0,,0,0,
SBRB,Inverno,18-24,exato,TSRA,1,0,0.0,0,0,
SBRB,Inverno,18-24,sem_intensidade,TS,0,0,,0,0,
SBRB,Inverno,18-24,sem_intensidade,TSRA,1,0,0.0,0,0,
SBRB,Inverno,18-24,sem_intensidade,+RA,0,0,,0,0,
SBRB,Inverno,TODOS,exato,TS,1,0,0.0,0,0,
SBRB,Inverno,TODOS,exato,+RA,0,0,,0,0,
SBRB,Inverno,TODOS,exato,+TSRA,0,0,,0,0,
SBRB,Inverno,TODOS,exato,TSRA,1,0,0.0,0,0,
SBRB,Inverno,TODOS,sem_intensidade,TS,1,0,0.0,0,0,
SBRB,Inverno,TODOS,sem_intensidade,TSRA,1,0,0.0,0,0,
SBRB,Inverno,TODOS,sem_intensidade,+RA,0,0,,0,0,
SBRB,Primavera,00-06,exato,TS,0,0,,0,0,
SBRB,Primavera,00-06,exato,+RA,0,0,,0,0,
SBRB,Primavera,00-06,exato,+TSRA,0,0,,0,0,
SBRB,Primavera,00-06,exato,TSRA,0,0,,0,0,
SBRB,Primavera,00-06,sem_intensidade,TS,0,0,,0,0,
SBRB,Primavera,00-06,sem_intensidade,TSRA,0,0,,0,0,
SBRB,Primavera,00-06,sem_intensidade,+RA,0,0,,0,0,
SBRB,Primavera,06-12,exato,TS,1,0,0.0,0,0,
SBRB,Primavera,06-12,exato,+RA,0,0,,0,0,
SBRB,Primavera,06-12,exato,+TSRA,0,0,,0,0,
SBRB,Primavera,06-12,exato,TSRA,3,0,0.0,0,0,
SBRB,Primavera,06-12,sem_intensidade,TS,1,0,0.0,0,0,
SBRB,Primavera,06-12,sem_intensidade,TSRA,3,1,33.3,1,1,100.0
SBRB,Primavera,06-12,sem_intensidade,+RA,0,0,,0,0,
SBRB,Primavera,12-18,exato,TS,0,0,,0,0,
SBRB,Primavera,12-18,exato,+RA,0,0,,0,0,
SBRB,Primavera,12-18,exato,+TSRA,0,0,,0,0,
SBRB,Primavera,12-18,exato,TSRA,0,0,,0,0,
SBRB,Primavera,12-18,sem_intensidade,TS,0,0,,0,0,
SBRB,Primavera,12-18,sem_intensidade,TSRA,0,0,,0,0,
SBRB,Primavera,12-18,sem_intensidade,+RA,0,0,,0,0,
SBRB,Primavera,18-24,exato,TS,0,0,,0,0,
SBRB,Primavera,18-24,exato,+RA,0,0,,0,0,
SBRB,Primavera,18-24,exato,+TSRA,0,0,,0,0,
SBRB,Primavera,18-24,exato,TSRA,0,0,,0,0,
SBRB,Primavera,18-24,sem_intensidade,TS,0,0,,0,0,
SBRB,Primavera,18-24,sem_intensidade,TSRA,0,0,,0,0,
SBRB,Primavera,18-24,sem_intensidade,+RA,0,0,,0,0,
SBRB,Primavera,TODOS,exato,TS,1,0,0.0,0,0,
SBRB,Primavera,TODOS,exato,+RA,0,0,,0,0,
SBRB,Primavera,TODOS,exato,+TSRA,0,0,,0,0,
SBRB,Primavera,TODOS,exato,TSRA,3,0,0.0,0,0,
SBRB,Primavera,TODOS,sem_intensidade,TS,1,0,0.0,0,0,
SBRB,Primavera,TODOS,sem_intensidade,TSRA,3,1,33.3,1,1,100.0
SBRB,Primavera,TODOS,sem_intensidade,+RA,0,0,,0,0,
SBRB,TODAS,00-06,exato,TS,0,0,,0,0,
SBRB,TODAS,00-06,exato,+RA,0,0,,0,0,
SBRB,TODAS,00-06,exato,+TSRA,0,0,,0,0,
SBRB,TODAS,00-06,exato,TSRA,0,0,,0,0,
SBRB,TODAS,00-06,sem_intensidade,TS,0,0,,0,0,
SBRB,TODAS,00-06,sem_intensidade,TSRA,0,0,,0,0,
SBRB,TODAS,00-06,sem_intensidade,+RA,0,0,,0,0,
SBRB,TODAS,06-12,exato,TS,2,0,0.0,0,0,
SBRB,TODAS,06-12,exato,+RA,0,0,,0,0,
SBRB,TODAS,06-12,exato,+TSRA,0,0,,1,0,0.0
SBRB,TODAS,06-12,exato,TSRA,7,0,0.0,1,0,0.0
SBRB,TODAS,06-12,sem_intensidade,TS,2,0,0.0,0,0,
SBRB,TODAS,06-12,sem_intensidade,TSRA,7,1,14.3,3,1,33.3
SBRB,TODAS,06-12,sem_intensidade,+RA,0,0,,0,0,
SBRB,TODAS,12-18,exato,TS,0,0,,0,0,
SBRB,TODAS,12-18,exato,+RA,0,0,,0,0,
SBRB,TODAS,12-18,exato,+TSRA,0,0,,0,0,
SBRB,TODAS,12-18,exato,TSRA,0,0,,0,0,
SBRB,TODAS,12-18,sem_intensidade,TS,0,0,,0,0,
SBRB,TODAS,12-18,sem_intensidade,TSRA,0,0,,0,0,
SBRB,TODAS,12-18,sem_intensidade,+RA,0,0,,0,0,
SBRB,TODAS,18-24,exato,TS,0,0,,0,0,
SBRB,TODAS,18-24,exato,+RA,0,0,,0,0,
SBRB,TODAS,18-24,exato,+TSRA,0,0,,0,0,
SBRB,TODAS,18-24,exato,TSRA,3,0,0.0,0,0,
SBRB,TODAS,18-24,sem_intensidade,TS,0,0,,0,0,
SBRB,TODAS,18-24,sem_intensidade,TSRA,3,0,0.0,0,0,
SBRB,TODAS,18-24,sem_intensidade,+RA,0,0,,0,0,
SBRB,TODAS,TODOS,exato,TS,2,0,0.0,0,0,
SBRB,TODAS,TODOS,exato,+RA,0,0,,0,0,
SBRB,TODAS,TODOS,exato,+TSRA,0,0,,1,0,0.0
SBRB,TODAS,TODOS,exato,TSRA,10,0,0.0,1,0,0.0
SBRB,TODAS,TODOS,sem_intensidade,TS,2,0,0.0,0,0,
SBRB,TODAS,TODOS,sem_intensidade,TSRA,10,1,10.0,3,1,33.3
SBRB,TODAS,TODOS,sem_intensidade,+RA,0,0,,0,0,
SBRD,Verao,00-06,exato,TS,0,0,,0,0,
SBRD,Verao,00-06,exato,+RA,0,0,,0,0,
SBRD,Verao,00-06,exato,+TSRA,0,0,,0,0,
SBRD,Verao,00-06,exato,TSRA,0,0,,0,0,
SBRD,Verao,00-06,sem_intensidade,TS,0,0,,0,0,
SBRD,Verao,00-06,sem_intensidade,TSRA,0,0,,2,0,0.0
SBRD,Verao,00-06,sem_intensidade,+RA,0,0,,0,0,
SBRD,Verao,06-12,exato,TS,0,0,,0,0,
SBRD,Verao,06-12,exato,+RA,0,0,,0,0,
SBRD,Verao,06-12,exato,+TSRA,0,0,,0,0,
SBRD,Verao,06-12,exato,TSRA,0,0,,0,0,
SBRD,Verao,06-12,sem_intensidade,TS,0,0,,0,0,
SBRD,Verao,06-12,sem_intensidade,TSRA,0,0,,0,0,
SBRD,Verao,06-12,sem_intensidade,+RA,0,0,,0,0,
SBRD,Verao,12-18,exato,TS,5,0,0.0,0,0,
SBRD,Verao,12-18,exato,+RA,0,0,,0,0,
SBRD,Verao,12-18,exato,+TSRA,0,0,,0,0,
SBRD,Verao,12-18,exato,TSRA,10,0,0.0,0,0,
SBRD,Verao,12-18,sem_intensidade,TS,5,0,0.0,0,0,
SBRD,Verao,12-18,sem_intensidade,TSRA,10,0,0.0,6,0,0.0
SBRD,Verao,12-18,sem_intensidade,+RA,0,0,,0,0,
SBRD,Verao,18-24,exato,TS,26,0,0.0,2,0,0.0
SBRD,Verao,18-24,exato,+RA,0,0,,2,0,0.0
SBRD,Verao,18-24,exato,+TSRA,0,0,,0,0,
SBRD,Verao,18-24,exato,TSRA,64,0,0.0,0,0,
SBRD,Verao,18-24,sem_intensidade,TS,26,0,0.0,2,0,0.0
SBRD,Verao,18-24,sem_intensidade,TSRA,64,0,0.0,3,0,0.0
SBRD,Verao,18-24,sem_intensidade,+RA,0,0,,2,0,0.0
SBRD,Verao,TODOS,exato,TS,31,0,0.0,2,0,0.0
SBRD,Verao,TODOS,exato,+RA,0,0,,2,0,0.0
SBRD,Verao,TODOS,exato,+TSRA,0,0,,0,0,
SBRD,Verao,TODOS,exato,TSRA,74,0,0.0,0,0,
SBRD,Verao,TODOS,sem_intensidade,TS,31,0,0.0,2,0,0.0
SBRD,Verao,TODOS,sem_intensidade,TSRA,74,0,0.0,11,0,0.0
SBRD,Verao,TODOS,sem_intensidade,+RA,0,0,,2,0,0.0
SBRD,Outono,00-06,exato,TS,0,0,,0,0,
SBRD,Outono,00-06,exato,+RA,0,0,,0,0,
SBRD,Outono,00-06,exato,+TSRA,0,0,,0,0,
SBRD,Outono,00-06,exato,TSRA,0,0,,0,0,
SBRD,Outono,00-06,sem_intensidade,TS,0,0,,0,0,
SBRD,Outono,00-06,sem_intensidade,TSRA,0,0,,0,0,
SBRD,Outono,00-06,sem_intensidade,+RA,0,0,,0,0,
SBRD,Outono,06-12,exato,TS,0,0,,0,0,
SBRD,Outono,06-12,exato,+RA,0,0,,0,0,
SBRD,Outono,06-12,exato,+TSRA,0,0,,0,0,
SBRD,Outono,06-12,exato,TSRA,0,0,,0,0,
SBRD,Outono,06-12,sem_intensidade,TS,0,0,,0,0,
SBRD,Outono,06-12,sem_intensidade,TSRA,0,0,,0,0,
SBRD,Outono,06-12,sem_intensidade,+RA,0,0,,0,0,
SBRD,Outono,12-18,exato,TS,0,0,,0,0,
SBRD,Outono,12-18,exato,+RA,0,0,,0,0,
SBRD,Outono,12-18,exato,+TSRA,0,0,,0,0,
SBRD,Outono,12-18,exato,TSRA,0,0,,0,0,
SBRD,Outono,12-18,sem_intensidade,TS,0,0,,0,0,
SBRD,Outono,12-18,sem_intensidade,TSRA,0,0,,0,0,
SBRD,Outono,12-18,sem_intensidade,+RA,0,0,,0,0,
SBRD,Outono,18-24,exato,TS,18,0,0.0,0,0,
SBRD,Outono,18-24,exato,+RA,0,0,,0,0,
SBRD,Outono,18-24,exato,+TSRA,0,0,,0,0,
SBRD,Outono,18-24,exato,TSRA,12,0,0.0,0,0,
SBRD,Outono,18-24,sem_intensidade,TS,18,0,0.0,0,0,
SBRD,Outono,18-24,sem_intensidade,TSRA,12,0,0.0,0,0,
SBRD,Outono,18-24,sem_intensidade,+RA,0,0,,0,0,
SBRD,Outono,TODOS,exato,TS,18,0,0.0,0,0,
SBRD,Outono,TODOS,exato,+RA,0,0,,0,0,
SBRD,Outono,TODOS,exato,+TSRA,0,0,,0,0,
SBRD,Outono,TODOS,exato,TSRA,12,0,0.0,0,0,
SBRD,Outono,TODOS,sem_intensidade,TS,18,0,0.0,0,0,
SBRD,Outono,TODOS,sem_intensidade,TSRA,12,0,0.0,0,0,
SBRD,Outono,TODOS,sem_intensidade,+RA,0,0,,0,0,
SBRD,Inverno,00-06,exato,TS,0,0,,0,0,
SBRD,Inverno,00-06,exato,+RA,0,0,,0,0,
SBRD,Inverno,00-06,exato,+TSRA,0,0,,0,0,
SBRD,Inverno,00-06,exato,TSRA,0,0,,0,0,
SBRD,Inverno,00-06,sem_intensidade,TS,0,0,,0,0,
SBRD,Inverno,00-06,sem_intensidade,TSRA,0,0,,0,0,
SBRD,Inverno,00-06,sem_intensidade,+RA,0,0,,0,0,
SBRD,Inverno,06-12,exato,TS,0,0,,0,0,
SBRD,Inverno,06-12,exato,+RA,0,0,,0,0,
SBRD,Inverno,06-12,exato,+TSRA,0,0,,0,0,
SBRD,Inverno,06-12,exato,TSRA,0,0,,0,0,
SBRD,Inverno,06-12,sem_intensidade,TS,0,0,,0,0,
SBRD,Inverno,06-12,sem_intensidade,TSRA,0,0,,0,0,
SBRD,Inverno,06-12,sem_intensidade,+RA,0,0,,0,0,
SBRD,Inverno,12-18,exato,TS,1,0,0.0,0,0,
SBRD,Inverno,12-18,exato,+RA,0,0,,0,0,
SBRD,Inverno,12-18,exato,+TSRA,0,0,,0,0,
SBRD,Inverno,12-18,exato,TSRA,0,0,,0,0,
SBRD,Inverno,12-18,sem_intensidade,TS,1,0,0.0,0,0,
SBRD,Inverno,12-18,sem_intensidade,TSRA,0,0,,0,0,
SBRD,Inverno,12-18,sem_intensidade,+RA,0,0,,0,0,
SBRD,Inverno,18-24,exato,TS,3,0,0.0,0,0,
SBRD,Inverno,18-24,exato,+RA,0,0,,0,0,
SBRD,Inverno,18-24,exato,+TSRA,0,0,,0,0,
SBRD,Inverno,18-24,exato,TSRA,0,0,,0,0,
SBRD,Inverno,18-24,sem_intensidade,TS,3,0,0.0,0,0,
SBRD,Inverno,18-24,sem_intensidade,TSRA,0,0,,0,0,
SBRD,Inverno,18-24,sem_intensidade,+RA,0,0,,0,0,
SBRD,Inverno,TODOS,exato,TS,4,0,0.0,0,0,
SBRD,Inverno,TODOS,exato,+RA,0,0,,0,0,
SBRD,Inverno,TODOS,exato,+TSRA,0,0,,0,0,
SBRD,Inverno,TODOS,exato,TSRA,0,0,,0,0,
SBRD,Inverno,TODOS,sem_intensidade,TS,4,0,0.0,0,0,
SBRD,Inverno,TODOS,sem_intensidade,TSRA,0,0,,0,0,
SBRD,Inverno,TODOS,sem_intensidade,+RA,0,0,,0,0,
SBRD,Primavera,00-06,exato,TS,4,0,0.0,6,0,0.0
SBRD,Primavera,00-06,exato,+RA,0,0,,0,0,
SBRD,Primavera,00-06,exato,+TSRA,0,0,,0,0,
SBRD,Primavera,00-06,exato,TSRA,0,0,,0,0,
SBRD,Primavera,00-06,sem_intensidade,TS,4,0,0.0,6,0,0.0
SBRD,Primavera,00-06,sem_intensidade,TSRA,0,0,,0,0,
SBRD,Primavera,00-06,sem_intensidade,+RA,0,0,,0,0,
SBRD,Primavera,06-12,exato,TS,1,0,0.0,4,0,0.0
SBRD,Primavera,06-12,exato,+RA,0,0,,0,0,
SBRD,Primavera,06-12,exato,+TSRA,0,0,,0,0,
SBRD,Primavera,06-12,exato,TSRA,0,0,,0,0,
SBRD,Primavera,06-12,sem_intensidade,TS,1,0,0.0,4,0,0.0
SBRD,Primavera,06-12,sem_intensidade,TSRA,0,0,,0,0,
SBRD,Primavera,06-12,sem_intensidade,+RA,0,0,,0,0,
SBRD,Primavera,12-18,exato,TS,8,0,0.0,9,0,0.0
SBRD,Primavera,12-18,exato,+RA,0,0,,0,0,
SBRD,Primavera,12-18,exato,+TSRA,0,0,,0,0,
SBRD,Primavera,12-18,exato,TSRA,4,0,0.0,0,0,
SBRD,Primavera,12-18,sem_intensidade,TS,8,0,0.0,9,0,0.0
SBRD,Primavera,12-18,sem_intensidade,TSRA,4,0,0.0,0,0,
SBRD,Primavera,12-18,sem_intensidade,+RA,0,0,,0,0,
SBRD,Primavera,18-24,exato,TS,55,5,9.1,7,5,71.4
SBRD,Primavera,18-24,exato,+RA,0,0,,0,0,
SBRD,Primavera,18-24,exato,+TSRA,0,0,,0,0,
SBRD,Primavera,18-24,exato,TSRA,40,0,0.0,0,0,
SBRD,Primavera,18-24,sem_intensidade,TS,55,5,9.1,7,5,71.4
SBRD,Primavera,18-24,sem_intensidade,TSRA,40,0,0.0,3,0,0.0
SBRD,Primavera,18-24,sem_intensidade,+RA,0,0,,0,0,
SBRD,Primavera,TODOS,exato,TS,68,5,7.4,26,5,19.2
SBRD,Primavera,TODOS,exato,+RA,0,0,,0,0,
SBRD,Primavera,TODOS,exato,+TSRA,0,0,,0,0,
SBRD,Primavera,TODOS,exato,TSRA,44,0,0.0,0,0,
SBRD,Primavera,TODOS,sem_intensidade,TS,68,5,7.4,26,5,19.2
SBRD,Primavera,TODOS,sem_intensidade,TSRA,44,0,0.0,3,0,0.0
SBRD,Primavera,TODOS,sem_intensidade,+RA,0,0,,0,0,
SBRD,TODAS,00-06,exato,TS,4,0,0.0,6,0,0.0
SBRD,TODAS,00-06,exato,+RA,0,0,,0,0,
SBRD,TODAS,00-06,exato,+TSRA,0,0,,0,0,
SBRD,TODAS,00-06,exato,TSRA,0,0,,0,0,
SBRD,TODAS,00-06,sem_intensidade,TS,4,0,0.0,6,0,0.0
SBRD,TODAS,00-06,sem_intensidade,TSRA,0,0,,2,0,0.0
SBRD,TODAS,00-06,sem_intensidade,+RA,0,0,,0,0,
SBRD,TODAS,06-12,exato,TS,1,0,0.0,4,0,0.0
SBRD,TODAS,06-12,exato,+RA,0,0,,0,0,
SBRD,TODAS,06-12,exato,+TSRA,0,0,,0,0,
SBRD,TODAS,06-12,exato,TSRA,0,0,,0,0,
SBRD,TODAS,06-12,sem_intensidade,TS,1,0,0.0,4,0,0.0
SBRD,TODAS,06-12,sem_intensidade,TSRA,0,0,,0,0,
SBRD,TODAS,06-12,sem_intensidade,+RA,0,0,,0,0,
SBRD,TODAS,12-18,exato,TS,14,0,0.0,9,0,0.0
SBRD,TODAS,12-18,exato,+RA,0,0,,0,0,
SBRD,TODAS,12-18,exato,+TSRA,0,0,,0,0,
SBRD,TODAS,12-18,exato,TSRA,14,0,0.0,0,0,
SBRD,TODAS,12-18,sem_intensidade,TS,14,0,0.0,9,0,0.0
SBRD,TODAS,12-18,sem_intensidade,TSRA,14,0,0.0,6,0,0.0
SBRD,TODAS,12-18,sem_intensidade,+RA,0,0,,0,0,
SBRD,TODAS,18-24,exato,TS,102,5,4.9,9,5,55.6
SBRD,TODAS,18-24,exato,+RA,0,0,,2,0,0.0
SBRD,TODAS,18-24,exato,+TSRA,0,0,,0,0,
SBRD,TODAS,18-24,exato,TSRA,116,0,0.0,0,0,
SBRD,TODAS,18-24,sem_intensidade,TS,102,5,4.9,9,5,55.6
SBRD,TODAS,18-24,sem_intensidade,TSRA,116,0,0.0,6,0,0.0
SBRD,TODAS,18-24,sem_intensidade,+RA,0,0,,2,0,0.0
SBRD,TODAS,TODOS,exato,TS,121,5,4.1,28,5,17.9
SBRD,TODAS,TODOS,exato,+RA,0,0,,2,0,0.0
SBRD,TODAS,TODOS,exato,+TSRA,0,0,,0,0,
SBRD,TODAS,TODOS,exato,TSRA,130,0,0.0,0,0,
SBRD,TODAS,TODOS,sem_intensidade,TS,121,5,4.1,28,5,17.9
SBRD,TODAS,TODOS,sem_intensidade,TSRA,130,0,0.0,14,0,0.0
SBRD,TODAS,TODOS,sem_intensidade,+RA,0,0,,2,0,0.0
SBRF,Verao,00-06,exato,TS,0,0,,0,0,
SBRF,Verao,00-06,exato,+RA,0,0,,0,0,
SBRF,Verao,00-06,exato,+TSRA,0,0,,0,0,
SBRF,Verao,00-06,exato,TSRA,5,0,0.0,0,0,
SBRF,Verao,00-06,sem_intensidade,TS,0,0,,0,0,
SBRF,Verao,00-06,sem_intensidade,TSRA,5,0,0.0,0,0,
SBRF,Verao,00-06,sem_intensidade,+RA,0,0,,0,0,
SBRF,Verao,06-12,exato,TS,0,0,,0,0,
SBRF,Verao,06-12,exato,+RA,0,0,,0,0,
SBRF,Verao,06-12,exato,+TSRA,0,0,,0,0,
SBRF,Verao,06-12,exato,TSRA,0,0,,0,0,
SBRF,Verao,06-12,sem_intensidade,TS,0,0,,0,0,
SBRF,Verao,06-12,sem_intensidade,TSRA,0,0,,1,0,0.0
SBRF,Verao,06-12,sem_intensidade,+RA,0,0,,0,0,
SBRF,Verao,12-18,exato,TS,0,0,,2,0,0.0
SBRF,Verao,12-18,exato,+RA,0,0,,0,0,
SBRF,Verao,12-18,exato,+TSRA,0,0,,0,0,
SBRF,Verao,12-18,exato,TSRA,0,0,,0,0,
SBRF,Verao,12-18,sem_intensidade,TS,0,0,,2,0,0.0
SBRF,Verao,12-18,sem_intensidade,TSRA,0,0,,0,0,
SBRF,Verao,12-18,sem_intensidade,+RA,0,0,,0,0,
SBRF,Verao,18-24,exato,TS,1,0,0.0,0,0,
SBRF,Verao,18-24,exato,+RA,0,0,,0,0,
SBRF,Verao,18-24,exato,+TSRA,0,0,,0,0,
SBRF,Verao,18-24,exato,TSRA,0,0,,0,0,
SBRF,Verao,18-24,sem_intensidade,TS,1,0,0.0,0,0,
SBRF,Verao,18-24,sem_intensidade,TSRA,0,0,,0,0,
SBRF,Verao,18-24,sem_intensidade,+RA,0,0,,0,0,
SBRF,Verao,TODOS,exato,TS,1,0,0.0,2,0,0.0
SBRF,Verao,TODOS,exato,+RA,0,0,,0,0,
SBRF,Verao,TODOS,exato,+TSRA,0,0,,0,0,
SBRF,Verao,TODOS,exato,TSRA,5,0,0.0,0,0,
SBRF,Verao,TODOS,sem_intensidade,TS,1,0,0.0,2,0,0.0
SBRF,Verao,TODOS,sem_intensidade,TSRA,5,0,0.0,1,0,0.0
SBRF,Verao,TODOS,sem_intensidade,+RA,0,0,,0,0,
SBRF,Outono,00-06,exato,TS,0,0,,0,0,
SBRF,Outono,00-06,exato,+RA,0,0,,1,0,0.0
SBRF,Outono,00-06,exato,+TSRA,0,0,,0,0,
SBRF,Outono,00-06,exato,TSRA,8,0,0.0,0,0,
SBRF,Outono,00-06,sem_intensidade,TS,0,0,,0,0,
SBRF,Outono,00-06,sem_intensidade,TSRA,8,0,0.0,0,0,
SBRF,Outono,00-06,sem_intensidade,+RA,0,0,,1,0,0.0
SBRF,Outono,06-12,exato,TS,0,0,,0,0,
SBRF,Outono,06-12,exato,+RA,0,0,,0,0,
SBRF,Outono,06-12,exato,+TSRA,0,0,,0,0,
SBRF,Outono,06-12,exato,TSRA,0,0,,0,0,
SBRF,Outono,06-12,sem_intensidade,TS,0,0,,0,0,
SBRF,Outono,06-12,sem_intensidade,TSRA,0,0,,0,0,
SBRF,Outono,06-12,sem_intensidade,+RA,0,0,,0,0,
SBRF,Outono,12-18,exato,TS,0,0,,0,0,
SBRF,Outono,12-18,exato,+RA,0,0,,0,0,
SBRF,Outono,12-18,exato,+TSRA,0,0,,0,0,
SBRF,Outono,12-18,exato,TSRA,9,0,0.0,0,0,
SBRF,Outono,12-18,sem_intensidade,TS,0,0,,0,0,
SBRF,Outono,12-18,sem_intensidade,TSRA,9,0,0.0,0,0,
SBRF,Outono,12-18,sem_intensidade,+RA,0,0,,0,0,
SBRF,Outono,18-24,exato,TS,0,0,,0,0,
SBRF,Outono,18-24,exato,+RA,0,0,,0,0,
SBRF,Outono,18-24,exato,+TSRA,0,0,,0,0,
SBRF,Outono,18-24,exato,TSRA,7,0,0.0,0,0,
SBRF,Outono,18-24,sem_intensidade,TS,0,0,,0,0,
SBRF,Outono,18-24,sem_intensidade,TSRA,7,1,14.3,1,1,100.0
SBRF,Outono,18-24,sem_intensidade,+RA,0,0,,0,0,
SBRF,Outono,TODOS,exato,TS,0,0,,0,0,
SBRF,Outono,TODOS,exato,+RA,0,0,,1,0,0.0
SBRF,Outono,TODOS,exato,+TSRA,0,0,,0,0,
SBRF,Outono,TODOS,exato,TSRA,24,0,0.0,0,0,
SBRF,Outono,TODOS,sem_intensidade,TS,0,0,,0,0,
SBRF,Outono,TODOS,sem_intensidade,TSRA,24,1,4.2,1,1,100.0
SBRF,Outono,TODOS,sem_intensidade,+RA,0,0,,1,0,0.0
SBRF,Inverno,00-06,exato,TS,0,0,,0,0,
SBRF,Inverno,00-06,exato,+RA,0,0,,0,0,
SBRF,Inverno,00-06,exato,+TSRA,0,0,,0,0,
SBRF,Inverno,00-06,exato,TSRA,0,0,,0,0,
SBRF,Inverno,00-06,sem_intensidade,TS,0,0,,0,0,
SBRF,Inverno,00-06,sem_intensidade,TSRA,0,0,,0,0,
SBRF,Inverno,00-06,sem_intensidade,+RA,0,0,,0,0,
SBRF,Inverno,06-12,exato,TS,0,0,,0,0,
SBRF,Inverno,06-12,exato,+RA,0,0,,0,0,
SBRF,Inverno,06-12,exato,+TSRA,0,0,,0,0,
SBRF,Inverno,06-12,exato,TSRA,0,0,,0,0,
SBRF,Inverno,06-12,sem_intensidade,TS,0,0,,0,0,
SBRF,Inverno,06-12,sem_intensidade,TSRA,0,0,,0,0,
SBRF,Inverno,06-12,sem_intensidade,+RA,0,0,,0,0,
SBRF,Inverno,12-18,exato,TS,0,0,,0,0,
SBRF,Inverno,12-18,exato,+RA,0,0,,0,0,
SBRF,Inverno,12-18,exato,+TSRA,0,0,,0,0,
SBRF,Inverno,12-18,exato,TSRA,0,0,,0,0,
SBRF,Inverno,12-18,sem_intensidade,TS,0,0,,0,0,
SBRF,Inverno,12-18,sem_intensidade,TSRA,0,0,,0,0,
SBRF,Inverno,12-18,sem_intensidade,+RA,0,0,,0,0,
SBRF,Inverno,18-24,exato,TS,0,0,,0,0,
SBRF,Inverno,18-24,exato,+RA,0,0,,0,0,
SBRF,Inverno,18-24,exato,+TSRA,0,0,,0,0,
SBRF,Inverno,18-24,exato,TSRA,0,0,,0,0,
SBRF,Inverno,18-24,sem_intensidade,TS,0,0,,0,0,
SBRF,Inverno,18-24,sem_intensidade,TSRA,0,0,,0,0,
SBRF,Inverno,18-24,sem_intensidade,+RA,0,0,,0,0,
SBRF,Inverno,TODOS,exato,TS,0,0,,0,0,
SBRF,Inverno,TODOS,exato,+RA,0,0,,0,0,
SBRF,Inverno,TODOS,exato,+TSRA,0,0,,0,0,
SBRF,Inverno,TODOS,exato,TSRA,0,0,,0,0,
SBRF,Inverno,TODOS,sem_intensidade,TS,0,0,,0,0,
SBRF,Inverno,TODOS,sem_intensidade,TSRA,0,0,,0,0,
SBRF,Inverno,TODOS,sem_intensidade,+RA,0,0,,0,0,
SBRF,Primavera,00-06,exato,TS,0,0,,0,0,
SBRF,Primavera,00-06,exato,+RA,0,0,,0,0,
SBRF,Primavera,00-06,exato,+TSRA,0,0,,0,0,
SBRF,Primavera,00-06,exato,TSRA,2,0,0.0,0,0,
SBRF,Primavera,00-06,sem_intensidade,TS,0,0,,0,0,
SBRF,Primavera,00-06,sem_intensidade,TSRA,2,0,0.0,0,0,
SBRF,Primavera,00-06,sem_intensidade,+RA,0,0,,0,0,
SBRF,Primavera,06-12,exato,TS,0,0,,0,0,
SBRF,Primavera,06-12,exato,+RA,0,0,,0,0,
SBRF,Primavera,06-12,exato,+TSRA,0,0,,0,0,
SBRF,Primavera,06-12,exato,TSRA,0,0,,0,0,
SBRF,Primavera,06-12,sem_intensidade,TS,0,0,,0,0,
SBRF,Primavera,06-12,sem_intensidade,TSRA,0,0,,0,0,
SBRF,Primavera,06-12,sem_intensidade,+RA,0,0,,0,0,
SBRF,Primavera,12-18,exato,TS,0,0,,0,0,
SBRF,Primavera,12-18,exato,+RA,0,0,,0,0,
SBRF,Primavera,12-18,exato,+TSRA,0,0,,0,0,
SBRF,Primavera,12-18,exato,TSRA,0,0,,0,0,
SBRF,Primavera,12-18,sem_intensidade,TS,0,0,,0,0,
SBRF,Primavera,12-18,sem_intensidade,TSRA,0,0,,0,0,
SBRF,Primavera,12-18,sem_intensidade,+RA,0,0,,0,0,
SBRF,Primavera,18-24,exato,TS,0,0,,0,0,
SBRF,Primavera,18-24,exato,+RA,0,0,,0,0,
SBRF,Primavera,18-24,exato,+TSRA,0,0,,0,0,
SBRF,Primavera,18-24,exato,TSRA,1,0,0.0,0,0,
SBRF,Primavera,18-24,sem_intensidade,TS,0,0,,0,0,
SBRF,Primavera,18-24,sem_intensidade,TSRA,1,0,0.0,0,0,
SBRF,Primavera,18-24,sem_intensidade,+RA,0,0,,0,0,
SBRF,Primavera,TODOS,exato,TS,0,0,,0,0,
SBRF,Primavera,TODOS,exato,+RA,0,0,,0,0,
SBRF,Primavera,TODOS,exato,+TSRA,0,0,,0,0,
SBRF,Primavera,TODOS,exato,TSRA,3,0,0.0,0,0,
SBRF,Primavera,TODOS,sem_intensidade,TS,0,0,,0,0,
SBRF,Primavera,TODOS,sem_intensidade,TSRA,3,0,0.0,0,0,
SBRF,Primavera,TODOS,sem_intensidade,+RA,0,0,,0,0,
SBRF,TODAS,00-06,exato,TS,0,0,,0,0,
SBRF,TODAS,00-06,exato,+RA,0,0,,1,0,0.0
SBRF,TODAS,00-06,exato,+TSRA,0,0,,0,0,
SBRF,TODAS,00-06,exato,TSRA,15,0,0.0,0,0,
SBRF,TODAS,00-06,sem_intensidade,TS,0,0,,0,0,
SBRF,TODAS,00-06,sem_intensidade,TSRA,15,0,0.0,0,0,
SBRF,TODAS,00-06,sem_intensidade,+RA,0,0,,1,0,0.0
SBRF,TODAS,06-12,exato,TS,0,0,,0,0,
SBRF,TODAS,06-12,exato,+RA,0,0,,0,0,
SBRF,TODAS,06-12,exato,+TSRA,0,0,,0,0,
SBRF,TODAS,06-12,exato,TSRA,0,0,,0,0,
SBRF,TODAS,06-12,sem_intensidade,TS,0,0,,0,0,
SBRF,TODAS,06-12,sem_intensidade,TSRA,0,0,,1,0,0.0
SBRF,TODAS,06-12,sem_intensidade,+RA,0,0,,0,0,
SBRF,TODAS,12-18,exato,TS,0,0,,2,0,0.0
SBRF,TODAS,12-18,exato,+RA,0,0,,0,0,
SBRF,TODAS,12-18,exato,+TSRA,0,0,,0,0,
SBRF,TODAS,12-18,exato,TSRA,9,0,0.0,0,0,
SBRF,TODAS,12-18,sem_intensidade,TS,0,0,,2,0,0.0
SBRF,TODAS,12-18,sem_intensidade,TSRA,9,0,0.0,0,0,
SBRF,TODAS,12-18,sem_intensidade,+RA,0,0,,0,0,
SBRF,TODAS,18-24,exato,TS,1,0,0.0,0,0,
SBRF,TODAS,18-24,exato,+RA,0,0,,0,0,
SBRF,TODAS,18-24,exato,+TSRA,0,0,,0,0,
SBRF,TODAS,18-24,exato,TSRA,8,0,0.0,0,0,
SBRF,TODAS,18-24,sem_intensidade,TS,1,0,0.0,0,0,
SBRF,TODAS,18-24,sem_intensidade,TSRA,8,1,12.5,1,1,100.0
SBRF,TODAS,18-24,sem_intensidade,+RA,0,0,,0,0,
SBRF,TODAS,TODOS,exato,TS,1,0,0.0,2,0,0.0
SBRF,TODAS,TODOS,exato,+RA,0,0,,1,0,0.0
SBRF,TODAS,TODOS,exato,+TSRA,0,0,,0,0,
SBRF,TODAS,TODOS,exato,TSRA,32,0,0.0,0,0,
SBRF,TODAS,TODOS,sem_intensidade,TS,1,0,0.0,2,0,0.0
SBRF,TODAS,TODOS,sem_intensidade,TSRA,32,1,3.1,2,1,50.0
SBRF,TODAS,TODOS,sem_intensidade,+RA,0,0,,1,0,0.0
SBSG,Verao,00-06,exato,TS,0,0,,0,0,
SBSG,Verao,00-06,exato,+RA,0,0,,0,0,
SBSG,Verao,00-06,exato,+TSRA,0,0,,0,0,
SBSG,Verao,00-06,exato,TSRA,0,0,,0,0,
SBSG,Verao,00-06,sem_intensidade,TS,0,0,,0,0,
SBSG,Verao,00-06,sem_intensidade,TSRA,0,0,,0,0,
SBSG,Verao,00-06,sem_intensidade,+RA,0,0,,0,0,
SBSG,Verao,06-12,exato,TS,0,0,,0,0,
SBSG,Verao,06-12,exato,+RA,0,0,,0,0,
SBSG,Verao,06-12,exato,+TSRA,0,0,,0,0,
SBSG,Verao,06-12,exato,TSRA,0,0,,0,0,
SBSG,Verao,06-12,sem_intensidade,TS,0,0,,0,0,
SBSG,Verao,06-12,sem_intensidade,TSRA,0,0,,0,0,
SBSG,Verao,06-12,sem_intensidade,+RA,0,0,,0,0,
SBSG,Verao,12-18,exato,TS,0,0,,0,0,
SBSG,Verao,12-18,exato,+RA,0,0,,0,0,
SBSG,Verao,12-18,exato,+TSRA,0,0,,1,0,0.0
SBSG,Verao,12-18,exato,TSRA,4,0,0.0,0,0,
SBSG,Verao,12-18,sem_intensidade,TS,0,0,,0,0,
SBSG,Verao,12-18,sem_intensidade,TSRA,4,0,0.0,3,0,0.0
SBSG,Verao,12-18,sem_intensidade,+RA,0,0,,0,0,
SBSG,Verao,18-24,exato,TS,0,0,,0,0,
SBSG,Verao,18-24,exato,+RA,0,0,,0,0,
SBSG,Verao,18-24,exato,+TSRA,0,0,,0,0,
SBSG,Verao,18-24,exato,TSRA,2,0,0.0,0,0,
SBSG,Verao,18-24,sem_intensidade,TS,0,0,,0,0,
SBSG,Verao,18-24,sem_intensidade,TSRA,2,0,0.0,0,0,
SBSG,Verao,18-24,sem_intensidade,+RA,0,0,,0,0,
SBSG,Verao,TODOS,exato,TS,0,0,,0,0,
SBSG,Verao,TODOS,exato,+RA,0,0,,0,0,
SBSG,Verao,TODOS,exato,+TSRA,0,0,,1,0,0.0
SBSG,Verao,TODOS,exato,TSRA,6,0,0.0,0,0,
SBSG,Verao,TODOS,sem_intensidade,TS,0,0,,0,0,
SBSG,Verao,TODOS,sem_intensidade,TSRA,6,0,0.0,3,0,0.0
SBSG,Verao,TODOS,sem_intensidade,+RA,0,0,,0,0,
SBSG,Outono,00-06,exato,TS,0,0,,0,0,
SBSG,Outono,00-06,exato,+RA,0,0,,0,0,
SBSG,Outono,00-06,exato,+TSRA,0,0,,0,0,
SBSG,Outono,00-06,exato,TSRA,0,0,,0,0,
SBSG,Outono,00-06,sem_intensidade,TS,0,0,,0,0,
SBSG,Outono,00-06,sem_intensidade,TSRA,0,0,,0,0,
SBSG,Outono,00-06,sem_intensidade,+RA,0,0,,0,0,
SBSG,Outono,06-12,exato,TS,0,0,,0,0,
SBSG,Outono,06-12,exato,+RA,0,0,,0,0,
SBSG,Outono,06-12,exato,+TSRA,0,0,,0,0,
SBSG,Outono,06-12,exato,TSRA,0,0,,0,0,
SBSG,Outono,06-12,sem_intensidade,TS,0,0,,0,0,
SBSG,Outono,06-12,sem_intensidade,TSRA,0,0,,0,0,
SBSG,Outono,06-12,sem_intensidade,+RA,0,0,,0,0,
SBSG,Outono,12-18,exato,TS,0,0,,0,0,
SBSG,Outono,12-18,exato,+RA,0,0,,0,0,
SBSG,Outono,12-18,exato,+TSRA,0,0,,0,0,
SBSG,Outono,12-18,exato,TSRA,10,0,0.0,0,0,
SBSG,Outono,12-18,sem_intensidade,TS,0,0,,0,0,
SBSG,Outono,12-18,sem_intensidade,TSRA,10,0,0.0,0,0,
SBSG,Outono,12-18,sem_intensidade,+RA,0,0,,0,0,
SBSG,Outono,18-24,exato,TS,2,0,0.0,0,0,
SBSG,Outono,18-24,exato,+RA,0,0,,0,0,
SBSG,Outono,18-24,exato,+TSRA,0,0,,0,0,
SBSG,Outono,18-24,exato,TSRA,3,0,0.0,0,0,
SBSG,Outono,18-24,sem_intensidade,TS,2,0,0.0,0,0,
SBSG,Outono,18-24,sem_intensidade,TSRA,3,0,0.0,0,0,
SBSG,Outono,18-24,sem_intensidade,+RA,0,0,,0,0,
SBSG,Outono,TODOS,exato,TS,2,0,0.0,0,0,
SBSG,Outono,TODOS,exato,+RA,0,0,,0,0,
SBSG,Outono,TODOS,exato,+TSRA,0,0,,0,0,
SBSG,Outono,TODOS,exato,TSRA,13,0,0.0,0,0,
SBSG,Outono,TODOS,sem_intensidade,TS,2,0,0.0,0,0,
SBSG,Outono,TODOS,sem_intensidade,TSRA,13,0,0.0,0,0,
SBSG,Outono,TODOS,sem_intensidade,+RA,0,0,,0,0,
SBSG,Inverno,00-06,exato,TS,0,0,,0,0,
SBSG,Inverno,00-06,exato,+RA,0,0,,0,0,
SBSG,Inverno,00-06,exato,+TSRA,0,0,,0,0,
SBSG,Inverno,00-06,exato,TSRA,0,0,,0,0,
SBSG,Inverno,00-06,sem_intensidade,TS,0,0,,0,0,
SBSG,Inverno,00-06,sem_intensidade,TSRA,0,0,,0,0,
SBSG,Inverno,00-06,sem_intensidade,+RA,0,0,,0,0,
SBSG,Inverno,06-12,exato,TS,0,0,,0,0,
SBSG,Inverno,06-12,exato,+RA,0,0,,0,0,
SBSG,Inverno,06-12,exato,+TSRA,0,0,,0,0,
SBSG,Inverno,06-12,exato,TSRA,0,0,,0,0,
SBSG,Inverno,06-12,sem_intensidade,TS,0,0,,0,0,
SBSG,Inverno,06-12,sem_intensidade,TSRA,0,0,,0,0,
SBSG,Inverno,06-12,sem_intensidade,+RA,0,0,,0,0,
SBSG,Inverno,12-18,exato,TS,0,0,,0,0,
SBSG,Inverno,12-18,exato,+RA,0,0,,0,0,
SBSG,Inverno,12-18,exato,+TSRA,0,0,,0,0,
SBSG,Inverno,12-18,exato,TSRA,0,0,,0,0,
SBSG,Inverno,12-18,sem_intensidade,TS,0,0,,0,0,
SBSG,Inverno,12-18,sem_intensidade,TSRA,0,0,,0,0,
SBSG,Inverno,12-18,sem_intensidade,+RA,0,0,,0,0,
SBSG,Inverno,18-24,exato,TS,0,0,,0,0,
SBSG,Inverno,18-24,exato,+RA,0,0,,0,0,
SBSG,Inverno,18-24,exato,+TSRA,0,0,,0,0,
SBSG,Inverno,18-24,exato,TSRA,0,0,,0,0,
SBSG,Inverno,18-24,sem_intensidade,TS,0,0,,0,0,
SBSG,Inverno,18-24,sem_intensidade,TSRA,0,0,,0,0,
SBSG,Inverno,18-24,sem_intensidade,+RA,0,0,,0,0,
SBSG,Inverno,TODOS,exato,TS,0,0,,0,0,
SBSG,Inverno,TODOS,exato,+RA,0,0,,0,0,
SBSG,Inverno,TODOS,exato,+TSRA,0,0,,0,0,
SBSG,Inverno,TODOS,exato,TSRA,0,0,,0,0,
SBSG,Inverno,TODOS,sem_intensidade,TS,0,0,,0,0,
SBSG,Inverno,TODOS,sem_intensidade,TSRA,0,0,,0,0,
SBSG,Inverno,TODOS,sem_intensidade,+RA,0,0,,0,0,
SBSG,Primavera,00-06,exato,TS,0,0,,0,0,
SBSG,Primavera,00-06,exato,+RA,0,0,,0,0,
SBSG,Primavera,00-06,exato,+TSRA,0,0,,0,0,
SBSG,Primavera,00-06,exato,TSRA,0,0,,0,0,
SBSG,Primavera,00-06,sem_intensidade,TS,0,0,,0,0,
SBSG,Primavera,00-06,sem_intensidade,TSRA,0,0,,0,0,
SBSG,Primavera,00-06,sem_intensidade,+RA,0,0,,0,0,
SBSG,Primavera,06-12,exato,TS,0,0,,0,0,
SBSG,Primavera,06-12,exato,+RA,0,0,,0,0,
SBSG,Primavera,06-12,exato,+TSRA,0,0,,0,0,
SBSG,Primavera,06-12,exato,TSRA,0,0,,0,0,
SBSG,Primavera,06-12,sem_intensidade,TS,0,0,,0,0,
SBSG,Primavera,06-12,sem_intensidade,TSRA,0,0,,0,0,
SBSG,Primavera,06-12,sem_intensidade,+RA,0,0,,0,0,
SBSG,Primavera,12-18,exato,TS,0,0,,0,0,
SBSG,Primavera,12-18,exato,+RA,0,0,,0,0,
SBSG,Primavera,12-18,exato,+TSRA,0,0,,0,0,
SBSG,Primavera,12-18,exato,TSRA,0,0,,0,0,
SBSG,Primavera,12-18,sem_intensidade,TS,0,0,,0,0,
SBSG,Primavera,12-18,sem_intensidade,TSRA,0,0,,0,0,
SBSG,Primavera,12-18,sem_intensidade,+RA,0,0,,0,0,
SBSG,Primavera,18-24,exato,TS,0,0,,0,0,
SBSG,Primavera,18-24,exato,+RA,0,0,,0,0,
SBSG,Primavera,18-24,exato,+TSRA,0,0,,0,0,
SBSG,Primavera,18-24,exato,TSRA,0,0,,0,0,
SBSG,Primavera,18-24,sem_intensidade,TS,0,0,,0,0,
SBSG,Primavera,18-24,sem_intensidade,TSRA,0,0,,0,0,
SBSG,Primavera,18-24,sem_intensidade,+RA,0,0,,0,0,
SBSG,Primavera,TODOS,exato,TS,0,0,,0,0,
SBSG,Primavera,TODOS,exato,+RA,0,0,,0,0,
SBSG,Primavera,TODOS,exato,+TSRA,0,0,,0,0,
SBSG,Primavera,TODOS,exato,TSRA,0,0,,0,0,
SBSG,Primavera,TODOS,sem_intensidade,TS,0,0,,0,0,
SBSG,Primavera,TODOS,sem_intensidade,TSRA,0,0,,0,0,
SBSG,Primavera,TODOS,sem_intensidade,+RA,0,0,,0,0,
SBSG,TODAS,00-06,exato,TS,0,0,,0,0,
SBSG,TODAS,00-06,exato,+RA,0,0,,0,0,
SBSG,TODAS,00-06,exato,+TSRA,0,0,,0,0,
SBSG,TODAS,00-06,exato,TSRA,0,0,,0,0,
SBSG,TODAS,00-06,sem_intensidade,TS,0,0,,0,0,
SBSG,TODAS,00-06,sem_intensidade,TSRA,0,0,,0,0,
SBSG,TODAS,00-06,sem_intensidade,+RA,0,0,,0,0,
SBSG,TODAS,06-12,exato,TS,0,0,,0,0,
SBSG,TODAS,06-12,exato,+RA,0,0,,0,0,
SBSG,TODAS,06-12,exato,+TSRA,0,0,,0,0,
SBSG,TODAS,06-12,exato,TSRA,0,0,,0,0,
SBSG,TODAS,06-12,sem_intensidade,TS,0,0,,0,0,
SBSG,TODAS,06-12,sem_intensidade,TSRA,0,0,,0,0,
SBSG,TODAS,06-12,sem_intensidade,+RA,0,0,,0,0,
SBSG,TODAS,12-18,exato,TS,0,0,,0,0,
SBSG,TODAS,12-18,exato,+RA,0,0,,0,0,
SBSG,TODAS,12-18,exato,+TSRA,0,0,,1,0,0.0
SBSG,TODAS,12-18,exato,TSRA,14,0,0.0,0,0,
SBSG,TODAS,12-18,sem_intensidade,TS,0,0,,0,0,
SBSG,TODAS,12-18,sem_intensidade,TSRA,14,0,0.0,3,0,0.0
SBSG,TODAS,12-18,sem_intensidade,+RA,0,0,,0,0,
SBSG,TODAS,18-24,exato,TS,2,0,0.0,0,0,
SBSG,TODAS,18-24,exato,+RA,0,0,,0,0,
SBSG,TODAS,18-24,exato,+TSRA,0,0,,0,0,
SBSG,TODAS,18-24,exato,TSRA,5,0,0.0,0,0,
SBSG,TODAS,18-24,sem_intensidade,TS,2,0,0.0,0,0,
SBSG,TODAS,18-24,sem_intensidade,TSRA,5,0,0.0,0,0,
SBSG,TODAS,18-24,sem_intensidade,+RA,0,0,,0,0,
SBSG,TODAS,TODOS,exato,TS,2,0,0.0,0,0,
SBSG,TODAS,TODOS,exato,+RA,0,0,,0,0,
SBSG,TODAS,TODOS,exato,+TSRA,0,0,,1,0,0.0
SBSG,TODAS,TODOS,exato,TSRA,19,0,0.0,0,0,
SBSG,TODAS,TODOS,sem_intensidade,TS,2,0,0.0,0,0,
SBSG,TODAS,TODOS,sem_intensidade,TSRA,19,0,0.0,3,0,0.0
SBSG,TODAS,TODOS,sem_intensidade,+RA,0,0,,0,0,
SBSI,Verao,00-06,exato,TS,0,0,,0,0,
SBSI,Verao,00-06,exato,+RA,0,0,,0,0,
SBSI,Verao,00-06,exato,+TSRA,0,0,,0,0,
SBSI,Verao,00-06,exato,TSRA,0,0,,0,0,
SBSI,Verao,00-06,sem_intensidade,TS,0,0,,0,0,
SBSI,Verao,00-06,sem_intensidade,TSRA,0,0,,0,0,
SBSI,Verao,00-06,sem_intensidade,+RA,0,0,,0,0,
SBSI,Verao,06-12,exato,TS,0,0,,0,0,
SBSI,Verao,06-12,exato,+RA,0,0,,0,0,
SBSI,Verao,06-12,exato,+TSRA,0,0,,0,0,
SBSI,Verao,06-12,exato,TSRA,0,0,,0,0,
SBSI,Verao,06-12,sem_intensidade,TS,0,0,,0,0,
SBSI,Verao,06-12,sem_intensidade,TSRA,0,0,,0,0,
SBSI,Verao,06-12,sem_intensidade,+RA,0,0,,0,0,
SBSI,Verao,12-18,exato,TS,0,0,,0,0,
SBSI,Verao,12-18,exato,+RA,0,0,,0,0,
SBSI,Verao,12-18,exato,+TSRA,0,0,,0,0,
SBSI,Verao,12-18,exato,TSRA,0,0,,0,0,
SBSI,Verao,12-18,sem_intensidade,TS,0,0,,0,0,
SBSI,Verao,12-18,sem_intensidade,TSRA,0,0,,0,0,
SBSI,Verao,12-18,sem_intensidade,+RA,0,0,,0,0,
SBSI,Verao,18-24,exato,TS,0,0,,0,0,
SBSI,Verao,18-24,exato,+RA,0,0,,0,0,
SBSI,Verao,18-24,exato,+TSRA,0,0,,0,0,
SBSI,Verao,18-24,exato,TSRA,0,0,,0,0,
SBSI,Verao,18-24,sem_intensidade,TS,0,0,,0,0,
SBSI,Verao,18-24,sem_intensidade,TSRA,0,0,,0,0,
SBSI,Verao,18-24,sem_intensidade,+RA,0,0,,0,0,
SBSI,Verao,TODOS,exato,TS,0,0,,0,0,
SBSI,Verao,TODOS,exato,+RA,0,0,,0,0,
SBSI,Verao,TODOS,exato,+TSRA,0,0,,0,0,
SBSI,Verao,TODOS,exato,TSRA,0,0,,0,0,
SBSI,Verao,TODOS,sem_intensidade,TS,0,0,,0,0,
SBSI,Verao,TODOS,sem_intensidade,TSRA,0,0,,0,0,
SBSI,Verao,TODOS,sem_intensidade,+RA,0,0,,0,0,
SBSI,Outono,00-06,exato,TS,0,0,,0,0,
SBSI,Outono,00-06,exato,+RA,0,0,,0,0,
SBSI,Outono,00-06,exato,+TSRA,0,0,,0,0,
SBSI,Outono,00-06,exato,TSRA,0,0,,0,0,
SBSI,Outono,00-06,sem_intensidade,TS,0,0,,0,0,
SBSI,Outono,00-06,sem_intensidade,TSRA,0,0,,0,0,
SBSI,Outono,00-06,sem_intensidade,+RA,0,0,,0,0,
SBSI,Outono,06-12,exato,TS,0,0,,0,0,
SBSI,Outono,06-12,exato,+RA,0,0,,0,0,
SBSI,Outono,06-12,exato,+TSRA,0,0,,0,0,
SBSI,Outono,06-12,exato,TSRA,0,0,,0,0,
SBSI,Outono,06-12,sem_intensidade,TS,0,0,,0,0,
SBSI,Outono,06-12,sem_intensidade,TSRA,0,0,,0,0,
SBSI,Outono,06-12,sem_intensidade,+RA,0,0,,0,0,
SBSI,Outono,12-18,exato,TS,0,0,,0,0,
SBSI,Outono,12-18,exato,+RA,0,0,,0,0,
SBSI,Outono,12-18,exato,+TSRA,0,0,,0,0,
SBSI,Outono,12-18,exato,TSRA,0,0,,0,0,
SBSI,Outono,12-18,sem_intensidade,TS,0,0,,0,0,
SBSI,Outono,12-18,sem_intensidade,TSRA,0,0,,0,0,
SBSI,Outono,12-18,sem_intensidade,+RA,0,0,,0,0,
SBSI,Outono,18-24,exato,TS,0,0,,0,0,
SBSI,Outono,18-24,exato,+RA,0,0,,0,0,
SBSI,Outono,18-24,exato,+TSRA,0,0,,0,0,
SBSI,Outono,18-24,exato,TSRA,0,0,,0,0,
SBSI,Outono,18-24,sem_intensidade,TS,0,0,,0,0,
SBSI,Outono,18-24,sem_intensidade,TSRA,0,0,,0,0,
SBSI,Outono,18-24,sem_intensidade,+RA,0,0,,0,0,
SBSI,Outono,TODOS,exato,TS,0,0,,0,0,
SBSI,Outono,TODOS,exato,+RA,0,0,,0,0,
SBSI,Outono,TODOS,exato,+TSRA,0,0,,0,0,
SBSI,Outono,TODOS,exato,TSRA,0,0,,0,0,
SBSI,Outono,TODOS,sem_intensidade,TS,0,0,,0,0,
SBSI,Outono,TODOS,sem_intensidade,TSRA,0,0,,0,0,
SBSI,Outono,TODOS,sem_intensidade,+RA,0,0,,0,0,
SBSI,Inverno,00-06,exato,TS,0,0,,0,0,
SBSI,Inverno,00-06,exato,+RA,0,0,,0,0,
SBSI,Inverno,00-06,exato,+TSRA,0,0,,0,0,
SBSI,Inverno,00-06,exato,TSRA,0,0,,0,0,
SBSI,Inverno,00-06,sem_intensidade,TS,0,0,,0,0,
SBSI,Inverno,00-06,sem_intensidade,TSRA,0,0,,0,0,
SBSI,Inverno,00-06,sem_intensidade,+RA,0,0,,0,0,
SBSI,Inverno,06-12,exato,TS,0,0,,0,0,
SBSI,Inverno,06-12,exato,+RA,0,0,,0,0,
SBSI,Inverno,06-12,exato,+TSRA,0,0,,0,0,
SBSI,Inverno,06-12,exato,TSRA,0,0,,0,0,
SBSI,Inverno,06-12,sem_intensidade,TS,0,0,,0,0,
SBSI,Inverno,06-12,sem_intensidade,TSRA,0,0,,0,0,
SBSI,Inverno,06-12,sem_intensidade,+RA,0,0,,0,0,
SBSI,Inverno,12-18,exato,TS,0,0,,0,0,
SBSI,Inverno,12-18,exato,+RA,0,0,,0,0,
SBSI,Inverno,12-18,exato,+TSRA,0,0,,0,0,
SBSI,Inverno,12-18,exato,TSRA,0,0,,0,0,
SBSI,Inverno,12-18,sem_intensidade,TS,0,0,,0,0,
SBSI,Inverno,12-18,sem_intensidade,TSRA,0,0,,0,0,
SBSI,Inverno,12-18,sem_intensidade,+RA,0,0,,0,0,
SBSI,Inverno,18-24,exato,TS,0,0,,0,0,
SBSI,Inverno,18-24,exato,+RA,0,0,,0,0,
SBSI,Inverno,18-24,exato,+TSRA,0,0,,0,0,
SBSI,Inverno,18-24,exato,TSRA,0,0,,0,0,
SBSI,Inverno,18-24,sem_intensidade,TS,0,0,,0,0,
SBSI,Inverno,18-24,sem_intensidade,TSRA,0,0,,0,0,
SBSI,Inverno,18-24,sem_intensidade,+RA,0,0,,0,0,
SBSI,Inverno,TODOS,exato,TS,0,0,,0,0,
SBSI,Inverno,TODOS,exato,+RA,0,0,,0,0,
SBSI,Inverno,TODOS,exato,+TSRA,0,0,,0,0,
SBSI,Inverno,TODOS,exato,TSRA,0,0,,0,0,
SBSI,Inverno,TODOS,sem_intensidade,TS,0,0,,0,0,
SBSI,Inverno,TODOS,sem_intensidade,TSRA,0,0,,0,0,
SBSI,Inverno,TODOS,sem_intensidade,+RA,0,0,,0,0,
SBSI,Primavera,00-06,exato,TS,0,0,,0,0,
SBSI,Primavera,00-06,exato,+RA,0,0,,0,0,
SBSI,Primavera,00-06,exato,+TSRA,0,0,,0,0,
SBSI,Primavera,00-06,exato,TSRA,0,0,,0,0,
SBSI,Primavera,00-06,sem_intensidade,TS,0,0,,0,0,
SBSI,Primavera,00-06,sem_intensidade,TSRA,0,0,,0,0,
SBSI,Primavera,00-06,sem_intensidade,+RA,0,0,,0,0,
SBSI,Primavera,06-12,exato,TS,0,0,,0,0,
SBSI,Primavera,06-12,exato,+RA,0,0,,0,0,
SBSI,Primavera,06-12,exato,+TSRA,0,0,,0,0,
SBSI,Primavera,06-12,exato,TSRA,0,0,,0,0,
SBSI,Primavera,06-12,sem_intensidade,TS,0,0,,0,0,
SBSI,Primavera,06-12,sem_intensidade,TSRA,0,0,,0,0,
SBSI,Primavera,06-12,sem_intensidade,+RA,0,0,,0,0,
SBSI,Primavera,12-18,exato,TS,0,0,,0,0,
SBSI,Primavera,12-18,exato,+RA,0,0,,0,0,
SBSI,Primavera,12-18,exato,+TSRA,0,0,,0,0,
SBSI,Primavera,12-18,exato,TSRA,0,0,,0,0,
SBSI,Primavera,12-18,sem_intensidade,TS,0,0,,0,0,
SBSI,Primavera,12-18,sem_intensidade,TSRA,0,0,,0,0,
SBSI,Primavera,12-18,sem_intensidade,+RA,0,0,,0,0,
SBSI,Primavera,18-24,exato,TS,0,0,,0,0,
SBSI,Primavera,18-24,exato,+RA,0,0,,0,0,
SBSI,Primavera,18-24,exato,+TSRA,0,0,,0,0,
SBSI,Primavera,18-24,exato,TSRA,0,0,,0,0,
SBSI,Primavera,18-24,sem_intensidade,TS,0,0,,0,0,
SBSI,Primavera,18-24,sem_intensidade,TSRA,0,0,,0,0,
SBSI,Primavera,18-24,sem_intensidade,+RA,0,0,,0,0,
SBSI,Primavera,TODOS,exato,TS,0,0,,0,0,
SBSI,Primavera,TODOS,exato,+RA,0,0,,0,0,
SBSI,Primavera,TODOS,exato,+TSRA,0,0,,0,0,
SBSI,Primavera,TODOS,exato,TSRA,0,0,,0,0,
SBSI,Primavera,TODOS,sem_intensidade,TS,0,0,,0,0,
SBSI,Primavera,TODOS,sem_intensidade,TSRA,0,0,,0,0,
SBSI,Primavera,TODOS,sem_intensidade,+RA,0,0,,0,0,
SBSI,TODAS,00-06,exato,TS,0,0,,0,0,
SBSI,TODAS,00-06,exato,+RA,0,0,,0,0,
SBSI,TODAS,00-06,exato,+TSRA,0,0,,0,0,
SBSI,TODAS,00-06,exato,TSRA,0,0,,0,0,
SBSI,TODAS,00-06,sem_intensidade,TS,0,0,,0,0,
SBSI,TODAS,00-06,sem_intensidade,TSRA,0,0,,0,0,
SBSI,TODAS,00-06,sem_intensidade,+RA,0,0,,0,0,
SBSI,TODAS,06-12,exato,TS,0,0,,0,0,
SBSI,TODAS,06-12,exato,+RA,0,0,,0,0,
SBSI,TODAS,06-12,exato,+TSRA,0,0,,0,0,
SBSI,TODAS,06-12,exato,TSRA,0,0,,0,0,
SBSI,TODAS,06-12,sem_intensidade,TS,0,0,,0,0,
SBSI,TODAS,06-12,sem_intensidade,TSRA,0,0,,0,0,
SBSI,TODAS,06-12,sem_intensidade,+RA,0,0,,0,0,
SBSI,TODAS,12-18,exato,TS,0,0,,0,0,
SBSI,TODAS,12-18,exato,+RA,0,0,,0,0,
SBSI,TODAS,12-18,exato,+TSRA,0,0,,0,0,
SBSI,TODAS,12-18,exato,TSRA,0,0,,0,0,
SBSI,TODAS,12-18,sem_intensidade,TS,0,0,,0,0,
SBSI,TODAS,12-18,sem_intensidade,TSRA,0,0,,0,0,
SBSI,TODAS,12-18,sem_intensidade,+RA,0,0,,0,0,
SBSI,TODAS,18-24,exato,TS,0,0,,0,0,
SBSI,TODAS,18-24,exato,+RA,0,0,,0,0,
SBSI,TODAS,18-24,exato,+TSRA,0,0,,0,0,
SBSI,TODAS,18-24,exato,TSRA,0,0,,0,0,
SBSI,TODAS,18-24,sem_intensidade,TS,0,0,,0,0,
SBSI,TODAS,18-24,sem_intensidade,TSRA,0,0,,0,0,
SBSI,TODAS,18-24,sem_intensidade,+RA,0,0,,0,0,
SBSI,TODAS,TODOS,exato,TS,0,0,,0,0,
SBSI,TODAS,TODOS,exato,+RA,0,0,,0,0,
SBSI,TODAS,TODOS,exato,+TSRA,0,0,,0,0,
SBSI,TODAS,TODOS,exato,TSRA,0,0,,0,0,
SBSI,TODAS,TODOS,sem_intensidade,TS,0,0,,0,0,
SBSI,TODAS,TODOS,sem_intensidade,TSRA,0,0,,0,0,
SBSI,TODAS,TODOS,sem_intensidade,+RA,0,0,,0,0,
SBSJ,Verao,00-06,exato,TS,0,0,,0,0,
SBSJ,Verao,00-06,exato,+RA,0,0,,0,0,
SBSJ,Verao,00-06,exato,+TSRA,0,0,,0,0,
SBSJ,Verao,00-06,exato,TSRA,0,0,,0,0,
SBSJ,Verao,00-06,sem_intensidade,TS,0,0,,0,0,
SBSJ,Verao,00-06,sem_intensidade,TSRA,0,0,,0,0,
SBSJ,Verao,00-06,sem_intensidade,+RA,0,0,,0,0,
SBSJ,Verao,06-12,exato,TS,0,0,,0,0,
SBSJ,Verao,06-12,exato,+RA,0,0,,0,0,
SBSJ,Verao,06-12,exato,+TSRA,0,0,,0,0,
SBSJ,Verao,06-12,exato,TSRA,0,0,,0,0,
SBSJ,Verao,06-12,sem_intensidade,TS,0,0,,0,0,
SBSJ,Verao,06-12,sem_intensidade,TSRA,0,0,,0,0,
SBSJ,Verao,06-12,sem_intensidade,+RA,0,0,,0,0,
SBSJ,Verao,12-18,exato,TS,0,0,,0,0,
SBSJ,Verao,12-18,exato,+RA,0,0,,0,0,
SBSJ,Verao,12-18,exato,+TSRA,0,0,,0,0,
SBSJ,Verao,12-18,exato,TSRA,0,0,,0,0,
SBSJ,Verao,12-18,sem_intensidade,TS,0,0,,0,0,
SBSJ,Verao,12-18,sem_intensidade,TSRA,0,0,,0,0,
SBSJ,Verao,12-18,sem_intensidade,+RA,0,0,,0,0,
SBSJ,Verao,18-24,exato,TS,0,0,,0,0,
SBSJ,Verao,18-24,exato,+RA,0,0,,0,0,
SBSJ,Verao,18-24,exato,+TSRA,0,0,,0,0,
SBSJ,Verao,18-24,exato,TSRA,0,0,,0,0,
SBSJ,Verao,18-24,sem_intensidade,TS,0,0,,0,0,
SBSJ,Verao,18-24,sem_intensidade,TSRA,0,0,,0,0,
SBSJ,Verao,18-24,sem_intensidade,+RA,0,0,,0,0,
SBSJ,Verao,TODOS,exato,TS,0,0,,0,0,
SBSJ,Verao,TODOS,exato,+RA,0,0,,0,0,
SBSJ,Verao,TODOS,exato,+TSRA,0,0,,0,0,
SBSJ,Verao,TODOS,exato,TSRA,0,0,,0,0,
SBSJ,Verao,TODOS,sem_intensidade,TS,0,0,,0,0,
SBSJ,Verao,TODOS,sem_intensidade,TSRA,0,0,,0,0,
SBSJ,Verao,TODOS,sem_intensidade,+RA,0,0,,0,0,
SBSJ,Outono,00-06,exato,TS,0,0,,0,0,
SBSJ,Outono,00-06,exato,+RA,0,0,,0,0,
SBSJ,Outono,00-06,exato,+TSRA,0,0,,0,0,
SBSJ,Outono,00-06,exato,TSRA,0,0,,0,0,
SBSJ,Outono,00-06,sem_intensidade,TS,0,0,,0,0,
SBSJ,Outono,00-06,sem_intensidade,TSRA,0,0,,0,0,
SBSJ,Outono,00-06,sem_intensidade,+RA,0,0,,0,0,
SBSJ,Outono,06-12,exato,TS,0,0,,0,0,
SBSJ,Outono,06-12,exato,+RA,0,0,,0,0,
SBSJ,Outono,06-12,exato,+TSRA,0,0,,0,0,
SBSJ,Outono,06-12,exato,TSRA,0,0,,0,0,
SBSJ,Outono,06-12,sem_intensidade,TS,0,0,,0,0,
SBSJ,Outono,06-12,sem_intensidade,TSRA,0,0,,0,0,
SBSJ,Outono,06-12,sem_intensidade,+RA,0,0,,0,0,
SBSJ,Outono,12-18,exato,TS,0,0,,0,0,
SBSJ,Outono,12-18,exato,+RA,0,0,,0,0,
SBSJ,Outono,12-18,exato,+TSRA,0,0,,0,0,
SBSJ,Outono,12-18,exato,TSRA,0,0,,0,0,
SBSJ,Outono,12-18,sem_intensidade,TS,0,0,,0,0,
SBSJ,Outono,12-18,sem_intensidade,TSRA,0,0,,0,0,
SBSJ,Outono,12-18,sem_intensidade,+RA,0,0,,0,0,
SBSJ,Outono,18-24,exato,TS,0,0,,0,0,
SBSJ,Outono,18-24,exato,+RA,0,0,,0,0,
SBSJ,Outono,18-24,exato,+TSRA,0,0,,0,0,
SBSJ,Outono,18-24,exato,TSRA,0,0,,0,0,
SBSJ,Outono,18-24,sem_intensidade,TS,0,0,,0,0,
SBSJ,Outono,18-24,sem_intensidade,TSRA,0,0,,0,0,
SBSJ,Outono,18-24,sem_intensidade,+RA,0,0,,0,0,
SBSJ,Outono,TODOS,exato,TS,0,0,,0,0,
SBSJ,Outono,TODOS,exato,+RA,0,0,,0,0,
SBSJ,Outono,TODOS,exato,+TSRA,0,0,,0,0,
SBSJ,Outono,TODOS,exato,TSRA,0,0,,0,0,
SBSJ,Outono,TODOS,sem_intensidade,TS,0,0,,0,0,
SBSJ,Outono,TODOS,sem_intensidade,TSRA,0,0,,0,0,
SBSJ,Outono,TODOS,sem_intensidade,+RA,0,0,,0,0,
SBSJ,Inverno,00-06,exato,TS,0,0,,0,0,
SBSJ,Inverno,00-06,exato,+RA,0,0,,0,0,
SBSJ,Inverno,00-06,exato,+TSRA,0,0,,0,0,
SBSJ,Inverno,00-06,exato,TSRA,0,0,,0,0,
SBSJ,Inverno,00-06,sem_intensidade,TS,0,0,,0,0,
SBSJ,Inverno,00-06,sem_intensidade,TSRA,0,0,,0,0,
SBSJ,Inverno,00-06,sem_intensidade,+RA,0,0,,0,0,
SBSJ,Inverno,06-12,exato,TS,0,0,,0,0,
SBSJ,Inverno,06-12,exato,+RA,0,0,,0,0,
SBSJ,Inverno,06-12,exato,+TSRA,0,0,,0,0,
SBSJ,Inverno,06-12,exato,TSRA,0,0,,0,0,
SBSJ,Inverno,06-12,sem_intensidade,TS,0,0,,0,0,
SBSJ,Inverno,06-12,sem_intensidade,TSRA,0,0,,0,0,
SBSJ,Inverno,06-12,sem_intensidade,+RA,0,0,,0,0,
SBSJ,Inverno,12-18,exato,TS,0,0,,0,0,
SBSJ,Inverno,12-18,exato,+RA,0,0,,0,0,
SBSJ,Inverno,12-18,exato,+TSRA,0,0,,0,0,
SBSJ,Inverno,12-18,exato,TSRA,0,0,,0,0,
SBSJ,Inverno,12-18,sem_intensidade,TS,0,0,,0,0,
SBSJ,Inverno,12-18,sem_intensidade,TSRA,0,0,,0,0,
SBSJ,Inverno,12-18,sem_intensidade,+RA,0,0,,0,0,
SBSJ,Inverno,18-24,exato,TS,0,0,,0,0,
SBSJ,Inverno,18-24,exato,+RA,0,0,,0,0,
SBSJ,Inverno,18-24,exato,+TSRA,0,0,,0,0,
SBSJ,Inverno,18-24,exato,TSRA,0,0,,0,0,
SBSJ,Inverno,18-24,sem_intensidade,TS,0,0,,0,0,
SBSJ,Inverno,18-24,sem_intensidade,TSRA,0,0,,0,0,
SBSJ,Inverno,18-24,sem_intensidade,+RA,0,0,,0,0,
SBSJ,Inverno,TODOS,exato,TS,0,0,,0,0,
SBSJ,Inverno,TODOS,exato,+RA,0,0,,0,0,
SBSJ,Inverno,TODOS,exato,+TSRA,0,0,,0,0,
SBSJ,Inverno,TODOS,exato,TSRA,0,0,,0,0,
SBSJ,Inverno,TODOS,sem_intensidade,TS,0,0,,0,0,
SBSJ,Inverno,TODOS,sem_intensidade,TSRA,0,0,,0,0,
SBSJ,Inverno,TODOS,sem_intensidade,+RA,0,0,,0,0,
SBSJ,Primavera,00-06,exato,TS,0,0,,0,0,
SBSJ,Primavera,00-06,exato,+RA,0,0,,0,0,
SBSJ,Primavera,00-06,exato,+TSRA,0,0,,0,0,
SBSJ,Primavera,00-06,exato,TSRA,0,0,,0,0,
SBSJ,Primavera,00-06,sem_intensidade,TS,0,0,,0,0,
SBSJ,Primavera,00-06,sem_intensidade,TSRA,0,0,,0,0,
SBSJ,Primavera,00-06,sem_intensidade,+RA,0,0,,0,0,
SBSJ,Primavera,06-12,exato,TS,0,0,,0,0,
SBSJ,Primavera,06-12,exato,+RA,0,0,,0,0,
SBSJ,Primavera,06-12,exato,+TSRA,0,0,,0,0,
SBSJ,Primavera,06-12,exato,TSRA,0,0,,0,0,
SBSJ,Primavera,06-12,sem_intensidade,TS,0,0,,0,0,
SBSJ,Primavera,06-12,sem_intensidade,TSRA,0,0,,0,0,
SBSJ,Primavera,06-12,sem_intensidade,+RA,0,0,,0,0,
SBSJ,Primavera,12-18,exato,TS,0,0,,0,0,
SBSJ,Primavera,12-18,exato,+RA,0,0,,0,0,
SBSJ,Primavera,12-18,exato,+TSRA,0,0,,0,0,
SBSJ,Primavera,12-18,exato,TSRA,0,0,,0,0,
SBSJ,Primavera,12-18,sem_intensidade,TS,0,0,,0,0,
SBSJ,Primavera,12-18,sem_intensidade,TSRA,0,0,,0,0,
SBSJ,Primavera,12-18,sem_intensidade,+RA,0,0,,0,0,
SBSJ,Primavera,18-24,exato,TS,0,0,,0,0,
SBSJ,Primavera,18-24,exato,+RA,0,0,,0,0,
SBSJ,Primavera,18-24,exato,+TSRA,0,0,,0,0,
SBSJ,Primavera,18-24,exato,TSRA,0,0,,0,0,
SBSJ,Primavera,18-24,sem_intensidade,TS,0,0,,0,0,
SBSJ,Primavera,18-24,sem_intensidade,TSRA,0,0,,0,0,
SBSJ,Primavera,18-24,sem_intensidade,+RA,0,0,,0,0,
SBSJ,Primavera,TODOS,exato,TS,0,0,,0,0,
SBSJ,Primavera,TODOS,exato,+RA,0,0,,0,0,
SBSJ,Primavera,TODOS,exato,+TSRA,0,0,,0,0,
SBSJ,Primavera,TODOS,exato,TSRA,0,0,,0,0,
SBSJ,Primavera,TODOS,sem_intensidade,TS,0,0,,0,0,
SBSJ,Primavera,TODOS,sem_intensidade,TSRA,0,0,,0,0,
SBSJ,Primavera,TODOS,sem_intensidade,+RA,0,0,,0,0,
SBSJ,TODAS,00-06,exato,TS,0,0,,0,0,
SBSJ,TODAS,00-06,exato,+RA,0,0,,0,0,
SBSJ,TODAS,00-06,exato,+TSRA,0,0,,0,0,
SBSJ,TODAS,00-06,exato,TSRA,0,0,,0,0,
SBSJ,TODAS,00-06,sem_intensidade,TS,0,0,,0,0,
SBSJ,TODAS,00-06,sem_intensidade,TSRA,0,0,,0,0,
SBSJ,TODAS,00-06,sem_intensidade,+RA,0,0,,0,0,
SBSJ,TODAS,06-12,exato,TS,0,0,,0,0,
SBSJ,TODAS,06-12,exato,+RA,0,0,,0,0,
SBSJ,TODAS,06-12,exato,+TSRA,0,0,,0,0,
SBSJ,TODAS,06-12,exato,TSRA,0,0,,0,0,
SBSJ,TODAS,06-12,sem_intensidade,TS,0,0,,0,0,
SBSJ,TODAS,06-12,sem_intensidade,TSRA,0,0,,0,0,
SBSJ,TODAS,06-12,sem_intensidade,+RA,0,0,,0,0,
SBSJ,TODAS,12-18,exato,TS,0,0,,0,0,
SBSJ,TODAS,12-18,exato,+RA,0,0,,0,0,
SBSJ,TODAS,12-18,exato,+TSRA,0,0,,0,0,
SBSJ,TODAS,12-18,exato,TSRA,0,0,,0,0,
SBSJ,TODAS,12-18,sem_intensidade,TS,0,0,,0,0,
SBSJ,TODAS,12-18,sem_intensidade,TSRA,0,0,,0,0,
SBSJ,TODAS,12-18,sem_intensidade,+RA,0,0,,0,0,
SBSJ,TODAS,18-24,exato,TS,0,0,,0,0,
SBSJ,TODAS,18-24,exato,+RA,0,0,,0,0,
SBSJ,TODAS,18-24,exato,+TSRA,0,0,,0,0,
SBSJ,TODAS,18-24,exato,TSRA,0,0,,0,0,
SBSJ,TODAS,18-24,sem_intensidade,TS,0,0,,0,0,
SBSJ,TODAS,18-24,sem_intensidade,TSRA,0,0,,0,0,
SBSJ,TODAS,18-24,sem_intensidade,+RA,0,0,,0,0,
SBSJ,TODAS,TODOS,exato,TS,0,0,,0,0,
SBSJ,TODAS,TODOS,exato,+RA,0,0,,0,0,
SBSJ,TODAS,TODOS,exato,+TSRA,0,0,,0,0,
SBSJ,TODAS,TODOS,exato,TSRA,0,0,,0,0,
SBSJ,TODAS,TODOS,sem_intensidade,TS,0,0,,0,0,
SBSJ,TODAS,TODOS,sem_intensidade,TSRA,0,0,,0,0,
SBSJ,TODAS,TODOS,sem_intensidade,+RA,0,0,,0,0,
SBSL,Verao,00-06,exato,TS,0,0,,0,0,
SBSL,Verao,00-06,exato,+RA,0,0,,0,0,
SBSL,Verao,00-06,exato,+TSRA,0,0,,0,0,
SBSL,Verao,00-06,exato,TSRA,0,0,,0,0,
SBSL,Verao,00-06,sem_intensidade,TS,0,0,,0,0,
SBSL,Verao,00-06,sem_intensidade,TSRA,0,0,,0,0,
SBSL,Verao,00-06,sem_intensidade,+RA,0,0,,0,0,
SBSL,Verao,06-12,exato,TS,4,0,0.0,0,0,
SBSL,Verao,06-12,exato,+RA,0,0,,0,0,
SBSL,Verao,06-12,exato,+TSRA,0,0,,0,0,
SBSL,Verao,06-12,exato,TSRA,5,0,0.0,0,0,
SBSL,Verao,06-12,sem_intensidade,TS,4,0,0.0,0,0,
SBSL,Verao,06-12,sem_intensidade,TSRA,5,0,0.0,0,0,
SBSL,Verao,06-12,sem_intensidade,+RA,0,0,,0,0,
SBSL,Verao,12-18,exato,TS,1,0,0.0,2,0,0.0
SBSL,Verao,12-18,exato,+RA,0,0,,0,0,
SBSL,Verao,12-18,exato,+TSRA,0,0,,0,0,
SBSL,Verao,12-18,exato,TSRA,2,0,0.0,0,0,
SBSL,Verao,12-18,sem_intensidade,TS,1,0,0.0,2,0,0.0
SBSL,Verao,12-18,sem_intensidade,TSRA,2,0,0.0,2,0,0.0
SBSL,Verao,12-18,sem_intensidade,+RA,0,0,,0,0,
SBSL,Verao,18-24,exato,TS,16,1,6.2,3,1,33.3
SBSL,Verao,18-24,exato,+RA,0,0,,0,0,
SBSL,Verao,18-24,exato,+TSRA,0,0,,0,0,
SBSL,Verao,18-24,exato,TSRA,24,0,0.0,0,0,
SBSL,Verao,18-24,sem_intensidade,TS,16,1,6.2,3,1,33.3
SBSL,Verao,18-24,sem_intensidade,TSRA,24,0,0.0,0,0,
SBSL,Verao,18-24,sem_intensidade,+RA,0,0,,0,0,
SBSL,Verao,TODOS,exato,TS,21,1,4.8,5,1,20.0
SBSL,Verao,TODOS,exato,+RA,0,0,,0,0,
SBSL,Verao,TODOS,exato,+TSRA,0,0,,0,0,
SBSL,Verao,TODOS,exato,TSRA,31,0,0.0,0,0,
SBSL,Verao,TODOS,sem_intensidade,TS,21,1,4.8,5,1,20.0
SBSL,Verao,TODOS,sem_intensidade,TSRA,31,0,0.0,2,0,0.0
SBSL,Verao,TODOS,sem_intensidade,+RA,0,0,,0,0,
SBSL,Outono,00-06,exato,TS,1,0,0.0,0,0,
SBSL,Outono,00-06,exato,+RA,0,0,,0,0,
SBSL,Outono,00-06,exato,+TSRA,0,0,,0,0,
SBSL,Outono,00-06,exato,TSRA,4,0,0.0,0,0,
SBSL,Outono,00-06,sem_intensidade,TS,1,0,0.0,0,0,
SBSL,Outono,00-06,sem_intensidade,TSRA,4,0,0.0,0,0,
SBSL,Outono,00-06,sem_intensidade,+RA,0,0,,0,0,
SBSL,Outono,06-12,exato,TS,3,0,0.0,0,0,
SBSL,Outono,06-12,exato,+RA,0,0,,0,0,
SBSL,Outono,06-12,exato,+TSRA,0,0,,0,0,
SBSL,Outono,06-12,exato,TSRA,4,0,0.0,0,0,
SBSL,Outono,06-12,sem_intensidade,TS,3,0,0.0,0,0,
SBSL,Outono,06-12,sem_intensidade,TSRA,4,0,0.0,1,0,0.0
SBSL,Outono,06-12,sem_intensidade,+RA,0,0,,0,0,
SBSL,Outono,12-18,exato,TS,2,0,0.0,1,0,0.0
SBSL,Outono,12-18,exato,+RA,0,0,,0,0,
SBSL,Outono,12-18,exato,+TSRA,0,0,,0,0,
SBSL,Outono,12-18,exato,TSRA,0,0,,0,0,
SBSL,Outono,12-18,sem_intensidade,TS,2,0,0.0,1,0,0.0
SBSL,Outono,12-18,sem_intensidade,TSRA,0,0,,0,0,
SBSL,Outono,12-18,sem_intensidade,+RA,0,0,,0,0,
SBSL,Outono,18-24,exato,TS,20,0,0.0,4,0,0.0
SBSL,Outono,18-24,exato,+RA,0,0,,0,0,
SBSL,Outono,18-24,exato,+TSRA,0,0,,0,0,
SBSL,Outono,18-24,exato,TSRA,47,0,0.0,1,0,0.0
SBSL,Outono,18-24,sem_intensidade,TS,20,0,0.0,4,0,0.0
SBSL,Outono,18-24,sem_intensidade,TSRA,47,2,4.3,4,2,50.0
SBSL,Outono,18-24,sem_intensidade,+RA,0,0,,0,0,
SBSL,Outono,TODOS,exato,TS,26,0,0.0,5,0,0.0
SBSL,Outono,TODOS,exato,+RA,0,0,,0,0,
SBSL,Outono,TODOS,exato,+TSRA,0,0,,0,0,
SBSL,Outono,TODOS,exato,TSRA,55,0,0.0,1,0,0.0
SBSL,Outono,TODOS,sem_intensidade,TS,26,0,0.0,5,0,0.0
SBSL,Outono,TODOS,sem_intensidade,TSRA,55,2,3.6,5,2,40.0
SBSL,Outono,TODOS,sem_intensidade,+RA,0,0,,0,0,
SBSL,Inverno,00-06,exato,TS,0,0,,0,0,
SBSL,Inverno,00-06,exato,+RA,0,0,,0,0,
SBSL,Inverno,00-06,exato,+TSRA,0,0,,0,0,
SBSL,Inverno,00-06,exato,TSRA,0,0,,0,0,
SBSL,Inverno,00-06,sem_intensidade,TS,0,0,,0,0,
SBSL,Inverno,00-06,sem_intensidade,TSRA,0,0,,0,0,
SBSL,Inverno,00-06,sem_intensidade,+RA,0,0,,0,0,
SBSL,Inverno,06-12,exato,TS,0,0,,0,0,
SBSL,Inverno,06-12,exato,+RA,0,0,,0,0,
SBSL,Inverno,06-12,exato,+TSRA,0,0,,0,0,
SBSL,Inverno,06-12,exato,TSRA,0,0,,0,0,
SBSL,Inverno,06-12,sem_intensidade,TS,0,0,,0,0,
SBSL,Inverno,06-12,sem_intensidade,TSRA,0,0,,0,0,
SBSL,Inverno,06-12,sem_intensidade,+RA,0,0,,0,0,
SBSL,Inverno,12-18,exato,TS,0,0,,0,0,
SBSL,Inverno,12-18,exato,+RA,0,0,,0,0,
SBSL,Inverno,12-18,exato,+TSRA,0,0,,0,0,
SBSL,Inverno,12-18,exato,TSRA,0,0,,0,0,
SBSL,Inverno,12-18,sem_intensidade,TS,0,0,,0,0,
SBSL,Inverno,12-18,sem_intensidade,TSRA,0,0,,0,0,
SBSL,Inverno,12-18,sem_intensidade,+RA,0,0,,0,0,
SBSL,Inverno,18-24,exato,TS,8,0,0.0,0,0,
SBSL,Inverno,18-24,exato,+RA,0,0,,0,0,
SBSL,Inverno,18-24,exato,+TSRA,0,0,,0,0,
SBSL,Inverno,18-24,exato,TSRA,3,0,0.0,0,0,
SBSL,Inverno,18-24,sem_intensidade,TS,8,0,0.0,0,0,
SBSL,Inverno,18-24,sem_intensidade,TSRA,3,0,0.0,0,0,
SBSL,Inverno,18-24,sem_intensidade,+RA,0,0,,0,0,
SBSL,Inverno,TODOS,exato,TS,8,0,0.0,0,0,
SBSL,Inverno,TODOS,exato,+RA,0,0,,0,0,
SBSL,Inverno,TODOS,exato,+TSRA,0,0,,0,0,
SBSL,Inverno,TODOS,exato,TSRA,3,0,0.0,0,0,
SBSL,Inverno,TODOS,sem_intensidade,TS,8,0,0.0,0,0,
SBSL,Inverno,TODOS,sem_intensidade,TSRA,3,0,0.0,0,0,
SBSL,Inverno,TODOS,sem_intensidade,+RA,0,0,,0,0,
SBSL,Primavera,00-06,exato,TS,0,0,,0,0,
SBSL,Primavera,00-06,exato,+RA,0,0,,0,0,
SBSL,Primavera,00-06,exato,+TSRA,0,0,,0,0,
SBSL,Primavera,00-06,exato,TSRA,0,0,,0,0,
SBSL,Primavera,00-06,sem_intensidade,TS,0,0,,0,0,
SBSL,Primavera,00-06,sem_intensidade,TSRA,0,0,,0,0,
SBSL,Primavera,00-06,sem_intensidade,+RA,0,0,,0,0,
SBSL,Primavera,06-12,exato,TS,0,0,,0,0,
SBSL,Primavera,06-12,exato,+RA,0,0,,0,0,
SBSL,Primavera,06-12,exato,+TSRA,0,0,,0,0,
SBSL,Primavera,06-12,exato,TSRA,0,0,,0,0,
SBSL,Primavera,06-12,sem_intensidade,TS,0,0,,0,0,
SBSL,Primavera,06-12,sem_intensidade,TSRA,0,0,,0,0,
SBSL,Primavera,06-12,sem_intensidade,+RA,0,0,,0,0,
SBSL,Primavera,12-18,exato,TS,0,0,,0,0,
SBSL,Primavera,12-18,exato,+RA,0,0,,0,0,
SBSL,Primavera,12-18,exato,+TSRA,0,0,,0,0,
SBSL,Primavera,12-18,exato,TSRA,0,0,,0,0,
SBSL,Primavera,12-18,sem_intensidade,TS,0,0,,0,0,
SBSL,Primavera,12-18,sem_intensidade,TSRA,0,0,,0,0,
SBSL,Primavera,12-18,sem_intensidade,+RA,0,0,,0,0,
SBSL,Primavera,18-24,exato,TS,0,0,,0,0,
SBSL,Primavera,18-24,exato,+RA,0,0,,0,0,
SBSL,Primavera,18-24,exato,+TSRA,0,0,,0,0,
SBSL,Primavera,18-24,exato,TSRA,2,0,0.0,0,0,
SBSL,Primavera,18-24,sem_intensidade,TS,0,0,,0,0,
SBSL,Primavera,18-24,sem_intensidade,TSRA,2,0,0.0,0,0,
SBSL,Primavera,18-24,sem_intensidade,+RA,0,0,,0,0,
SBSL,Primavera,TODOS,exato,TS,0,0,,0,0,
SBSL,Primavera,TODOS,exato,+RA,0,0,,0,0,
SBSL,Primavera,TODOS,exato,+TSRA,0,0,,0,0,
SBSL,Primavera,TODOS,exato,TSRA,2,0,0.0,0,0,
SBSL,Primavera,TODOS,sem_intensidade,TS,0,0,,0,0,
SBSL,Primavera,TODOS,sem_intensidade,TSRA,2,0,0.0,0,0,
SBSL,Primavera,TODOS,sem_intensidade,+RA,0,0,,0,0,
SBSL,TODAS,00-06,exato,TS,1,0,0.0,0,0,
SBSL,TODAS,00-06,exato,+RA,0,0,,0,0,
SBSL,TODAS,00-06,exato,+TSRA,0,0,,0,0,
SBSL,TODAS,00-06,exato,TSRA,4,0,0.0,0,0,
SBSL,TODAS,00-06,sem_intensidade,TS,1,0,0.0,0,0,
SBSL,TODAS,00-06,sem_intensidade,TSRA,4,0,0.0,0,0,
SBSL,TODAS,00-06,sem_intensidade,+RA,0,0,,0,0,
SBSL,TODAS,06-12,exato,TS,7,0,0.0,0,0,
SBSL,TODAS,06-12,exato,+RA,0,0,,0,0,
SBSL,TODAS,06-12,exato,+TSRA,0,0,,0,0,
SBSL,TODAS,06-12,exato,TSRA,9,0,0.0,0,0,
SBSL,TODAS,06-12,sem_intensidade,TS,7,0,0.0,0,0,
SBSL,TODAS,06-12,sem_intensidade,TSRA,9,0,0.0,1,0,0.0
SBSL,TODAS,06-12,sem_intensidade,+RA,0,0,,0,0,
SBSL,TODAS,12-18,exato,TS,3,0,0.0,3,0,0.0
SBSL,TODAS,12-18,exato,+RA,0,0,,0,0,
SBSL,TODAS,12-18,exato,+TSRA,0,0,,0,0,
SBSL,TODAS,12-18,exato,TSRA,2,0,0.0,0,0,
SBSL,TODAS,12-18,sem_intensidade,TS,3,0,0.0,3,0,0.0
SBSL,TODAS,12-18,sem_intensidade,TSRA,2,0,0.0,2,0,0.0
SBSL,TODAS,12-18,sem_intensidade,+RA,0,0,,0,0,
SBSL,TODAS,18-24,exato,TS,44,1,2.3,7,1,14.3
SBSL,TODAS,18-24,exato,+RA,0,0,,0,0,
SBSL,TODAS,18-24,exato,+TSRA,0,0,,0,0,
SBSL,TODAS,18-24,exato,TSRA,76,0,0.0,1,0,0.0
SBSL,TODAS,18-24,sem_intensidade,TS,44,1,2.3,7,1,14.3
SBSL,TODAS,18-24,sem_intensidade,TSRA,76,2,2.6,4,2,50.0
SBSL,TODAS,18-24,sem_intensidade,+RA,0,0,,0,0,
SBSL,TODAS,TODOS,exato,TS,55,1,1.8,10,1,10.0
SBSL,TODAS,TODOS,exato,+RA,0,0,,0,0,
SBSL,TODAS,TODOS,exato,+TSRA,0,0,,0,0,
SBSL,TODAS,TODOS,exato,TSRA,91,0,0.0,1,0,0.0
SBSL,TODAS,TODOS,sem_intensidade,TS,55,1,1.8,10,1,10.0
SBSL,TODAS,TODOS,sem_intensidade,TSRA,91,2,2.2,7,2,28.6
SBSL,TODAS,TODOS,sem_intensidade,+RA,0,0,,0,0,
SBSM,Verao,00-06,exato,TS,0,0,,0,0,
SBSM,Verao,00-06,exato,+RA,0,0,,0,0,
SBSM,Verao,00-06,exato,+TSRA,0,0,,0,0,
SBSM,Verao,00-06,exato,TSRA,0,0,,0,0,
SBSM,Verao,00-06,sem_intensidade,TS,0,0,,0,0,
SBSM,Verao,00-06,sem_intensidade,TSRA,0,0,,0,0,
SBSM,Verao,00-06,sem_intensidade,+RA,0,0,,0,0,
SBSM,Verao,06-12,exato,TS,0,0,,0,0,
SBSM,Verao,06-12,exato,+RA,0,0,,0,0,
SBSM,Verao,06-12,exato,+TSRA,0,0,,0,0,
SBSM,Verao,06-12,exato,TSRA,1,0,0.0,0,0,
SBSM,Verao,06-12,sem_intensidade,TS,0,0,,0,0,
SBSM,Verao,06-12,sem_intensidade,TSRA,1,0,0.0,0,0,
SBSM,Verao,06-12,sem_intensidade,+RA,0,0,,0,0,
SBSM,Verao,12-18,exato,TS,1,0,0.0,2,0,0.0
SBSM,Verao,12-18,exato,+RA,0,0,,0,0,
SBSM,Verao,12-18,exato,+TSRA,0,0,,0,0,
SBSM,Verao,12-18,exato,TSRA,15,1,6.7,1,1,100.0
SBSM,Verao,12-18,sem_intensidade,TS,1,0,0.0,2,0,0.0
SBSM,Verao,12-18,sem_intensidade,TSRA,16,1,6.2,1,1,100.0
SBSM,Verao,12-18,sem_intensidade,+RA,0,0,,0,0,
SBSM,Verao,18-24,exato,TS,1,0,0.0,2,0,0.0
SBSM,Verao,18-24,exato,+RA,0,0,,0,0,
SBSM,Verao,18-24,exato,+TSRA,2,0,0.0,1,0,0.0
SBSM,Verao,18-24,exato,TSRA,6,0,0.0,0,0,
SBSM,Verao,18-24,sem_intensidade,TS,1,0,0.0,2,0,0.0
SBSM,Verao,18-24,sem_intensidade,TSRA,8,2,25.0,3,2,66.7
SBSM,Verao,18-24,sem_intensidade,+RA,0,0,,0,0,
SBSM,Verao,TODOS,exato,TS,2,0,0.0,4,0,0.0
SBSM,Verao,TODOS,exato,+RA,0,0,,0,0,
SBSM,Verao,TODOS,exato,+TSRA,2,0,0.0,1,0,0.0
SBSM,Verao,TODOS,exato,TSRA,22,1,4.5,1,1,100.0
SBSM,Verao,TODOS,sem_intensidade,TS,2,0,0.0,4,0,0.0
SBSM,Verao,TODOS,sem_intensidade,TSRA,25,3,12.0,4,3,75.0
SBSM,Verao,TODOS,sem_intensidade,+RA,0,0,,0,0,
SBSM,Outono,00-06,exato,TS,0,0,,0,0,
SBSM,Outono,00-06,exato,+RA,0,0,,0,0,
SBSM,Outono,00-06,exato,+TSRA,0,0,,0,0,
SBSM,Outono,00-06,exato,TSRA,0,0,,0,0,
SBSM,Outono,00-06,sem_intensidade,TS,0,0,,0,0,
SBSM,Outono,00-06,sem_intensidade,TSRA,0,0,,1,0,0.0
SBSM,Outono,00-06,sem_intensidade,+RA,0,0,,0,0,
SBSM,Outono,06-12,exato,TS,0,0,,0,0,
SBSM,Outono,06-12,exato,+RA,0,0,,0,0,
SBSM,Outono,06-12,exato,+TSRA,0,0,,0,0,
SBSM,Outono,06-12,exato,TSRA,0,0,,0,0,
SBSM,Outono,06-12,sem_intensidade,TS,0,0,,0,0,
SBSM,Outono,06-12,sem_intensidade,TSRA,0,0,,0,0,
SBSM,Outono,06-12,sem_intensidade,+RA,0,0,,0,0,
SBSM,Outono,12-18,exato,TS,0,0,,0,0,
SBSM,Outono,12-18,exato,+RA,0,0,,0,0,
SBSM,Outono,12-18,exato,+TSRA,0,0,,0,0,
SBSM,Outono,12-18,exato,TSRA,5,1,20.0,1,1,100.0
SBSM,Outono,12-18,sem_intensidade,TS,0,0,,0,0,
SBSM,Outono,12-18,sem_intensidade,TSRA,5,1,20.0,1,1,100.0
SBSM,Outono,12-18,sem_intensidade,+RA,0,0,,0,0,
SBSM,Outono,18-24,exato,TS,1,0,0.0,2,0,0.0
SBSM,Outono,18-24,exato,+RA,0,0,,0,0,
SBSM,Outono,18-24,exato,+TSRA,0,0,,1,0,0.0
SBSM,Outono,18-24,exato,TSRA,5,0,0.0,0,0,
SBSM,Outono,18-24,sem_intensidade,TS,1,0,0.0,2,0,0.0
SBSM,Outono,18-24,sem_intensidade,TSRA,5,1,20.0,1,1,100.0
SBSM,Outono,18-24,sem_intensidade,+RA,0,0,,0,0,
SBSM,Outono,TODOS,exato,TS,1,0,0.0,2,0,0.0
SBSM,Outono,TODOS,exato,+RA,0,0,,0,0,
SBSM,Outono,TODOS,exato,+TSRA,0,0,,1,0,0.0
SBSM,Outono,TODOS,exato,TSRA,10,1,10.0,1,1,100.0
SBSM,Outono,TODOS,sem_intensidade,TS,1,0,0.0,2,0,0.0
SBSM,Outono,TODOS,sem_intensidade,TSRA,10,2,20.0,3,2,66.7
SBSM,Outono,TODOS,sem_intensidade,+RA,0,0,,0,0,
SBSM,Inverno,00-06,exato,TS,0,0,,0,0,
SBSM,Inverno,00-06,exato,+RA,0,0,,0,0,
SBSM,Inverno,00-06,exato,+TSRA,0,0,,0,0,
SBSM,Inverno,00-06,exato,TSRA,0,0,,0,0,
SBSM,Inverno,00-06,sem_intensidade,TS,0,0,,0,0,
SBSM,Inverno,00-06,sem_intensidade,TSRA,0,0,,0,0,
SBSM,Inverno,00-06,sem_intensidade,+RA,0,0,,0,0,
SBSM,Inverno,06-12,exato,TS,0,0,,1,0,0.0
SBSM,Inverno,06-12,exato,+RA,0,0,,0,0,
SBSM,Inverno,06-12,exato,+TSRA,0,0,,0,0,
SBSM,Inverno,06-12,exato,TSRA,3,0,0.0,0,0,
SBSM,Inverno,06-12,sem_intensidade,TS,0,0,,1,0,0.0
SBSM,Inverno,06-12,sem_intensidade,TSRA,3,0,0.0,0,0,
SBSM,Inverno,06-12,sem_intensidade,+RA,0,0,,0,0,
SBSM,Inverno,12-18,exato,TS,0,0,,2,0,0.0
SBSM,Inverno,12-18,exato,+RA,0,0,,0,0,
SBSM,Inverno,12-18,exato,+TSRA,0,0,,0,0,
SBSM,Inverno,12-18,exato,TSRA,11,0,0.0,1,0,0.0
SBSM,Inverno,12-18,sem_intensidade,TS,0,0,,2,0,0.0
SBSM,Inverno,12-18,sem_intensidade,TSRA,15,0,0.0,2,0,0.0
SBSM,Inverno,12-18,sem_intensidade,+RA,0,0,,0,0,
SBSM,Inverno,18-24,exato,TS,0,0,,1,0,0.0
SBSM,Inverno,18-24,exato,+RA,0,0,,0,0,
SBSM,Inverno,18-24,exato,+TSRA,0,0,,0,0,
SBSM,Inverno,18-24,exato,TSRA,14,0,0.0,0,0,
SBSM,Inverno,18-24,sem_intensidade,TS,0,0,,1,0,0.0
SBSM,Inverno,18-24,sem_intensidade,TSRA,15,3,20.0,3,3,100.0
SBSM,Inverno,18-24,sem_intensidade,+RA,0,0,,0,0,
SBSM,Inverno,TODOS,exato,TS,0,0,,4,0,0.0
SBSM,Inverno,TODOS,exato,+RA,0,0,,0,0,
SBSM,Inverno,TODOS,exato,+TSRA,0,0,,0,0,
SBSM,Inverno,TODOS,exato,TSRA,28,0,0.0,1,0,0.0
SBSM,Inverno,TODOS,sem_intensidade,TS,0,0,,4,0,0.0
SBSM,Inverno,TODOS,sem_intensidade,TSRA,33,3,9.1,5,3,60.0
SBSM,Inverno,TODOS,sem_intensidade,+RA,0,0,,0,0,
SBSM,Primavera,00-06,exato,TS,0,0,,0,0,
SBSM,Primavera,00-06,exato,+RA,0,0,,0,0,
SBSM,Primavera,00-06,exato,+TSRA,0,0,,0,0,
SBSM,Primavera,00-06,exato,TSRA,0,0,,0,0,
SBSM,Primavera,00-06,sem_intensidade,TS,0,0,,0,0,
SBSM,Primavera,00-06,sem_intensidade,TSRA,0,0,,0,0,
SBSM,Primavera,00-06,sem_intensidade,+RA,0,0,,0,0,
SBSM,Primavera,06-12,exato,TS,0,0,,0,0,
SBSM,Primavera,06-12,exato,+RA,0,0,,0,0,
SBSM,Primavera,06-12,exato,+TSRA,0,0,,0,0,
SBSM,Primavera,06-12,exato,TSRA,2,0,0.0,0,0,
SBSM,Primavera,06-12,sem_intensidade,TS,0,0,,0,0,
SBSM,Primavera,06-12,sem_intensidade,TSRA,2,0,0.0,0,0,
SBSM,Primavera,06-12,sem_intensidade,+RA,0,0,,0,0,
SBSM,Primavera,12-18,exato,TS,0,0,,0,0,
SBSM,Primavera,12-18,exato,+RA,0,0,,0,0,
SBSM,Primavera,12-18,exato,+TSRA,0,0,,1,0,0.0
SBSM,Primavera,12-18,exato,TSRA,5,1,20.0,1,1,100.0
SBSM,Primavera,12-18,sem_intensidade,TS,0,0,,0,0,
SBSM,Primavera,12-18,sem_intensidade,TSRA,5,1,20.0,2,1,50.0
SBSM,Primavera,12-18,sem_intensidade,+RA,0,0,,0,0,
SBSM,Primavera,18-24,exato,TS,3,0,0.0,0,0,
SBSM,Primavera,18-24,exato,+RA,0,0,,0,0,
SBSM,Primavera,18-24,exato,+TSRA,0,0,,0,0,
SBSM,Primavera,18-24,exato,TSRA,5,0,0.0,0,0,
SBSM,Primavera,18-24,sem_intensidade,TS,3,0,0.0,0,0,
SBSM,Primavera,18-24,sem_intensidade,TSRA,6,0,0.0,0,0,
SBSM,Primavera,18-24,sem_intensidade,+RA,0,0,,0,0,
SBSM,Primavera,TODOS,exato,TS,3,0,0.0,0,0,
SBSM,Primavera,TODOS,exato,+RA,0,0,,0,0,
SBSM,Primavera,TODOS,exato,+TSRA,0,0,,1,0,0.0
SBSM,Primavera,TODOS,exato,TSRA,12,1,8.3,1,1,100.0
SBSM,Primavera,TODOS,sem_intensidade,TS,3,0,0.0,0,0,
SBSM,Primavera,TODOS,sem_intensidade,TSRA,13,1,7.7,2,1,50.0
SBSM,Primavera,TODOS,sem_intensidade,+RA,0,0,,0,0,
SBSM,TODAS,00-06,exato,TS,0,0,,0,0,
SBSM,TODAS,00-06,exato,+RA,0,0,,0,0,
SBSM,TODAS,00-06,exato,+TSRA,0,0,,0,0,
SBSM,TODAS,00-06,exato,TSRA,0,0,,0,0,
SBSM,TODAS,00-06,sem_intensidade,TS,0,0,,0,0,
SBSM,TODAS,00-06,sem_intensidade,TSRA,0,0,,1,0,0.0
SBSM,TODAS,00-06,sem_intensidade,+RA,0,0,,0,0,
SBSM,TODAS,06-12,exato,TS,0,0,,1,0,0.0
SBSM,TODAS,06-12,exato,+RA,0,0,,0,0,
SBSM,TODAS,06-12,exato,+TSRA,0,0,,0,0,
SBSM,TODAS,06-12,exato,TSRA,6,0,0.0,0,0,
SBSM,TODAS,06-12,sem_intensidade,TS,0,0,,1,0,0.0
SBSM,TODAS,06-12,sem_intensidade,TSRA,6,0,0.0,0,0,
SBSM,TODAS,06-12,sem_intensidade,+RA,0,0,,0,0,
SBSM,TODAS,12-18,exato,TS,1,0,0.0,4,0,0.0
SBSM,TODAS,12-18,exato,+RA,0,0,,0,0,
SBSM,TODAS,12-18,exato,+TSRA,0,0,,1,0,0.0
SBSM,TODAS,12-18,exato,TSRA,36,3,8.3,4,3,75.0
SBSM,TODAS,12-18,sem_intensidade,TS,1,0,0.0,4,0,0.0
SBSM,TODAS,12-18,sem_intensidade,TSRA,41,3,7.3,6,3,50.0
SBSM,TODAS,12-18,sem_intensidade,+RA,0,0,,0,0,
SBSM,TODAS,18-24,exato,TS,5,0,0.0,5,0,0.0
SBSM,TODAS,18-24,exato,+RA,0,0,,0,0,
SBSM,TODAS,18-24,exato,+TSRA,2,0,0.0,2,0,0.0
SBSM,TODAS,18-24,exato,TSRA,30,0,0.0,0,0,
SBSM,TODAS,18-24,sem_intensidade,TS,5,0,0.0,5,0,0.0
SBSM,TODAS,18-24,sem_intensidade,TSRA,34,6,17.6,7,6,85.7
SBSM,TODAS,18-24,sem_intensidade,+RA,0,0,,0,0,
SBSM,TODAS,TODOS,exato,TS,6,0,0.0,10,0,0.0
SBSM,TODAS,TODOS,exato,+RA,0,0,,0,0,
SBSM,TODAS,TODOS,exato,+TSRA,2,0,0.0,3,0,0.0
SBSM,TODAS,TODOS,exato,TSRA,72,3,4.2,4,3,75.0
SBSM,TODAS,TODOS,sem_intensidade,TS,6,0,0.0,10,0,0.0
SBSM,TODAS,TODOS,sem_intensidade,TSRA,81,9,11.1,14,9,64.3
SBSM,TODAS,TODOS,sem_intensidade,+RA,0,0,,0,0,
SBSO,Verao,00-06,exato,TS,0,0,,0,0,
SBSO,Verao,00-06,exato,+RA,0,0,,0,0,
SBSO,Verao,00-06,exato,+TSRA,0,0,,0,0,
SBSO,Verao,00-06,exato,TSRA,0,0,,0,0,
SBSO,Verao,00-06,sem_intensidade,TS,0,0,,0,0,
SBSO,Verao,00-06,sem_intensidade,TSRA,0,0,,0,0,
SBSO,Verao,00-06,sem_intensidade,+RA,0,0,,0,0,
SBSO,Verao,06-12,exato,TS,0,0,,0,0,
SBSO,Verao,06-12,exato,+RA,0,0,,0,0,
SBSO,Verao,06-12,exato,+TSRA,0,0,,0,0,
SBSO,Verao,06-12,exato,TSRA,0,0,,0,0,
SBSO,Verao,06-12,sem_intensidade,TS,0,0,,0,0,
SBSO,Verao,06-12,sem_intensidade,TSRA,0,0,,0,0,
SBSO,Verao,06-12,sem_intensidade,+RA,0,0,,0,0,
SBSO,Verao,12-18,exato,TS,0,0,,0,0,
SBSO,Verao,12-18,exato,+RA,0,0,,0,0,
SBSO,Verao,12-18,exato,+TSRA,0,0,,0,0,
SBSO,Verao,12-18,exato,TSRA,0,0,,0,0,
SBSO,Verao,12-18,sem_intensidade,TS,0,0,,0,0,
SBSO,Verao,12-18,sem_intensidade,TSRA,0,0,,0,0,
SBSO,Verao,12-18,sem_intensidade,+RA,0,0,,0,0,
SBSO,Verao,18-24,exato,TS,0,0,,0,0,
SBSO,Verao,18-24,exato,+RA,0,0,,0,0,
SBSO,Verao,18-24,exato,+TSRA,0,0,,0,0,
SBSO,Verao,18-24,exato,TSRA,0,0,,0,0,
SBSO,Verao,18-24,sem_intensidade,TS,0,0,,0,0,
SBSO,Verao,18-24,sem_intensidade,TSRA,0,0,,0,0,
SBSO,Verao,18-24,sem_intensidade,+RA,0,0,,0,0,
SBSO,Verao,TODOS,exato,TS,0,0,,0,0,
SBSO,Verao,TODOS,exato,+RA,0,0,,0,0,
SBSO,Verao,TODOS,exato,+TSRA,0,0,,0,0,
SBSO,Verao,TODOS,exato,TSRA,0,0,,0,0,
SBSO,Verao,TODOS,sem_intensidade,TS,0,0,,0,0,
SBSO,Verao,TODOS,sem_intensidade,TSRA,0,0,,0,0,
SBSO,Verao,TODOS,sem_intensidade,+RA,0,0,,0,0,
SBSO,Outono,00-06,exato,TS,0,0,,0,0,
SBSO,Outono,00-06,exato,+RA,0,0,,0,0,
SBSO,Outono,00-06,exato,+TSRA,0,0,,0,0,
SBSO,Outono,00-06,exato,TSRA,0,0,,0,0,
SBSO,Outono,00-06,sem_intensidade,TS,0,0,,0,0,
SBSO,Outono,00-06,sem_intensidade,TSRA,0,0,,0,0,
SBSO,Outono,00-06,sem_intensidade,+RA,0,0,,0,0,
SBSO,Outono,06-12,exato,TS,0,0,,0,0,
SBSO,Outono,06-12,exato,+RA,0,0,,0,0,
SBSO,Outono,06-12,exato,+TSRA,0,0,,0,0,
SBSO,Outono,06-12,exato,TSRA,0,0,,0,0,
SBSO,Outono,06-12,sem_intensidade,TS,0,0,,0,0,
SBSO,Outono,06-12,sem_intensidade,TSRA,0,0,,0,0,
SBSO,Outono,06-12,sem_intensidade,+RA,0,0,,0,0,
SBSO,Outono,12-18,exato,TS,0,0,,0,0,
SBSO,Outono,12-18,exato,+RA,0,0,,0,0,
SBSO,Outono,12-18,exato,+TSRA,0,0,,0,0,
SBSO,Outono,12-18,exato,TSRA,0,0,,0,0,
SBSO,Outono,12-18,sem_intensidade,TS,0,0,,0,0,
SBSO,Outono,12-18,sem_intensidade,TSRA,0,0,,0,0,
SBSO,Outono,12-18,sem_intensidade,+RA,0,0,,0,0,
SBSO,Outono,18-24,exato,TS,0,0,,0,0,
SBSO,Outono,18-24,exato,+RA,0,0,,0,0,
SBSO,Outono,18-24,exato,+TSRA,0,0,,0,0,
SBSO,Outono,18-24,exato,TSRA,0,0,,0,0,
SBSO,Outono,18-24,sem_intensidade,TS,0,0,,0,0,
SBSO,Outono,18-24,sem_intensidade,TSRA,0,0,,0,0,
SBSO,Outono,18-24,sem_intensidade,+RA,0,0,,0,0,
SBSO,Outono,TODOS,exato,TS,0,0,,0,0,
SBSO,Outono,TODOS,exato,+RA,0,0,,0,0,
SBSO,Outono,TODOS,exato,+TSRA,0,0,,0,0,
SBSO,Outono,TODOS,exato,TSRA,0,0,,0,0,
SBSO,Outono,TODOS,sem_intensidade,TS,0,0,,0,0,
SBSO,Outono,TODOS,sem_intensidade,TSRA,0,0,,0,0,
SBSO,Outono,TODOS,sem_intensidade,+RA,0,0,,0,0,
SBSO,Inverno,00-06,exato,TS,0,0,,0,0,
SBSO,Inverno,00-06,exato,+RA,0,0,,0,0,
SBSO,Inverno,00-06,exato,+TSRA,0,0,,0,0,
SBSO,Inverno,00-06,exato,TSRA,0,0,,0,0,
SBSO,Inverno,00-06,sem_intensidade,TS,0,0,,0,0,
SBSO,Inverno,00-06,sem_intensidade,TSRA,0,0,,0,0,
SBSO,Inverno,00-06,sem_intensidade,+RA,0,0,,0,0,
SBSO,Inverno,06-12,exato,TS,0,0,,0,0,
SBSO,Inverno,06-12,exato,+RA,0,0,,0,0,
SBSO,Inverno,06-12,exato,+TSRA,0,0,,0,0,
SBSO,Inverno,06-12,exato,TSRA,0,0,,0,0,
SBSO,Inverno,06-12,sem_intensidade,TS,0,0,,0,0,
SBSO,Inverno,06-12,sem_intensidade,TSRA,0,0,,0,0,
SBSO,Inverno,06-12,sem_intensidade,+RA,0,0,,0,0,
SBSO,Inverno,12-18,exato,TS,0,0,,0,0,
SBSO,Inverno,12-18,exato,+RA,0,0,,0,0,
SBSO,Inverno,12-18,exato,+TSRA,0,0,,0,0,
SBSO,Inverno,12-18,exato,TSRA,0,0,,0,0,
SBSO,Inverno,12-18,sem_intensidade,TS,0,0,,0,0,
SBSO,Inverno,12-18,sem_intensidade,TSRA,0,0,,0,0,
SBSO,Inverno,12-18,sem_intensidade,+RA,0,0,,0,0,
SBSO,Inverno,18-24,exato,TS,0,0,,0,0,
SBSO,Inverno,18-24,exato,+RA,0,0,,0,0,
SBSO,Inverno,18-24,exato,+TSRA,0,0,,0,0,
SBSO,Inverno,18-24,exato,TSRA,0,0,,0,0,
SBSO,Inverno,18-24,sem_intensidade,TS,0,0,,0,0,
SBSO,Inverno,18-24,sem_intensidade,TSRA,0,0,,0,0,
SBSO,Inverno,18-24,sem_intensidade,+RA,0,0,,0,0,
SBSO,Inverno,TODOS,exato,TS,0,0,,0,0,
SBSO,Inverno,TODOS,exato,+RA,0,0,,0,0,
SBSO,Inverno,TODOS,exato,+TSRA,0,0,,0,0,
SBSO,Inverno,TODOS,exato,TSRA,0,0,,0,0,
SBSO,Inverno,TODOS,sem_intensidade,TS,0,0,,0,0,
SBSO,Inverno,TODOS,sem_intensidade,TSRA,0,0,,0,0,
SBSO,Inverno,TODOS,sem_intensidade,+RA,0,0,,0,0,
SBSO,Primavera,00-06,exato,TS,0,0,,0,0,
SBSO,Primavera,00-06,exato,+RA,0,0,,0,0,
SBSO,Primavera,00-06,exato,+TSRA,0,0,,0,0,
SBSO,Primavera,00-06,exato,TSRA,0,0,,0,0,
SBSO,Primavera,00-06,sem_intensidade,TS,0,0,,0,0,
SBSO,Primavera,00-06,sem_intensidade,TSRA,0,0,,0,0,
SBSO,Primavera,00-06,sem_intensidade,+RA,0,0,,0,0,
SBSO,Primavera,06-12,exato,TS,0,0,,0,0,
SBSO,Primavera,06-12,exato,+RA,0,0,,0,0,
SBSO,Primavera,06-12,exato,+TSRA,0,0,,0,0,
SBSO,Primavera,06-12,exato,TSRA,0,0,,0,0,
SBSO,Primavera,06-12,sem_intensidade,TS,0,0,,0,0,
SBSO,Primavera,06-12,sem_intensidade,TSRA,0,0,,0,0,
SBSO,Primavera,06-12,sem_intensidade,+RA,0,0,,0,0,
SBSO,Primavera,12-18,exato,TS,0,0,,0,0,
SBSO,Primavera,12-18,exato,+RA,0,0,,0,0,
SBSO,Primavera,12-18,exato,+TSRA,0,0,,0,0,
SBSO,Primavera,12-18,exato,TSRA,0,0,,0,0,
SBSO,Primavera,12-18,sem_intensidade,TS,0,0,,0,0,
SBSO,Primavera,12-18,sem_intensidade,TSRA,0,0,,0,0,
SBSO,Primavera,12-18,sem_intensidade,+RA,0,0,,0,0,
SBSO,Primavera,18-24,exato,TS,0,0,,0,0,
SBSO,Primavera,18-24,exato,+RA,0,0,,0,0,
SBSO,Primavera,18-24,exato,+TSRA,0,0,,0,0,
SBSO,Primavera,18-24,exato,TSRA,0,0,,0,0,
SBSO,Primavera,18-24,sem_intensidade,TS,0,0,,0,0,
SBSO,Primavera,18-24,sem_intensidade,TSRA,0,0,,0,0,
SBSO,Primavera,18-24,sem_intensidade,+RA,0,0,,0,0,
SBSO,Primavera,TODOS,exato,TS,0,0,,0,0,
SBSO,Primavera,TODOS,exato,+RA,0,0,,0,0,
SBSO,Primavera,TODOS,exato,+TSRA,0,0,,0,0,
SBSO,Primavera,TODOS,exato,TSRA,0,0,,0,0,
SBSO,Primavera,TODOS,sem_intensidade,TS,0,0,,0,0,
SBSO,Primavera,TODOS,sem_intensidade,TSRA,0,0,,0,0,
SBSO,Primavera,TODOS,sem_intensidade,+RA,0,0,,0,0,
SBSO,TODAS,00-06,exato,TS,0,0,,0,0,
SBSO,TODAS,00-06,exato,+RA,0,0,,0,0,
SBSO,TODAS,00-06,exato,+TSRA,0,0,,0,0,
SBSO,TODAS,00-06,exato,TSRA,0,0,,0,0,
SBSO,TODAS,00-06,sem_intensidade,TS,0,0,,0,0,
SBSO,TODAS,00-06,sem_intensidade,TSRA,0,0,,0,0,
SBSO,TODAS,00-06,sem_intensidade,+RA,0,0,,0,0,
SBSO,TODAS,06-12,exato,TS,0,0,,0,0,
SBSO,TODAS,06-12,exato,+RA,0,0,,0,0,
SBSO,TODAS,06-12,exato,+TSRA,0,0,,0,0,
SBSO,TODAS,06-12,exato,TSRA,0,0,,0,0,
SBSO,TODAS,06-12,sem_intensidade,TS,0,0,,0,0,
SBSO,TODAS,06-12,sem_intensidade,TSRA,0,0,,0,0,
SBSO,TODAS,06-12,sem_intensidade,+RA,0,0,,0,0,
SBSO,TODAS,12-18,exato,TS,0,0,,0,0,
SBSO,TODAS,12-18,exato,+RA,0,0,,0,0,
SBSO,TODAS,12-18,exato,+TSRA,0,0,,0,0,
SBSO,TODAS,12-18,exato,TSRA,0,0,,0,0,
SBSO,TODAS,12-18,sem_intensidade,TS,0,0,,0,0,
SBSO,TODAS,12-18,sem_intensidade,TSRA,0,0,,0,0,
SBSO,TODAS,12-18,sem_intensidade,+RA,0,0,,0,0,
SBSO,TODAS,18-24,exato,TS,0,0,,0,0,
SBSO,TODAS,18-24,exato,+RA,0,0,,0,0,
SBSO,TODAS,18-24,exato,+TSRA,0,0,,0,0,
SBSO,TODAS,18-24,exato,TSRA,0,0,,0,0,
SBSO,TODAS,18-24,sem_intensidade,TS,0,0,,0,0,
SBSO,TODAS,18-24,sem_intensidade,TSRA,0,0,,0,0,
SBSO,TODAS,18-24,sem_intensidade,+RA,0,0,,0,0,
SBSO,TODAS,TODOS,exato,TS,0,0,,0,0,
SBSO,TODAS,TODOS,exato,+RA,0,0,,0,0,
SBSO,TODAS,TODOS,exato,+TSRA,0,0,,0,0,
SBSO,TODAS,TODOS,exato,TSRA,0,0,,0,0,
SBSO,TODAS,TODOS,sem_intensidade,TS,0,0,,0,0,
SBSO,TODAS,TODOS,sem_intensidade,TSRA,0,0,,0,0,
SBSO,TODAS,TODOS,sem_intensidade,+RA,0,0,,0,0,
SBSP,Verao,00-06,exato,TS,0,0,,0,0,
SBSP,Verao,00-06,exato,+RA,0,0,,0,0,
SBSP,Verao,00-06,exato,+TSRA,0,0,,0,0,
SBSP,Verao,00-06,exato,TSRA,0,0,,0,0,
SBSP,Verao,00-06,sem_intensidade,TS,0,0,,0,0,
SBSP,Verao,00-06,sem_intensidade,TSRA,0,0,,0,0,
SBSP,Verao,00-06,sem_intensidade,+RA,0,0,,0,0,
SBSP,Verao,06-12,exato,TS,0,0,,0,0,
SBSP,Verao,06-12,exato,+RA,0,0,,0,0,
SBSP,Verao,06-12,exato,+TSRA,0,0,,0,0,
SBSP,Verao,06-12,exato,TSRA,0,0,,0,0,
SBSP,Verao,06-12,sem_intensidade,TS,0,0,,0,0,
SBSP,Verao,06-12,sem_intensidade,TSRA,0,0,,0,0,
SBSP,Verao,06-12,sem_intensidade,+RA,0,0,,0,0,
SBSP,Verao,12-18,exato,TS,0,0,,0,0,
SBSP,Verao,12-18,exato,+RA,0,0,,0,0,
SBSP,Verao,12-18,exato,+TSRA,0,0,,0,0,
SBSP,Verao,12-18,exato,TSRA,0,0,,0,0,
SBSP,Verao,12-18,sem_intensidade,TS,0,0,,0,0,
SBSP,Verao,12-18,sem_intensidade,TSRA,0,0,,0,0,
SBSP,Verao,12-18,sem_intensidade,+RA,0,0,,0,0,
SBSP,Verao,18-24,exato,TS,0,0,,0,0,
SBSP,Verao,18-24,exato,+RA,0,0,,0,0,
SBSP,Verao,18-24,exato,+TSRA,0,0,,0,0,
SBSP,Verao,18-24,exato,TSRA,0,0,,0,0,
SBSP,Verao,18-24,sem_intensidade,TS,0,0,,0,0,
SBSP,Verao,18-24,sem_intensidade,TSRA,0,0,,0,0,
SBSP,Verao,18-24,sem_intensidade,+RA,0,0,,0,0,
SBSP,Verao,TODOS,exato,TS,0,0,,0,0,
SBSP,Verao,TODOS,exato,+RA,0,0,,0,0,
SBSP,Verao,TODOS,exato,+TSRA,0,0,,0,0,
SBSP,Verao,TODOS,exato,TSRA,0,0,,0,0,
SBSP,Verao,TODOS,sem_intensidade,TS,0,0,,0,0,
SBSP,Verao,TODOS,sem_intensidade,TSRA,0,0,,0,0,
SBSP,Verao,TODOS,sem_intensidade,+RA,0,0,,0,0,
SBSP,Outono,00-06,exato,TS,0,0,,0,0,
SBSP,Outono,00-06,exato,+RA,0,0,,0,0,
SBSP,Outono,00-06,exato,+TSRA,0,0,,0,0,
SBSP,Outono,00-06,exato,TSRA,0,0,,0,0,
SBSP,Outono,00-06,sem_intensidade,TS,0,0,,0,0,
SBSP,Outono,00-06,sem_intensidade,TSRA,0,0,,0,0,
SBSP,Outono,00-06,sem_intensidade,+RA,0,0,,0,0,
SBSP,Outono,06-12,exato,TS,0,0,,0,0,
SBSP,Outono,06-12,exato,+RA,0,0,,0,0,
SBSP,Outono,06-12,exato,+TSRA,0,0,,0,0,
SBSP,Outono,06-12,exato,TSRA,0,0,,0,0,
SBSP,Outono,06-12,sem_intensidade,TS,0,0,,0,0,
SBSP,Outono,06-12,sem_intensidade,TSRA,0,0,,0,0,
SBSP,Outono,06-12,sem_intensidade,+RA,0,0,,0,0,
SBSP,Outono,12-18,exato,TS,0,0,,0,0,
SBSP,Outono,12-18,exato,+RA,0,0,,0,0,
SBSP,Outono,12-18,exato,+TSRA,0,0,,0,0,
SBSP,Outono,12-18,exato,TSRA,0,0,,0,0,
SBSP,Outono,12-18,sem_intensidade,TS,0,0,,0,0,
SBSP,Outono,12-18,sem_intensidade,TSRA,0,0,,0,0,
SBSP,Outono,12-18,sem_intensidade,+RA,0,0,,0,0,
SBSP,Outono,18-24,exato,TS,0,0,,0,0,
SBSP,Outono,18-24,exato,+RA,0,0,,0,0,
SBSP,Outono,18-24,exato,+TSRA,0,0,,0,0,
SBSP,Outono,18-24,exato,TSRA,0,0,,0,0,
SBSP,Outono,18-24,sem_intensidade,TS,0,0,,0,0,
SBSP,Outono,18-24,sem_intensidade,TSRA,0,0,,0,0,
SBSP,Outono,18-24,sem_intensidade,+RA,0,0,,0,0,
SBSP,Outono,TODOS,exato,TS,0,0,,0,0,
SBSP,Outono,TODOS,exato,+RA,0,0,,0,0,
SBSP,Outono,TODOS,exato,+TSRA,0,0,,0,0,
SBSP,Outono,TODOS,exato,TSRA,0,0,,0,0,
SBSP,Outono,TODOS,sem_intensidade,TS,0,0,,0,0,
SBSP,Outono,TODOS,sem_intensidade,TSRA,0,0,,0,0,
SBSP,Outono,TODOS,sem_intensidade,+RA,0,0,,0,0,
SBSP,Inverno,00-06,exato,TS,0,0,,0,0,
SBSP,Inverno,00-06,exato,+RA,0,0,,0,0,
SBSP,Inverno,00-06,exato,+TSRA,0,0,,0,0,
SBSP,Inverno,00-06,exato,TSRA,0,0,,0,0,
SBSP,Inverno,00-06,sem_intensidade,TS,0,0,,0,0,
SBSP,Inverno,00-06,sem_intensidade,TSRA,0,0,,0,0,
SBSP,Inverno,00-06,sem_intensidade,+RA,0,0,,0,0,
SBSP,Inverno,06-12,exato,TS,0,0,,0,0,
SBSP,Inverno,06-12,exato,+RA,0,0,,0,0,
SBSP,Inverno,06-12,exato,+TSRA,0,0,,0,0,
SBSP,Inverno,06-12,exato,TSRA,0,0,,0,0,
SBSP,Inverno,06-12,sem_intensidade,TS,0,0,,0,0,
SBSP,Inverno,06-12,sem_intensidade,TSRA,0,0,,0,0,
SBSP,Inverno,06-12,sem_intensidade,+RA,0,0,,0,0,
SBSP,Inverno,12-18,exato,TS,0,0,,0,0,
SBSP,Inverno,12-18,exato,+RA,0,0,,0,0,
SBSP,Inverno,12-18,exato,+TSRA,0,0,,0,0,
SBSP,Inverno,12-18,exato,TSRA,0,0,,0,0,
SBSP,Inverno,12-18,sem_intensidade,TS,0,0,,0,0,
SBSP,Inverno,12-18,sem_intensidade,TSRA,0,0,,0,0,
SBSP,Inverno,12-18,sem_intensidade,+RA,0,0,,0,0,
SBSP,Inverno,18-24,exato,TS,0,0,,0,0,
SBSP,Inverno,18-24,exato,+RA,0,0,,0,0,
SBSP,Inverno,18-24,exato,+TSRA,0,0,,0,0,
SBSP,Inverno,18-24,exato,TSRA,0,0,,0,0,
SBSP,Inverno,18-24,sem_intensidade,TS,0,0,,0,0,
SBSP,Inverno,18-24,sem_intensidade,TSRA,0,0,,0,0,
SBSP,Inverno,18-24,sem_intensidade,+RA,0,0,,0,0,
SBSP,Inverno,TODOS,exato,TS,0,0,,0,0,
SBSP,Inverno,TODOS,exato,+RA,0,0,,0,0,
SBSP,Inverno,TODOS,exato,+TSRA,0,0,,0,0,
SBSP,Inverno,TODOS,exato,TSRA,0,0,,0,0,
SBSP,Inverno,TODOS,sem_intensidade,TS,0,0,,0,0,
SBSP,Inverno,TODOS,sem_intensidade,TSRA,0,0,,0,0,
SBSP,Inverno,TODOS,sem_intensidade,+RA,0,0,,0,0,
SBSP,Primavera,00-06,exato,TS,0,0,,0,0,
SBSP,Primavera,00-06,exato,+RA,0,0,,0,0,
SBSP,Primavera,00-06,exato,+TSRA,0,0,,0,0,
SBSP,Primavera,00-06,exato,TSRA,0,0,,0,0,
SBSP,Primavera,00-06,sem_intensidade,TS,0,0,,0,0,
SBSP,Primavera,00-06,sem_intensidade,TSRA,0,0,,0,0,
SBSP,Primavera,00-06,sem_intensidade,+RA,0,0,,0,0,
SBSP,Primavera,06-12,exato,TS,0,0,,0,0,
SBSP,Primavera,06-12,exato,+RA,0,0,,0,0,
SBSP,Primavera,06-12,exato,+TSRA,0,0,,0,0,
SBSP,Primavera,06-12,exato,TSRA,0,0,,0,0,
SBSP,Primavera,06-12,sem_intensidade,TS,0,0,,0,0,
SBSP,Primavera,06-12,sem_intensidade,TSRA,0,0,,0,0,
SBSP,Primavera,06-12,sem_intensidade,+RA,0,0,,0,0,
SBSP,Primavera,12-18,exato,TS,0,0,,0,0,
SBSP,Primavera,12-18,exato,+RA,0,0,,0,0,
SBSP,Primavera,12-18,exato,+TSRA,0,0,,0,0,
SBSP,Primavera,12-18,exato,TSRA,0,0,,0,0,
SBSP,Primavera,12-18,sem_intensidade,TS,0,0,,0,0,
SBSP,Primavera,12-18,sem_intensidade,TSRA,0,0,,0,0,
SBSP,Primavera,12-18,sem_intensidade,+RA,0,0,,0,0,
SBSP,Primavera,18-24,exato,TS,0,0,,0,0,
SBSP,Primavera,18-24,exato,+RA,0,0,,0,0,
SBSP,Primavera,18-24,exato,+TSRA,0,0,,0,0,
SBSP,Primavera,18-24,exato,TSRA,0,0,,0,0,
SBSP,Primavera,18-24,sem_intensidade,TS,0,0,,0,0,
SBSP,Primavera,18-24,sem_intensidade,TSRA,0,0,,0,0,
SBSP,Primavera,18-24,sem_intensidade,+RA,0,0,,0,0,
SBSP,Primavera,TODOS,exato,TS,0,0,,0,0,
SBSP,Primavera,TODOS,exato,+RA,0,0,,0,0,
SBSP,Primavera,TODOS,exato,+TSRA,0,0,,0,0,
SBSP,Primavera,TODOS,exato,TSRA,0,0,,0,0,
SBSP,Primavera,TODOS,sem_intensidade,TS,0,0,,0,0,
SBSP,Primavera,TODOS,sem_intensidade,TSRA,0,0,,0,0,
SBSP,Primavera,TODOS,sem_intensidade,+RA,0,0,,0,0,
SBSP,TODAS,00-06,exato,TS,0,0,,0,0,
SBSP,TODAS,00-06,exato,+RA,0,0,,0,0,
SBSP,TODAS,00-06,exato,+TSRA,0,0,,0,0,
SBSP,TODAS,00-06,exato,TSRA,0,0,,0,0,
SBSP,TODAS,00-06,sem_intensidade,TS,0,0,,0,0,
SBSP,TODAS,00-06,sem_intensidade,TSRA,0,0,,0,0,
SBSP,TODAS,00-06,sem_intensidade,+RA,0,0,,0,0,
SBSP,TODAS,06-12,exato,TS,0,0,,0,0,
SBSP,TODAS,06-12,exato,+RA,0,0,,0,0,
SBSP,TODAS,06-12,exato,+TSRA,0,0,,0,0,
SBSP,TODAS,06-12,exato,TSRA,0,0,,0,0,
SBSP,TODAS,06-12,sem_intensidade,TS,0,0,,0,0,
SBSP,TODAS,06-12,sem_intensidade,TSRA,0,0,,0,0,
SBSP,TODAS,06-12,sem_intensidade,+RA,0,0,,0,0,
SBSP,TODAS,12-18,exato,TS,0,0,,0,0,
SBSP,TODAS,12-18,exato,+RA,0,0,,0,0,
SBSP,TODAS,12-18,exato,+TSRA,0,0,,0,0,
SBSP,TODAS,12-18,exato,TSRA,0,0,,0,0,
SBSP,TODAS,12-18,sem_intensidade,TS,0,0,,0,0,
SBSP,TODAS,12-18,sem_intensidade,TSRA,0,0,,0,0,
SBSP,TODAS,12-18,sem_intensidade,+RA,0,0,,0,0,
SBSP,TODAS,18-24,exato,TS,0,0,,0,0,
SBSP,TODAS,18-24,exato,+RA,0,0,,0,0,
SBSP,TODAS,18-24,exato,+TSRA,0,0,,0,0,
SBSP,TODAS,18-24,exato,TSRA,0,0,,0,0,
SBSP,TODAS,18-24,sem_intensidade,TS,0,0,,0,0,
SBSP,TODAS,18-24,sem_intensidade,TSRA,0,0,,0,0,
SBSP,TODAS,18-24,sem_intensidade,+RA,0,0,,0,0,
SBSP,TODAS,TODOS,exato,TS,0,0,,0,0,
SBSP,TODAS,TODOS,exato,+RA,0,0,,0,0,
SBSP,TODAS,TODOS,exato,+TSRA,0,0,,0,0,
SBSP,TODAS,TODOS,exato,TSRA,0,0,,0,0,
SBSP,TODAS,TODOS,sem_intensidade,TS,0,0,,0,0,
SBSP,TODAS,TODOS,sem_intensidade,TSRA,0,0,,0,0,
SBSP,TODAS,TODOS,sem_intensidade,+RA,0,0,,0,0,
SBSR,Verao,00-06,exato,TS,0,0,,0,0,
SBSR,Verao,00-06,exato,+RA,0,0,,0,0,
SBSR,Verao,00-06,exato,+TSRA,0,0,,0,0,
SBSR,Verao,00-06,exato,TSRA,0,0,,0,0,
SBSR,Verao,00-06,sem_intensidade,TS,0,0,,0,0,
SBSR,Verao,00-06,sem_intensidade,TSRA,0,0,,0,0,
SBSR,Verao,00-06,sem_intensidade,+RA,0,0,,0,0,
SBSR,Verao,06-12,exato,TS,0,0,,0,0,
SBSR,Verao,06-12,exato,+RA,0,0,,0,0,
SBSR,Verao,06-12,exato,+TSRA,0,0,,0,0,
SBSR,Verao,06-12,exato,TSRA,0,0,,0,0,
SBSR,Verao,06-12,sem_intensidade,TS,0,0,,0,0,
SBSR,Verao,06-12,sem_intensidade,TSRA,0,0,,0,0,
SBSR,Verao,06-12,sem_intensidade,+RA,0,0,,0,0,
SBSR,Verao,12-18,exato,TS,0,0,,0,0,
SBSR,Verao,12-18,exato,+RA,0,0,,0,0,
SBSR,Verao,12-18,exato,+TSRA,0,0,,0,0,
SBSR,Verao,12-18,exato,TSRA,0,0,,0,0,
SBSR,Verao,12-18,sem_intensidade,TS,0,0,,0,0,
SBSR,Verao,12-18,sem_intensidade,TSRA,0,0,,0,0,
SBSR,Verao,12-18,sem_intensidade,+RA,0,0,,0,0,
SBSR,Verao,18-24,exato,TS,0,0,,0,0,
SBSR,Verao,18-24,exato,+RA,0,0,,0,0,
SBSR,Verao,18-24,exato,+TSRA,0,0,,0,0,
SBSR,Verao,18-24,exato,TSRA,0,0,,0,0,
SBSR,Verao,18-24,sem_intensidade,TS,0,0,,0,0,
SBSR,Verao,18-24,sem_intensidade,TSRA,0,0,,0,0,
SBSR,Verao,18-24,sem_intensidade,+RA,0,0,,0,0,
SBSR,Verao,TODOS,exato,TS,0,0,,0,0,
SBSR,Verao,TODOS,exato,+RA,0,0,,0,0,
SBSR,Verao,TODOS,exato,+TSRA,0,0,,0,0,
SBSR,Verao,TODOS,exato,TSRA,0,0,,0,0,
SBSR,Verao,TODOS,sem_intensidade,TS,0,0,,0,0,
SBSR,Verao,TODOS,sem_intensidade,TSRA,0,0,,0,0,
SBSR,Verao,TODOS,sem_intensidade,+RA,0,0,,0,0,
SBSR,Outono,00-06,exato,TS,0,0,,0,0,
SBSR,Outono,00-06,exato,+RA,0,0,,0,0,
SBSR,Outono,00-06,exato,+TSRA,0,0,,0,0,
SBSR,Outono,00-06,exato,TSRA,0,0,,0,0,
SBSR,Outono,00-06,sem_intensidade,TS,0,0,,0,0,
SBSR,Outono,00-06,sem_intensidade,TSRA,0,0,,0,0,
SBSR,Outono,00-06,sem_intensidade,+RA,0,0,,0,0,
SBSR,Outono,06-12,exato,TS,0,0,,0,0,
SBSR,Outono,06-12,exato,+RA,0,0,,0,0,
SBSR,Outono,06-12,exato,+TSRA,0,0,,0,0,
SBSR,Outono,06-12,exato,TSRA,0,0,,0,0,
SBSR,Outono,06-12,sem_intensidade,TS,0,0,,0,0,
SBSR,Outono,06-12,sem_intensidade,TSRA,0,0,,0,0,
SBSR,Outono,06-12,sem_intensidade,+RA,0,0,,0,0,
SBSR,Outono,12-18,exato,TS,0,0,,0,0,
SBSR,Outono,12-18,exato,+RA,0,0,,0,0,
SBSR,Outono,12-18,exato,+TSRA,0,0,,0,0,
SBSR,Outono,12-18,exato,TSRA,4,0,0.0,0,0,
SBSR,Outono,12-18,sem_intensidade,TS,0,0,,0,0,
SBSR,Outono,12-18,sem_intensidade,TSRA,4,0,0.0,0,0,
SBSR,Outono,12-18,sem_intensidade,+RA,0,0,,0,0,
SBSR,Outono,18-24,exato,TS,0,0,,0,0,
SBSR,Outono,18-24,exato,+RA,0,0,,0,0,
SBSR,Outono,18-24,exato,+TSRA,0,0,,0,0,
SBSR,Outono,18-24,exato,TSRA,0,0,,0,0,
SBSR,Outono,18-24,sem_intensidade,TS,0,0,,0,0,
SBSR,Outono,18-24,sem_intensidade,TSRA,0,0,,0,0,
SBSR,Outono,18-24,sem_intensidade,+RA,0,0,,0,0,
SBSR,Outono,TODOS,exato,TS,0,0,,0,0,
SBSR,Outono,TODOS,exato,+RA,0,0,,0,0,
SBSR,Outono,TODOS,exato,+TSRA,0,0,,0,0,
SBSR,Outono,TODOS,exato,TSRA,4,0,0.0,0,0,
SBSR,Outono,TODOS,sem_intensidade,TS,0,0,,0,0,
SBSR,Outono,TODOS,sem_intensidade,TSRA,4,0,0.0,0,0,
SBSR,Outono,TODOS,sem_intensidade,+RA,0,0,,0,0,
SBSR,Inverno,00-06,exato,TS,0,0,,0,0,
SBSR,Inverno,00-06,exato,+RA,0,0,,0,0,
SBSR,Inverno,00-06,exato,+TSRA,0,0,,0,0,
SBSR,Inverno,00-06,exato,TSRA,0,0,,0,0,
SBSR,Inverno,00-06,sem_intensidade,TS,0,0,,0,0,
SBSR,Inverno,00-06,sem_intensidade,TSRA,0,0,,0,0,
SBSR,Inverno,00-06,sem_intensidade,+RA,0,0,,0,0,
SBSR,Inverno,06-12,exato,TS,0,0,,0,0,
SBSR,Inverno,06-12,exato,+RA,0,0,,0,0,
SBSR,Inverno,06-12,exato,+TSRA,0,0,,0,0,
SBSR,Inverno,06-12,exato,TSRA,0,0,,0,0,
SBSR,Inverno,06-12,sem_intensidade,TS,0,0,,0,0,
SBSR,Inverno,06-12,sem_intensidade,TSRA,0,0,,0,0,
SBSR,Inverno,06-12,sem_intensidade,+RA,0,0,,0,0,
SBSR,Inverno,12-18,exato,TS,0,0,,0,0,
SBSR,Inverno,12-18,exato,+RA,0,0,,0,0,
SBSR,Inverno,12-18,exato,+TSRA,0,0,,0,0,
SBSR,Inverno,12-18,exato,TSRA,0,0,,2,0,0.0
SBSR,Inverno,12-18,sem_intensidade,TS,0,0,,0,0,
SBSR,Inverno,12-18,sem_intensidade,TSRA,0,0,,2,0,0.0
SBSR,Inverno,12-18,sem_intensidade,+RA,0,0,,0,0,
SBSR,Inverno,18-24,exato,TS,0,0,,0,0,
SBSR,Inverno,18-24,exato,+RA,0,0,,0,0,
SBSR,Inverno,18-24,exato,+TSRA,0,0,,0,0,
SBSR,Inverno,18-24,exato,TSRA,0,0,,0,0,
SBSR,Inverno,18-24,sem_intensidade,TS,0,0,,0,0,
SBSR,Inverno,18-24,sem_intensidade,TSRA,0,0,,0,0,
SBSR,Inverno,18-24,sem_intensidade,+RA,0,0,,0,0,
SBSR,Inverno,TODOS,exato,TS,0,0,,0,0,
SBSR,Inverno,TODOS,exato,+RA,0,0,,0,0,
SBSR,Inverno,TODOS,exato,+TSRA,0,0,,0,0,
SBSR,Inverno,TODOS,exato,TSRA,0,0,,2,0,0.0
SBSR,Inverno,TODOS,sem_intensidade,TS,0,0,,0,0,
SBSR,Inverno,TODOS,sem_intensidade,TSRA,0,0,,2,0,0.0
SBSR,Inverno,TODOS,sem_intensidade,+RA,0,0,,0,0,
SBSR,Primavera,00-06,exato,TS,0,0,,0,0,
SBSR,Primavera,00-06,exato,+RA,0,0,,0,0,
SBSR,Primavera,00-06,exato,+TSRA,0,0,,0,0,
SBSR,Primavera,00-06,exato,TSRA,0,0,,0,0,
SBSR,Primavera,00-06,sem_intensidade,TS,0,0,,0,0,
SBSR,Primavera,00-06,sem_intensidade,TSRA,0,0,,0,0,
SBSR,Primavera,00-06,sem_intensidade,+RA,0,0,,0,0,
SBSR,Primavera,06-12,exato,TS,0,0,,0,0,
SBSR,Primavera,06-12,exato,+RA,0,0,,0,0,
SBSR,Primavera,06-12,exato,+TSRA,0,0,,0,0,
SBSR,Primavera,06-12,exato,TSRA,0,0,,0,0,
SBSR,Primavera,06-12,sem_intensidade,TS,0,0,,0,0,
SBSR,Primavera,06-12,sem_intensidade,TSRA,0,0,,0,0,
SBSR,Primavera,06-12,sem_intensidade,+RA,0,0,,0,0,
SBSR,Primavera,12-18,exato,TS,0,0,,0,0,
SBSR,Primavera,12-18,exato,+RA,0,0,,0,0,
SBSR,Primavera,12-18,exato,+TSRA,0,0,,0,0,
SBSR,Primavera,12-18,exato,TSRA,4,0,0.0,0,0,
SBSR,Primavera,12-18,sem_intensidade,TS,0,0,,0,0,
SBSR,Primavera,12-18,sem_intensidade,TSRA,4,0,0.0,0,0,
SBSR,Primavera,12-18,sem_intensidade,+RA,0,0,,0,0,
SBSR,Primavera,18-24,exato,TS,0,0,,0,0,
SBSR,Primavera,18-24,exato,+RA,0,0,,0,0,
SBSR,Primavera,18-24,exato,+TSRA,0,0,,0,0,
SBSR,Primavera,18-24,exato,TSRA,4,0,0.0,0,0,
SBSR,Primavera,18-24,sem_intensidade,TS,0,0,,0,0,
SBSR,Primavera,18-24,sem_intensidade,TSRA,4,0,0.0,0,0,
SBSR,Primavera,18-24,sem_intensidade,+RA,0,0,,0,0,
SBSR,Primavera,TODOS,exato,TS,0,0,,0,0,
SBSR,Primavera,TODOS,exato,+RA,0,0,,0,0,
SBSR,Primavera,TODOS,exato,+TSRA,0,0,,0,0,
SBSR,Primavera,TODOS,exato,TSRA,8,0,0.0,0,0,
SBSR,Primavera,TODOS,sem_intensidade,TS,0,0,,0,0,
SBSR,Primavera,TODOS,sem_intensidade,TSRA,8,0,0.0,0,0,
SBSR,Primavera,TODOS,sem_intensidade,+RA,0,0,,0,0,
SBSR,TODAS,00-06,exato,TS,0,0,,0,0,
SBSR,TODAS,00-06,exato,+RA,0,0,,0,0,
SBSR,TODAS,00-06,exato,+TSRA,0,0,,0,0,
SBSR,TODAS,00-06,exato,TSRA,0,0,,0,0,
SBSR,TODAS,00-06,sem_intensidade,TS,0,0,,0,0,
SBSR,TODAS,00-06,sem_intensidade,TSRA,0,0,,0,0,
SBSR,TODAS,00-06,sem_intensidade,+RA,0,0,,0,0,
SBSR,TODAS,06-12,exato,TS,0,0,,0,0,
SBSR,TODAS,06-12,exato,+RA,0,0,,0,0,
SBSR,TODAS,06-12,exato,+TSRA,0,0,,0,0,
SBSR,TODAS,06-12,exato,TSRA,0,0,,0,0,
SBSR,TODAS,06-12,sem_intensidade,TS,0,0,,0,0,
SBSR,TODAS,06-12,sem_intensidade,TSRA,0,0,,0,0,
SBSR,TODAS,06-12,sem_intensidade,+RA,0,0,,0,0,
SBSR,TODAS,12-18,exato,TS,0,0,,0,0,
SBSR,TODAS,12-18,exato,+RA,0,0,,0,0,
SBSR,TODAS,12-18,exato,+TSRA,0,0,,0,0,
SBSR,TODAS,12-18,exato,TSRA,8,0,0.0,2,0,0.0
SBSR,TODAS,12-18,sem_intensidade,TS,0,0,,0,0,
SBSR,TODAS,12-18,sem_intensidade,TSRA,8,0,0.0,2,0,0.0
SBSR,TODAS,12-18,sem_intensidade,+RA,0,0,,0,0,
SBSR,TODAS,18-24,exato,TS,0,0,,0,0,
SBSR,TODAS,18-24,exato,+RA,0,0,,0,0,
SBSR,TODAS,18-24,exato,+TSRA,0,0,,0,0,
SBSR,TODAS,18-24,exato,TSRA,4,0,0.0,0,0,
SBSR,TODAS,18-24,sem_intensidade,TS,0,0,,0,0,
SBSR,TODAS,18-24,sem_intensidade,TSRA,4,0,0.0,0,0,
SBSR,TODAS,18-24,sem_intensidade,+RA,0,0,,0,0,
SBSR,TODAS,TODOS,exato,TS,0,0,,0,0,
SBSR,TODAS,TODOS,exato,+RA,0,0,,0,0,
SBSR,TODAS,TODOS,exato,+TSRA,0,0,,0,0,
SBSR,TODAS,TODOS,exato,TSRA,12,0,0.0,2,0,0.0
SBSR,TODAS,TODOS,sem_intensidade,TS,0,0,,0,0,
SBSR,TODAS,TODOS,sem_intensidade,TSRA,12,0,0.0,2,0,0.0
SBSR,TODAS,TODOS,sem_intensidade,+RA,0,0,,0,0,
SBSV,Verao,00-06,exato,TS,0,0,,0,0,
SBSV,Verao,00-06,exato,+RA,0,0,,0,0,
SBSV,Verao,00-06,exato,+TSRA,0,0,,0,0,
SBSV,Verao,00-06,exato,TSRA,0,0,,0,0,
SBSV,Verao,00-06,sem_intensidade,TS,0,0,,0,0,
SBSV,Verao,00-06,sem_intensidade,TSRA,0,0,,0,0,
SBSV,Verao,00-06,sem_intensidade,+RA,0,0,,0,0,
SBSV,Verao,06-12,exato,TS,0,0,,0,0,
SBSV,Verao,06-12,exato,+RA,0,0,,1,0,0.0
SBSV,Verao,06-12,exato,+TSRA,0,0,,0,0,
SBSV,Verao,06-12,exato,TSRA,5,0,0.0,0,0,
SBSV,Verao,06-12,sem_intensidade,TS,0,0,,0,0,
SBSV,Verao,06-12,sem_intensidade,TSRA,5,0,0.0,0,0,
SBSV,Verao,06-12,sem_intensidade,+RA,0,0,,1,0,0.0
SBSV,Verao,12-18,exato,TS,0,0,,1,0,0.0
SBSV,Verao,12-18,exato,+RA,0,0,,0,0,
SBSV,Verao,12-18,exato,+TSRA,0,0,,0,0,
SBSV,Verao,12-18,exato,TSRA,9,0,0.0,0,0,
SBSV,Verao,12-18,sem_intensidade,TS,0,0,,1,0,0.0
SBSV,Verao,12-18,sem_intensidade,TSRA,9,0,0.0,1,0,0.0
SBSV,Verao,12-18,sem_intensidade,+RA,0,0,,0,0,
SBSV,Verao,18-24,exato,TS,0,0,,0,0,
SBSV,Verao,18-24,exato,+RA,0,0,,0,0,
SBSV,Verao,18-24,exato,+TSRA,0,0,,0,0,
SBSV,Verao,18-24,exato,TSRA,8,0,0.0,0,0,
SBSV,Verao,18-24,sem_intensidade,TS,0,0,,0,0,
SBSV,Verao,18-24,sem_intensidade,TSRA,8,1,12.5,1,1,100.0
SBSV,Verao,18-24,sem_intensidade,+RA,0,0,,0,0,
SBSV,Verao,TODOS,exato,TS,0,0,,1,0,0.0
SBSV,Verao,TODOS,exato,+RA,0,0,,1,0,0.0
SBSV,Verao,TODOS,exato,+TSRA,0,0,,0,0,
SBSV,Verao,TODOS,exato,TSRA,22,0,0.0,0,0,
SBSV,Verao,TODOS,sem_intensidade,TS,0,0,,1,0,0.0
SBSV,Verao,TODOS,sem_intensidade,TSRA,22,1,4.5,2,1,50.0
SBSV,Verao,TODOS,sem_intensidade,+RA,0,0,,1,0,0.0
SBSV,Outono,00-06,exato,TS,0,0,,0,0,
SBSV,Outono,00-06,exato,+RA,0,0,,0,0,
SBSV,Outono,00-06,exato,+TSRA,0,0,,0,0,
SBSV,Outono,00-06,exato,TSRA,0,0,,0,0,
SBSV,Outono,00-06,sem_intensidade,TS,0,0,,0,0,
SBSV,Outono,00-06,sem_intensidade,TSRA,0,0,,0,0,
SBSV,Outono,00-06,sem_intensidade,+RA,0,0,,0,0,
SBSV,Outono,06-12,exato,TS,0,0,,0,0,
SBSV,Outono,06-12,exato,+RA,0,0,,1,0,0.0
SBSV,Outono,06-12,exato,+TSRA,0,0,,0,0,
SBSV,Outono,06-12,exato,TSRA,0,0,,0,0,
SBSV,Outono,06-12,sem_intensidade,TS,0,0,,0,0,
SBSV,Outono,06-12,sem_intensidade,TSRA,0,0,,0,0,
SBSV,Outono,06-12,sem_intensidade,+RA,0,0,,1,0,0.0
SBSV,Outono,12-18,exato,TS,0,0,,0,0,
SBSV,Outono,12-18,exato,+RA,0,0,,0,0,
SBSV,Outono,12-18,exato,+TSRA,0,0,,1,0,0.0
SBSV,Outono,12-18,exato,TSRA,1,0,0.0,0,0,
SBSV,Outono,12-18,sem_intensidade,TS,0,0,,0,0,
SBSV,Outono,12-18,sem_intensidade,TSRA,1,0,0.0,1,0,0.0
SBSV,Outono,12-18,sem_intensidade,+RA,0,0,,0,0,
SBSV,Outono,18-24,exato,TS,0,0,,0,0,
SBSV,Outono,18-24,exato,+RA,0,0,,0,0,
SBSV,Outono,18-24,exato,+TSRA,0,0,,0,0,
SBSV,Outono,18-24,exato,TSRA,15,0,0.0,0,0,
SBSV,Outono,18-24,sem_intensidade,TS,0,0,,0,0,
SBSV,Outono,18-24,sem_intensidade,TSRA,15,0,0.0,0,0,
SBSV,Outono,18-24,sem_intensidade,+RA,0,0,,0,0,
SBSV,Outono,TODOS,exato,TS,0,0,,0,0,
SBSV,Outono,TODOS,exato,+RA,0,0,,1,0,0.0
SBSV,Outono,TODOS,exato,+TSRA,0,0,,1,0,0.0
SBSV,Outono,TODOS,exato,TSRA,16,0,0.0,0,0,
SBSV,Outono,TODOS,sem_intensidade,TS,0,0,,0,0,
SBSV,Outono,TODOS,sem_intensidade,TSRA,16,0,0.0,1,0,0.0
SBSV,Outono,TODOS,sem_intensidade,+RA,0,0,,1,0,0.0
SBSV,Inverno,00-06,exato,TS,0,0,,0,0,
SBSV,Inverno,00-06,exato,+RA,0,0,,0,0,
SBSV,Inverno,00-06,exato,+TSRA,0,0,,0,0,
SBSV,Inverno,00-06,exato,TSRA,0,0,,0,0,
SBSV,Inverno,00-06,sem_intensidade,TS,0,0,,0,0,
SBSV,Inverno,00-06,sem_intensidade,TSRA,0,0,,0,0,
SBSV,Inverno,00-06,sem_intensidade,+RA,0,0,,0,0,
SBSV,Inverno,06-12,exato,TS,0,0,,0,0,
SBSV,Inverno,06-12,exato,+RA,0,0,,2,0,0.0
SBSV,Inverno,06-12,exato,+TSRA,0,0,,0,0,
SBSV,Inverno,06-12,exato,TSRA,0,0,,0,0,
SBSV,Inverno,06-12,sem_intensidade,TS,0,0,,0,0,
SBSV,Inverno,06-12,sem_intensidade,TSRA,0,0,,0,0,
SBSV,Inverno,06-12,sem_intensidade,+RA,0,0,,2,0,0.0
SBSV,Inverno,12-18,exato,TS,0,0,,0,0,
SBSV,Inverno,12-18,exato,+RA,0,0,,0,0,
SBSV,Inverno,12-18,exato,+TSRA,0,0,,0,0,
SBSV,Inverno,12-18,exato,TSRA,0,0,,0,0,
SBSV,Inverno,12-18,sem_intensidade,TS,0,0,,0,0,
SBSV,Inverno,12-18,sem_intensidade,TSRA,0,0,,0,0,
SBSV,Inverno,12-18,sem_intensidade,+RA,0,0,,0,0,
SBSV,Inverno,18-24,exato,TS,0,0,,0,0,
SBSV,Inverno,18-24,exato,+RA,0,0,,0,0,
SBSV,Inverno,18-24,exato,+TSRA,0,0,,0,0,
SBSV,Inverno,18-24,exato,TSRA,0,0,,0,0,
SBSV,Inverno,18-24,sem_intensidade,TS,0,0,,0,0,
SBSV,Inverno,18-24,sem_intensidade,TSRA,0,0,,0,0,
SBSV,Inverno,18-24,sem_intensidade,+RA,0,0,,0,0,
SBSV,Inverno,TODOS,exato,TS,0,0,,0,0,
SBSV,Inverno,TODOS,exato,+RA,0,0,,2,0,0.0
SBSV,Inverno,TODOS,exato,+TSRA,0,0,,0,0,
SBSV,Inverno,TODOS,exato,TSRA,0,0,,0,0,
SBSV,Inverno,TODOS,sem_intensidade,TS,0,0,,0,0,
SBSV,Inverno,TODOS,sem_intensidade,TSRA,0,0,,0,0,
SBSV,Inverno,TODOS,sem_intensidade,+RA,0,0,,2,0,0.0
SBSV,Primavera,00-06,exato,TS,0,0,,0,0,
SBSV,Primavera,00-06,exato,+RA,0,0,,0,0,
SBSV,Primavera,00-06,exato,+TSRA,0,0,,0,0,
SBSV,Primavera,00-06,exato,TSRA,0,0,,0,0,
SBSV,Primavera,00-06,sem_intensidade,TS,0,0,,0,0,
SBSV,Primavera,00-06,sem_intensidade,TSRA,0,0,,0,0,
SBSV,Primavera,00-06,sem_intensidade,+RA,0,0,,0,0,
SBSV,Primavera,06-12,exato,TS,0,0,,0,0,
SBSV,Primavera,06-12,exato,+RA,0,0,,0,0,
SBSV,Primavera,06-12,exato,+TSRA,0,0,,0,0,
SBSV,Primavera,06-12,exato,TSRA,1,0,0.0,0,0,
SBSV,Primavera,06-12,sem_intensidade,TS,0,0,,0,0,
SBSV,Primavera,06-12,sem_intensidade,TSRA,1,0,0.0,0,0,
SBSV,Primavera,06-12,sem_intensidade,+RA,0,0,,0,0,
SBSV,Primavera,12-18,exato,TS,0,0,,0,0,
SBSV,Primavera,12-18,exato,+RA,0,0,,0,0,
SBSV,Primavera,12-18,exato,+TSRA,0,0,,0,0,
SBSV,Primavera,12-18,exato,TSRA,2,0,0.0,0,0,
SBSV,Primavera,12-18,sem_intensidade,TS,0,0,,0,0,
SBSV,Primavera,12-18,sem_intensidade,TSRA,2,0,0.0,0,0,
SBSV,Primavera,12-18,sem_intensidade,+RA,0,0,,0,0,
SBSV,Primavera,18-24,exato,TS,0,0,,0,0,
SBSV,Primavera,18-24,exato,+RA,0,0,,1,0,0.0
SBSV,Primavera,18-24,exato,+TSRA,0,0,,0,0,
SBSV,Primavera,18-24,exato,TSRA,4,0,0.0,0,0,
SBSV,Primavera,18-24,sem_intensidade,TS,0,0,,0,0,
SBSV,Primavera,18-24,sem_intensidade,TSRA,4,0,0.0,0,0,
SBSV,Primavera,18-24,sem_intensidade,+RA,0,0,,1,0,0.0
SBSV,Primavera,TODOS,exato,TS,0,0,,0,0,
SBSV,Primavera,TODOS,exato,+RA,0,0,,1,0,0.0
SBSV,Primavera,TODOS,exato,+TSRA,0,0,,0,0,
SBSV,Primavera,TODOS,exato,TSRA,7,0,0.0,0,0,
SBSV,Primavera,TODOS,sem_intensidade,TS,0,0,,0,0,
SBSV,Primavera,TODOS,sem_intensidade,TSRA,7,0,0.0,0,0,
SBSV,Primavera,TODOS,sem_intensidade,+RA,0,0,,1,0,0.0
SBSV,TODAS,00-06,exato,TS,0,0,,0,0,
SBSV,TODAS,00-06,exato,+RA,0,0,,0,0,
SBSV,TODAS,00-06,exato,+TSRA,0,0,,0,0,
SBSV,TODAS,00-06,exato,TSRA,0,0,,0,0,
SBSV,TODAS,00-06,sem_intensidade,TS,0,0,,0,0,
SBSV,TODAS,00-06,sem_intensidade,TSRA,0,0,,0,0,
SBSV,TODAS,00-06,sem_intensidade,+RA,0,0,,0,0,
SBSV,TODAS,06-12,exato,TS,0,0,,0,0,
SBSV,TODAS,06-12,exato,+RA,0,0,,4,0,0.0
SBSV,TODAS,06-12,exato,+TSRA,0,0,,0,0,
SBSV,TODAS,06-12,exato,TSRA,6,0,0.0,0,0,
SBSV,TODAS,06-12,sem_intensidade,TS,0,0,,0,0,
SBSV,TODAS,06-12,sem_intensidade,TSRA,6,0,0.0,0,0,
SBSV,TODAS,06-12,sem_intensidade,+RA,0,0,,4,0,0.0
SBSV,TODAS,12-18,exato,TS,0,0,,1,0,0.0
SBSV,TODAS,12-18,exato,+RA,0,0,,0,0,
SBSV,TODAS,12-18,exato,+TSRA,0,0,,1,0,0.0
SBSV,TODAS,12-18,exato,TSRA,12,0,0.0,0,0,
SBSV,TODAS,12-18,sem_intensidade,TS,0,0,,1,0,0.0
SBSV,TODAS,12-18,sem_intensidade,TSRA,12,0,0.0,2,0,0.0
SBSV,TODAS,12-18,sem_intensidade,+RA,0,0,,0,0,
SBSV,TODAS,18-24,exato,TS,0,0,,0,0,
SBSV,TODAS,18-24,exato,+RA,0,0,,1,0,0.0
SBSV,TODAS,18-24,exato,+TSRA,0,0,,0,0,
SBSV,TODAS,18-24,exato,TSRA,27,0,0.0,0,0,
SBSV,TODAS,18-24,sem_intensidade,TS,0,0,,0,0,
SBSV,TODAS,18-24,sem_intensidade,TSRA,27,1,3.7,1,1,100.0
SBSV,TODAS,18-24,sem_intensidade,+RA,0,0,,1,0,0.0
SBSV,TODAS,TODOS,exato,TS,0,0,,1,0,0.0
SBSV,TODAS,TODOS,exato,+RA,0,0,,5,0,0.0
SBSV,TODAS,TODOS,exato,+TSRA,0,0,,1,0,0.0
SBSV,TODAS,TODOS,exato,TSRA,45,0,0.0,0,0,
SBSV,TODAS,TODOS,sem_intensidade,TS,0,0,,1,0,0.0
SBSV,TODAS,TODOS,sem_intensidade,TSRA,45,1,2.2,3,1,33.3
SBSV,TODAS,TODOS,sem_intensidade,+RA,0,0,,5,0,0.0
SBTB,Verao,00-06,exato,TS,0,0,,0,0,
SBTB,Verao,00-06,exato,+RA,0,0,,0,0,
SBTB,Verao,00-06,exato,+TSRA,0,0,,0,0,
SBTB,Verao,00-06,exato,TSRA,0,0,,0,0,
SBTB,Verao,00-06,sem_intensidade,TS,0,0,,0,0,
SBTB,Verao,00-06,sem_intensidade,TSRA,0,0,,0,0,
SBTB,Verao,00-06,sem_intensidade,+RA,0,0,,0,0,
SBTB,Verao,06-12,exato,TS,0,0,,0,0,
SBTB,Verao,06-12,exato,+RA,0,0,,0,0,
SBTB,Verao,06-12,exato,+TSRA,0,0,,0,0,
SBTB,Verao,06-12,exato,TSRA,0,0,,0,0,
SBTB,Verao,06-12,sem_intensidade,TS,0,0,,0,0,
SBTB,Verao,06-12,sem_intensidade,TSRA,0,0,,0,0,
SBTB,Verao,06-12,sem_intensidade,+RA,0,0,,0,0,
SBTB,Verao,12-18,exato,TS,0,0,,0,0,
SBTB,Verao,12-18,exato,+RA,0,0,,0,0,
SBTB,Verao,12-18,exato,+TSRA,0,0,,0,0,
SBTB,Verao,12-18,exato,TSRA,0,0,,0,0,
SBTB,Verao,12-18,sem_intensidade,TS,0,0,,0,0,
SBTB,Verao,12-18,sem_intensidade,TSRA,0,0,,0,0,
SBTB,Verao,12-18,sem_intensidade,+RA,0,0,,0,0,
SBTB,Verao,18-24,exato,TS,0,0,,0,0,
SBTB,Verao,18-24,exato,+RA,0,0,,0,0,
SBTB,Verao,18-24,exato,+TSRA,0,0,,0,0,
SBTB,Verao,18-24,exato,TSRA,0,0,,0,0,
SBTB,Verao,18-24,sem_intensidade,TS,0,0,,0,0,
SBTB,Verao,18-24,sem_intensidade,TSRA,0,0,,0,0,
SBTB,Verao,18-24,sem_intensidade,+RA,0,0,,0,0,
SBTB,Verao,TODOS,exato,TS,0,0,,0,0,
SBTB,Verao,TODOS,exato,+RA,0,0,,0,0,
SBTB,Verao,TODOS,exato,+TSRA,0,0,,0,0,
SBTB,Verao,TODOS,exato,TSRA,0,0,,0,0,
SBTB,Verao,TODOS,sem_intensidade,TS,0,0,,0,0,
SBTB,Verao,TODOS,sem_intensidade,TSRA,0,0,,0,0,
SBTB,Verao,TODOS,sem_intensidade,+RA,0,0,,0,0,
SBTB,Outono,00-06,exato,TS,0,0,,0,0,
SBTB,Outono,00-06,exato,+RA,0,0,,0,0,
SBTB,Outono,00-06,exato,+TSRA,0,0,,0,0,
SBTB,Outono,00-06,exato,TSRA,0,0,,0,0,
SBTB,Outono,00-06,sem_intensidade,TS,0,0,,0,0,
SBTB,Outono,00-06,sem_intensidade,TSRA,0,0,,0,0,
SBTB,Outono,00-06,sem_intensidade,+RA,0,0,,0,0,
SBTB,Outono,06-12,exato,TS,0,0,,0,0,
SBTB,Outono,06-12,exato,+RA,0,0,,0,0,
SBTB,Outono,06-12,exato,+TSRA,0,0,,0,0,
SBTB,Outono,06-12,exato,TSRA,0,0,,0,0,
SBTB,Outono,06-12,sem_intensidade,TS,0,0,,0,0,
SBTB,Outono,06-12,sem_intensidade,TSRA,0,0,,0,0,
SBTB,Outono,06-12,sem_intensidade,+RA,0,0,,0,0,
SBTB,Outono,12-18,exato,TS,0,0,,0,0,
SBTB,Outono,12-18,exato,+RA,0,0,,0,0,
SBTB,Outono,12-18,exato,+TSRA,0,0,,0,0,
SBTB,Outono,12-18,exato,TSRA,0,0,,0,0,
SBTB,Outono,12-18,sem_intensidade,TS,0,0,,0,0,
SBTB,Outono,12-18,sem_intensidade,TSRA,0,0,,0,0,
SBTB,Outono,12-18,sem_intensidade,+RA,0,0,,0,0,
SBTB,Outono,18-24,exato,TS,0,0,,0,0,
SBTB,Outono,18-24,exato,+RA,0,0,,0,0,
SBTB,Outono,18-24,exato,+TSRA,0,0,,0,0,
SBTB,Outono,18-24,exato,TSRA,0,0,,0,0,
SBTB,Outono,18-24,sem_intensidade,TS,0,0,,0,0,
SBTB,Outono,18-24,sem_intensidade,TSRA,0,0,,0,0,
SBTB,Outono,18-24,sem_intensidade,+RA,0,0,,0,0,
SBTB,Outono,TODOS,exato,TS,0,0,,0,0,
SBTB,Outono,TODOS,exato,+RA,0,0,,0,0,
SBTB,Outono,TODOS,exato,+TSRA,0,0,,0,0,
SBTB,Outono,TODOS,exato,TSRA,0,0,,0,0,
SBTB,Outono,TODOS,sem_intensidade,TS,0,0,,0,0,
SBTB,Outono,TODOS,sem_intensidade,TSRA,0,0,,0,0,
SBTB,Outono,TODOS,sem_intensidade,+RA,0,0,,0,0,
SBTB,Inverno,00-06,exato,TS,0,0,,0,0,
SBTB,Inverno,00-06,exato,+RA,0,0,,0,0,
SBTB,Inverno,00-06,exato,+TSRA,0,0,,0,0,
SBTB,Inverno,00-06,exato,TSRA,0,0,,0,0,
SBTB,Inverno,00-06,sem_intensidade,TS,0,0,,0,0,
SBTB,Inverno,00-06,sem_intensidade,TSRA,0,0,,0,0,
SBTB,Inverno,00-06,sem_intensidade,+RA,0,0,,0,0,
SBTB,Inverno,06-12,exato,TS,0,0,,0,0,
SBTB,Inverno,06-12,exato,+RA,0,0,,0,0,
SBTB,Inverno,06-12,exato,+TSRA,0,0,,0,0,
SBTB,Inverno,06-12,exato,TSRA,0,0,,0,0,
SBTB,Inverno,06-12,sem_intensidade,TS,0,0,,0,0,
SBTB,Inverno,06-12,sem_intensidade,TSRA,0,0,,0,0,
SBTB,Inverno,06-12,sem_intensidade,+RA,0,0,,0,0,
SBTB,Inverno,12-18,exato,TS,0,0,,0,0,
SBTB,Inverno,12-18,exato,+RA,0,0,,0,0,
SBTB,Inverno,12-18,exato,+TSRA,0,0,,0,0,
SBTB,Inverno,12-18,exato,TSRA,0,0,,0,0,
SBTB,Inverno,12-18,sem_intensidade,TS,0,0,,0,0,
SBTB,Inverno,12-18,sem_intensidade,TSRA,0,0,,0,0,
SBTB,Inverno,12-18,sem_intensidade,+RA,0,0,,0,0,
SBTB,Inverno,18-24,exato,TS,0,0,,0,0,
SBTB,Inverno,18-24,exato,+RA,0,0,,0,0,
SBTB,Inverno,18-24,exato,+TSRA,0,0,,0,0,
SBTB,Inverno,18-24,exato,TSRA,0,0,,0,0,
SBTB,Inverno,18-24,sem_intensidade,TS,0,0,,0,0,
SBTB,Inverno,18-24,sem_intensidade,TSRA,0,0,,0,0,
SBTB,Inverno,18-24,sem_intensidade,+RA,0,0,,0,0,
SBTB,Inverno,TODOS,exato,TS,0,0,,0,0,
SBTB,Inverno,TODOS,exato,+RA,0,0,,0,0,
SBTB,Inverno,TODOS,exato,+TSRA,0,0,,0,0,
SBTB,Inverno,TODOS,exato,TSRA,0,0,,0,0,
SBTB,Inverno,TODOS,sem_intensidade,TS,0,0,,0,0,
SBTB,Inverno,TODOS,sem_intensidade,TSRA,0,0,,0,0,
SBTB,Inverno,TODOS,sem_intensidade,+RA,0,0,,0,0,
SBTB,Primavera,00-06,exato,TS,0,0,,0,0,
SBTB,Primavera,00-06,exato,+RA,0,0,,0,0,
SBTB,Primavera,00-06,exato,+TSRA,0,0,,0,0,
SBTB,Primavera,00-06,exato,TSRA,0,0,,0,0,
SBTB,Primavera,00-06,sem_intensidade,TS,0,0,,0,0,
SBTB,Primavera,00-06,sem_intensidade,TSRA,0,0,,0,0,
SBTB,Primavera,00-06,sem_intensidade,+RA,0,0,,0,0,
SBTB,Primavera,06-12,exato,TS,0,0,,0,0,
SBTB,Primavera,06-12,exato,+RA,0,0,,0,0,
SBTB,Primavera,06-12,exato,+TSRA,0,0,,0,0,
SBTB,Primavera,06-12,exato,TSRA,0,0,,0,0,
SBTB,Primavera,06-12,sem_intensidade,TS,0,0,,0,0,
SBTB,Primavera,06-12,sem_intensidade,TSRA,0,0,,0,0,
SBTB,Primavera,06-12,sem_intensidade,+RA,0,0,,0,0,
SBTB,Primavera,12-18,exato,TS,0,0,,0,0,
SBTB,Primavera,12-18,exato,+RA,0,0,,0,0,
SBTB,Primavera,12-18,exato,+TSRA,0,0,,0,0,
SBTB,Primavera,12-18,exato,TSRA,0,0,,0,0,
SBTB,Primavera,12-18,sem_intensidade,TS,0,0,,0,0,
SBTB,Primavera,12-18,sem_intensidade,TSRA,0,0,,0,0,
SBTB,Primavera,12-18,sem_intensidade,+RA,0,0,,0,0,
SBTB,Primavera,18-24,exato,TS,0,0,,0,0,
SBTB,Primavera,18-24,exato,+RA,0,0,,0,0,
SBTB,Primavera,18-24,exato,+TSRA,0,0,,0,0,
SBTB,Primavera,18-24,exato,TSRA,0,0,,0,0,
SBTB,Primavera,18-24,sem_intensidade,TS,0,0,,0,0,
SBTB,Primavera,18-24,sem_intensidade,TSRA,0,0,,0,0,
SBTB,Primavera,18-24,sem_intensidade,+RA,0,0,,0,0,
SBTB,Primavera,TODOS,exato,TS,0,0,,0,0,
SBTB,Primavera,TODOS,exato,+RA,0,0,,0,0,
SBTB,Primavera,TODOS,exato,+TSRA,0,0,,0,0,
SBTB,Primavera,TODOS,exato,TSRA,0,0,,0,0,
SBTB,Primavera,TODOS,sem_intensidade,TS,0,0,,0,0,
SBTB,Primavera,TODOS,sem_intensidade,TSRA,0,0,,0,0,
SBTB,Primavera,TODOS,sem_intensidade,+RA,0,0,,0,0,
SBTB,TODAS,00-06,exato,TS,0,0,,0,0,
SBTB,TODAS,00-06,exato,+RA,0,0,,0,0,
SBTB,TODAS,00-06,exato,+TSRA,0,0,,0,0,
SBTB,TODAS,00-06,exato,TSRA,0,0,,0,0,
SBTB,TODAS,00-06,sem_intensidade,TS,0,0,,0,0,
SBTB,TODAS,00-06,sem_intensidade,TSRA,0,0,,0,0,
SBTB,TODAS,00-06,sem_intensidade,+RA,0,0,,0,0,
SBTB,TODAS,06-12,exato,TS,0,0,,0,0,
SBTB,TODAS,06-12,exato,+RA,0,0,,0,0,
SBTB,TODAS,06-12,exato,+TSRA,0,0,,0,0,
SBTB,TODAS,06-12,exato,TSRA,0,0,,0,0,
SBTB,TODAS,06-12,sem_intensidade,TS,0,0,,0,0,
SBTB,TODAS,06-12,sem_intensidade,TSRA,0,0,,0,0,
SBTB,TODAS,06-12,sem_intensidade,+RA,0,0,,0,0,
SBTB,TODAS,12-18,exato,TS,0,0,,0,0,
SBTB,TODAS,12-18,exato,+RA,0,0,,0,0,
SBTB,TODAS,12-18,exato,+TSRA,0,0,,0,0,
SBTB,TODAS,12-18,exato,TSRA,0,0,,0,0,
SBTB,TODAS,12-18,sem_intensidade,TS,0,0,,0,0,
SBTB,TODAS,12-18,sem_intensidade,TSRA,0,0,,0,0,
SBTB,TODAS,12-18,sem_intensidade,+RA,0,0,,0,0,
SBTB,TODAS,18-24,exato,TS,0,0,,0,0,
SBTB,TODAS,18-24,exato,+RA,0,0,,0,0,
SBTB,TODAS,18-24,exato,+TSRA,0,0,,0,0,
SBTB,TODAS,18-24,exato,TSRA,0,0,,0,0,
SBTB,TODAS,18-24,sem_intensidade,TS,0,0,,0,0,
SBTB,TODAS,18-24,sem_intensidade,TSRA,0,0,,0,0,
SBTB,TODAS,18-24,sem_intensidade,+RA,0,0,,0,0,
SBTB,TODAS,TODOS,exato,TS,0,0,,0,0,
SBTB,TODAS,TODOS,exato,+RA,0,0,,0,0,
SBTB,TODAS,TODOS,exato,+TSRA,0,0,,0,0,
SBTB,TODAS,TODOS,exato,TSRA,0,0,,0,0,
SBTB,TODAS,TODOS,sem_intensidade,TS,0,0,,0,0,
SBTB,TODAS,TODOS,sem_intensidade,TSRA,0,0,,0,0,
SBTB,TODAS,TODOS,sem_intensidade,+RA,0,0,,0,0,
SBTC,Verao,00-06,exato,TS,0,0,,0,0,
SBTC,Verao,00-06,exato,+RA,0,0,,0,0,
SBTC,Verao,00-06,exato,+TSRA,0,0,,0,0,
SBTC,Verao,00-06,exato,TSRA,0,0,,0,0,
SBTC,Verao,00-06,sem_intensidade,TS,0,0,,0,0,
SBTC,Verao,00-06,sem_intensidade,TSRA,0,0,,0,0,
SBTC,Verao,00-06,sem_intensidade,+RA,0,0,,0,0,
SBTC,Verao,06-12,exato,TS,0,0,,0,0,
SBTC,Verao,06-12,exato,+RA,0,0,,0,0,
SBTC,Verao,06-12,exato,+TSRA,0,0,,0,0,
SBTC,Verao,06-12,exato,TSRA,0,0,,0,0,
SBTC,Verao,06-12,sem_intensidade,TS,0,0,,0,0,
SBTC,Verao,06-12,sem_intensidade,TSRA,0,0,,0,0,
SBTC,Verao,06-12,sem_intensidade,+RA,0,0,,0,0,
SBTC,Verao,12-18,exato,TS,0,0,,0,0,
SBTC,Verao,12-18,exato,+RA,0,0,,0,0,
SBTC,Verao,12-18,exato,+TSRA,0,0,,0,0,
SBTC,Verao,12-18,exato,TSRA,0,0,,0,0,
SBTC,Verao,12-18,sem_intensidade,TS,0,0,,0,0,
SBTC,Verao,12-18,sem_intensidade,TSRA,0,0,,0,0,
SBTC,Verao,12-18,sem_intensidade,+RA,0,0,,0,0,
SBTC,Verao,18-24,exato,TS,0,0,,0,0,
SBTC,Verao,18-24,exato,+RA,0,0,,0,0,
SBTC,Verao,18-24,exato,+TSRA,0,0,,0,0,
SBTC,Verao,18-24,exato,TSRA,0,0,,0,0,
SBTC,Verao,18-24,sem_intensidade,TS,0,0,,0,0,
SBTC,Verao,18-24,sem_intensidade,TSRA,0,0,,0,0,
SBTC,Verao,18-24,sem_intensidade,+RA,0,0,,0,0,
SBTC,Verao,TODOS,exato,TS,0,0,,0,0,
SBTC,Verao,TODOS,exato,+RA,0,0,,0,0,
SBTC,Verao,TODOS,exato,+TSRA,0,0,,0,0,
SBTC,Verao,TODOS,exato,TSRA,0,0,,0,0,
SBTC,Verao,TODOS,sem_intensidade,TS,0,0,,0,0,
SBTC,Verao,TODOS,sem_intensidade,TSRA,0,0,,0,0,
SBTC,Verao,TODOS,sem_intensidade,+RA,0,0,,0,0,
SBTC,Outono,00-06,exato,TS,0,0,,0,0,
SBTC,Outono,00-06,exato,+RA,0,0,,0,0,
SBTC,Outono,00-06,exato,+TSRA,0,0,,0,0,
SBTC,Outono,00-06,exato,TSRA,0,0,,0,0,
SBTC,Outono,00-06,sem_intensidade,TS,0,0,,0,0,
SBTC,Outono,00-06,sem_intensidade,TSRA,0,0,,0,0,
SBTC,Outono,00-06,sem_intensidade,+RA,0,0,,0,0,
SBTC,Outono,06-12,exato,TS,0,0,,0,0,
SBTC,Outono,06-12,exato,+RA,0,0,,0,0,
SBTC,Outono,06-12,exato,+TSRA,0,0,,0,0,
SBTC,Outono,06-12,exato,TSRA,0,0,,0,0,
SBTC,Outono,06-12,sem_intensidade,TS,0,0,,0,0,
SBTC,Outono,06-12,sem_intensidade,TSRA,0,0,,0,0,
SBTC,Outono,06-12,sem_intensidade,+RA,0,0,,0,0,
SBTC,Outono,12-18,exato,TS,0,0,,0,0,
SBTC,Outono,12-18,exato,+RA,0,0,,0,0,
SBTC,Outono,12-18,exato,+TSRA,0,0,,0,0,
SBTC,Outono,12-18,exato,TSRA,0,0,,0,0,
SBTC,Outono,12-18,sem_intensidade,TS,0,0,,0,0,
SBTC,Outono,12-18,sem_intensidade,TSRA,0,0,,0,0,
SBTC,Outono,12-18,sem_intensidade,+RA,0,0,,0,0,
SBTC,Outono,18-24,exato,TS,0,0,,0,0,
SBTC,Outono,18-24,exato,+RA,0,0,,0,0,
SBTC,Outono,18-24,exato,+TSRA,0,0,,0,0,
SBTC,Outono,18-24,exato,TSRA,0,0,,0,0,
SBTC,Outono,18-24,sem_intensidade,TS,0,0,,0,0,
SBTC,Outono,18-24,sem_intensidade,TSRA,0,0,,0,0,
SBTC,Outono,18-24,sem_intensidade,+RA,0,0,,0,0,
SBTC,Outono,TODOS,exato,TS,0,0,,0,0,
SBTC,Outono,TODOS,exato,+RA,0,0,,0,0,
SBTC,Outono,TODOS,exato,+TSRA,0,0,,0,0,
SBTC,Outono,TODOS,exato,TSRA,0,0,,0,0,
SBTC,Outono,TODOS,sem_intensidade,TS,0,0,,0,0,
SBTC,Outono,TODOS,sem_intensidade,TSRA,0,0,,0,0,
SBTC,Outono,TODOS,sem_intensidade,+RA,0,0,,0,0,
SBTC,Inverno,00-06,exato,TS,0,0,,0,0,
SBTC,Inverno,00-06,exato,+RA,0,0,,0,0,
SBTC,Inverno,00-06,exato,+TSRA,0,0,,0,0,
SBTC,Inverno,00-06,exato,TSRA,0,0,,0,0,
SBTC,Inverno,00-06,sem_intensidade,TS,0,0,,0,0,
SBTC,Inverno,00-06,sem_intensidade,TSRA,0,0,,0,0,
SBTC,Inverno,00-06,sem_intensidade,+RA,0,0,,0,0,
SBTC,Inverno,06-12,exato,TS,0,0,,0,0,
SBTC,Inverno,06-12,exato,+RA,0,0,,0,0,
SBTC,Inverno,06-12,exato,+TSRA,0,0,,0,0,
SBTC,Inverno,06-12,exato,TSRA,0,0,,0,0,
SBTC,Inverno,06-12,sem_intensidade,TS,0,0,,0,0,
SBTC,Inverno,06-12,sem_intensidade,TSRA,0,0,,0,0,
SBTC,Inverno,06-12,sem_intensidade,+RA,0,0,,0,0,
SBTC,Inverno,12-18,exato,TS,0,0,,0,0,
SBTC,Inverno,12-18,exato,+RA,0,0,,0,0,
SBTC,Inverno,12-18,exato,+TSRA,0,0,,0,0,
SBTC,Inverno,12-18,exato,TSRA,0,0,,0,0,
SBTC,Inverno,12-18,sem_intensidade,TS,0,0,,0,0,
SBTC,Inverno,12-18,sem_intensidade,TSRA,0,0,,0,0,
SBTC,Inverno,12-18,sem_intensidade,+RA,0,0,,0,0,
SBTC,Inverno,18-24,exato,TS,0,0,,0,0,
SBTC,Inverno,18-24,exato,+RA,0,0,,0,0,
SBTC,Inverno,18-24,exato,+TSRA,0,0,,0,0,
SBTC,Inverno,18-24,exato,TSRA,0,0,,0,0,
SBTC,Inverno,18-24,sem_intensidade,TS,0,0,,0,0,
SBTC,Inverno,18-24,sem_intensidade,TSRA,0,0,,0,0,
SBTC,Inverno,18-24,sem_intensidade,+RA,0,0,,0,0,
SBTC,Inverno,TODOS,exato,TS,0,0,,0,0,
SBTC,Inverno,TODOS,exato,+RA,0,0,,0,0,
SBTC,Inverno,TODOS,exato,+TSRA,0,0,,0,0,
SBTC,Inverno,TODOS,exato,TSRA,0,0,,0,0,
SBTC,Inverno,TODOS,sem_intensidade,TS,0,0,,0,0,
SBTC,Inverno,TODOS,sem_intensidade,TSRA,0,0,,0,0,
SBTC,Inverno,TODOS,sem_intensidade,+RA,0,0,,0,0,
SBTC,Primavera,00-06,exato,TS,0,0,,0,0,
SBTC,Primavera,00-06,exato,+RA,0,0,,0,0,
SBTC,Primavera,00-06,exato,+TSRA,0,0,,0,0,
SBTC,Primavera,00-06,exato,TSRA,0,0,,0,0,
SBTC,Primavera,00-06,sem_intensidade,TS,0,0,,0,0,
SBTC,Primavera,00-06,sem_intensidade,TSRA,0,0,,0,0,
SBTC,Primavera,00-06,sem_intensidade,+RA,0,0,,0,0,
SBTC,Primavera,06-12,exato,TS,0,0,,0,0,
SBTC,Primavera,06-12,exato,+RA,0,0,,0,0,
SBTC,Primavera,06-12,exato,+TSRA,0,0,,0,0,
SBTC,Primavera,06-12,exato,TSRA,0,0,,0,0,
SBTC,Primavera,06-12,sem_intensidade,TS,0,0,,0,0,
SBTC,Primavera,06-12,sem_intensidade,TSRA,0,0,,0,0,
SBTC,Primavera,06-12,sem_intensidade,+RA,0,0,,0,0,
SBTC,Primavera,12-18,exato,TS,0,0,,0,0,
SBTC,Primavera,12-18,exato,+RA,0,0,,0,0,
SBTC,Primavera,12-18,exato,+TSRA,0,0,,0,0,
SBTC,Primavera,12-18,exato,TSRA,0,0,,0,0,
SBTC,Primavera,12-18,sem_intensidade,TS,0,0,,0,0,
SBTC,Primavera,12-18,sem_intensidade,TSRA,0,0,,0,0,
SBTC,Primavera,12-18,sem_intensidade,+RA,0,0,,0,0,
SBTC,Primavera,18-24,exato,TS,0,0,,0,0,
SBTC,Primavera,18-24,exato,+RA,0,0,,0,0,
SBTC,Primavera,18-24,exato,+TSRA,0,0,,0,0,
SBTC,Primavera,18-24,exato,TSRA,0,0,,0,0,
SBTC,Primavera,18-24,sem_intensidade,TS,0,0,,0,0,
SBTC,Primavera,18-24,sem_intensidade,TSRA,0,0,,0,0,
SBTC,Primavera,18-24,sem_intensidade,+RA,0,0,,0,0,
SBTC,Primavera,TODOS,exato,TS,0,0,,0,0,
SBTC,Primavera,TODOS,exato,+RA,0,0,,0,0,
SBTC,Primavera,TODOS,exato,+TSRA,0,0,,0,0,
SBTC,Primavera,TODOS,exato,TSRA,0,0,,0,0,
SBTC,Primavera,TODOS,sem_intensidade,TS,0,0,,0,0,
SBTC,Primavera,TODOS,sem_intensidade,TSRA,0,0,,0,0,
SBTC,Primavera,TODOS,sem_intensidade,+RA,0,0,,0,0,
SBTC,TODAS,00-06,exato,TS,0,0,,0,0,
SBTC,TODAS,00-06,exato,+RA,0,0,,0,0,
SBTC,TODAS,00-06,exato,+TSRA,0,0,,0,0,
SBTC,TODAS,00-06,exato,TSRA,0,0,,0,0,
SBTC,TODAS,00-06,sem_intensidade,TS,0,0,,0,0,
SBTC,TODAS,00-06,sem_intensidade,TSRA,0,0,,0,0,
SBTC,TODAS,00-06,sem_intensidade,+RA,0,0,,0,0,
SBTC,TODAS,06-12,exato,TS,0,0,,0,0,
SBTC,TODAS,06-12,exato,+RA,0,0,,0,0,
SBTC,TODAS,06-12,exato,+TSRA,0,0,,0,0,
SBTC,TODAS,06-12,exato,TSRA,0,0,,0,0,
SBTC,TODAS,06-12,sem_intensidade,TS,0,0,,0,0,
SBTC,TODAS,06-12,sem_intensidade,TSRA,0,0,,0,0,
SBTC,TODAS,06-12,sem_intensidade,+RA,0,0,,0,0,
SBTC,TODAS,12-18,exato,TS,0,0,,0,0,
SBTC,TODAS,12-18,exato,+RA,0,0,,0,0,
SBTC,TODAS,12-18,exato,+TSRA,0,0,,0,0,
SBTC,TODAS,12-18,exato,TSRA,0,0,,0,0,
SBTC,TODAS,12-18,sem_intensidade,TS,0,0,,0,0,
SBTC,TODAS,12-18,sem_intensidade,TSRA,0,0,,0,0,
SBTC,TODAS,12-18,sem_intensidade,+RA,0,0,,0,0,
SBTC,TODAS,18-24,exato,TS,0,0,,0,0,
SBTC,TODAS,18-24,exato,+RA,0,0,,0,0,
SBTC,TODAS,18-24,exato,+TSRA,0,0,,0,0,
SBTC,TODAS,18-24,exato,TSRA,0,0,,0,0,
SBTC,TODAS,18-24,sem_intensidade,TS,0,0,,0,0,
SBTC,TODAS,18-24,sem_intensidade,TSRA,0,0,,0,0,
SBTC,TODAS,18-24,sem_intensidade,+RA,0,0,,0,0,
SBTC,TODAS,TODOS,exato,TS,0,0,,0,0,
SBTC,TODAS,TODOS,exato,+RA,0,0,,0,0,
SBTC,TODAS,TODOS,exato,+TSRA,0,0,,0,0,
SBTC,TODAS,TODOS,exato,TSRA,0,0,,0,0,
SBTC,TODAS,TODOS,sem_intensidade,TS,0,0,,0,0,
SBTC,TODAS,TODOS,sem_intensidade,TSRA,0,0,,0,0,
SBTC,TODAS,TODOS,sem_intensidade,+RA,0,0,,0,0,
SBTD,Verao,00-06,exato,TS,0,0,,0,0,
SBTD,Verao,00-06,exato,+RA,0,0,,0,0,
SBTD,Verao,00-06,exato,+TSRA,0,0,,0,0,
SBTD,Verao,00-06,exato,TSRA,0,0,,0,0,
SBTD,Verao,00-06,sem_intensidade,TS,0,0,,0,0,
SBTD,Verao,00-06,sem_intensidade,TSRA,0,0,,0,0,
SBTD,Verao,00-06,sem_intensidade,+RA,0,0,,0,0,
SBTD,Verao,06-12,exato,TS,0,0,,0,0,
SBTD,Verao,06-12,exato,+RA,0,0,,0,0,
SBTD,Verao,06-12,exato,+TSRA,0,0,,0,0,
SBTD,Verao,06-12,exato,TSRA,0,0,,0,0,
SBTD,Verao,06-12,sem_intensidade,TS,0,0,,0,0,
SBTD,Verao,06-12,sem_intensidade,TSRA,0,0,,0,0,
SBTD,Verao,06-12,sem_intensidade,+RA,0,0,,0,0,
SBTD,Verao,12-18,exato,TS,0,0,,0,0,
SBTD,Verao,12-18,exato,+RA,0,0,,0,0,
SBTD,Verao,12-18,exato,+TSRA,0,0,,0,0,
SBTD,Verao,12-18,exato,TSRA,0,0,,0,0,
SBTD,Verao,12-18,sem_intensidade,TS,0,0,,0,0,
SBTD,Verao,12-18,sem_intensidade,TSRA,0,0,,0,0,
SBTD,Verao,12-18,sem_intensidade,+RA,0,0,,0,0,
SBTD,Verao,18-24,exato,TS,0,0,,0,0,
SBTD,Verao,18-24,exato,+RA,0,0,,0,0,
SBTD,Verao,18-24,exato,+TSRA,0,0,,0,0,
SBTD,Verao,18-24,exato,TSRA,0,0,,0,0,
SBTD,Verao,18-24,sem_intensidade,TS,0,0,,0,0,
SBTD,Verao,18-24,sem_intensidade,TSRA,0,0,,0,0,
SBTD,Verao,18-24,sem_intensidade,+RA,0,0,,0,0,
SBTD,Verao,TODOS,exato,TS,0,0,,0,0,
SBTD,Verao,TODOS,exato,+RA,0,0,,0,0,
SBTD,Verao,TODOS,exato,+TSRA,0,0,,0,0,
SBTD,Verao,TODOS,exato,TSRA,0,0,,0,0,
SBTD,Verao,TODOS,sem_intensidade,TS,0,0,,0,0,
SBTD,Verao,TODOS,sem_intensidade,TSRA,0,0,,0,0,
SBTD,Verao,TODOS,sem_intensidade,+RA,0,0,,0,0,
SBTD,Outono,00-06,exato,TS,0,0,,0,0,
SBTD,Outono,00-06,exato,+RA,0,0,,0,0,
SBTD,Outono,00-06,exato,+TSRA,0,0,,0,0,
SBTD,Outono,00-06,exato,TSRA,0,0,,0,0,
SBTD,Outono,00-06,sem_intensidade,TS,0,0,,0,0,
SBTD,Outono,00-06,sem_intensidade,TSRA,0,0,,0,0,
SBTD,Outono,00-06,sem_intensidade,+RA,0,0,,0,0,
SBTD,Outono,06-12,exato,TS,0,0,,0,0,
SBTD,Outono,06-12,exato,+RA,0,0,,0,0,
SBTD,Outono,06-12,exato,+TSRA,0,0,,0,0,
SBTD,Outono,06-12,exato,TSRA,0,0,,0,0,
SBTD,Outono,06-12,sem_intensidade,TS,0,0,,0,0,
SBTD,Outono,06-12,sem_intensidade,TSRA,0,0,,0,0,
SBTD,Outono,06-12,sem_intensidade,+RA,0,0,,0,0,
SBTD,Outono,12-18,exato,TS,0,0,,0,0,
SBTD,Outono,12-18,exato,+RA,0,0,,0,0,
SBTD,Outono,12-18,exato,+TSRA,0,0,,0,0,
SBTD,Outono,12-18,exato,TSRA,0,0,,0,0,
SBTD,Outono,12-18,sem_intensidade,TS,0,0,,0,0,
SBTD,Outono,12-18,sem_intensidade,TSRA,0,0,,0,0,
SBTD,Outono,12-18,sem_intensidade,+RA,0,0,,0,0,
SBTD,Outono,18-24,exato,TS,0,0,,0,0,
SBTD,Outono,18-24,exato,+RA,0,0,,0,0,
SBTD,Outono,18-24,exato,+TSRA,0,0,,0,0,
SBTD,Outono,18-24,exato,TSRA,0,0,,0,0,
SBTD,Outono,18-24,sem_intensidade,TS,0,0,,0,0,
SBTD,Outono,18-24,sem_intensidade,TSRA,0,0,,0,0,
SBTD,Outono,18-24,sem_intensidade,+RA,0,0,,0,0,
SBTD,Outono,TODOS,exato,TS,0,0,,0,0,
SBTD,Outono,TODOS,exato,+RA,0,0,,0,0,
SBTD,Outono,TODOS,exato,+TSRA,0,0,,0,0,
SBTD,Outono,TODOS,exato,TSRA,0,0,,0,0,
SBTD,Outono,TODOS,sem_intensidade,TS,0,0,,0,0,
SBTD,Outono,TODOS,sem_intensidade,TSRA,0,0,,0,0,
SBTD,Outono,TODOS,sem_intensidade,+RA,0,0,,0,0,
SBTD,Inverno,00-06,exato,TS,0,0,,0,0,
SBTD,Inverno,00-06,exato,+RA,0,0,,0,0,
SBTD,Inverno,00-06,exato,+TSRA,0,0,,0,0,
SBTD,Inverno,00-06,exato,TSRA,0,0,,0,0,
SBTD,Inverno,00-06,sem_intensidade,TS,0,0,,0,0,
SBTD,Inverno,00-06,sem_intensidade,TSRA,0,0,,0,0,
SBTD,Inverno,00-06,sem_intensidade,+RA,0,0,,0,0,
SBTD,Inverno,06-12,exato,TS,0,0,,0,0,
SBTD,Inverno,06-12,exato,+RA,0,0,,0,0,
SBTD,Inverno,06-12,exato,+TSRA,0,0,,0,0,
SBTD,Inverno,06-12,exato,TSRA,0,0,,0,0,
SBTD,Inverno,06-12,sem_intensidade,TS,0,0,,0,0,
SBTD,Inverno,06-12,sem_intensidade,TSRA,0,0,,0,0,
SBTD,Inverno,06-12,sem_intensidade,+RA,0,0,,0,0,
SBTD,Inverno,12-18,exato,TS,0,0,,0,0,
SBTD,Inverno,12-18,exato,+RA,0,0,,0,0,
SBTD,Inverno,12-18,exato,+TSRA,0,0,,0,0,
SBTD,Inverno,12-18,exato,TSRA,0,0,,0,0,
SBTD,Inverno,12-18,sem_intensidade,TS,0,0,,0,0,
SBTD,Inverno,12-18,sem_intensidade,TSRA,0,0,,0,0,
SBTD,Inverno,12-18,sem_intensidade,+RA,0,0,,0,0,
SBTD,Inverno,18-24,exato,TS,0,0,,0,0,
SBTD,Inverno,18-24,exato,+RA,0,0,,0,0,
SBTD,Inverno,18-24,exato,+TSRA,0,0,,0,0,
SBTD,Inverno,18-24,exato,TSRA,0,0,,0,0,
SBTD,Inverno,18-24,sem_intensidade,TS,0,0,,0,0,
SBTD,Inverno,18-24,sem_intensidade,TSRA,0,0,,0,0,
SBTD,Inverno,18-24,sem_intensidade,+RA,0,0,,0,0,
SBTD,Inverno,TODOS,exato,TS,0,0,,0,0,
SBTD,Inverno,TODOS,exato,+RA,0,0,,0,0,
SBTD,Inverno,TODOS,exato,+TSRA,0,0,,0,0,
SBTD,Inverno,TODOS,exato,TSRA,0,0,,0,0,
SBTD,Inverno,TODOS,sem_intensidade,TS,0,0,,0,0,
SBTD,Inverno,TODOS,sem_intensidade,TSRA,0,0,,0,0,
SBTD,Inverno,TODOS,sem_intensidade,+RA,0,0,,0,0,
SBTD,Primavera,00-06,exato,TS,0,0,,0,0,
SBTD,Primavera,00-06,exato,+RA,0,0,,0,0,
SBTD,Primavera,00-06,exato,+TSRA,0,0,,0,0,
SBTD,Primavera,00-06,exato,TSRA,0,0,,0,0,
SBTD,Primavera,00-06,sem_intensidade,TS,0,0,,0,0,
SBTD,Primavera,00-06,sem_intensidade,TSRA,0,0,,0,0,
SBTD,Primavera,00-06,sem_intensidade,+RA,0,0,,0,0,
SBTD,Primavera,06-12,exato,TS,0,0,,0,0,
SBTD,Primavera,06-12,exato,+RA,0,0,,0,0,
SBTD,Primavera,06-12,exato,+TSRA,0,0,,0,0,
SBTD,Primavera,06-12,exato,TSRA,0,0,,0,0,
SBTD,Primavera,06-12,sem_intensidade,TS,0,0,,0,0,
SBTD,Primavera,06-12,sem_intensidade,TSRA,0,0,,0,0,
SBTD,Primavera,06-12,sem_intensidade,+RA,0,0,,0,0,
SBTD,Primavera,12-18,exato,TS,0,0,,0,0,
SBTD,Primavera,12-18,exato,+RA,0,0,,0,0,
SBTD,Primavera,12-18,exato,+TSRA,0,0,,0,0,
SBTD,Primavera,12-18,exato,TSRA,0,0,,0,0,
SBTD,Primavera,12-18,sem_intensidade,TS,0,0,,0,0,
SBTD,Primavera,12-18,sem_intensidade,TSRA,0,0,,0,0,
SBTD,Primavera,12-18,sem_intensidade,+RA,0,0,,0,0,
SBTD,Primavera,18-24,exato,TS,0,0,,0,0,
SBTD,Primavera,18-24,exato,+RA,0,0,,0,0,
SBTD,Primavera,18-24,exato,+TSRA,0,0,,0,0,
SBTD,Primavera,18-24,exato,TSRA,0,0,,0,0,
SBTD,Primavera,18-24,sem_intensidade,TS,0,0,,0,0,
SBTD,Primavera,18-24,sem_intensidade,TSRA,0,0,,0,0,
SBTD,Primavera,18-24,sem_intensidade,+RA,0,0,,0,0,
SBTD,Primavera,TODOS,exato,TS,0,0,,0,0,
SBTD,Primavera,TODOS,exato,+RA,0,0,,0,0,
SBTD,Primavera,TODOS,exato,+TSRA,0,0,,0,0,
SBTD,Primavera,TODOS,exato,TSRA,0,0,,0,0,
SBTD,Primavera,TODOS,sem_intensidade,TS,0,0,,0,0,
SBTD,Primavera,TODOS,sem_intensidade,TSRA,0,0,,0,0,
SBTD,Primavera,TODOS,sem_intensidade,+RA,0,0,,0,0,
SBTD,TODAS,00-06,exato,TS,0,0,,0,0,
SBTD,TODAS,00-06,exato,+RA,0,0,,0,0,
SBTD,TODAS,00-06,exato,+TSRA,0,0,,0,0,
SBTD,TODAS,00-06,exato,TSRA,0,0,,0,0,
SBTD,TODAS,00-06,sem_intensidade,TS,0,0,,0,0,
SBTD,TODAS,00-06,sem_intensidade,TSRA,0,0,,0,0,
SBTD,TODAS,00-06,sem_intensidade,+RA,0,0,,0,0,
SBTD,TODAS,06-12,exato,TS,0,0,,0,0,
SBTD,TODAS,06-12,exato,+RA,0,0,,0,0,
SBTD,TODAS,06-12,exato,+TSRA,0,0,,0,0,
SBTD,TODAS,06-12,exato,TSRA,0,0,,0,0,
SBTD,TODAS,06-12,sem_intensidade,TS,0,0,,0,0,
SBTD,TODAS,06-12,sem_intensidade,TSRA,0,0,,0,0,
SBTD,TODAS,06-12,sem_intensidade,+RA,0,0,,0,0,
SBTD,TODAS,12-18,exato,TS,0,0,,0,0,
SBTD,TODAS,12-18,exato,+RA,0,0,,0,0,
SBTD,TODAS,12-18,exato,+TSRA,0,0,,0,0,
SBTD,TODAS,12-18,exato,TSRA,0,0,,0,0,
SBTD,TODAS,12-18,sem_intensidade,TS,0,0,,0,0,
SBTD,TODAS,12-18,sem_intensidade,TSRA,0,0,,0,0,
SBTD,TODAS,12-18,sem_intensidade,+RA,0,0,,0,0,
SBTD,TODAS,18-24,exato,TS,0,0,,0,0,
SBTD,TODAS,18-24,exato,+RA,0,0,,0,0,
SBTD,TODAS,18-24,exato,+TSRA,0,0,,0,0,
SBTD,TODAS,18-24,exato,TSRA,0,0,,0,0,
SBTD,TODAS,18-24,sem_intensidade,TS,0,0,,0,0,
SBTD,TODAS,18-24,sem_intensidade,TSRA,0,0,,0,0,
SBTD,TODAS,18-24,sem_intensidade,+RA,0,0,,0,0,
SBTD,TODAS,TODOS,exato,TS,0,0,,0,0,
SBTD,TODAS,TODOS,exato,+RA,0,0,,0,0,
SBTD,TODAS,TODOS,exato,+TSRA,0,0,,0,0,
SBTD,TODAS,TODOS,exato,TSRA,0,0,,0,0,
SBTD,TODAS,TODOS,sem_intensidade,TS,0,0,,0,0,
SBTD,TODAS,TODOS,sem_intensidade,TSRA,0,0,,0,0,
SBTD,TODAS,TODOS,sem_intensidade,+RA,0,0,,0,0,
SBTG,Verao,00-06,exato,TS,0,0,,0,0,
SBTG,Verao,00-06,exato,+RA,0,0,,0,0,
SBTG,Verao,00-06,exato,+TSRA,0,0,,0,0,
SBTG,Verao,00-06,exato,TSRA,0,0,,0,0,
SBTG,Verao,00-06,sem_intensidade,TS,0,0,,0,0,
SBTG,Verao,00-06,sem_intensidade,TSRA,0,0,,0,0,
SBTG,Verao,00-06,sem_intensidade,+RA,0,0,,0,0,
SBTG,Verao,06-12,exato,TS,0,0,,0,0,
SBTG,Verao,06-12,exato,+RA,0,0,,0,0,
SBTG,Verao,06-12,exato,+TSRA,0,0,,0,0,
SBTG,Verao,06-12,exato,TSRA,0,0,,0,0,
SBTG,Verao,06-12,sem_intensidade,TS,0,0,,0,0,
SBTG,Verao,06-12,sem_intensidade,TSRA,0,0,,0,0,
SBTG,Verao,06-12,sem_intensidade,+RA,0,0,,0,0,
SBTG,Verao,12-18,exato,TS,0,0,,0,0,
SBTG,Verao,12-18,exato,+RA,0,0,,0,0,
SBTG,Verao,12-18,exato,+TSRA,0,0,,0,0,
SBTG,Verao,12-18,exato,TSRA,0,0,,0,0,
SBTG,Verao,12-18,sem_intensidade,TS,0,0,,0,0,
SBTG,Verao,12-18,sem_intensidade,TSRA,0,0,,0,0,
SBTG,Verao,12-18,sem_intensidade,+RA,0,0,,0,0,
SBTG,Verao,18-24,exato,TS,0,0,,0,0,
SBTG,Verao,18-24,exato,+RA,0,0,,0,0,
SBTG,Verao,18-24,exato,+TSRA,0,0,,0,0,
SBTG,Verao,18-24,exato,TSRA,0,0,,0,0,
SBTG,Verao,18-24,sem_intensidade,TS,0,0,,0,0,
SBTG,Verao,18-24,sem_intensidade,TSRA,0,0,,0,0,
SBTG,Verao,18-24,sem_intensidade,+RA,0,0,,0,0,
SBTG,Verao,TODOS,exato,TS,0,0,,0,0,
SBTG,Verao,TODOS,exato,+RA,0,0,,0,0,
SBTG,Verao,TODOS,exato,+TSRA,0,0,,0,0,
SBTG,Verao,TODOS,exato,TSRA,0,0,,0,0,
SBTG,Verao,TODOS,sem_intensidade,TS,0,0,,0,0,
SBTG,Verao,TODOS,sem_intensidade,TSRA,0,0,,0,0,
SBTG,Verao,TODOS,sem_intensidade,+RA,0,0,,0,0,
SBTG,Outono,00-06,exato,TS,0,0,,0,0,
SBTG,Outono,00-06,exato,+RA,0,0,,0,0,
SBTG,Outono,00-06,exato,+TSRA,0,0,,0,0,
SBTG,Outono,00-06,exato,TSRA,0,0,,0,0,
SBTG,Outono,00-06,sem_intensidade,TS,0,0,,0,0,
SBTG,Outono,00-06,sem_intensidade,TSRA,0,0,,0,0,
SBTG,Outono,00-06,sem_intensidade,+RA,0,0,,0,0,
SBTG,Outono,06-12,exato,TS,0,0,,0,0,
SBTG,Outono,06-12,exato,+RA,0,0,,0,0,
SBTG,Outono,06-12,exato,+TSRA,0,0,,0,0,
SBTG,Outono,06-12,exato,TSRA,0,0,,0,0,
SBTG,Outono,06-12,sem_intensidade,TS,0,0,,0,0,
SBTG,Outono,06-12,sem_intensidade,TSRA,0,0,,0,0,
SBTG,Outono,06-12,sem_intensidade,+RA,0,0,,0,0,
SBTG,Outono,12-18,exato,TS,0,0,,0,0,
SBTG,Outono,12-18,exato,+RA,0,0,,0,0,
SBTG,Outono,12-18,exato,+TSRA,0,0,,0,0,
SBTG,Outono,12-18,exato,TSRA,0,0,,0,0,
SBTG,Outono,12-18,sem_intensidade,TS,0,0,,0,0,
SBTG,Outono,12-18,sem_intensidade,TSRA,0,0,,0,0,
SBTG,Outono,12-18,sem_intensidade,+RA,0,0,,0,0,
SBTG,Outono,18-24,exato,TS,0,0,,0,0,
SBTG,Outono,18-24,exato,+RA,0,0,,0,0,
SBTG,Outono,18-24,exato,+TSRA,0,0,,0,0,
SBTG,Outono,18-24,exato,TSRA,0,0,,0,0,
SBTG,Outono,18-24,sem_intensidade,TS,0,0,,0,0,
SBTG,Outono,18-24,sem_intensidade,TSRA,0,0,,0,0,
SBTG,Outono,18-24,sem_intensidade,+RA,0,0,,0,0,
SBTG,Outono,TODOS,exato,TS,0,0,,0,0,
SBTG,Outono,TODOS,exato,+RA,0,0,,0,0,
SBTG,Outono,TODOS,exato,+TSRA,0,0,,0,0,
SBTG,Outono,TODOS,exato,TSRA,0,0,,0,0,
SBTG,Outono,TODOS,sem_intensidade,TS,0,0,,0,0,
SBTG,Outono,TODOS,sem_intensidade,TSRA,0,0,,0,0,
SBTG,Outono,TODOS,sem_intensidade,+RA,0,0,,0,0,
SBTG,Inverno,00-06,exato,TS,0,0,,0,0,
SBTG,Inverno,00-06,exato,+RA,0,0,,0,0,
SBTG,Inverno,00-06,exato,+TSRA,0,0,,0,0,
SBTG,Inverno,00-06,exato,TSRA,0,0,,0,0,
SBTG,Inverno,00-06,sem_intensidade,TS,0,0,,0,0,
SBTG,Inverno,00-06,sem_intensidade,TSRA,0,0,,0,0,
SBTG,Inverno,00-06,sem_intensidade,+RA,0,0,,0,0,
SBTG,Inverno,06-12,exato,TS,0,0,,0,0,
SBTG,Inverno,06-12,exato,+RA,0,0,,0,0,
SBTG,Inverno,06-12,exato,+TSRA,0,0,,0,0,
SBTG,Inverno,06-12,exato,TSRA,0,0,,0,0,
SBTG,Inverno,06-12,sem_intensidade,TS,0,0,,0,0,
SBTG,Inverno,06-12,sem_intensidade,TSRA,0,0,,0,0,
SBTG,Inverno,06-12,sem_intensidade,+RA,0,0,,0,0,
SBTG,Inverno,12-18,exato,TS,0,0,,0,0,
SBTG,Inverno,12-18,exato,+RA,0,0,,0,0,
SBTG,Inverno,12-18,exato,+TSRA,0,0,,0,0,
SBTG,Inverno,12-18,exato,TSRA,0,0,,0,0,
SBTG,Inverno,12-18,sem_intensidade,TS,0,0,,0,0,
SBTG,Inverno,12-18,sem_intensidade,TSRA,0,0,,0,0,
SBTG,Inverno,12-18,sem_intensidade,+RA,0,0,,0,0,
SBTG,Inverno,18-24,exato,TS,0,0,,0,0,
SBTG,Inverno,18-24,exato,+RA,0,0,,0,0,
SBTG,Inverno,18-24,exato,+TSRA,0,0,,0,0,
SBTG,Inverno,18-24,exato,TSRA,0,0,,0,0,
SBTG,Inverno,18-24,sem_intensidade,TS,0,0,,0,0,
SBTG,Inverno,18-24,sem_intensidade,TSRA,0,0,,0,0,
SBTG,Inverno,18-24,sem_intensidade,+RA,0,0,,0,0,
SBTG,Inverno,TODOS,exato,TS,0,0,,0,0,
SBTG,Inverno,TODOS,exato,+RA,0,0,,0,0,
SBTG,Inverno,TODOS,exato,+TSRA,0,0,,0,0,
SBTG,Inverno,TODOS,exato,TSRA,0,0,,0,0,
SBTG,Inverno,TODOS,sem_intensidade,TS,0,0,,0,0,
SBTG,Inverno,TODOS,sem_intensidade,TSRA,0,0,,0,0,
SBTG,Inverno,TODOS,sem_intensidade,+RA,0,0,,0,0,
SBTG,Primavera,00-06,exato,TS,0,0,,0,0,
SBTG,Primavera,00-06,exato,+RA,0,0,,0,0,
SBTG,Primavera,00-06,exato,+TSRA,0,0,,0,0,
SBTG,Primavera,00-06,exato,TSRA,0,0,,0,0,
SBTG,Primavera,00-06,sem_intensidade,TS,0,0,,0,0,
SBTG,Primavera,00-06,sem_intensidade,TSRA,0,0,,0,0,
SBTG,Primavera,00-06,sem_intensidade,+RA,0,0,,0,0,
SBTG,Primavera,06-12,exato,TS,0,0,,0,0,
SBTG,Primavera,06-12,exato,+RA,0,0,,0,0,
SBTG,Primavera,06-12,exato,+TSRA,0,0,,0,0,
SBTG,Primavera,06-12,exato,TSRA,0,0,,0,0,
SBTG,Primavera,06-12,sem_intensidade,TS,0,0,,0,0,
SBTG,Primavera,06-12,sem_intensidade,TSRA,0,0,,0,0,
SBTG,Primavera,06-12,sem_intensidade,+RA,0,0,,0,0,
SBTG,Primavera,12-18,exato,TS,0,0,,0,0,
SBTG,Primavera,12-18,exato,+RA,0,0,,0,0,
SBTG,Primavera,12-18,exato,+TSRA,0,0,,0,0,
SBTG,Primavera,12-18,exato,TSRA,0,0,,0,0,
SBTG,Primavera,12-18,sem_intensidade,TS,0,0,,0,0,
SBTG,Primavera,12-18,sem_intensidade,TSRA,0,0,,0,0,
SBTG,Primavera,12-18,sem_intensidade,+RA,0,0,,0,0,
SBTG,Primavera,18-24,exato,TS,0,0,,0,0,
SBTG,Primavera,18-24,exato,+RA,0,0,,0,0,
SBTG,Primavera,18-24,exato,+TSRA,0,0,,0,0,
SBTG,Primavera,18-24,exato,TSRA,0,0,,0,0,
SBTG,Primavera,18-24,sem_intensidade,TS,0,0,,0,0,
SBTG,Primavera,18-24,sem_intensidade,TSRA,0,0,,0,0,
SBTG,Primavera,18-24,sem_intensidade,+RA,0,0,,0,0,
SBTG,Primavera,TODOS,exato,TS,0,0,,0,0,
SBTG,Primavera,TODOS,exato,+RA,0,0,,0,0,
SBTG,Primavera,TODOS,exato,+TSRA,0,0,,0,0,
SBTG,Primavera,TODOS,exato,TSRA,0,0,,0,0,
SBTG,Primavera,TODOS,sem_intensidade,TS,0,0,,0,0,
SBTG,Primavera,TODOS,sem_intensidade,TSRA,0,0,,0,0,
SBTG,Primavera,TODOS,sem_intensidade,+RA,0,0,,0,0,
SBTG,TODAS,00-06,exato,TS,0,0,,0,0,
SBTG,TODAS,00-06,exato,+RA,0,0,,0,0,
SBTG,TODAS,00-06,exato,+TSRA,0,0,,0,0,
SBTG,TODAS,00-06,exato,TSRA,0,0,,0,0,
SBTG,TODAS,00-06,sem_intensidade,TS,0,0,,0,0,
SBTG,TODAS,00-06,sem_intensidade,TSRA,0,0,,0,0,
SBTG,TODAS,00-06,sem_intensidade,+RA,0,0,,0,0,
SBTG,TODAS,06-12,exato,TS,0,0,,0,0,
SBTG,TODAS,06-12,exato,+RA,0,0,,0,0,
SBTG,TODAS,06-12,exato,+TSRA,0,0,,0,0,
SBTG,TODAS,06-12,exato,TSRA,0,0,,0,0,
SBTG,TODAS,06-12,sem_intensidade,TS,0,0,,0,0,
SBTG,TODAS,06-12,sem_intensidade,TSRA,0,0,,0,0,
SBTG,TODAS,06-12,sem_intensidade,+RA,0,0,,0,0,
SBTG,TODAS,12-18,exato,TS,0,0,,0,0,
SBTG,TODAS,12-18,exato,+RA,0,0,,0,0,
SBTG,TODAS,12-18,exato,+TSRA,0,0,,0,0,
SBTG,TODAS,12-18,exato,TSRA,0,0,,0,0,
SBTG,TODAS,12-18,sem_intensidade,TS,0,0,,0,0,
SBTG,TODAS,12-18,sem_intensidade,TSRA,0,0,,0,0,
SBTG,TODAS,12-18,sem_intensidade,+RA,0,0,,0,0,
SBTG,TODAS,18-24,exato,TS,0,0,,0,0,
SBTG,TODAS,18-24,exato,+RA,0,0,,0,0,
SBTG,TODAS,18-24,exato,+TSRA,0,0,,0,0,
SBTG,TODAS,18-24,exato,TSRA,0,0,,0,0,
SBTG,TODAS,18-24,sem_intensidade,TS,0,0,,0,0,
SBTG,TODAS,18-24,sem_intensidade,TSRA,0,0,,0,0,
SBTG,TODAS,18-24,sem_intensidade,+RA,0,0,,0,0,
SBTG,TODAS,TODOS,exato,TS,0,0,,0,0,
SBTG,TODAS,TODOS,exato,+RA,0,0,,0,0,
SBTG,TODAS,TODOS,exato,+TSRA,0,0,,0,0,
SBTG,TODAS,TODOS,exato,TSRA,0,0,,0,0,
SBTG,TODAS,TODOS,sem_intensidade,TS,0,0,,0,0,
SBTG,TODAS,TODOS,sem_intensidade,TSRA,0,0,,0,0,
SBTG,TODAS,TODOS,sem_intensidade,+RA,0,0,,0,0,
SBTT,Verao,00-06,exato,TS,0,0,,0,0,
SBTT,Verao,00-06,exato,+RA,0,0,,0,0,
SBTT,Verao,00-06,exato,+TSRA,0,0,,0,0,
SBTT,Verao,00-06,exato,TSRA,0,0,,0,0,
SBTT,Verao,00-06,sem_intensidade,TS,0,0,,0,0,
SBTT,Verao,00-06,sem_intensidade,TSRA,0,0,,0,0,
SBTT,Verao,00-06,sem_intensidade,+RA,0,0,,0,0,
SBTT,Verao,06-12,exato,TS,0,0,,0,0,
SBTT,Verao,06-12,exato,+RA,0,0,,0,0,
SBTT,Verao,06-12,exato,+TSRA,0,0,,0,0,
SBTT,Verao,06-12,exato,TSRA,0,0,,0,0,
SBTT,Verao,06-12,sem_intensidade,TS,0,0,,0,0,
SBTT,Verao,06-12,sem_intensidade,TSRA,0,0,,0,0,
SBTT,Verao,06-12,sem_intensidade,+RA,0,0,,0,0,
SBTT,Verao,12-18,exato,TS,0,0,,0,0,
SBTT,Verao,12-18,exato,+RA,0,0,,0,0,
SBTT,Verao,12-18,exato,+TSRA,0,0,,0,0,
SBTT,Verao,12-18,exato,TSRA,0,0,,0,0,
SBTT,Verao,12-18,sem_intensidade,TS,0,0,,0,0,
SBTT,Verao,12-18,sem_intensidade,TSRA,0,0,,0,0,
SBTT,Verao,12-18,sem_intensidade,+RA,0,0,,0,0,
SBTT,Verao,18-24,exato,TS,0,0,,0,0,
SBTT,Verao,18-24,exato,+RA,0,0,,0,0,
SBTT,Verao,18-24,exato,+TSRA,0,0,,0,0,
SBTT,Verao,18-24,exato,TSRA,0,0,,0,0,
SBTT,Verao,18-24,sem_intensidade,TS,0,0,,0,0,
SBTT,Verao,18-24,sem_intensidade,TSRA,0,0,,0,0,
SBTT,Verao,18-24,sem_intensidade,+RA,0,0,,0,0,
SBTT,Verao,TODOS,exato,TS,0,0,,0,0,
SBTT,Verao,TODOS,exato,+RA,0,0,,0,0,
SBTT,Verao,TODOS,exato,+TSRA,0,0,,0,0,
SBTT,Verao,TODOS,exato,TSRA,0,0,,0,0,
SBTT,Verao,TODOS,sem_intensidade,TS,0,0,,0,0,
SBTT,Verao,TODOS,sem_intensidade,TSRA,0,0,,0,0,
SBTT,Verao,TODOS,sem_intensidade,+RA,0,0,,0,0,
SBTT,Outono,00-06,exato,TS,0,0,,0,0,
SBTT,Outono,00-06,exato,+RA,0,0,,0,0,
SBTT,Outono,00-06,exato,+TSRA,0,0,,0,0,
SBTT,Outono,00-06,exato,TSRA,0,0,,0,0,
SBTT,Outono,00-06,sem_intensidade,TS,0,0,,0,0,
SBTT,Outono,00-06,sem_intensidade,TSRA,0,0,,0,0,
SBTT,Outono,00-06,sem_intensidade,+RA,0,0,,0,0,
SBTT,Outono,06-12,exato,TS,0,0,,0,0,
SBTT,Outono,06-12,exato,+RA,0,0,,0,0,
SBTT,Outono,06-12,exato,+TSRA,0,0,,0,0,
SBTT,Outono,06-12,exato,TSRA,0,0,,0,0,
SBTT,Outono,06-12,sem_intensidade,TS,0,0,,0,0,
SBTT,Outono,06-12,sem_intensidade,TSRA,0,0,,0,0,
SBTT,Outono,06-12,sem_intensidade,+RA,0,0,,0,0,
SBTT,Outono,12-18,exato,TS,0,0,,0,0,
SBTT,Outono,12-18,exato,+RA,0,0,,0,0,
SBTT,Outono,12-18,exato,+TSRA,0,0,,0,0,
SBTT,Outono,12-18,exato,TSRA,0,0,,0,0,
SBTT,Outono,12-18,sem_intensidade,TS,0,0,,0,0,
SBTT,Outono,12-18,sem_intensidade,TSRA,0,0,,0,0,
SBTT,Outono,12-18,sem_intensidade,+RA,0,0,,0,0,
SBTT,Outono,18-24,exato,TS,0,0,,0,0,
SBTT,Outono,18-24,exato,+RA,0,0,,0,0,
SBTT,Outono,18-24,exato,+TSRA,0,0,,0,0,
SBTT,Outono,18-24,exato,TSRA,0,0,,0,0,
SBTT,Outono,18-24,sem_intensidade,TS,0,0,,0,0,
SBTT,Outono,18-24,sem_intensidade,TSRA,0,0,,0,0,
SBTT,Outono,18-24,sem_intensidade,+RA,0,0,,0,0,
SBTT,Outono,TODOS,exato,TS,0,0,,0,0,
SBTT,Outono,TODOS,exato,+RA,0,0,,0,0,
SBTT,Outono,TODOS,exato,+TSRA,0,0,,0,0,
SBTT,Outono,TODOS,exato,TSRA,0,0,,0,0,
SBTT,Outono,TODOS,sem_intensidade,TS,0,0,,0,0,
SBTT,Outono,TODOS,sem_intensidade,TSRA,0,0,,0,0,
SBTT,Outono,TODOS,sem_intensidade,+RA,0,0,,0,0,
SBTT,Inverno,00-06,exato,TS,0,0,,0,0,
SBTT,Inverno,00-06,exato,+RA,0,0,,0,0,
SBTT,Inverno,00-06,exato,+TSRA,0,0,,0,0,
SBTT,Inverno,00-06,exato,TSRA,0,0,,0,0,
SBTT,Inverno,00-06,sem_intensidade,TS,0,0,,0,0,
SBTT,Inverno,00-06,sem_intensidade,TSRA,0,0,,0,0,
SBTT,Inverno,00-06,sem_intensidade,+RA,0,0,,0,0,
SBTT,Inverno,06-12,exato,TS,0,0,,0,0,
SBTT,Inverno,06-12,exato,+RA,0,0,,0,0,
SBTT,Inverno,06-12,exato,+TSRA,0,0,,0,0,
SBTT,Inverno,06-12,exato,TSRA,0,0,,0,0,
SBTT,Inverno,06-12,sem_intensidade,TS,0,0,,0,0,
SBTT,Inverno,06-12,sem_intensidade,TSRA,0,0,,0,0,
SBTT,Inverno,06-12,sem_intensidade,+RA,0,0,,0,0,
SBTT,Inverno,12-18,exato,TS,0,0,,0,0,
SBTT,Inverno,12-18,exato,+RA,0,0,,0,0,
SBTT,Inverno,12-18,exato,+TSRA,0,0,,0,0,
SBTT,Inverno,12-18,exato,TSRA,0,0,,0,0,
SBTT,Inverno,12-18,sem_intensidade,TS,0,0,,0,0,
SBTT,Inverno,12-18,sem_intensidade,TSRA,0,0,,0,0,
SBTT,Inverno,12-18,sem_intensidade,+RA,0,0,,0,0,
SBTT,Inverno,18-24,exato,TS,0,0,,0,0,
SBTT,Inverno,18-24,exato,+RA,0,0,,0,0,
SBTT,Inverno,18-24,exato,+TSRA,0,0,,0,0,
SBTT,Inverno,18-24,exato,TSRA,0,0,,0,0,
SBTT,Inverno,18-24,sem_intensidade,TS,0,0,,0,0,
SBTT,Inverno,18-24,sem_intensidade,TSRA,0,0,,0,0,
SBTT,Inverno,18-24,sem_intensidade,+RA,0,0,,0,0,
SBTT,Inverno,TODOS,exato,TS,0,0,,0,0,
SBTT,Inverno,TODOS,exato,+RA,0,0,,0,0,
SBTT,Inverno,TODOS,exato,+TSRA,0,0,,0,0,
SBTT,Inverno,TODOS,exato,TSRA,0,0,,0,0,
SBTT,Inverno,TODOS,sem_intensidade,TS,0,0,,0,0,
SBTT,Inverno,TODOS,sem_intensidade,TSRA,0,0,,0,0,
SBTT,Inverno,TODOS,sem_intensidade,+RA,0,0,,0,0,
SBTT,Primavera,00-06,exato,TS,0,0,,0,0,
SBTT,Primavera,00-06,exato,+RA,0,0,,0,0,
SBTT,Primavera,00-06,exato,+TSRA,0,0,,0,0,
SBTT,Primavera,00-06,exato,TSRA,0,0,,0,0,
SBTT,Primavera,00-06,sem_intensidade,TS,0,0,,0,0,
SBTT,Primavera,00-06,sem_intensidade,TSRA,0,0,,0,0,
SBTT,Primavera,00-06,sem_intensidade,+RA,0,0,,0,0,
SBTT,Primavera,06-12,exato,TS,0,0,,0,0,
SBTT,Primavera,06-12,exato,+RA,0,0,,0,0,
SBTT,Primavera,06-12,exato,+TSRA,0,0,,0,0,
SBTT,Primavera,06-12,exato,TSRA,0,0,,0,0,
SBTT,Primavera,06-12,sem_intensidade,TS,0,0,,0,0,
SBTT,Primavera,06-12,sem_intensidade,TSRA,0,0,,0,0,
SBTT,Primavera,06-12,sem_intensidade,+RA,0,0,,0,0,
SBTT,Primavera,12-18,exato,TS,0,0,,0,0,
SBTT,Primavera,12-18,exato,+RA,0,0,,0,0,
SBTT,Primavera,12-18,exato,+TSRA,0,0,,0,0,
SBTT,Primavera,12-18,exato,TSRA,0,0,,0,0,
SBTT,Primavera,12-18,sem_intensidade,TS,0,0,,0,0,
SBTT,Primavera,12-18,sem_intensidade,TSRA,0,0,,0,0,
SBTT,Primavera,12-18,sem_intensidade,+RA,0,0,,0,0,
SBTT,Primavera,18-24,exato,TS,0,0,,0,0,
SBTT,Primavera,18-24,exato,+RA,0,0,,0,0,
SBTT,Primavera,18-24,exato,+TSRA,0,0,,0,0,
SBTT,Primavera,18-24,exato,TSRA,0,0,,0,0,
SBTT,Primavera,18-24,sem_intensidade,TS,0,0,,0,0,
SBTT,Primavera,18-24,sem_intensidade,TSRA,0,0,,0,0,
SBTT,Primavera,18-24,sem_intensidade,+RA,0,0,,0,0,
SBTT,Primavera,TODOS,exato,TS,0,0,,0,0,
SBTT,Primavera,TODOS,exato,+RA,0,0,,0,0,
SBTT,Primavera,TODOS,exato,+TSRA,0,0,,0,0,
SBTT,Primavera,TODOS,exato,TSRA,0,0,,0,0,
SBTT,Primavera,TODOS,sem_intensidade,TS,0,0,,0,0,
SBTT,Primavera,TODOS,sem_intensidade,TSRA,0,0,,0,0,
SBTT,Primavera,TODOS,sem_intensidade,+RA,0,0,,0,0,
SBTT,TODAS,00-06,exato,TS,0,0,,0,0,
SBTT,TODAS,00-06,exato,+RA,0,0,,0,0,
SBTT,TODAS,00-06,exato,+TSRA,0,0,,0,0,
SBTT,TODAS,00-06,exato,TSRA,0,0,,0,0,
SBTT,TODAS,00-06,sem_intensidade,TS,0,0,,0,0,
SBTT,TODAS,00-06,sem_intensidade,TSRA,0,0,,0,0,
SBTT,TODAS,00-06,sem_intensidade,+RA,0,0,,0,0,
SBTT,TODAS,06-12,exato,TS,0,0,,0,0,
SBTT,TODAS,06-12,exato,+RA,0,0,,0,0,
SBTT,TODAS,06-12,exato,+TSRA,0,0,,0,0,
SBTT,TODAS,06-12,exato,TSRA,0,0,,0,0,
SBTT,TODAS,06-12,sem_intensidade,TS,0,0,,0,0,
SBTT,TODAS,06-12,sem_intensidade,TSRA,0,0,,0,0,
SBTT,TODAS,06-12,sem_intensidade,+RA,0,0,,0,0,
SBTT,TODAS,12-18,exato,TS,0,0,,0,0,
SBTT,TODAS,12-18,exato,+RA,0,0,,0,0,
SBTT,TODAS,12-18,exato,+TSRA,0,0,,0,0,
SBTT,TODAS,12-18,exato,TSRA,0,0,,0,0,
SBTT,TODAS,12-18,sem_intensidade,TS,0,0,,0,0,
SBTT,TODAS,12-18,sem_intensidade,TSRA,0,0,,0,0,
SBTT,TODAS,12-18,sem_intensidade,+RA,0,0,,0,0,
SBTT,TODAS,18-24,exato,TS,0,0,,0,0,
SBTT,TODAS,18-24,exato,+RA,0,0,,0,0,
SBTT,TODAS,18-24,exato,+TSRA,0,0,,0,0,
SBTT,TODAS,18-24,exato,TSRA,0,0,,0,0,
SBTT,TODAS,18-24,sem_intensidade,TS,0,0,,0,0,
SBTT,TODAS,18-24,sem_intensidade,TSRA,0,0,,0,0,
SBTT,TODAS,18-24,sem_intensidade,+RA,0,0,,0,0,
SBTT,TODAS,TODOS,exato,TS,0,0,,0,0,
SBTT,TODAS,TODOS,exato,+RA,0,0,,0,0,
SBTT,TODAS,TODOS,exato,+TSRA,0,0,,0,0,
SBTT,TODAS,TODOS,exato,TSRA,0,0,,0,0,
SBTT,TODAS,TODOS,sem_intensidade,TS,0,0,,0,0,
SBTT,TODAS,TODOS,sem_intensidade,TSRA,0,0,,0,0,
SBTT,TODAS,TODOS,sem_intensidade,+RA,0,0,,0,0,
SBTU,Verao,00-06,exato,TS,0,0,,0,0,
SBTU,Verao,00-06,exato,+RA,0,0,,0,0,
SBTU,Verao,00-06,exato,+TSRA,0,0,,0,0,
SBTU,Verao,00-06,exato,TSRA,0,0,,0,0,
SBTU,Verao,00-06,sem_intensidade,TS,0,0,,0,0,
SBTU,Verao,00-06,sem_intensidade,TSRA,0,0,,0,0,
SBTU,Verao,00-06,sem_intensidade,+RA,0,0,,0,0,
SBTU,Verao,06-12,exato,TS,0,0,,0,0,
SBTU,Verao,06-12,exato,+RA,0,0,,0,0,
SBTU,Verao,06-12,exato,+TSRA,0,0,,0,0,
SBTU,Verao,06-12,exato,TSRA,0,0,,0,0,
SBTU,Verao,06-12,sem_intensidade,TS,0,0,,0,0,
SBTU,Verao,06-12,sem_intensidade,TSRA,0,0,,0,0,
SBTU,Verao,06-12,sem_intensidade,+RA,0,0,,0,0,
SBTU,Verao,12-18,exato,TS,0,0,,0,0,
SBTU,Verao,12-18,exato,+RA,0,0,,0,0,
SBTU,Verao,12-18,exato,+TSRA,0,0,,0,0,
SBTU,Verao,12-18,exato,TSRA,0,0,,0,0,
SBTU,Verao,12-18,sem_intensidade,TS,0,0,,0,0,
SBTU,Verao,12-18,sem_intensidade,TSRA,0,0,,0,0,
SBTU,Verao,12-18,sem_intensidade,+RA,0,0,,0,0,
SBTU,Verao,18-24,exato,TS,0,0,,0,0,
SBTU,Verao,18-24,exato,+RA,0,0,,0,0,
SBTU,Verao,18-24,exato,+TSRA,0,0,,0,0,
SBTU,Verao,18-24,exato,TSRA,0,0,,0,0,
SBTU,Verao,18-24,sem_intensidade,TS,0,0,,0,0,
SBTU,Verao,18-24,sem_intensidade,TSRA,0,0,,0,0,
SBTU,Verao,18-24,sem_intensidade,+RA,0,0,,0,0,
SBTU,Verao,TODOS,exato,TS,0,0,,0,0,
SBTU,Verao,TODOS,exato,+RA,0,0,,0,0,
SBTU,Verao,TODOS,exato,+TSRA,0,0,,0,0,
SBTU,Verao,TODOS,exato,TSRA,0,0,,0,0,
SBTU,Verao,TODOS,sem_intensidade,TS,0,0,,0,0,
SBTU,Verao,TODOS,sem_intensidade,TSRA,0,0,,0,0,
SBTU,Verao,TODOS,sem_intensidade,+RA,0,0,,0,0,
SBTU,Outono,00-06,exato,TS,0,0,,0,0,
SBTU,Outono,00-06,exato,+RA,0,0,,0,0,
SBTU,Outono,00-06,exato,+TSRA,0,0,,0,0,
SBTU,Outono,00-06,exato,TSRA,0,0,,0,0,
SBTU,Outono,00-06,sem_intensidade,TS,0,0,,0,0,
SBTU,Outono,00-06,sem_intensidade,TSRA,0,0,,0,0,
SBTU,Outono,00-06,sem_intensidade,+RA,0,0,,0,0,
SBTU,Outono,06-12,exato,TS,0,0,,0,0,
SBTU,Outono,06-12,exato,+RA,0,0,,0,0,
SBTU,Outono,06-12,exato,+TSRA,0,0,,0,0,
SBTU,Outono,06-12,exato,TSRA,0,0,,0,0,
SBTU,Outono,06-12,sem_intensidade,TS,0,0,,0,0,
SBTU,Outono,06-12,sem_intensidade,TSRA,0,0,,0,0,
SBTU,Outono,06-12,sem_intensidade,+RA,0,0,,0,0,
SBTU,Outono,12-18,exato,TS,0,0,,0,0,
SBTU,Outono,12-18,exato,+RA,0,0,,0,0,
SBTU,Outono,12-18,exato,+TSRA,0,0,,0,0,
SBTU,Outono,12-18,exato,TSRA,0,0,,0,0,
SBTU,Outono,12-18,sem_intensidade,TS,0,0,,0,0,
SBTU,Outono,12-18,sem_intensidade,TSRA,0,0,,0,0,
SBTU,Outono,12-18,sem_intensidade,+RA,0,0,,0,0,
SBTU,Outono,18-24,exato,TS,0,0,,0,0,
SBTU,Outono,18-24,exato,+RA,0,0,,0,0,
SBTU,Outono,18-24,exato,+TSRA,0,0,,0,0,
SBTU,Outono,18-24,exato,TSRA,0,0,,0,0,
SBTU,Outono,18-24,sem_intensidade,TS,0,0,,0,0,
SBTU,Outono,18-24,sem_intensidade,TSRA,0,0,,0,0,
SBTU,Outono,18-24,sem_intensidade,+RA,0,0,,0,0,
SBTU,Outono,TODOS,exato,TS,0,0,,0,0,
SBTU,Outono,TODOS,exato,+RA,0,0,,0,0,
SBTU,Outono,TODOS,exato,+TSRA,0,0,,0,0,
SBTU,Outono,TODOS,exato,TSRA,0,0,,0,0,
SBTU,Outono,TODOS,sem_intensidade,TS,0,0,,0,0,
SBTU,Outono,TODOS,sem_intensidade,TSRA,0,0,,0,0,
SBTU,Outono,TODOS,sem_intensidade,+RA,0,0,,0,0,
SBTU,Inverno,00-06,exato,TS,0,0,,0,0,
SBTU,Inverno,00-06,exato,+RA,0,0,,0,0,
SBTU,Inverno,00-06,exato,+TSRA,0,0,,0,0,
SBTU,Inverno,00-06,exato,TSRA,0,0,,0,0,
SBTU,Inverno,00-06,sem_intensidade,TS,0,0,,0,0,
SBTU,Inverno,00-06,sem_intensidade,TSRA,0,0,,0,0,
SBTU,Inverno,00-06,sem_intensidade,+RA,0,0,,0,0,
SBTU,Inverno,06-12,exato,TS,0,0,,0,0,
SBTU,Inverno,06-12,exato,+RA,0,0,,0,0,
SBTU,Inverno,06-12,exato,+TSRA,0,0,,0,0,
SBTU,Inverno,06-12,exato,TSRA,0,0,,0,0,
SBTU,Inverno,06-12,sem_intensidade,TS,0,0,,0,0,
SBTU,Inverno,06-12,sem_intensidade,TSRA,0,0,,0,0,
SBTU,Inverno,06-12,sem_intensidade,+RA,0,0,,0,0,
SBTU,Inverno,12-18,exato,TS,0,0,,0,0,
SBTU,Inverno,12-18,exato,+RA,0,0,,0,0,
SBTU,Inverno,12-18,exato,+TSRA,0,0,,0,0,
SBTU,Inverno,12-18,exato,TSRA,0,0,,0,0,
SBTU,Inverno,12-18,sem_intensidade,TS,0,0,,0,0,
SBTU,Inverno,12-18,sem_intensidade,TSRA,0,0,,0,0,
SBTU,Inverno,12-18,sem_intensidade,+RA,0,0,,0,0,
SBTU,Inverno,18-24,exato,TS,0,0,,0,0,
SBTU,Inverno,18-24,exato,+RA,0,0,,0,0,
SBTU,Inverno,18-24,exato,+TSRA,0,0,,0,0,
SBTU,Inverno,18-24,exato,TSRA,0,0,,0,0,
SBTU,Inverno,18-24,sem_intensidade,TS,0,0,,0,0,
SBTU,Inverno,18-24,sem_intensidade,TSRA,0,0,,0,0,
SBTU,Inverno,18-24,sem_intensidade,+RA,0,0,,0,0,
SBTU,Inverno,TODOS,exato,TS,0,0,,0,0,
SBTU,Inverno,TODOS,exato,+RA,0,0,,0,0,
SBTU,Inverno,TODOS,exato,+TSRA,0,0,,0,0,
SBTU,Inverno,TODOS,exato,TSRA,0,0,,0,0,
SBTU,Inverno,TODOS,sem_intensidade,TS,0,0,,0,0,
SBTU,Inverno,TODOS,sem_intensidade,TSRA,0,0,,0,0,
SBTU,Inverno,TODOS,sem_intensidade,+RA,0,0,,0,0,
SBTU,Primavera,00-06,exato,TS,0,0,,0,0,
SBTU,Primavera,00-06,exato,+RA,0,0,,0,0,
SBTU,Primavera,00-06,exato,+TSRA,0,0,,0,0,
SBTU,Primavera,00-06,exato,TSRA,0,0,,0,0,
SBTU,Primavera,00-06,sem_intensidade,TS,0,0,,0,0,
SBTU,Primavera,00-06,sem_intensidade,TSRA,0,0,,0,0,
SBTU,Primavera,00-06,sem_intensidade,+RA,0,0,,0,0,
SBTU,Primavera,06-12,exato,TS,0,0,,0,0,
SBTU,Primavera,06-12,exato,+RA,0,0,,0,0,
SBTU,Primavera,06-12,exato,+TSRA,0,0,,0,0,
SBTU,Primavera,06-12,exato,TSRA,0,0,,0,0,
SBTU,Primavera,06-12,sem_intensidade,TS,0,0,,0,0,
SBTU,Primavera,06-12,sem_intensidade,TSRA,0,0,,0,0,
SBTU,Primavera,06-12,sem_intensidade,+RA,0,0,,0,0,
SBTU,Primavera,12-18,exato,TS,0,0,,0,0,
SBTU,Primavera,12-18,exato,+RA,0,0,,0,0,
SBTU,Primavera,12-18,exato,+TSRA,0,0,,0,0,
SBTU,Primavera,12-18,exato,TSRA,0,0,,0,0,
SBTU,Primavera,12-18,sem_intensidade,TS,0,0,,0,0,
SBTU,Primavera,12-18,sem_intensidade,TSRA,0,0,,0,0,
SBTU,Primavera,12-18,sem_intensidade,+RA,0,0,,0,0,
SBTU,Primavera,18-24,exato,TS,0,0,,0,0,
SBTU,Primavera,18-24,exato,+RA,0,0,,0,0,
SBTU,Primavera,18-24,exato,+TSRA,0,0,,0,0,
SBTU,Primavera,18-24,exato,TSRA,0,0,,0,0,
SBTU,Primavera,18-24,sem_intensidade,TS,0,0,,0,0,
SBTU,Primavera,18-24,sem_intensidade,TSRA,0,0,,0,0,
SBTU,Primavera,18-24,sem_intensidade,+RA,0,0,,0,0,
SBTU,Primavera,TODOS,exato,TS,0,0,,0,0,
SBTU,Primavera,TODOS,exato,+RA,0,0,,0,0,
SBTU,Primavera,TODOS,exato,+TSRA,0,0,,0,0,
SBTU,Primavera,TODOS,exato,TSRA,0,0,,0,0,
SBTU,Primavera,TODOS,sem_intensidade,TS,0,0,,0,0,
SBTU,Primavera,TODOS,sem_intensidade,TSRA,0,0,,0,0,
SBTU,Primavera,TODOS,sem_intensidade,+RA,0,0,,0,0,
SBTU,TODAS,00-06,exato,TS,0,0,,0,0,
SBTU,TODAS,00-06,exato,+RA,0,0,,0,0,
SBTU,TODAS,00-06,exato,+TSRA,0,0,,0,0,
SBTU,TODAS,00-06,exato,TSRA,0,0,,0,0,
SBTU,TODAS,00-06,sem_intensidade,TS,0,0,,0,0,
SBTU,TODAS,00-06,sem_intensidade,TSRA,0,0,,0,0,
SBTU,TODAS,00-06,sem_intensidade,+RA,0,0,,0,0,
SBTU,TODAS,06-12,exato,TS,0,0,,0,0,
SBTU,TODAS,06-12,exato,+RA,0,0,,0,0,
SBTU,TODAS,06-12,exato,+TSRA,0,0,,0,0,
SBTU,TODAS,06-12,exato,TSRA,0,0,,0,0,
SBTU,TODAS,06-12,sem_intensidade,TS,0,0,,0,0,
SBTU,TODAS,06-12,sem_intensidade,TSRA,0,0,,0,0,
SBTU,TODAS,06-12,sem_intensidade,+RA,0,0,,0,0,
SBTU,TODAS,12-18,exato,TS,0,0,,0,0,
SBTU,TODAS,12-18,exato,+RA,0,0,,0,0,
SBTU,TODAS,12-18,exato,+TSRA,0,0,,0,0,
SBTU,TODAS,12-18,exato,TSRA,0,0,,0,0,
SBTU,TODAS,12-18,sem_intensidade,TS,0,0,,0,0,
SBTU,TODAS,12-18,sem_intensidade,TSRA,0,0,,0,0,
SBTU,TODAS,12-18,sem_intensidade,+RA,0,0,,0,0,
SBTU,TODAS,18-24,exato,TS,0,0,,0,0,
SBTU,TODAS,18-24,exato,+RA,0,0,,0,0,
SBTU,TODAS,18-24,exato,+TSRA,0,0,,0,0,
SBTU,TODAS,18-24,exato,TSRA,0,0,,0,0,
SBTU,TODAS,18-24,sem_intensidade,TS,0,0,,0,0,
SBTU,TODAS,18-24,sem_intensidade,TSRA,0,0,,0,0,
SBTU,TODAS,18-24,sem_intensidade,+RA,0,0,,0,0,
SBTU,TODAS,TODOS,exato,TS,0,0,,0,0,
SBTU,TODAS,TODOS,exato,+RA,0,0,,0,0,
SBTU,TODAS,TODOS,exato,+TSRA,0,0,,0,0,
SBTU,TODAS,TODOS,exato,TSRA,0,0,,0,0,
SBTU,TODAS,TODOS,sem_intensidade,TS,0,0,,0,0,
SBTU,TODAS,TODOS,sem_intensidade,TSRA,0,0,,0,0,
SBTU,TODAS,TODOS,sem_intensidade,+RA,0,0,,0,0,
SBUA,Verao,00-06,exato,TS,0,0,,0,0,
SBUA,Verao,00-06,exato,+RA,0,0,,0,0,
SBUA,Verao,00-06,exato,+TSRA,0,0,,0,0,
SBUA,Verao,00-06,exato,TSRA,0,0,,0,0,
SBUA,Verao,00-06,sem_intensidade,TS,0,0,,0,0,
SBUA,Verao,00-06,sem_intensidade,TSRA,0,0,,0,0,
SBUA,Verao,00-06,sem_intensidade,+RA,0,0,,0,0,
SBUA,Verao,06-12,exato,TS,0,0,,0,0,
SBUA,Verao,06-12,exato,+RA,0,0,,0,0,
SBUA,Verao,06-12,exato,+TSRA,0,0,,0,0,
SBUA,Verao,06-12,exato,TSRA,0,0,,0,0,
SBUA,Verao,06-12,sem_intensidade,TS,0,0,,0,0,
SBUA,Verao,06-12,sem_intensidade,TSRA,0,0,,0,0,
SBUA,Verao,06-12,sem_intensidade,+RA,0,0,,0,0,
SBUA,Verao,12-18,exato,TS,0,0,,0,0,
SBUA,Verao,12-18,exato,+RA,0,0,,0,0,
SBUA,Verao,12-18,exato,+TSRA,0,0,,0,0,
SBUA,Verao,12-18,exato,TSRA,0,0,,0,0,
SBUA,Verao,12-18,sem_intensidade,TS,0,0,,0,0,
SBUA,Verao,12-18,sem_intensidade,TSRA,0,0,,0,0,
SBUA,Verao,12-18,sem_intensidade,+RA,0,0,,0,0,
SBUA,Verao,18-24,exato,TS,0,0,,0,0,
SBUA,Verao,18-24,exato,+RA,0,0,,0,0,
SBUA,Verao,18-24,exato,+TSRA,0,0,,0,0,
SBUA,Verao,18-24,exato,TSRA,0,0,,0,0,
SBUA,Verao,18-24,sem_intensidade,TS,0,0,,0,0,
SBUA,Verao,18-24,sem_intensidade,TSRA,0,0,,0,0,
SBUA,Verao,18-24,sem_intensidade,+RA,0,0,,0,0,
SBUA,Verao,TODOS,exato,TS,0,0,,0,0,
SBUA,Verao,TODOS,exato,+RA,0,0,,0,0,
SBUA,Verao,TODOS,exato,+TSRA,0,0,,0,0,
SBUA,Verao,TODOS,exato,TSRA,0,0,,0,0,
SBUA,Verao,TODOS,sem_intensidade,TS,0,0,,0,0,
SBUA,Verao,TODOS,sem_intensidade,TSRA,0,0,,0,0,
SBUA,Verao,TODOS,sem_intensidade,+RA,0,0,,0,0,
SBUA,Outono,00-06,exato,TS,0,0,,0,0,
SBUA,Outono,00-06,exato,+RA,0,0,,0,0,
SBUA,Outono,00-06,exato,+TSRA,0,0,,0,0,
SBUA,Outono,00-06,exato,TSRA,0,0,,0,0,
SBUA,Outono,00-06,sem_intensidade,TS,0,0,,0,0,
SBUA,Outono,00-06,sem_intensidade,TSRA,0,0,,0,0,
SBUA,Outono,00-06,sem_intensidade,+RA,0,0,,0,0,
SBUA,Outono,06-12,exato,TS,0,0,,0,0,
SBUA,Outono,06-12,exato,+RA,0,0,,0,0,
SBUA,Outono,06-12,exato,+TSRA,0,0,,0,0,
SBUA,Outono,06-12,exato,TSRA,0,0,,0,0,
SBUA,Outono,06-12,sem_intensidade,TS,0,0,,0,0,
SBUA,Outono,06-12,sem_intensidade,TSRA,0,0,,0,0,
SBUA,Outono,06-12,sem_intensidade,+RA,0,0,,0,0,
SBUA,Outono,12-18,exato,TS,0,0,,0,0,
SBUA,Outono,12-18,exato,+RA,0,0,,0,0,
SBUA,Outono,12-18,exato,+TSRA,0,0,,0,0,
SBUA,Outono,12-18,exato,TSRA,0,0,,0,0,
SBUA,Outono,12-18,sem_intensidade,TS,0,0,,0,0,
SBUA,Outono,12-18,sem_intensidade,TSRA,0,0,,0,0,
SBUA,Outono,12-18,sem_intensidade,+RA,0,0,,0,0,
SBUA,Outono,18-24,exato,TS,0,0,,0,0,
SBUA,Outono,18-24,exato,+RA,0,0,,0,0,
SBUA,Outono,18-24,exato,+TSRA,0,0,,0,0,
SBUA,Outono,18-24,exato,TSRA,0,0,,0,0,
SBUA,Outono,18-24,sem_intensidade,TS,0,0,,0,0,
SBUA,Outono,18-24,sem_intensidade,TSRA,0,0,,0,0,
SBUA,Outono,18-24,sem_intensidade,+RA,0,0,,0,0,
SBUA,Outono,TODOS,exato,TS,0,0,,0,0,
SBUA,Outono,TODOS,exato,+RA,0,0,,0,0,
SBUA,Outono,TODOS,exato,+TSRA,0,0,,0,0,
SBUA,Outono,TODOS,exato,TSRA,0,0,,0,0,
SBUA,Outono,TODOS,sem_intensidade,TS,0,0,,0,0,
SBUA,Outono,TODOS,sem_intensidade,TSRA,0,0,,0,0,
SBUA,Outono,TODOS,sem_intensidade,+RA,0,0,,0,0,
SBUA,Inverno,00-06,exato,TS,0,0,,0,0,
SBUA,Inverno,00-06,exato,+RA,0,0,,0,0,
SBUA,Inverno,00-06,exato,+TSRA,0,0,,0,0,
SBUA,Inverno,00-06,exato,TSRA,0,0,,0,0,
SBUA,Inverno,00-06,sem_intensidade,TS,0,0,,0,0,
SBUA,Inverno,00-06,sem_intensidade,TSRA,0,0,,0,0,
SBUA,Inverno,00-06,sem_intensidade,+RA,0,0,,0,0,
SBUA,Inverno,06-12,exato,TS,0,0,,0,0,
SBUA,Inverno,06-12,exato,+RA,0,0,,0,0,
SBUA,Inverno,06-12,exato,+TSRA,0,0,,0,0,
SBUA,Inverno,06-12,exato,TSRA,0,0,,0,0,
SBUA,Inverno,06-12,sem_intensidade,TS,0,0,,0,0,
SBUA,Inverno,06-12,sem_intensidade,TSRA,0,0,,0,0,
SBUA,Inverno,06-12,sem_intensidade,+RA,0,0,,0,0,
SBUA,Inverno,12-18,exato,TS,0,0,,0,0,
SBUA,Inverno,12-18,exato,+RA,0,0,,0,0,
SBUA,Inverno,12-18,exato,+TSRA,0,0,,0,0,
SBUA,Inverno,12-18,exato,TSRA,0,0,,0,0,
SBUA,Inverno,12-18,sem_intensidade,TS,0,0,,0,0,
SBUA,Inverno,12-18,sem_intensidade,TSRA,0,0,,0,0,
SBUA,Inverno,12-18,sem_intensidade,+RA,0,0,,0,0,
SBUA,Inverno,18-24,exato,TS,0,0,,0,0,
SBUA,Inverno,18-24,exato,+RA,0,0,,0,0,
SBUA,Inverno,18-24,exato,+TSRA,0,0,,0,0,
SBUA,Inverno,18-24,exato,TSRA,0,0,,0,0,
SBUA,Inverno,18-24,sem_intensidade,TS,0,0,,0,0,
SBUA,Inverno,18-24,sem_intensidade,TSRA,0,0,,0,0,
SBUA,Inverno,18-24,sem_intensidade,+RA,0,0,,0,0,
SBUA,Inverno,TODOS,exato,TS,0,0,,0,0,
SBUA,Inverno,TODOS,exato,+RA,0,0,,0,0,
SBUA,Inverno,TODOS,exato,+TSRA,0,0,,0,0,
SBUA,Inverno,TODOS,exato,TSRA,0,0,,0,0,
SBUA,Inverno,TODOS,sem_intensidade,TS,0,0,,0,0,
SBUA,Inverno,TODOS,sem_intensidade,TSRA,0,0,,0,0,
SBUA,Inverno,TODOS,sem_intensidade,+RA,0,0,,0,0,
SBUA,Primavera,00-06,exato,TS,0,0,,0,0,
SBUA,Primavera,00-06,exato,+RA,0,0,,0,0,
SBUA,Primavera,00-06,exato,+TSRA,0,0,,0,0,
SBUA,Primavera,00-06,exato,TSRA,0,0,,0,0,
SBUA,Primavera,00-06,sem_intensidade,TS,0,0,,0,0,
SBUA,Primavera,00-06,sem_intensidade,TSRA,0,0,,0,0,
SBUA,Primavera,00-06,sem_intensidade,+RA,0,0,,0,0,
SBUA,Primavera,06-12,exato,TS,0,0,,0,0,
SBUA,Primavera,06-12,exato,+RA,0,0,,0,0,
SBUA,Primavera,06-12,exato,+TSRA,0,0,,0,0,
SBUA,Primavera,06-12,exato,TSRA,0,0,,0,0,
SBUA,Primavera,06-12,sem_intensidade,TS,0,0,,0,0,
SBUA,Primavera,06-12,sem_intensidade,TSRA,0,0,,0,0,
SBUA,Primavera,06-12,sem_intensidade,+RA,0,0,,0,0,
SBUA,Primavera,12-18,exato,TS,0,0,,0,0,
SBUA,Primavera,12-18,exato,+RA,0,0,,0,0,
SBUA,Primavera,12-18,exato,+TSRA,0,0,,0,0,
SBUA,Primavera,12-18,exato,TSRA,0,0,,0,0,
SBUA,Primavera,12-18,sem_intensidade,TS,0,0,,0,0,
SBUA,Primavera,12-18,sem_intensidade,TSRA,0,0,,0,0,
SBUA,Primavera,12-18,sem_intensidade,+RA,0,0,,0,0,
SBUA,Primavera,18-24,exato,TS,0,0,,0,0,
SBUA,Primavera,18-24,exato,+RA,0,0,,0,0,
SBUA,Primavera,18-24,exato,+TSRA,0,0,,0,0,
SBUA,Primavera,18-24,exato,TSRA,0,0,,0,0,
SBUA,Primavera,18-24,sem_intensidade,TS,0,0,,0,0,
SBUA,Primavera,18-24,sem_intensidade,TSRA,0,0,,0,0,
SBUA,Primavera,18-24,sem_intensidade,+RA,0,0,,0,0,
SBUA,Primavera,TODOS,exato,TS,0,0,,0,0,
SBUA,Primavera,TODOS,exato,+RA,0,0,,0,0,
SBUA,Primavera,TODOS,exato,+TSRA,0,0,,0,0,
SBUA,Primavera,TODOS,exato,TSRA,0,0,,0,0,
SBUA,Primavera,TODOS,sem_intensidade,TS,0,0,,0,0,
SBUA,Primavera,TODOS,sem_intensidade,TSRA,0,0,,0,0,
SBUA,Primavera,TODOS,sem_intensidade,+RA,0,0,,0,0,
SBUA,TODAS,00-06,exato,TS,0,0,,0,0,
SBUA,TODAS,00-06,exato,+RA,0,0,,0,0,
SBUA,TODAS,00-06,exato,+TSRA,0,0,,0,0,
SBUA,TODAS,00-06,exato,TSRA,0,0,,0,0,
SBUA,TODAS,00-06,sem_intensidade,TS,0,0,,0,0,
SBUA,TODAS,00-06,sem_intensidade,TSRA,0,0,,0,0,
SBUA,TODAS,00-06,sem_intensidade,+RA,0,0,,0,0,
SBUA,TODAS,06-12,exato,TS,0,0,,0,0,
SBUA,TODAS,06-12,exato,+RA,0,0,,0,0,
SBUA,TODAS,06-12,exato,+TSRA,0,0,,0,0,
SBUA,TODAS,06-12,exato,TSRA,0,0,,0,0,
SBUA,TODAS,06-12,sem_intensidade,TS,0,0,,0,0,
SBUA,TODAS,06-12,sem_intensidade,TSRA,0,0,,0,0,
SBUA,TODAS,06-12,sem_intensidade,+RA,0,0,,0,0,
SBUA,TODAS,12-18,exato,TS,0,0,,0,0,
SBUA,TODAS,12-18,exato,+RA,0,0,,0,0,
SBUA,TODAS,12-18,exato,+TSRA,0,0,,0,0,
SBUA,TODAS,12-18,exato,TSRA,0,0,,0,0,
SBUA,TODAS,12-18,sem_intensidade,TS,0,0,,0,0,
SBUA,TODAS,12-18,sem_intensidade,TSRA,0,0,,0,0,
SBUA,TODAS,12-18,sem_intensidade,+RA,0,0,,0,0,
SBUA,TODAS,18-24,exato,TS,0,0,,0,0,
SBUA,TODAS,18-24,exato,+RA,0,0,,0,0,
SBUA,TODAS,18-24,exato,+TSRA,0,0,,0,0,
SBUA,TODAS,18-24,exato,TSRA,0,0,,0,0,
SBUA,TODAS,18-24,sem_intensidade,TS,0,0,,0,0,
SBUA,TODAS,18-24,sem_intensidade,TSRA,0,0,,0,0,
SBUA,TODAS,18-24,sem_intensidade,+RA,0,0,,0,0,
SBUA,TODAS,TODOS,exato,TS,0,0,,0,0,
SBUA,TODAS,TODOS,exato,+RA,0,0,,0,0,
SBUA,TODAS,TODOS,exato,+TSRA,0,0,,0,0,
SBUA,TODAS,TODOS,exato,TSRA,0,0,,0,0,
SBUA,TODAS,TODOS,sem_intensidade,TS,0,0,,0,0,
SBUA,TODAS,TODOS,sem_intensidade,TSRA,0,0,,0,0,
SBUA,TODAS,TODOS,sem_intensidade,+RA,0,0,,0,0,
SBUG,Verao,00-06,exato,TS,0,0,,0,0,
SBUG,Verao,00-06,exato,+RA,0,0,,0,0,
SBUG,Verao,00-06,exato,+TSRA,0,0,,0,0,
SBUG,Verao,00-06,exato,TSRA,0,0,,0,0,
SBUG,Verao,00-06,sem_intensidade,TS,0,0,,0,0,
SBUG,Verao,00-06,sem_intensidade,TSRA,0,0,,0,0,
SBUG,Verao,00-06,sem_intensidade,+RA,0,0,,0,0,
SBUG,Verao,06-12,exato,TS,0,0,,0,0,
SBUG,Verao,06-12,exato,+RA,0,0,,0,0,
SBUG,Verao,06-12,exato,+TSRA,0,0,,0,0,
SBUG,Verao,06-12,exato,TSRA,0,0,,0,0,
SBUG,Verao,06-12,sem_intensidade,TS,0,0,,0,0,
SBUG,Verao,06-12,sem_intensidade,TSRA,0,0,,0,0,
SBUG,Verao,06-12,sem_intensidade,+RA,0,0,,0,0,
SBUG,Verao,12-18,exato,TS,0,0,,0,0,
SBUG,Verao,12-18,exato,+RA,0,0,,0,0,
SBUG,Verao,12-18,exato,+TSRA,0,0,,0,0,
SBUG,Verao,12-18,exato,TSRA,0,0,,0,0,
SBUG,Verao,12-18,sem_intensidade,TS,0,0,,0,0,
SBUG,Verao,12-18,sem_intensidade,TSRA,0,0,,0,0,
SBUG,Verao,12-18,sem_intensidade,+RA,0,0,,0,0,
SBUG,Verao,18-24,exato,TS,0,0,,0,0,
SBUG,Verao,18-24,exato,+RA,0,0,,0,0,
SBUG,Verao,18-24,exato,+TSRA,0,0,,0,0,
SBUG,Verao,18-24,exato,TSRA,0,0,,0,0,
SBUG,Verao,18-24,sem_intensidade,TS,0,0,,0,0,
SBUG,Verao,18-24,sem_intensidade,TSRA,0,0,,0,0,
SBUG,Verao,18-24,sem_intensidade,+RA,0,0,,0,0,
SBUG,Verao,TODOS,exato,TS,0,0,,0,0,
SBUG,Verao,TODOS,exato,+RA,0,0,,0,0,
SBUG,Verao,TODOS,exato,+TSRA,0,0,,0,0,
SBUG,Verao,TODOS,exato,TSRA,0,0,,0,0,
SBUG,Verao,TODOS,sem_intensidade,TS,0,0,,0,0,
SBUG,Verao,TODOS,sem_intensidade,TSRA,0,0,,0,0,
SBUG,Verao,TODOS,sem_intensidade,+RA,0,0,,0,0,
SBUG,Outono,00-06,exato,TS,0,0,,0,0,
SBUG,Outono,00-06,exato,+RA,0,0,,0,0,
SBUG,Outono,00-06,exato,+TSRA,0,0,,0,0,
SBUG,Outono,00-06,exato,TSRA,0,0,,0,0,
SBUG,Outono,00-06,sem_intensidade,TS,0,0,,0,0,
SBUG,Outono,00-06,sem_intensidade,TSRA,0,0,,0,0,
SBUG,Outono,00-06,sem_intensidade,+RA,0,0,,0,0,
SBUG,Outono,06-12,exato,TS,0,0,,0,0,
SBUG,Outono,06-12,exato,+RA,0,0,,0,0,
SBUG,Outono,06-12,exato,+TSRA,0,0,,0,0,
SBUG,Outono,06-12,exato,TSRA,0,0,,0,0,
SBUG,Outono,06-12,sem_intensidade,TS,0,0,,0,0,
SBUG,Outono,06-12,sem_intensidade,TSRA,0,0,,0,0,
SBUG,Outono,06-12,sem_intensidade,+RA,0,0,,0,0,
SBUG,Outono,12-18,exato,TS,0,0,,0,0,
SBUG,Outono,12-18,exato,+RA,0,0,,0,0,
SBUG,Outono,12-18,exato,+TSRA,0,0,,0,0,
SBUG,Outono,12-18,exato,TSRA,0,0,,0,0,
SBUG,Outono,12-18,sem_intensidade,TS,0,0,,0,0,
SBUG,Outono,12-18,sem_intensidade,TSRA,0,0,,0,0,
SBUG,Outono,12-18,sem_intensidade,+RA,0,0,,0,0,
SBUG,Outono,18-24,exato,TS,0,0,,0,0,
SBUG,Outono,18-24,exato,+RA,0,0,,0,0,
SBUG,Outono,18-24,exato,+TSRA,0,0,,0,0,
SBUG,Outono,18-24,exato,TSRA,0,0,,0,0,
SBUG,Outono,18-24,sem_intensidade,TS,0,0,,0,0,
SBUG,Outono,18-24,sem_intensidade,TSRA,0,0,,0,0,
SBUG,Outono,18-24,sem_intensidade,+RA,0,0,,0,0,
SBUG,Outono,TODOS,exato,TS,0,0,,0,0,
SBUG,Outono,TODOS,exato,+RA,0,0,,0,0,
SBUG,Outono,TODOS,exato,+TSRA,0,0,,0,0,
SBUG,Outono,TODOS,exato,TSRA,0,0,,0,0,
SBUG,Outono,TODOS,sem_intensidade,TS,0,0,,0,0,
SBUG,Outono,TODOS,sem_intensidade,TSRA,0,0,,0,0,
SBUG,Outono,TODOS,sem_intensidade,+RA,0,0,,0,0,
SBUG,Inverno,00-06,exato,TS,0,0,,0,0,
SBUG,Inverno,00-06,exato,+RA,0,0,,0,0,
SBUG,Inverno,00-06,exato,+TSRA,0,0,,0,0,
SBUG,Inverno,00-06,exato,TSRA,0,0,,0,0,
SBUG,Inverno,00-06,sem_intensidade,TS,0,0,,0,0,
SBUG,Inverno,00-06,sem_intensidade,TSRA,0,0,,0,0,
SBUG,Inverno,00-06,sem_intensidade,+RA,0,0,,0,0,
SBUG,Inverno,06-12,exato,TS,0,0,,0,0,
SBUG,Inverno,06-12,exato,+RA,0,0,,0,0,
SBUG,Inverno,06-12,exato,+TSRA,0,0,,0,0,
SBUG,Inverno,06-12,exato,TSRA,0,0,,0,0,
SBUG,Inverno,06-12,sem_intensidade,TS,0,0,,0,0,
SBUG,Inverno,06-12,sem_intensidade,TSRA,0,0,,0,0,
SBUG,Inverno,06-12,sem_intensidade,+RA,0,0,,0,0,
SBUG,Inverno,12-18,exato,TS,0,0,,0,0,
SBUG,Inverno,12-18,exato,+RA,0,0,,0,0,
SBUG,Inverno,12-18,exato,+TSRA,0,0,,0,0,
SBUG,Inverno,12-18,exato,TSRA,0,0,,0,0,
SBUG,Inverno,12-18,sem_intensidade,TS,0,0,,0,0,
SBUG,Inverno,12-18,sem_intensidade,TSRA,0,0,,0,0,
SBUG,Inverno,12-18,sem_intensidade,+RA,0,0,,0,0,
SBUG,Inverno,18-24,exato,TS,0,0,,0,0,
SBUG,Inverno,18-24,exato,+RA,0,0,,0,0,
SBUG,Inverno,18-24,exato,+TSRA,0,0,,0,0,
SBUG,Inverno,18-24,exato,TSRA,0,0,,0,0,
SBUG,Inverno,18-24,sem_intensidade,TS,0,0,,0,0,
SBUG,Inverno,18-24,sem_intensidade,TSRA,0,0,,0,0,
SBUG,Inverno,18-24,sem_intensidade,+RA,0,0,,0,0,
SBUG,Inverno,TODOS,exato,TS,0,0,,0,0,
SBUG,Inverno,TODOS,exato,+RA,0,0,,0,0,
SBUG,Inverno,TODOS,exato,+TSRA,0,0,,0,0,
SBUG,Inverno,TODOS,exato,TSRA,0,0,,0,0,
SBUG,Inverno,TODOS,sem_intensidade,TS,0,0,,0,0,
SBUG,Inverno,TODOS,sem_intensidade,TSRA,0,0,,0,0,
SBUG,Inverno,TODOS,sem_intensidade,+RA,0,0,,0,0,
SBUG,Primavera,00-06,exato,TS,0,0,,0,0,
SBUG,Primavera,00-06,exato,+RA,0,0,,0,0,
SBUG,Primavera,00-06,exato,+TSRA,0,0,,0,0,
SBUG,Primavera,00-06,exato,TSRA,0,0,,0,0,
SBUG,Primavera,00-06,sem_intensidade,TS,0,0,,0,0,
SBUG,Primavera,00-06,sem_intensidade,TSRA,0,0,,0,0,
SBUG,Primavera,00-06,sem_intensidade,+RA,0,0,,0,0,
SBUG,Primavera,06-12,exato,TS,0,0,,0,0,
SBUG,Primavera,06-12,exato,+RA,0,0,,0,0,
SBUG,Primavera,06-12,exato,+TSRA,0,0,,0,0,
SBUG,Primavera,06-12,exato,TSRA,0,0,,0,0,
SBUG,Primavera,06-12,sem_intensidade,TS,0,0,,0,0,
SBUG,Primavera,06-12,sem_intensidade,TSRA,0,0,,0,0,
SBUG,Primavera,06-12,sem_intensidade,+RA,0,0,,0,0,
SBUG,Primavera,12-18,exato,TS,0,0,,0,0,
SBUG,Primavera,12-18,exato,+RA,0,0,,0,0,
SBUG,Primavera,12-18,exato,+TSRA,0,0,,0,0,
SBUG,Primavera,12-18,exato,TSRA,0,0,,0,0,
SBUG,Primavera,12-18,sem_intensidade,TS,0,0,,0,0,
SBUG,Primavera,12-18,sem_intensidade,TSRA,0,0,,0,0,
SBUG,Primavera,12-18,sem_intensidade,+RA,0,0,,0,0,
SBUG,Primavera,18-24,exato,TS,0,0,,0,0,
SBUG,Primavera,18-24,exato,+RA,0,0,,0,0,
SBUG,Primavera,18-24,exato,+TSRA,0,0,,0,0,
SBUG,Primavera,18-24,exato,TSRA,0,0,,0,0,
SBUG,Primavera,18-24,sem_intensidade,TS,0,0,,0,0,
SBUG,Primavera,18-24,sem_intensidade,TSRA,0,0,,0,0,
SBUG,Primavera,18-24,sem_intensidade,+RA,0,0,,0,0,
SBUG,Primavera,TODOS,exato,TS,0,0,,0,0,
SBUG,Primavera,TODOS,exato,+RA,0,0,,0,0,
SBUG,Primavera,TODOS,exato,+TSRA,0,0,,0,0,
SBUG,Primavera,TODOS,exato,TSRA,0,0,,0,0,
SBUG,Primavera,TODOS,sem_intensidade,TS,0,0,,0,0,
SBUG,Primavera,TODOS,sem_intensidade,TSRA,0,0,,0,0,
SBUG,Primavera,TODOS,sem_intensidade,+RA,0,0,,0,0,
SBUG,TODAS,00-06,exato,TS,0,0,,0,0,
SBUG,TODAS,00-06,exato,+RA,0,0,,0,0,
SBUG,TODAS,00-06,exato,+TSRA,0,0,,0,0,
SBUG,TODAS,00-06,exato,TSRA,0,0,,0,0,
SBUG,TODAS,00-06,sem_intensidade,TS,0,0,,0,0,
SBUG,TODAS,00-06,sem_intensidade,TSRA,0,0,,0,0,
SBUG,TODAS,00-06,sem_intensidade,+RA,0,0,,0,0,
SBUG,TODAS,06-12,exato,TS,0,0,,0,0,
SBUG,TODAS,06-12,exato,+RA,0,0,,0,0,
SBUG,TODAS,06-12,exato,+TSRA,0,0,,0,0,
SBUG,TODAS,06-12,exato,TSRA,0,0,,0,0,
SBUG,TODAS,06-12,sem_intensidade,TS,0,0,,0,0,
SBUG,TODAS,06-12,sem_intensidade,TSRA,0,0,,0,0,
SBUG,TODAS,06-12,sem_intensidade,+RA,0,0,,0,0,
SBUG,TODAS,12-18,exato,TS,0,0,,0,0,
SBUG,TODAS,12-18,exato,+RA,0,0,,0,0,
SBUG,TODAS,12-18,exato,+TSRA,0,0,,0,0,
SBUG,TODAS,12-18,exato,TSRA,0,0,,0,0,
SBUG,TODAS,12-18,sem_intensidade,TS,0,0,,0,0,
SBUG,TODAS,12-18,sem_intensidade,TSRA,0,0,,0,0,
SBUG,TODAS,12-18,sem_intensidade,+RA,0,0,,0,0,
SBUG,TODAS,18-24,exato,TS,0,0,,0,0,
SBUG,TODAS,18-24,exato,+RA,0,0,,0,0,
SBUG,TODAS,18-24,exato,+TSRA,0,0,,0,0,
SBUG,TODAS,18-24,exato,TSRA,0,0,,0,0,
SBUG,TODAS,18-24,sem_intensidade,TS,0,0,,0,0,
SBUG,TODAS,18-24,sem_intensidade,TSRA,0,0,,0,0,
SBUG,TODAS,18-24,sem_intensidade,+RA,0,0,,0,0,
SBUG,TODAS,TODOS,exato,TS,0,0,,0,0,
SBUG,TODAS,TODOS,exato,+RA,0,0,,0,0,
SBUG,TODAS,TODOS,exato,+TSRA,0,0,,0,0,
SBUG,TODAS,TODOS,exato,TSRA,0,0,,0,0,
SBUG,TODAS,TODOS,sem_intensidade,TS,0,0,,0,0,
SBUG,TODAS,TODOS,sem_intensidade,TSRA,0,0,,0,0,
SBUG,TODAS,TODOS,sem_intensidade,+RA,0,0,,0,0,
SBVG,Verao,00-06,exato,TS,0,0,,0,0,
SBVG,Verao,00-06,exato,+RA,0,0,,0,0,
SBVG,Verao,00-06,exato,+TSRA,0,0,,0,0,
SBVG,Verao,00-06,exato,TSRA,0,0,,0,0,
SBVG,Verao,00-06,sem_intensidade,TS,0,0,,0,0,
SBVG,Verao,00-06,sem_intensidade,TSRA,0,0,,0,0,
SBVG,Verao,00-06,sem_intensidade,+RA,0,0,,0,0,
SBVG,Verao,06-12,exato,TS,0,0,,0,0,
SBVG,Verao,06-12,exato,+RA,0,0,,0,0,
SBVG,Verao,06-12,exato,+TSRA,0,0,,0,0,
SBVG,Verao,06-12,exato,TSRA,0,0,,0,0,
SBVG,Verao,06-12,sem_intensidade,TS,0,0,,0,0,
SBVG,Verao,06-12,sem_intensidade,TSRA,0,0,,0,0,
SBVG,Verao,06-12,sem_intensidade,+RA,0,0,,0,0,
SBVG,Verao,12-18,exato,TS,0,0,,0,0,
SBVG,Verao,12-18,exato,+RA,0,0,,0,0,
SBVG,Verao,12-18,exato,+TSRA,0,0,,0,0,
SBVG,Verao,12-18,exato,TSRA,0,0,,0,0,
SBVG,Verao,12-18,sem_intensidade,TS,0,0,,0,0,
SBVG,Verao,12-18,sem_intensidade,TSRA,0,0,,0,0,
SBVG,Verao,12-18,sem_intensidade,+RA,0,0,,0,0,
SBVG,Verao,18-24,exato,TS,0,0,,0,0,
SBVG,Verao,18-24,exato,+RA,0,0,,0,0,
SBVG,Verao,18-24,exato,+TSRA,0,0,,0,0,
SBVG,Verao,18-24,exato,TSRA,0,0,,0,0,
SBVG,Verao,18-24,sem_intensidade,TS,0,0,,0,0,
SBVG,Verao,18-24,sem_intensidade,TSRA,0,0,,0,0,
SBVG,Verao,18-24,sem_intensidade,+RA,0,0,,0,0,
SBVG,Verao,TODOS,exato,TS,0,0,,0,0,
SBVG,Verao,TODOS,exato,+RA,0,0,,0,0,
SBVG,Verao,TODOS,exato,+TSRA,0,0,,0,0,
SBVG,Verao,TODOS,exato,TSRA,0,0,,0,0,
SBVG,Verao,TODOS,sem_intensidade,TS,0,0,,0,0,
SBVG,Verao,TODOS,sem_intensidade,TSRA,0,0,,0,0,
SBVG,Verao,TODOS,sem_intensidade,+RA,0,0,,0,0,
SBVG,Outono,00-06,exato,TS,0,0,,0,0,
SBVG,Outono,00-06,exato,+RA,0,0,,0,0,
SBVG,Outono,00-06,exato,+TSRA,0,0,,0,0,
SBVG,Outono,00-06,exato,TSRA,0,0,,0,0,
SBVG,Outono,00-06,sem_intensidade,TS,0,0,,0,0,
SBVG,Outono,00-06,sem_intensidade,TSRA,0,0,,0,0,
SBVG,Outono,00-06,sem_intensidade,+RA,0,0,,0,0,
SBVG,Outono,06-12,exato,TS,0,0,,0,0,
SBVG,Outono,06-12,exato,+RA,0,0,,0,0,
SBVG,Outono,06-12,exato,+TSRA,0,0,,0,0,
SBVG,Outono,06-12,exato,TSRA,0,0,,0,0,
SBVG,Outono,06-12,sem_intensidade,TS,0,0,,0,0,
SBVG,Outono,06-12,sem_intensidade,TSRA,0,0,,0,0,
SBVG,Outono,06-12,sem_intensidade,+RA,0,0,,0,0,
SBVG,Outono,12-18,exato,TS,0,0,,0,0,
SBVG,Outono,12-18,exato,+RA,0,0,,0,0,
SBVG,Outono,12-18,exato,+TSRA,0,0,,0,0,
SBVG,Outono,12-18,exato,TSRA,0,0,,0,0,
SBVG,Outono,12-18,sem_intensidade,TS,0,0,,0,0,
SBVG,Outono,12-18,sem_intensidade,TSRA,0,0,,0,0,
SBVG,Outono,12-18,sem_intensidade,+RA,0,0,,0,0,
SBVG,Outono,18-24,exato,TS,0,0,,0,0,
SBVG,Outono,18-24,exato,+RA,0,0,,0,0,
SBVG,Outono,18-24,exato,+TSRA,0,0,,0,0,
SBVG,Outono,18-24,exato,TSRA,0,0,,0,0,
SBVG,Outono,18-24,sem_intensidade,TS,0,0,,0,0,
SBVG,Outono,18-24,sem_intensidade,TSRA,0,0,,0,0,
SBVG,Outono,18-24,sem_intensidade,+RA,0,0,,0,0,
SBVG,Outono,TODOS,exato,TS,0,0,,0,0,
SBVG,Outono,TODOS,exato,+RA,0,0,,0,0,
SBVG,Outono,TODOS,exato,+TSRA,0,0,,0,0,
SBVG,Outono,TODOS,exato,TSRA,0,0,,0,0,
SBVG,Outono,TODOS,sem_intensidade,TS,0,0,,0,0,
SBVG,Outono,TODOS,sem_intensidade,TSRA,0,0,,0,0,
SBVG,Outono,TODOS,sem_intensidade,+RA,0,0,,0,0,
SBVG,Inverno,00-06,exato,TS,0,0,,0,0,
SBVG,Inverno,00-06,exato,+RA,0,0,,0,0,
SBVG,Inverno,00-06,exato,+TSRA,0,0,,0,0,
SBVG,Inverno,00-06,exato,TSRA,0,0,,0,0,
SBVG,Inverno,00-06,sem_intensidade,TS,0,0,,0,0,
SBVG,Inverno,00-06,sem_intensidade,TSRA,0,0,,0,0,
SBVG,Inverno,00-06,sem_intensidade,+RA,0,0,,0,0,
SBVG,Inverno,06-12,exato,TS,0,0,,0,0,
SBVG,Inverno,06-12,exato,+RA,0,0,,0,0,
SBVG,Inverno,06-12,exato,+TSRA,0,0,,0,0,
SBVG,Inverno,06-12,exato,TSRA,0,0,,0,0,
SBVG,Inverno,06-12,sem_intensidade,TS,0,0,,0,0,
SBVG,Inverno,06-12,sem_intensidade,TSRA,0,0,,0,0,
SBVG,Inverno,06-12,sem_intensidade,+RA,0,0,,0,0,
SBVG,Inverno,12-18,exato,TS,0,0,,0,0,
SBVG,Inverno,12-18,exato,+RA,0,0,,0,0,
SBVG,Inverno,12-18,exato,+TSRA,0,0,,0,0,
SBVG,Inverno,12-18,exato,TSRA,0,0,,0,0,
SBVG,Inverno,12-18,sem_intensidade,TS,0,0,,0,0,
SBVG,Inverno,12-18,sem_intensidade,TSRA,0,0,,0,0,
SBVG,Inverno,12-18,sem_intensidade,+RA,0,0,,0,0,
SBVG,Inverno,18-24,exato,TS,0,0,,0,0,
SBVG,Inverno,18-24,exato,+RA,0,0,,0,0,
SBVG,Inverno,18-24,exato,+TSRA,0,0,,0,0,
SBVG,Inverno,18-24,exato,TSRA,0,0,,0,0,
SBVG,Inverno,18-24,sem_intensidade,TS,0,0,,0,0,
SBVG,Inverno,18-24,sem_intensidade,TSRA,0,0,,0,0,
SBVG,Inverno,18-24,sem_intensidade,+RA,0,0,,0,0,
SBVG,Inverno,TODOS,exato,TS,0,0,,0,0,
SBVG,Inverno,TODOS,exato,+RA,0,0,,0,0,
SBVG,Inverno,TODOS,exato,+TSRA,0,0,,0,0,
SBVG,Inverno,TODOS,exato,TSRA,0,0,,0,0,
SBVG,Inverno,TODOS,sem_intensidade,TS,0,0,,0,0,
SBVG,Inverno,TODOS,sem_intensidade,TSRA,0,0,,0,0,
SBVG,Inverno,TODOS,sem_intensidade,+RA,0,0,,0,0,
SBVG,Primavera,00-06,exato,TS,0,0,,0,0,
SBVG,Primavera,00-06,exato,+RA,0,0,,0,0,
SBVG,Primavera,00-06,exato,+TSRA,0,0,,0,0,
SBVG,Primavera,00-06,exato,TSRA,0,0,,0,0,
SBVG,Primavera,00-06,sem_intensidade,TS,0,0,,0,0,
SBVG,Primavera,00-06,sem_intensidade,TSRA,0,0,,0,0,
SBVG,Primavera,00-06,sem_intensidade,+RA,0,0,,0,0,
SBVG,Primavera,06-12,exato,TS,0,0,,0,0,
SBVG,Primavera,06-12,exato,+RA,0,0,,0,0,
SBVG,Primavera,06-12,exato,+TSRA,0,0,,0,0,
SBVG,Primavera,06-12,exato,TSRA,0,0,,0,0,
SBVG,Primavera,06-12,sem_intensidade,TS,0,0,,0,0,
SBVG,Primavera,06-12,sem_intensidade,TSRA,0,0,,0,0,
SBVG,Primavera,06-12,sem_intensidade,+RA,0,0,,0,0,
SBVG,Primavera,12-18,exato,TS,0,0,,0,0,
SBVG,Primavera,12-18,exato,+RA,0,0,,0,0,
SBVG,Primavera,12-18,exato,+TSRA,0,0,,0,0,
SBVG,Primavera,12-18,exato,TSRA,0,0,,0,0,
SBVG,Primavera,12-18,sem_intensidade,TS,0,0,,0,0,
SBVG,Primavera,12-18,sem_intensidade,TSRA,0,0,,0,0,
SBVG,Primavera,12-18,sem_intensidade,+RA,0,0,,0,0,
SBVG,Primavera,18-24,exato,TS,0,0,,0,0,
SBVG,Primavera,18-24,exato,+RA,0,0,,0,0,
SBVG,Primavera,18-24,exato,+TSRA,0,0,,0,0,
SBVG,Primavera,18-24,exato,TSRA,0,0,,0,0,
SBVG,Primavera,18-24,sem_intensidade,TS,0,0,,0,0,
SBVG,Primavera,18-24,sem_intensidade,TSRA,0,0,,0,0,
SBVG,Primavera,18-24,sem_intensidade,+RA,0,0,,0,0,
SBVG,Primavera,TODOS,exato,TS,0,0,,0,0,
SBVG,Primavera,TODOS,exato,+RA,0,0,,0,0,
SBVG,Primavera,TODOS,exato,+TSRA,0,0,,0,0,
SBVG,Primavera,TODOS,exato,TSRA,0,0,,0,0,
SBVG,Primavera,TODOS,sem_intensidade,TS,0,0,,0,0,
SBVG,Primavera,TODOS,sem_intensidade,TSRA,0,0,,0,0,
SBVG,Primavera,TODOS,sem_intensidade,+RA,0,0,,0,0,
SBVG,TODAS,00-06,exato,TS,0,0,,0,0,
SBVG,TODAS,00-06,exato,+RA,0,0,,0,0,
SBVG,TODAS,00-06,exato,+TSRA,0,0,,0,0,
SBVG,TODAS,00-06,exato,TSRA,0,0,,0,0,
SBVG,TODAS,00-06,sem_intensidade,TS,0,0,,0,0,
SBVG,TODAS,00-06,sem_intensidade,TSRA,0,0,,0,0,
SBVG,TODAS,00-06,sem_intensidade,+RA,0,0,,0,0,
SBVG,TODAS,06-12,exato,TS,0,0,,0,0,
SBVG,TODAS,06-12,exato,+RA,0,0,,0,0,
SBVG,TODAS,06-12,exato,+TSRA,0,0,,0,0,
SBVG,TODAS,06-12,exato,TSRA,0,0,,0,0,
SBVG,TODAS,06-12,sem_intensidade,TS,0,0,,0,0,
SBVG,TODAS,06-12,sem_intensidade,TSRA,0,0,,0,0,
SBVG,TODAS,06-12,sem_intensidade,+RA,0,0,,0,0,
SBVG,TODAS,12-18,exato,TS,0,0,,0,0,
SBVG,TODAS,12-18,exato,+RA,0,0,,0,0,
SBVG,TODAS,12-18,exato,+TSRA,0,0,,0,0,
SBVG,TODAS,12-18,exato,TSRA,0,0,,0,0,
SBVG,TODAS,12-18,sem_intensidade,TS,0,0,,0,0,
SBVG,TODAS,12-18,sem_intensidade,TSRA,0,0,,0,0,
SBVG,TODAS,12-18,sem_intensidade,+RA,0,0,,0,0,
SBVG,TODAS,18-24,exato,TS,0,0,,0,0,
SBVG,TODAS,18-24,exato,+RA,0,0,,0,0,
SBVG,TODAS,18-24,exato,+TSRA,0,0,,0,0,
SBVG,TODAS,18-24,exato,TSRA,0,0,,0,0,
SBVG,TODAS,18-24,sem_intensidade,TS,0,0,,0,0,
SBVG,TODAS,18-24,sem_intensidade,TSRA,0,0,,0,0,
SBVG,TODAS,18-24,sem_intensidade,+RA,0,0,,0,0,
SBVG,TODAS,TODOS,exato,TS,0,0,,0,0,
SBVG,TODAS,TODOS,exato,+RA,0,0,,0,0,
SBVG,TODAS,TODOS,exato,+TSRA,0,0,,0,0,
SBVG,TODAS,TODOS,exato,TSRA,0,0,,0,0,
SBVG,TODAS,TODOS,sem_intensidade,TS,0,0,,0,0,
SBVG,TODAS,TODOS,sem_intensidade,TSRA,0,0,,0,0,
SBVG,TODAS,TODOS,sem_intensidade,+RA,0,0,,0,0,
SBVH,Verao,00-06,exato,TS,0,0,,0,0,
SBVH,Verao,00-06,exato,+RA,0,0,,0,0,
SBVH,Verao,00-06,exato,+TSRA,0,0,,0,0,
SBVH,Verao,00-06,exato,TSRA,0,0,,0,0,
SBVH,Verao,00-06,sem_intensidade,TS,0,0,,0,0,
SBVH,Verao,00-06,sem_intensidade,TSRA,0,0,,0,0,
SBVH,Verao,00-06,sem_intensidade,+RA,0,0,,0,0,
SBVH,Verao,06-12,exato,TS,0,0,,0,0,
SBVH,Verao,06-12,exato,+RA,0,0,,0,0,
SBVH,Verao,06-12,exato,+TSRA,0,0,,0,0,
SBVH,Verao,06-12,exato,TSRA,0,0,,0,0,
SBVH,Verao,06-12,sem_intensidade,TS,0,0,,0,0,
SBVH,Verao,06-12,sem_intensidade,TSRA,0,0,,0,0,
SBVH,Verao,06-12,sem_intensidade,+RA,0,0,,0,0,
SBVH,Verao,12-18,exato,TS,0,0,,0,0,
SBVH,Verao,12-18,exato,+RA,0,0,,0,0,
SBVH,Verao,12-18,exato,+TSRA,0,0,,0,0,
SBVH,Verao,12-18,exato,TSRA,0,0,,0,0,
SBVH,Verao,12-18,sem_intensidade,TS,0,0,,0,0,
SBVH,Verao,12-18,sem_intensidade,TSRA,0,0,,0,0,
SBVH,Verao,12-18,sem_intensidade,+RA,0,0,,0,0,
SBVH,Verao,18-24,exato,TS,0,0,,0,0,
SBVH,Verao,18-24,exato,+RA,0,0,,0,0,
SBVH,Verao,18-24,exato,+TSRA,0,0,,0,0,
SBVH,Verao,18-24,exato,TSRA,0,0,,0,0,
SBVH,Verao,18-24,sem_intensidade,TS,0,0,,0,0,
SBVH,Verao,18-24,sem_intensidade,TSRA,0,0,,0,0,
SBVH,Verao,18-24,sem_intensidade,+RA,0,0,,0,0,
SBVH,Verao,TODOS,exato,TS,0,0,,0,0,
SBVH,Verao,TODOS,exato,+RA,0,0,,0,0,
SBVH,Verao,TODOS,exato,+TSRA,0,0,,0,0,
SBVH,Verao,TODOS,exato,TSRA,0,0,,0,0,
SBVH,Verao,TODOS,sem_intensidade,TS,0,0,,0,0,
SBVH,Verao,TODOS,sem_intensidade,TSRA,0,0,,0,0,
SBVH,Verao,TODOS,sem_intensidade,+RA,0,0,,0,0,
SBVH,Outono,00-06,exato,TS,0,0,,0,0,
SBVH,Outono,00-06,exato,+RA,0,0,,0,0,
SBVH,Outono,00-06,exato,+TSRA,0,0,,0,0,
SBVH,Outono,00-06,exato,TSRA,0,0,,0,0,
SBVH,Outono,00-06,sem_intensidade,TS,0,0,,0,0,
SBVH,Outono,00-06,sem_intensidade,TSRA,0,0,,0,0,
SBVH,Outono,00-06,sem_intensidade,+RA,0,0,,0,0,
SBVH,Outono,06-12,exato,TS,0,0,,0,0,
SBVH,Outono,06-12,exato,+RA,0,0,,0,0,
SBVH,Outono,06-12,exato,+TSRA,0,0,,0,0,
SBVH,Outono,06-12,exato,TSRA,0,0,,0,0,
SBVH,Outono,06-12,sem_intensidade,TS,0,0,,0,0,
SBVH,Outono,06-12,sem_intensidade,TSRA,0,0,,0,0,
SBVH,Outono,06-12,sem_intensidade,+RA,0,0,,0,0,
SBVH,Outono,12-18,exato,TS,0,0,,0,0,
SBVH,Outono,12-18,exato,+RA,0,0,,0,0,
SBVH,Outono,12-18,exato,+TSRA,0,0,,0,0,
SBVH,Outono,12-18,exato,TSRA,0,0,,0,0,
SBVH,Outono,12-18,sem_intensidade,TS,0,0,,0,0,
SBVH,Outono,12-18,sem_intensidade,TSRA,0,0,,0,0,
SBVH,Outono,12-18,sem_intensidade,+RA,0,0,,0,0,
SBVH,Outono,18-24,exato,TS,0,0,,0,0,
SBVH,Outono,18-24,exato,+RA,0,0,,0,0,
SBVH,Outono,18-24,exato,+TSRA,0,0,,0,0,
SBVH,Outono,18-24,exato,TSRA,0,0,,0,0,
SBVH,Outono,18-24,sem_intensidade,TS,0,0,,0,0,
SBVH,Outono,18-24,sem_intensidade,TSRA,0,0,,0,0,
SBVH,Outono,18-24,sem_intensidade,+RA,0,0,,0,0,
SBVH,Outono,TODOS,exato,TS,0,0,,0,0,
SBVH,Outono,TODOS,exato,+RA,0,0,,0,0,
SBVH,Outono,TODOS,exato,+TSRA,0,0,,0,0,
SBVH,Outono,TODOS,exato,TSRA,0,0,,0,0,
SBVH,Outono,TODOS,sem_intensidade,TS,0,0,,0,0,
SBVH,Outono,TODOS,sem_intensidade,TSRA,0,0,,0,0,
SBVH,Outono,TODOS,sem_intensidade,+RA,0,0,,0,0,
SBVH,Inverno,00-06,exato,TS,0,0,,0,0,
SBVH,Inverno,00-06,exato,+RA,0,0,,0,0,
SBVH,Inverno,00-06,exato,+TSRA,0,0,,0,0,
SBVH,Inverno,00-06,exato,TSRA,0,0,,0,0,
SBVH,Inverno,00-06,sem_intensidade,TS,0,0,,0,0,
SBVH,Inverno,00-06,sem_intensidade,TSRA,0,0,,0,0,
SBVH,Inverno,00-06,sem_intensidade,+RA,0,0,,0,0,
SBVH,Inverno,06-12,exato,TS,0,0,,0,0,
SBVH,Inverno,06-12,exato,+RA,0,0,,0,0,
SBVH,Inverno,06-12,exato,+TSRA,0,0,,0,0,
SBVH,Inverno,06-12,exato,TSRA,0,0,,0,0,
SBVH,Inverno,06-12,sem_intensidade,TS,0,0,,0,0,
SBVH,Inverno,06-12,sem_intensidade,TSRA,0,0,,0,0,
SBVH,Inverno,06-12,sem_intensidade,+RA,0,0,,0,0,
SBVH,Inverno,12-18,exato,TS,0,0,,0,0,
SBVH,Inverno,12-18,exato,+RA,0,0,,0,0,
SBVH,Inverno,12-18,exato,+TSRA,0,0,,0,0,
SBVH,Inverno,12-18,exato,TSRA,0,0,,0,0,
SBVH,Inverno,12-18,sem_intensidade,TS,0,0,,0,0,
SBVH,Inverno,12-18,sem_intensidade,TSRA,0,0,,0,0,
SBVH,Inverno,12-18,sem_intensidade,+RA,0,0,,0,0,
SBVH,Inverno,18-24,exato,TS,0,0,,0,0,
SBVH,Inverno,18-24,exato,+RA,0,0,,0,0,
SBVH,Inverno,18-24,exato,+TSRA,0,0,,0,0,
SBVH,Inverno,18-24,exato,TSRA,0,0,,0,0,
SBVH,Inverno,18-24,sem_intensidade,TS,0,0,,0,0,
SBVH,Inverno,18-24,sem_intensidade,TSRA,0,0,,0,0,
SBVH,Inverno,18-24,sem_intensidade,+RA,0,0,,0,0,
SBVH,Inverno,TODOS,exato,TS,0,0,,0,0,
SBVH,Inverno,TODOS,exato,+RA,0,0,,0,0,
SBVH,Inverno,TODOS,exato,+TSRA,0,0,,0,0,
SBVH,Inverno,TODOS,exato,TSRA,0,0,,0,0,
SBVH,Inverno,TODOS,sem_intensidade,TS,0,0,,0,0,
SBVH,Inverno,TODOS,sem_intensidade,TSRA,0,0,,0,0,
SBVH,Inverno,TODOS,sem_intensidade,+RA,0,0,,0,0,
SBVH,Primavera,00-06,exato,TS,0,0,,0,0,
SBVH,Primavera,00-06,exato,+RA,0,0,,0,0,
SBVH,Primavera,00-06,exato,+TSRA,0,0,,0,0,
SBVH,Primavera,00-06,exato,TSRA,0,0,,0,0,
SBVH,Primavera,00-06,sem_intensidade,TS,0,0,,0,0,
SBVH,Primavera,00-06,sem_intensidade,TSRA,0,0,,0,0,
SBVH,Primavera,00-06,sem_intensidade,+RA,0,0,,0,0,
SBVH,Primavera,06-12,exato,TS,0,0,,0,0,
SBVH,Primavera,06-12,exato,+RA,0,0,,0,0,
SBVH,Primavera,06-12,exato,+TSRA,0,0,,0,0,
SBVH,Primavera,06-12,exato,TSRA,0,0,,0,0,
SBVH,Primavera,06-12,sem_intensidade,TS,0,0,,0,0,
SBVH,Primavera,06-12,sem_intensidade,TSRA,0,0,,0,0,
SBVH,Primavera,06-12,sem_intensidade,+RA,0,0,,0,0,
SBVH,Primavera,12-18,exato,TS,0,0,,0,0,
SBVH,Primavera,12-18,exato,+RA,0,0,,0,0,
SBVH,Primavera,12-18,exato,+TSRA,0,0,,0,0,
SBVH,Primavera,12-18,exato,TSRA,0,0,,0,0,
SBVH,Primavera,12-18,sem_intensidade,TS,0,0,,0,0,
SBVH,Primavera,12-18,sem_intensidade,TSRA,0,0,,0,0,
SBVH,Primavera,12-18,sem_intensidade,+RA,0,0,,0,0,
SBVH,Primavera,18-24,exato,TS,0,0,,0,0,
SBVH,Primavera,18-24,exato,+RA,0,0,,0,0,
SBVH,Primavera,18-24,exato,+TSRA,0,0,,0,0,
SBVH,Primavera,18-24,exato,TSRA,0,0,,0,0,
SBVH,Primavera,18-24,sem_intensidade,TS,0,0,,0,0,
SBVH,Primavera,18-24,sem_intensidade,TSRA,0,0,,0,0,
SBVH,Primavera,18-24,sem_intensidade,+RA,0,0,,0,0,
SBVH,Primavera,TODOS,exato,TS,0,0,,0,0,
SBVH,Primavera,TODOS,exato,+RA,0,0,,0,0,
SBVH,Primavera,TODOS,exato,+TSRA,0,0,,0,0,
SBVH,Primavera,TODOS,exato,TSRA,0,0,,0,0,
SBVH,Primavera,TODOS,sem_intensidade,TS,0,0,,0,0,
SBVH,Primavera,TODOS,sem_intensidade,TSRA,0,0,,0,0,
SBVH,Primavera,TODOS,sem_intensidade,+RA,0,0,,0,0,
SBVH,TODAS,00-06,exato,TS,0,0,,0,0,
SBVH,TODAS,00-06,exato,+RA,0,0,,0,0,
SBVH,TODAS,00-06,exato,+TSRA,0,0,,0,0,
SBVH,TODAS,00-06,exato,TSRA,0,0,,0,0,
SBVH,TODAS,00-06,sem_intensidade,TS,0,0,,0,0,
SBVH,TODAS,00-06,sem_intensidade,TSRA,0,0,,0,0,
SBVH,TODAS,00-06,sem_intensidade,+RA,0,0,,0,0,
SBVH,TODAS,06-12,exato,TS,0,0,,0,0,
SBVH,TODAS,06-12,exato,+RA,0,0,,0,0,
SBVH,TODAS,06-12,exato,+TSRA,0,0,,0,0,
SBVH,TODAS,06-12,exato,TSRA,0,0,,0,0,
SBVH,TODAS,06-12,sem_intensidade,TS,0,0,,0,0,
SBVH,TODAS,06-12,sem_intensidade,TSRA,0,0,,0,0,
SBVH,TODAS,06-12,sem_intensidade,+RA,0,0,,0,0,
SBVH,TODAS,12-18,exato,TS,0,0,,0,0,
SBVH,TODAS,12-18,exato,+RA,0,0,,0,0,
SBVH,TODAS,12-18,exato,+TSRA,0,0,,0,0,
SBVH,TODAS,12-18,exato,TSRA,0,0,,0,0,
SBVH,TODAS,12-18,sem_intensidade,TS,0,0,,0,0,
SBVH,TODAS,12-18,sem_intensidade,TSRA,0,0,,0,0,
SBVH,TODAS,12-18,sem_intensidade,+RA,0,0,,0,0,
SBVH,TODAS,18-24,exato,TS,0,0,,0,0,
SBVH,TODAS,18-24,exato,+RA,0,0,,0,0,
SBVH,TODAS,18-24,exato,+TSRA,0,0,,0,0,
SBVH,TODAS,18-24,exato,TSRA,0,0,,0,0,
SBVH,TODAS,18-24,sem_intensidade,TS,0,0,,0,0,
SBVH,TODAS,18-24,sem_intensidade,TSRA,0,0,,0,0,
SBVH,TODAS,18-24,sem_intensidade,+RA,0,0,,0,0,
SBVH,TODAS,TODOS,exato,TS,0,0,,0,0,
SBVH,TODAS,TODOS,exato,+RA,0,0,,0,0,
SBVH,TODAS,TODOS,exato,+TSRA,0,0,,0,0,
SBVH,TODAS,TODOS,exato,TSRA,0,0,,0,0,
SBVH,TODAS,TODOS,sem_intensidade,TS,0,0,,0,0,
SBVH,TODAS,TODOS,sem_intensidade,TSRA,0,0,,0,0,
SBVH,TODAS,TODOS,sem_intensidade,+RA,0,0,,0,0,
SBZM,Verao,00-06,exato,TS,0,0,,0,0,
SBZM,Verao,00-06,exato,+RA,0,0,,0,0,
SBZM,Verao,00-06,exato,+TSRA,0,0,,0,0,
SBZM,Verao,00-06,exato,TSRA,0,0,,0,0,
SBZM,Verao,00-06,sem_intensidade,TS,0,0,,0,0,
SBZM,Verao,00-06,sem_intensidade,TSRA,0,0,,0,0,
SBZM,Verao,00-06,sem_intensidade,+RA,0,0,,0,0,
SBZM,Verao,06-12,exato,TS,0,0,,0,0,
SBZM,Verao,06-12,exato,+RA,0,0,,0,0,
SBZM,Verao,06-12,exato,+TSRA,0,0,,0,0,
SBZM,Verao,06-12,exato,TSRA,0,0,,0,0,
SBZM,Verao,06-12,sem_intensidade,TS,0,0,,0,0,
SBZM,Verao,06-12,sem_intensidade,TSRA,0,0,,0,0,
SBZM,Verao,06-12,sem_intensidade,+RA,0,0,,0,0,
SBZM,Verao,12-18,exato,TS,0,0,,0,0,
SBZM,Verao,12-18,exato,+RA,0,0,,0,0,
SBZM,Verao,12-18,exato,+TSRA,0,0,,0,0,
SBZM,Verao,12-18,exato,TSRA,0,0,,0,0,
SBZM,Verao,12-18,sem_intensidade,TS,0,0,,0,0,
SBZM,Verao,12-18,sem_intensidade,TSRA,0,0,,0,0,
SBZM,Verao,12-18,sem_intensidade,+RA,0,0,,0,0,
SBZM,Verao,18-24,exato,TS,0,0,,0,0,
SBZM,Verao,18-24,exato,+RA,0,0,,0,0,
SBZM,Verao,18-24,exato,+TSRA,0,0,,0,0,
SBZM,Verao,18-24,exato,TSRA,0,0,,0,0,
SBZM,Verao,18-24,sem_intensidade,TS,0,0,,0,0,
SBZM,Verao,18-24,sem_intensidade,TSRA,0,0,,0,0,
SBZM,Verao,18-24,sem_intensidade,+RA,0,0,,0,0,
SBZM,Verao,TODOS,exato,TS,0,0,,0,0,
SBZM,Verao,TODOS,exato,+RA,0,0,,0,0,
SBZM,Verao,TODOS,exato,+TSRA,0,0,,0,0,
SBZM,Verao,TODOS,exato,TSRA,0,0,,0,0,
SBZM,Verao,TODOS,sem_intensidade,TS,0,0,,0,0,
SBZM,Verao,TODOS,sem_intensidade,TSRA,0,0,,0,0,
SBZM,Verao,TODOS,sem_intensidade,+RA,0,0,,0,0,
SBZM,Outono,00-06,exato,TS,0,0,,0,0,
SBZM,Outono,00-06,exato,+RA,0,0,,0,0,
SBZM,Outono,00-06,exato,+TSRA,0,0,,0,0,
SBZM,Outono,00-06,exato,TSRA,0,0,,0,0,
SBZM,Outono,00-06,sem_intensidade,TS,0,0,,0,0,
SBZM,Outono,00-06,sem_intensidade,TSRA,0,0,,0,0,
SBZM,Outono,00-06,sem_intensidade,+RA,0,0,,0,0,
SBZM,Outono,06-12,exato,TS,0,0,,0,0,
SBZM,Outono,06-12,exato,+RA,0,0,,0,0,
SBZM,Outono,06-12,exato,+TSRA,0,0,,0,0,
SBZM,Outono,06-12,exato,TSRA,0,0,,0,0,
SBZM,Outono,06-12,sem_intensidade,TS,0,0,,0,0,
SBZM,Outono,06-12,sem_intensidade,TSRA,0,0,,0,0,
SBZM,Outono,06-12,sem_intensidade,+RA,0,0,,0,0,
SBZM,Outono,12-18,exato,TS,0,0,,0,0,
SBZM,Outono,12-18,exato,+RA,0,0,,0,0,
SBZM,Outono,12-18,exato,+TSRA,0,0,,0,0,
SBZM,Outono,12-18,exato,TSRA,0,0,,0,0,
SBZM,Outono,12-18,sem_intensidade,TS,0,0,,0,0,
SBZM,Outono,12-18,sem_intensidade,TSRA,0,0,,0,0,
SBZM,Outono,12-18,sem_intensidade,+RA,0,0,,0,0,
SBZM,Outono,18-24,exato,TS,0,0,,0,0,
SBZM,Outono,18-24,exato,+RA,0,0,,0,0,
SBZM,Outono,18-24,exato,+TSRA,0,0,,0,0,
SBZM,Outono,18-24,exato,TSRA,0,0,,0,0,
SBZM,Outono,18-24,sem_intensidade,TS,0,0,,0,0,
SBZM,Outono,18-24,sem_intensidade,TSRA,0,0,,0,0,
SBZM,Outono,18-24,sem_intensidade,+RA,0,0,,0,0,
SBZM,Outono,TODOS,exato,TS,0,0,,0,0,
SBZM,Outono,TODOS,exato,+RA,0,0,,0,0,
SBZM,Outono,TODOS,exato,+TSRA,0,0,,0,0,
SBZM,Outono,TODOS,exato,TSRA,0,0,,0,0,
SBZM,Outono,TODOS,sem_intensidade,TS,0,0,,0,0,
SBZM,Outono,TODOS,sem_intensidade,TSRA,0,0,,0,0,
SBZM,Outono,TODOS,sem_intensidade,+RA,0,0,,0,0,
SBZM,Inverno,00-06,exato,TS,0,0,,0,0,
SBZM,Inverno,00-06,exato,+RA,0,0,,0,0,
SBZM,Inverno,00-06,exato,+TSRA,0,0,,0,0,
SBZM,Inverno,00-06,exato,TSRA,0,0,,0,0,
SBZM,Inverno,00-06,sem_intensidade,TS,0,0,,0,0,
SBZM,Inverno,00-06,sem_intensidade,TSRA,0,0,,0,0,
SBZM,Inverno,00-06,sem_intensidade,+RA,0,0,,0,0,
SBZM,Inverno,06-12,exato,TS,0,0,,0,0,
SBZM,Inverno,06-12,exato,+RA,0,0,,0,0,
SBZM,Inverno,06-12,exato,+TSRA,0,0,,0,0,
SBZM,Inverno,06-12,exato,TSRA,0,0,,0,0,
SBZM,Inverno,06-12,sem_intensidade,TS,0,0,,0,0,
SBZM,Inverno,06-12,sem_intensidade,TSRA,0,0,,0,0,
SBZM,Inverno,06-12,sem_intensidade,+RA,0,0,,0,0,
SBZM,Inverno,12-18,exato,TS,0,0,,0,0,
SBZM,Inverno,12-18,exato,+RA,0,0,,0,0,
SBZM,Inverno,12-18,exato,+TSRA,0,0,,0,0,
SBZM,Inverno,12-18,exato,TSRA,0,0,,0,0,
SBZM,Inverno,12-18,sem_intensidade,TS,0,0,,0,0,
SBZM,Inverno,12-18,sem_intensidade,TSRA,0,0,,0,0,
SBZM,Inverno,12-18,sem_intensidade,+RA,0,0,,0,0,
SBZM,Inverno,18-24,exato,TS,0,0,,0,0,
SBZM,Inverno,18-24,exato,+RA,0,0,,0,0,
SBZM,Inverno,18-24,exato,+TSRA,0,0,,0,0,
SBZM,Inverno,18-24,exato,TSRA,0,0,,0,0,
SBZM,Inverno,18-24,sem_intensidade,TS,0,0,,0,0,
SBZM,Inverno,18-24,sem_intensidade,TSRA,0,0,,0,0,
SBZM,Inverno,18-24,sem_intensidade,+RA,0,0,,0,0,
SBZM,Inverno,TODOS,exato,TS,0,0,,0,0,
SBZM,Inverno,TODOS,exato,+RA,0,0,,0,0,
SBZM,Inverno,TODOS,exato,+TSRA,0,0,,0,0,
SBZM,Inverno,TODOS,exato,TSRA,0,0,,0,0,
SBZM,Inverno,TODOS,sem_intensidade,TS,0,0,,0,0,
SBZM,Inverno,TODOS,sem_intensidade,TSRA,0,0,,0,0,
SBZM,Inverno,TODOS,sem_intensidade,+RA,0,0,,0,0,
SBZM,Primavera,00-06,exato,TS,0,0,,0,0,
SBZM,Primavera,00-06,exato,+RA,0,0,,0,0,
SBZM,Primavera,00-06,exato,+TSRA,0,0,,0,0,
SBZM,Primavera,00-06,exato,TSRA,0,0,,0,0,
SBZM,Primavera,00-06,sem_intensidade,TS,0,0,,0,0,
SBZM,Primavera,00-06,sem_intensidade,TSRA,0,0,,0,0,
SBZM,Primavera,00-06,sem_intensidade,+RA,0,0,,0,0,
SBZM,Primavera,06-12,exato,TS,0,0,,0,0,
SBZM,Primavera,06-12,exato,+RA,0,0,,0,0,
SBZM,Primavera,06-12,exato,+TSRA,0,0,,0,0,
SBZM,Primavera,06-12,exato,TSRA,0,0,,0,0,
SBZM,Primavera,06-12,sem_intensidade,TS,0,0,,0,0,
SBZM,Primavera,06-12,sem_intensidade,TSRA,0,0,,0,0,
SBZM,Primavera,06-12,sem_intensidade,+RA,0,0,,0,0,
SBZM,Primavera,12-18,exato,TS,0,0,,0,0,
SBZM,Primavera,12-18,exato,+RA,0,0,,0,0,
SBZM,Primavera,12-18,exato,+TSRA,0,0,,0,0,
SBZM,Primavera,12-18,exato,TSRA,0,0,,0,0,
SBZM,Primavera,12-18,sem_intensidade,TS,0,0,,0,0,
SBZM,Primavera,12-18,sem_intensidade,TSRA,0,0,,0,0,
SBZM,Primavera,12-18,sem_intensidade,+RA,0,0,,0,0,
SBZM,Primavera,18-24,exato,TS,0,0,,0,0,
SBZM,Primavera,18-24,exato,+RA,0,0,,0,0,
SBZM,Primavera,18-24,exato,+TSRA,0,0,,0,0,
SBZM,Primavera,18-24,exato,TSRA,0,0,,0,0,
SBZM,Primavera,18-24,sem_intensidade,TS,0,0,,0,0,
SBZM,Primavera,18-24,sem_intensidade,TSRA,0,0,,0,0,
SBZM,Primavera,18-24,sem_intensidade,+RA,0,0,,0,0,
SBZM,Primavera,TODOS,exato,TS,0,0,,0,0,
SBZM,Primavera,TODOS,exato,+RA,0,0,,0,0,
SBZM,Primavera,TODOS,exato,+TSRA,0,0,,0,0,
SBZM,Primavera,TODOS,exato,TSRA,0,0,,0,0,
SBZM,Primavera,TODOS,sem_intensidade,TS,0,0,,0,0,
SBZM,Primavera,TODOS,sem_intensidade,TSRA,0,0,,0,0,
SBZM,Primavera,TODOS,sem_intensidade,+RA,0,0,,0,0,
SBZM,TODAS,00-06,exato,TS,0,0,,0,0,
SBZM,TODAS,00-06,exato,+RA,0,0,,0,0,
SBZM,TODAS,00-06,exato,+TSRA,0,0,,0,0,
SBZM,TODAS,00-06,exato,TSRA,0,0,,0,0,
SBZM,TODAS,00-06,sem_intensidade,TS,0,0,,0,0,
SBZM,TODAS,00-06,sem_intensidade,TSRA,0,0,,0,0,
SBZM,TODAS,00-06,sem_intensidade,+RA,0,0,,0,0,
SBZM,TODAS,06-12,exato,TS,0,0,,0,0,
SBZM,TODAS,06-12,exato,+RA,0,0,,0,0,
SBZM,TODAS,06-12,exato,+TSRA,0,0,,0,0,
SBZM,TODAS,06-12,exato,TSRA,0,0,,0,0,
SBZM,TODAS,06-12,sem_intensidade,TS,0,0,,0,0,
SBZM,TODAS,06-12,sem_intensidade,TSRA,0,0,,0,0,
SBZM,TODAS,06-12,sem_intensidade,+RA,0,0,,0,0,
SBZM,TODAS,12-18,exato,TS,0,0,,0,0,
SBZM,TODAS,12-18,exato,+RA,0,0,,0,0,
SBZM,TODAS,12-18,exato,+TSRA,0,0,,0,0,
SBZM,TODAS,12-18,exato,TSRA,0,0,,0,0,
SBZM,TODAS,12-18,sem_intensidade,TS,0,0,,0,0,
SBZM,TODAS,12-18,sem_intensidade,TSRA,0,0,,0,0,
SBZM,TODAS,12-18,sem_intensidade,+RA,0,0,,0,0,
SBZM,TODAS,18-24,exato,TS,0,0,,0,0,
SBZM,TODAS,18-24,exato,+RA,0,0,,0,0,
SBZM,TODAS,18-24,exato,+TSRA,0,0,,0,0,
SBZM,TODAS,18-24,exato,TSRA,0,0,,0,0,
SBZM,TODAS,18-24,sem_intensidade,TS,0,0,,0,0,
SBZM,TODAS,18-24,sem_intensidade,TSRA,0,0,,0,0,
SBZM,TODAS,18-24,sem_intensidade,+RA,0,0,,0,0,
SBZM,TODAS,TODOS,exato,TS,0,0,,0,0,
SBZM,TODAS,TODOS,exato,+RA,0,0,,0,0,
SBZM,TODAS,TODOS,exato,+TSRA,0,0,,0,0,
SBZM,TODAS,TODOS,exato,TSRA,0,0,,0,0,
SBZM,TODAS,TODOS,sem_intensidade,TS,0,0,,0,0,
SBZM,TODAS,TODOS,sem_intensidade,TSRA,0,0,,0,0,
SBZM,TODAS,TODOS,sem_intensidade,+RA,0,0,,0,0,
SDIY,Verao,00-06,exato,TS,0,0,,0,0,
SDIY,Verao,00-06,exato,+RA,0,0,,0,0,
SDIY,Verao,00-06,exato,+TSRA,0,0,,0,0,
SDIY,Verao,00-06,exato,TSRA,0,0,,0,0,
SDIY,Verao,00-06,sem_intensidade,TS,0,0,,0,0,
SDIY,Verao,00-06,sem_intensidade,TSRA,0,0,,0,0,
SDIY,Verao,00-06,sem_intensidade,+RA,0,0,,0,0,
SDIY,Verao,06-12,exato,TS,0,0,,0,0,
SDIY,Verao,06-12,exato,+RA,0,0,,0,0,
SDIY,Verao,06-12,exato,+TSRA,0,0,,0,0,
SDIY,Verao,06-12,exato,TSRA,0,0,,0,0,
SDIY,Verao,06-12,sem_intensidade,TS,0,0,,0,0,
SDIY,Verao,06-12,sem_intensidade,TSRA,0,0,,0,0,
SDIY,Verao,06-12,sem_intensidade,+RA,0,0,,0,0,
SDIY,Verao,12-18,exato,TS,0,0,,0,0,
SDIY,Verao,12-18,exato,+RA,0,0,,0,0,
SDIY,Verao,12-18,exato,+TSRA,0,0,,0,0,
SDIY,Verao,12-18,exato,TSRA,0,0,,0,0,
SDIY,Verao,12-18,sem_intensidade,TS,0,0,,0,0,
SDIY,Verao,12-18,sem_intensidade,TSRA,0,0,,0,0,
SDIY,Verao,12-18,sem_intensidade,+RA,0,0,,0,0,
SDIY,Verao,18-24,exato,TS,0,0,,0,0,
SDIY,Verao,18-24,exato,+RA,0,0,,0,0,
SDIY,Verao,18-24,exato,+TSRA,0,0,,0,0,
SDIY,Verao,18-24,exato,TSRA,0,0,,0,0,
SDIY,Verao,18-24,sem_intensidade,TS,0,0,,0,0,
SDIY,Verao,18-24,sem_intensidade,TSRA,0,0,,0,0,
SDIY,Verao,18-24,sem_intensidade,+RA,0,0,,0,0,
SDIY,Verao,TODOS,exato,TS,0,0,,0,0,
SDIY,Verao,TODOS,exato,+RA,0,0,,0,0,
SDIY,Verao,TODOS,exato,+TSRA,0,0,,0,0,
SDIY,Verao,TODOS,exato,TSRA,0,0,,0,0,
SDIY,Verao,TODOS,sem_intensidade,TS,0,0,,0,0,
SDIY,Verao,TODOS,sem_intensidade,TSRA,0,0,,0,0,
SDIY,Verao,TODOS,sem_intensidade,+RA,0,0,,0,0,
SDIY,Outono,00-06,exato,TS,0,0,,0,0,
SDIY,Outono,00-06,exato,+RA,0,0,,0,0,
SDIY,Outono,00-06,exato,+TSRA,0,0,,0,0,
SDIY,Outono,00-06,exato,TSRA,0,0,,0,0,
SDIY,Outono,00-06,sem_intensidade,TS,0,0,,0,0,
SDIY,Outono,00-06,sem_intensidade,TSRA,0,0,,0,0,
SDIY,Outono,00-06,sem_intensidade,+RA,0,0,,0,0,
SDIY,Outono,06-12,exato,TS,0,0,,0,0,
SDIY,Outono,06-12,exato,+RA,0,0,,0,0,
SDIY,Outono,06-12,exato,+TSRA,0,0,,0,0,
SDIY,Outono,06-12,exato,TSRA,0,0,,0,0,
SDIY,Outono,06-12,sem_intensidade,TS,0,0,,0,0,
SDIY,Outono,06-12,sem_intensidade,TSRA,0,0,,0,0,
SDIY,Outono,06-12,sem_intensidade,+RA,0,0,,0,0,
SDIY,Outono,12-18,exato,TS,0,0,,0,0,
SDIY,Outono,12-18,exato,+RA,0,0,,0,0,
SDIY,Outono,12-18,exato,+TSRA,0,0,,0,0,
SDIY,Outono,12-18,exato,TSRA,0,0,,0,0,
SDIY,Outono,12-18,sem_intensidade,TS,0,0,,0,0,
SDIY,Outono,12-18,sem_intensidade,TSRA,0,0,,0,0,
SDIY,Outono,12-18,sem_intensidade,+RA,0,0,,0,0,
SDIY,Outono,18-24,exato,TS,0,0,,0,0,
SDIY,Outono,18-24,exato,+RA,0,0,,0,0,
SDIY,Outono,18-24,exato,+TSRA,0,0,,0,0,
SDIY,Outono,18-24,exato,TSRA,0,0,,0,0,
SDIY,Outono,18-24,sem_intensidade,TS,0,0,,0,0,
SDIY,Outono,18-24,sem_intensidade,TSRA,0,0,,0,0,
SDIY,Outono,18-24,sem_intensidade,+RA,0,0,,0,0,
SDIY,Outono,TODOS,exato,TS,0,0,,0,0,
SDIY,Outono,TODOS,exato,+RA,0,0,,0,0,
SDIY,Outono,TODOS,exato,+TSRA,0,0,,0,0,
SDIY,Outono,TODOS,exato,TSRA,0,0,,0,0,
SDIY,Outono,TODOS,sem_intensidade,TS,0,0,,0,0,
SDIY,Outono,TODOS,sem_intensidade,TSRA,0,0,,0,0,
SDIY,Outono,TODOS,sem_intensidade,+RA,0,0,,0,0,
SDIY,Inverno,00-06,exato,TS,0,0,,0,0,
SDIY,Inverno,00-06,exato,+RA,0,0,,0,0,
SDIY,Inverno,00-06,exato,+TSRA,0,0,,0,0,
SDIY,Inverno,00-06,exato,TSRA,0,0,,0,0,
SDIY,Inverno,00-06,sem_intensidade,TS,0,0,,0,0,
SDIY,Inverno,00-06,sem_intensidade,TSRA,0,0,,0,0,
SDIY,Inverno,00-06,sem_intensidade,+RA,0,0,,0,0,
SDIY,Inverno,06-12,exato,TS,0,0,,0,0,
SDIY,Inverno,06-12,exato,+RA,0,0,,0,0,
SDIY,Inverno,06-12,exato,+TSRA,0,0,,0,0,
SDIY,Inverno,06-12,exato,TSRA,0,0,,0,0,
SDIY,Inverno,06-12,sem_intensidade,TS,0,0,,0,0,
SDIY,Inverno,06-12,sem_intensidade,TSRA,0,0,,0,0,
SDIY,Inverno,06-12,sem_intensidade,+RA,0,0,,0,0,
SDIY,Inverno,12-18,exato,TS,0,0,,0,0,
SDIY,Inverno,12-18,exato,+RA,0,0,,0,0,
SDIY,Inverno,12-18,exato,+TSRA,0,0,,0,0,
SDIY,Inverno,12-18,exato,TSRA,0,0,,0,0,
SDIY,Inverno,12-18,sem_intensidade,TS,0,0,,0,0,
SDIY,Inverno,12-18,sem_intensidade,TSRA,0,0,,0,0,
SDIY,Inverno,12-18,sem_intensidade,+RA,0,0,,0,0,
SDIY,Inverno,18-24,exato,TS,0,0,,0,0,
SDIY,Inverno,18-24,exato,+RA,0,0,,0,0,
SDIY,Inverno,18-24,exato,+TSRA,0,0,,0,0,
SDIY,Inverno,18-24,exato,TSRA,0,0,,0,0,
SDIY,Inverno,18-24,sem_intensidade,TS,0,0,,0,0,
SDIY,Inverno,18-24,sem_intensidade,TSRA,0,0,,0,0,
SDIY,Inverno,18-24,sem_intensidade,+RA,0,0,,0,0,
SDIY,Inverno,TODOS,exato,TS,0,0,,0,0,
SDIY,Inverno,TODOS,exato,+RA,0,0,,0,0,
SDIY,Inverno,TODOS,exato,+TSRA,0,0,,0,0,
SDIY,Inverno,TODOS,exato,TSRA,0,0,,0,0,
SDIY,Inverno,TODOS,sem_intensidade,TS,0,0,,0,0,
SDIY,Inverno,TODOS,sem_intensidade,TSRA,0,0,,0,0,
SDIY,Inverno,TODOS,sem_intensidade,+RA,0,0,,0,0,
SDIY,Primavera,00-06,exato,TS,0,0,,0,0,
SDIY,Primavera,00-06,exato,+RA,0,0,,0,0,
SDIY,Primavera,00-06,exato,+TSRA,0,0,,0,0,
SDIY,Primavera,00-06,exato,TSRA,0,0,,0,0,
SDIY,Primavera,00-06,sem_intensidade,TS,0,0,,0,0,
SDIY,Primavera,00-06,sem_intensidade,TSRA,0,0,,0,0,
SDIY,Primavera,00-06,sem_intensidade,+RA,0,0,,0,0,
SDIY,Primavera,06-12,exato,TS,0,0,,0,0,
SDIY,Primavera,06-12,exato,+RA,0,0,,0,0,
SDIY,Primavera,06-12,exato,+TSRA,0,0,,0,0,
SDIY,Primavera,06-12,exato,TSRA,0,0,,0,0,
SDIY,Primavera,06-12,sem_intensidade,TS,0,0,,0,0,
SDIY,Primavera,06-12,sem_intensidade,TSRA,0,0,,0,0,
SDIY,Primavera,06-12,sem_intensidade,+RA,0,0,,0,0,
SDIY,Primavera,12-18,exato,TS,0,0,,0,0,
SDIY,Primavera,12-18,exato,+RA,0,0,,0,0,
SDIY,Primavera,12-18,exato,+TSRA,0,0,,0,0,
SDIY,Primavera,12-18,exato,TSRA,0,0,,0,0,
SDIY,Primavera,12-18,sem_intensidade,TS,0,0,,0,0,
SDIY,Primavera,12-18,sem_intensidade,TSRA,0,0,,0,0,
SDIY,Primavera,12-18,sem_intensidade,+RA,0,0,,0,0,
SDIY,Primavera,18-24,exato,TS,0,0,,0,0,
SDIY,Primavera,18-24,exato,+RA,0,0,,0,0,
SDIY,Primavera,18-24,exato,+TSRA,0,0,,0,0,
SDIY,Primavera,18-24,exato,TSRA,0,0,,0,0,
SDIY,Primavera,18-24,sem_intensidade,TS,0,0,,0,0,
SDIY,Primavera,18-24,sem_intensidade,TSRA,0,0,,0,0,
SDIY,Primavera,18-24,sem_intensidade,+RA,0,0,,0,0,
SDIY,Primavera,TODOS,exato,TS,0,0,,0,0,
SDIY,Primavera,TODOS,exato,+RA,0,0,,0,0,
SDIY,Primavera,TODOS,exato,+TSRA,0,0,,0,0,
SDIY,Primavera,TODOS,exato,TSRA,0,0,,0,0,
SDIY,Primavera,TODOS,sem_intensidade,TS,0,0,,0,0,
SDIY,Primavera,TODOS,sem_intensidade,TSRA,0,0,,0,0,
SDIY,Primavera,TODOS,sem_intensidade,+RA,0,0,,0,0,
SDIY,TODAS,00-06,exato,TS,0,0,,0,0,
SDIY,TODAS,00-06,exato,+RA,0,0,,0,0,
SDIY,TODAS,00-06,exato,+TSRA,0,0,,0,0,
SDIY,TODAS,00-06,exato,TSRA,0,0,,0,0,
SDIY,TODAS,00-06,sem_intensidade,TS,0,0,,0,0,
SDIY,TODAS,00-06,sem_intensidade,TSRA,0,0,,0,0,
SDIY,TODAS,00-06,sem_intensidade,+RA,0,0,,0,0,
SDIY,TODAS,06-12,exato,TS,0,0,,0,0,
SDIY,TODAS,06-12,exato,+RA,0,0,,0,0,
SDIY,TODAS,06-12,exato,+TSRA,0,0,,0,0,
SDIY,TODAS,06-12,exato,TSRA,0,0,,0,0,
SDIY,TODAS,06-12,sem_intensidade,TS,0,0,,0,0,
SDIY,TODAS,06-12,sem_intensidade,TSRA,0,0,,0,0,
SDIY,TODAS,06-12,sem_intensidade,+RA,0,0,,0,0,
SDIY,TODAS,12-18,exato,TS,0,0,,0,0,
SDIY,TODAS,12-18,exato,+RA,0,0,,0,0,
SDIY,TODAS,12-18,exato,+TSRA,0,0,,0,0,
SDIY,TODAS,12-18,exato,TSRA,0,0,,0,0,
SDIY,TODAS,12-18,sem_intensidade,TS,0,0,,0,0,
SDIY,TODAS,12-18,sem_intensidade,TSRA,0,0,,0,0,
SDIY,TODAS,12-18,sem_intensidade,+RA,0,0,,0,0,
SDIY,TODAS,18-24,exato,TS,0,0,,0,0,
SDIY,TODAS,18-24,exato,+RA,0,0,,0,0,
SDIY,TODAS,18-24,exato,+TSRA,0,0,,0,0,
SDIY,TODAS,18-24,exato,TSRA,0,0,,0,0,
SDIY,TODAS,18-24,sem_intensidade,TS,0,0,,0,0,
SDIY,TODAS,18-24,sem_intensidade,TSRA,0,0,,0,0,
SDIY,TODAS,18-24,sem_intensidade,+RA,0,0,,0,0,
SDIY,TODAS,TODOS,exato,TS,0,0,,0,0,
SDIY,TODAS,TODOS,exato,+RA,0,0,,0,0,
SDIY,TODAS,TODOS,exato,+TSRA,0,0,,0,0,
SDIY,TODAS,TODOS,exato,TSRA,0,0,,0,0,
SDIY,TODAS,TODOS,sem_intensidade,TS,0,0,,0,0,
SDIY,TODAS,TODOS,sem_intensidade,TSRA,0,0,,0,0,
SDIY,TODAS,TODOS,sem_intensidade,+RA,0,0,,0,0,
SNBR,Verao,00-06,exato,TS,0,0,,0,0,
SNBR,Verao,00-06,exato,+RA,0,0,,0,0,
SNBR,Verao,00-06,exato,+TSRA,0,0,,0,0,
SNBR,Verao,00-06,exato,TSRA,0,0,,0,0,
SNBR,Verao,00-06,sem_intensidade,TS,0,0,,0,0,
SNBR,Verao,00-06,sem_intensidade,TSRA,0,0,,0,0,
SNBR,Verao,00-06,sem_intensidade,+RA,0,0,,0,0,
SNBR,Verao,06-12,exato,TS,0,0,,0,0,
SNBR,Verao,06-12,exato,+RA,0,0,,0,0,
SNBR,Verao,06-12,exato,+TSRA,0,0,,0,0,
SNBR,Verao,06-12,exato,TSRA,0,0,,0,0,
SNBR,Verao,06-12,sem_intensidade,TS,0,0,,0,0,
SNBR,Verao,06-12,sem_intensidade,TSRA,0,0,,0,0,
SNBR,Verao,06-12,sem_intensidade,+RA,0,0,,0,0,
SNBR,Verao,12-18,exato,TS,0,0,,0,0,
SNBR,Verao,12-18,exato,+RA,0,0,,0,0,
SNBR,Verao,12-18,exato,+TSRA,0,0,,0,0,
SNBR,Verao,12-18,exato,TSRA,0,0,,0,0,
SNBR,Verao,12-18,sem_intensidade,TS,0,0,,0,0,
SNBR,Verao,12-18,sem_intensidade,TSRA,0,0,,0,0,
SNBR,Verao,12-18,sem_intensidade,+RA,0,0,,0,0,
SNBR,Verao,18-24,exato,TS,0,0,,0,0,
SNBR,Verao,18-24,exato,+RA,0,0,,0,0,
SNBR,Verao,18-24,exato,+TSRA,0,0,,0,0,
SNBR,Verao,18-24,exato,TSRA,0,0,,0,0,
SNBR,Verao,18-24,sem_intensidade,TS,0,0,,0,0,
SNBR,Verao,18-24,sem_intensidade,TSRA,0,0,,0,0,
SNBR,Verao,18-24,sem_intensidade,+RA,0,0,,0,0,
SNBR,Verao,TODOS,exato,TS,0,0,,0,0,
SNBR,Verao,TODOS,exato,+RA,0,0,,0,0,
SNBR,Verao,TODOS,exato,+TSRA,0,0,,0,0,
SNBR,Verao,TODOS,exato,TSRA,0,0,,0,0,
SNBR,Verao,TODOS,sem_intensidade,TS,0,0,,0,0,
SNBR,Verao,TODOS,sem_intensidade,TSRA,0,0,,0,0,
SNBR,Verao,TODOS,sem_intensidade,+RA,0,0,,0,0,
SNBR,Outono,00-06,exato,TS,0,0,,0,0,
SNBR,Outono,00-06,exato,+RA,0,0,,0,0,
SNBR,Outono,00-06,exato,+TSRA,0,0,,0,0,
SNBR,Outono,00-06,exato,TSRA,0,0,,0,0,
SNBR,Outono,00-06,sem_intensidade,TS,0,0,,0,0,
SNBR,Outono,00-06,sem_intensidade,TSRA,0,0,,0,0,
SNBR,Outono,00-06,sem_intensidade,+RA,0,0,,0,0,
SNBR,Outono,06-12,exato,TS,0,0,,0,0,
SNBR,Outono,06-12,exato,+RA,0,0,,0,0,
SNBR,Outono,06-12,exato,+TSRA,0,0,,0,0,
SNBR,Outono,06-12,exato,TSRA,0,0,,0,0,
SNBR,Outono,06-12,sem_intensidade,TS,0,0,,0,0,
SNBR,Outono,06-12,sem_intensidade,TSRA,0,0,,0,0,
SNBR,Outono,06-12,sem_intensidade,+RA,0,0,,0,0,
SNBR,Outono,12-18,exato,TS,0,0,,0,0,
SNBR,Outono,12-18,exato,+RA,0,0,,0,0,
SNBR,Outono,12-18,exato,+TSRA,0,0,,0,0,
SNBR,Outono,12-18,exato,TSRA,0,0,,0,0,
SNBR,Outono,12-18,sem_intensidade,TS,0,0,,0,0,
SNBR,Outono,12-18,sem_intensidade,TSRA,0,0,,0,0,
SNBR,Outono,12-18,sem_intensidade,+RA,0,0,,0,0,
SNBR,Outono,18-24,exato,TS,0,0,,0,0,
SNBR,Outono,18-24,exato,+RA,0,0,,0,0,
SNBR,Outono,18-24,exato,+TSRA,0,0,,0,0,
SNBR,Outono,18-24,exato,TSRA,0,0,,0,0,
SNBR,Outono,18-24,sem_intensidade,TS,0,0,,0,0,
SNBR,Outono,18-24,sem_intensidade,TSRA,0,0,,0,0,
SNBR,Outono,18-24,sem_intensidade,+RA,0,0,,0,0,
SNBR,Outono,TODOS,exato,TS,0,0,,0,0,
SNBR,Outono,TODOS,exato,+RA,0,0,,0,0,
SNBR,Outono,TODOS,exato,+TSRA,0,0,,0,0,
SNBR,Outono,TODOS,exato,TSRA,0,0,,0,0,
SNBR,Outono,TODOS,sem_intensidade,TS,0,0,,0,0,
SNBR,Outono,TODOS,sem_intensidade,TSRA,0,0,,0,0,
SNBR,Outono,TODOS,sem_intensidade,+RA,0,0,,0,0,
SNBR,Inverno,00-06,exato,TS,0,0,,0,0,
SNBR,Inverno,00-06,exato,+RA,0,0,,0,0,
SNBR,Inverno,00-06,exato,+TSRA,0,0,,0,0,
SNBR,Inverno,00-06,exato,TSRA,0,0,,0,0,
SNBR,Inverno,00-06,sem_intensidade,TS,0,0,,0,0,
SNBR,Inverno,00-06,sem_intensidade,TSRA,0,0,,0,0,
SNBR,Inverno,00-06,sem_intensidade,+RA,0,0,,0,0,
SNBR,Inverno,06-12,exato,TS,0,0,,0,0,
SNBR,Inverno,06-12,exato,+RA,0,0,,0,0,
SNBR,Inverno,06-12,exato,+TSRA,0,0,,0,0,
SNBR,Inverno,06-12,exato,TSRA,0,0,,0,0,
SNBR,Inverno,06-12,sem_intensidade,TS,0,0,,0,0,
SNBR,Inverno,06-12,sem_intensidade,TSRA,0,0,,0,0,
SNBR,Inverno,06-12,sem_intensidade,+RA,0,0,,0,0,
SNBR,Inverno,12-18,exato,TS,0,0,,0,0,
SNBR,Inverno,12-18,exato,+RA,0,0,,0,0,
SNBR,Inverno,12-18,exato,+TSRA,0,0,,0,0,
SNBR,Inverno,12-18,exato,TSRA,0,0,,0,0,
SNBR,Inverno,12-18,sem_intensidade,TS,0,0,,0,0,
SNBR,Inverno,12-18,sem_intensidade,TSRA,0,0,,0,0,
SNBR,Inverno,12-18,sem_intensidade,+RA,0,0,,0,0,
SNBR,Inverno,18-24,exato,TS,0,0,,0,0,
SNBR,Inverno,18-24,exato,+RA,0,0,,0,0,
SNBR,Inverno,18-24,exato,+TSRA,0,0,,0,0,
SNBR,Inverno,18-24,exato,TSRA,0,0,,0,0,
SNBR,Inverno,18-24,sem_intensidade,TS,0,0,,0,0,
SNBR,Inverno,18-24,sem_intensidade,TSRA,0,0,,0,0,
SNBR,Inverno,18-24,sem_intensidade,+RA,0,0,,0,0,
SNBR,Inverno,TODOS,exato,TS,0,0,,0,0,
SNBR,Inverno,TODOS,exato,+RA,0,0,,0,0,
SNBR,Inverno,TODOS,exato,+TSRA,0,0,,0,0,
SNBR,Inverno,TODOS,exato,TSRA,0,0,,0,0,
SNBR,Inverno,TODOS,sem_intensidade,TS,0,0,,0,0,
SNBR,Inverno,TODOS,sem_intensidade,TSRA,0,0,,0,0,
SNBR,Inverno,TODOS,sem_intensidade,+RA,0,0,,0,0,
SNBR,Primavera,00-06,exato,TS,0,0,,0,0,
SNBR,Primavera,00-06,exato,+RA,0,0,,0,0,
SNBR,Primavera,00-06,exato,+TSRA,0,0,,0,0,
SNBR,Primavera,00-06,exato,TSRA,0,0,,0,0,
SNBR,Primavera,00-06,sem_intensidade,TS,0,0,,0,0,
SNBR,Primavera,00-06,sem_intensidade,TSRA,0,0,,0,0,
SNBR,Primavera,00-06,sem_intensidade,+RA,0,0,,0,0,
SNBR,Primavera,06-12,exato,TS,0,0,,0,0,
SNBR,Primavera,06-12,exato,+RA,0,0,,0,0,
SNBR,Primavera,06-12,exato,+TSRA,0,0,,0,0,
SNBR,Primavera,06-12,exato,TSRA,0,0,,0,0,
SNBR,Primavera,06-12,sem_intensidade,TS,0,0,,0,0,
SNBR,Primavera,06-12,sem_intensidade,TSRA,0,0,,0,0,
SNBR,Primavera,06-12,sem_intensidade,+RA,0,0,,0,0,
SNBR,Primavera,12-18,exato,TS,0,0,,0,0,
SNBR,Primavera,12-18,exato,+RA,0,0,,0,0,
SNBR,Primavera,12-18,exato,+TSRA,0,0,,0,0,
SNBR,Primavera,12-18,exato,TSRA,0,0,,0,0,
SNBR,Primavera,12-18,sem_intensidade,TS,0,0,,0,0,
SNBR,Primavera,12-18,sem_intensidade,TSRA,0,0,,0,0,
SNBR,Primavera,12-18,sem_intensidade,+RA,0,0,,0,0,
SNBR,Primavera,18-24,exato,TS,0,0,,0,0,
SNBR,Primavera,18-24,exato,+RA,0,0,,0,0,
SNBR,Primavera,18-24,exato,+TSRA,0,0,,0,0,
SNBR,Primavera,18-24,exato,TSRA,0,0,,0,0,
SNBR,Primavera,18-24,sem_intensidade,TS,0,0,,0,0,
SNBR,Primavera,18-24,sem_intensidade,TSRA,0,0,,0,0,
SNBR,Primavera,18-24,sem_intensidade,+RA,0,0,,0,0,
SNBR,Primavera,TODOS,exato,TS,0,0,,0,0,
SNBR,Primavera,TODOS,exato,+RA,0,0,,0,0,
SNBR,Primavera,TODOS,exato,+TSRA,0,0,,0,0,
SNBR,Primavera,TODOS,exato,TSRA,0,0,,0,0,
SNBR,Primavera,TODOS,sem_intensidade,TS,0,0,,0,0,
SNBR,Primavera,TODOS,sem_intensidade,TSRA,0,0,,0,0,
SNBR,Primavera,TODOS,sem_intensidade,+RA,0,0,,0,0,
SNBR,TODAS,00-06,exato,TS,0,0,,0,0,
SNBR,TODAS,00-06,exato,+RA,0,0,,0,0,
SNBR,TODAS,00-06,exato,+TSRA,0,0,,0,0,
SNBR,TODAS,00-06,exato,TSRA,0,0,,0,0,
SNBR,TODAS,00-06,sem_intensidade,TS,0,0,,0,0,
SNBR,TODAS,00-06,sem_intensidade,TSRA,0,0,,0,0,
SNBR,TODAS,00-06,sem_intensidade,+RA,0,0,,0,0,
SNBR,TODAS,06-12,exato,TS,0,0,,0,0,
SNBR,TODAS,06-12,exato,+RA,0,0,,0,0,
SNBR,TODAS,06-12,exato,+TSRA,0,0,,0,0,
SNBR,TODAS,06-12,exato,TSRA,0,0,,0,0,
SNBR,TODAS,06-12,sem_intensidade,TS,0,0,,0,0,
SNBR,TODAS,06-12,sem_intensidade,TSRA,0,0,,0,0,
SNBR,TODAS,06-12,sem_intensidade,+RA,0,0,,0,0,
SNBR,TODAS,12-18,exato,TS,0,0,,0,0,
SNBR,TODAS,12-18,exato,+RA,0,0,,0,0,
SNBR,TODAS,12-18,exato,+TSRA,0,0,,0,0,
SNBR,TODAS,12-18,exato,TSRA,0,0,,0,0,
SNBR,TODAS,12-18,sem_intensidade,TS,0,0,,0,0,
SNBR,TODAS,12-18,sem_intensidade,TSRA,0,0,,0,0,
SNBR,TODAS,12-18,sem_intensidade,+RA,0,0,,0,0,
SNBR,TODAS,18-24,exato,TS,0,0,,0,0,
SNBR,TODAS,18-24,exato,+RA,0,0,,0,0,
SNBR,TODAS,18-24,exato,+TSRA,0,0,,0,0,
SNBR,TODAS,18-24,exato,TSRA,0,0,,0,0,
SNBR,TODAS,18-24,sem_intensidade,TS,0,0,,0,0,
SNBR,TODAS,18-24,sem_intensidade,TSRA,0,0,,0,0,
SNBR,TODAS,18-24,sem_intensidade,+RA,0,0,,0,0,
SNBR,TODAS,TODOS,exato,TS,0,0,,0,0,
SNBR,TODAS,TODOS,exato,+RA,0,0,,0,0,
SNBR,TODAS,TODOS,exato,+TSRA,0,0,,0,0,
SNBR,TODAS,TODOS,exato,TSRA,0,0,,0,0,
SNBR,TODAS,TODOS,sem_intensidade,TS,0,0,,0,0,
SNBR,TODAS,TODOS,sem_intensidade,TSRA,0,0,,0,0,
SNBR,TODAS,TODOS,sem_intensidade,+RA,0,0,,0,0,
SNCP,Verao,00-06,exato,TS,0,0,,0,0,
SNCP,Verao,00-06,exato,+RA,0,0,,0,0,
SNCP,Verao,00-06,exato,+TSRA,0,0,,0,0,
SNCP,Verao,00-06,exato,TSRA,0,0,,0,0,
SNCP,Verao,00-06,sem_intensidade,TS,0,0,,0,0,
SNCP,Verao,00-06,sem_intensidade,TSRA,0,0,,0,0,
SNCP,Verao,00-06,sem_intensidade,+RA,0,0,,0,0,
SNCP,Verao,06-12,exato,TS,0,0,,0,0,
SNCP,Verao,06-12,exato,+RA,0,0,,0,0,
SNCP,Verao,06-12,exato,+TSRA,0,0,,0,0,
SNCP,Verao,06-12,exato,TSRA,0,0,,0,0,
SNCP,Verao,06-12,sem_intensidade,TS,0,0,,0,0,
SNCP,Verao,06-12,sem_intensidade,TSRA,0,0,,0,0,
SNCP,Verao,06-12,sem_intensidade,+RA,0,0,,0,0,
SNCP,Verao,12-18,exato,TS,0,0,,0,0,
SNCP,Verao,12-18,exato,+RA,0,0,,0,0,
SNCP,Verao,12-18,exato,+TSRA,0,0,,0,0,
SNCP,Verao,12-18,exato,TSRA,0,0,,0,0,
SNCP,Verao,12-18,sem_intensidade,TS,0,0,,0,0,
SNCP,Verao,12-18,sem_intensidade,TSRA,0,0,,0,0,
SNCP,Verao,12-18,sem_intensidade,+RA,0,0,,0,0,
SNCP,Verao,18-24,exato,TS,0,0,,0,0,
SNCP,Verao,18-24,exato,+RA,0,0,,0,0,
SNCP,Verao,18-24,exato,+TSRA,0,0,,0,0,
SNCP,Verao,18-24,exato,TSRA,0,0,,0,0,
SNCP,Verao,18-24,sem_intensidade,TS,0,0,,0,0,
SNCP,Verao,18-24,sem_intensidade,TSRA,0,0,,0,0,
SNCP,Verao,18-24,sem_intensidade,+RA,0,0,,0,0,
SNCP,Verao,TODOS,exato,TS,0,0,,0,0,
SNCP,Verao,TODOS,exato,+RA,0,0,,0,0,
SNCP,Verao,TODOS,exato,+TSRA,0,0,,0,0,
SNCP,Verao,TODOS,exato,TSRA,0,0,,0,0,
SNCP,Verao,TODOS,sem_intensidade,TS,0,0,,0,0,
SNCP,Verao,TODOS,sem_intensidade,TSRA,0,0,,0,0,
SNCP,Verao,TODOS,sem_intensidade,+RA,0,0,,0,0,
SNCP,Outono,00-06,exato,TS,0,0,,0,0,
SNCP,Outono,00-06,exato,+RA,0,0,,0,0,
SNCP,Outono,00-06,exato,+TSRA,0,0,,0,0,
SNCP,Outono,00-06,exato,TSRA,0,0,,0,0,
SNCP,Outono,00-06,sem_intensidade,TS,0,0,,0,0,
SNCP,Outono,00-06,sem_intensidade,TSRA,0,0,,0,0,
SNCP,Outono,00-06,sem_intensidade,+RA,0,0,,0,0,
SNCP,Outono,06-12,exato,TS,0,0,,0,0,
SNCP,Outono,06-12,exato,+RA,0,0,,0,0,
SNCP,Outono,06-12,exato,+TSRA,0,0,,0,0,
SNCP,Outono,06-12,exato,TSRA,0,0,,0,0,
SNCP,Outono,06-12,sem_intensidade,TS,0,0,,0,0,
SNCP,Outono,06-12,sem_intensidade,TSRA,0,0,,0,0,
SNCP,Outono,06-12,sem_intensidade,+RA,0,0,,0,0,
SNCP,Outono,12-18,exato,TS,0,0,,0,0,
SNCP,Outono,12-18,exato,+RA,0,0,,0,0,
SNCP,Outono,12-18,exato,+TSRA,0,0,,0,0,
SNCP,Outono,12-18,exato,TSRA,0,0,,0,0,
SNCP,Outono,12-18,sem_intensidade,TS,0,0,,0,0,
SNCP,Outono,12-18,sem_intensidade,TSRA,0,0,,0,0,
SNCP,Outono,12-18,sem_intensidade,+RA,0,0,,0,0,
SNCP,Outono,18-24,exato,TS,0,0,,0,0,
SNCP,Outono,18-24,exato,+RA,0,0,,0,0,
SNCP,Outono,18-24,exato,+TSRA,0,0,,0,0,
SNCP,Outono,18-24,exato,TSRA,0,0,,0,0,
SNCP,Outono,18-24,sem_intensidade,TS,0,0,,0,0,
SNCP,Outono,18-24,sem_intensidade,TSRA,0,0,,0,0,
SNCP,Outono,18-24,sem_intensidade,+RA,0,0,,0,0,
SNCP,Outono,TODOS,exato,TS,0,0,,0,0,
SNCP,Outono,TODOS,exato,+RA,0,0,,0,0,
SNCP,Outono,TODOS,exato,+TSRA,0,0,,0,0,
SNCP,Outono,TODOS,exato,TSRA,0,0,,0,0,
SNCP,Outono,TODOS,sem_intensidade,TS,0,0,,0,0,
SNCP,Outono,TODOS,sem_intensidade,TSRA,0,0,,0,0,
SNCP,Outono,TODOS,sem_intensidade,+RA,0,0,,0,0,
SNCP,Inverno,00-06,exato,TS,0,0,,0,0,
SNCP,Inverno,00-06,exato,+RA,0,0,,0,0,
SNCP,Inverno,00-06,exato,+TSRA,0,0,,0,0,
SNCP,Inverno,00-06,exato,TSRA,0,0,,0,0,
SNCP,Inverno,00-06,sem_intensidade,TS,0,0,,0,0,
SNCP,Inverno,00-06,sem_intensidade,TSRA,0,0,,0,0,
SNCP,Inverno,00-06,sem_intensidade,+RA,0,0,,0,0,
SNCP,Inverno,06-12,exato,TS,0,0,,0,0,
SNCP,Inverno,06-12,exato,+RA,0,0,,0,0,
SNCP,Inverno,06-12,exato,+TSRA,0,0,,0,0,
SNCP,Inverno,06-12,exato,TSRA,0,0,,0,0,
SNCP,Inverno,06-12,sem_intensidade,TS,0,0,,0,0,
SNCP,Inverno,06-12,sem_intensidade,TSRA,0,0,,0,0,
SNCP,Inverno,06-12,sem_intensidade,+RA,0,0,,0,0,
SNCP,Inverno,12-18,exato,TS,0,0,,0,0,
SNCP,Inverno,12-18,exato,+RA,0,0,,0,0,
SNCP,Inverno,12-18,exato,+TSRA,0,0,,0,0,
SNCP,Inverno,12-18,exato,TSRA,0,0,,0,0,
SNCP,Inverno,12-18,sem_intensidade,TS,0,0,,0,0,
SNCP,Inverno,12-18,sem_intensidade,TSRA,0,0,,0,0,
SNCP,Inverno,12-18,sem_intensidade,+RA,0,0,,0,0,
SNCP,Inverno,18-24,exato,TS,0,0,,0,0,
SNCP,Inverno,18-24,exato,+RA,0,0,,0,0,
SNCP,Inverno,18-24,exato,+TSRA,0,0,,0,0,
SNCP,Inverno,18-24,exato,TSRA,0,0,,0,0,
SNCP,Inverno,18-24,sem_intensidade,TS,0,0,,0,0,
SNCP,Inverno,18-24,sem_intensidade,TSRA,0,0,,0,0,
SNCP,Inverno,18-24,sem_intensidade,+RA,0,0,,0,0,
SNCP,Inverno,TODOS,exato,TS,0,0,,0,0,
SNCP,Inverno,TODOS,exato,+RA,0,0,,0,0,
SNCP,Inverno,TODOS,exato,+TSRA,0,0,,0,0,
SNCP,Inverno,TODOS,exato,TSRA,0,0,,0,0,
SNCP,Inverno,TODOS,sem_intensidade,TS,0,0,,0,0,
SNCP,Inverno,TODOS,sem_intensidade,TSRA,0,0,,0,0,
SNCP,Inverno,TODOS,sem_intensidade,+RA,0,0,,0,0,
SNCP,Primavera,00-06,exato,TS,0,0,,0,0,
SNCP,Primavera,00-06,exato,+RA,0,0,,0,0,
SNCP,Primavera,00-06,exato,+TSRA,0,0,,0,0,
SNCP,Primavera,00-06,exato,TSRA,0,0,,0,0,
SNCP,Primavera,00-06,sem_intensidade,TS,0,0,,0,0,
SNCP,Primavera,00-06,sem_intensidade,TSRA,0,0,,0,0,
SNCP,Primavera,00-06,sem_intensidade,+RA,0,0,,0,0,
SNCP,Primavera,06-12,exato,TS,0,0,,0,0,
SNCP,Primavera,06-12,exato,+RA,0,0,,0,0,
SNCP,Primavera,06-12,exato,+TSRA,0,0,,0,0,
SNCP,Primavera,06-12,exato,TSRA,0,0,,0,0,
SNCP,Primavera,06-12,sem_intensidade,TS,0,0,,0,0,
SNCP,Primavera,06-12,sem_intensidade,TSRA,0,0,,0,0,
SNCP,Primavera,06-12,sem_intensidade,+RA,0,0,,0,0,
SNCP,Primavera,12-18,exato,TS,0,0,,0,0,
SNCP,Primavera,12-18,exato,+RA,0,0,,0,0,
SNCP,Primavera,12-18,exato,+TSRA,0,0,,0,0,
SNCP,Primavera,12-18,exato,TSRA,0,0,,0,0,
SNCP,Primavera,12-18,sem_intensidade,TS,0,0,,0,0,
SNCP,Primavera,12-18,sem_intensidade,TSRA,0,0,,0,0,
SNCP,Primavera,12-18,sem_intensidade,+RA,0,0,,0,0,
SNCP,Primavera,18-24,exato,TS,0,0,,0,0,
SNCP,Primavera,18-24,exato,+RA,0,0,,0,0,
SNCP,Primavera,18-24,exato,+TSRA,0,0,,0,0,
SNCP,Primavera,18-24,exato,TSRA,0,0,,0,0,
SNCP,Primavera,18-24,sem_intensidade,TS,0,0,,0,0,
SNCP,Primavera,18-24,sem_intensidade,TSRA,0,0,,0,0,
SNCP,Primavera,18-24,sem_intensidade,+RA,0,0,,0,0,
SNCP,Primavera,TODOS,exato,TS,0,0,,0,0,
SNCP,Primavera,TODOS,exato,+RA,0,0,,0,0,
SNCP,Primavera,TODOS,exato,+TSRA,0,0,,0,0,
SNCP,Primavera,TODOS,exato,TSRA,0,0,,0,0,
SNCP,Primavera,TODOS,sem_intensidade,TS,0,0,,0,0,
SNCP,Primavera,TODOS,sem_intensidade,TSRA,0,0,,0,0,
SNCP,Primavera,TODOS,sem_intensidade,+RA,0,0,,0,0,
SNCP,TODAS,00-06,exato,TS,0,0,,0,0,
SNCP,TODAS,00-06,exato,+RA,0,0,,0,0,
SNCP,TODAS,00-06,exato,+TSRA,0,0,,0,0,
SNCP,TODAS,00-06,exato,TSRA,0,0,,0,0,
SNCP,TODAS,00-06,sem_intensidade,TS,0,0,,0,0,
SNCP,TODAS,00-06,sem_intensidade,TSRA,0,0,,0,0,
SNCP,TODAS,00-06,sem_intensidade,+RA,0,0,,0,0,
SNCP,TODAS,06-12,exato,TS,0,0,,0,0,
SNCP,TODAS,06-12,exato,+RA,0,0,,0,0,
SNCP,TODAS,06-12,exato,+TSRA,0,0,,0,0,
SNCP,TODAS,06-12,exato,TSRA,0,0,,0,0,
SNCP,TODAS,06-12,sem_intensidade,TS,0,0,,0,0,
SNCP,TODAS,06-12,sem_intensidade,TSRA,0,0,,0,0,
SNCP,TODAS,06-12,sem_intensidade,+RA,0,0,,0,0,
SNCP,TODAS,12-18,exato,TS,0,0,,0,0,
SNCP,TODAS,12-18,exato,+RA,0,0,,0,0,
SNCP,TODAS,12-18,exato,+TSRA,0,0,,0,0,
SNCP,TODAS,12-18,exato,TSRA,0,0,,0,0,
SNCP,TODAS,12-18,sem_intensidade,TS,0,0,,0,0,
SNCP,TODAS,12-18,sem_intensidade,TSRA,0,0,,0,0,
SNCP,TODAS,12-18,sem_intensidade,+RA,0,0,,0,0,
SNCP,TODAS,18-24,exato,TS,0,0,,0,0,
SNCP,TODAS,18-24,exato,+RA,0,0,,0,0,
SNCP,TODAS,18-24,exato,+TSRA,0,0,,0,0,
SNCP,TODAS,18-24,exato,TSRA,0,0,,0,0,
SNCP,TODAS,18-24,sem_intensidade,TS,0,0,,0,0,
SNCP,TODAS,18-24,sem_intensidade,TSRA,0,0,,0,0,
SNCP,TODAS,18-24,sem_intensidade,+RA,0,0,,0,0,
SNCP,TODAS,TODOS,exato,TS,0,0,,0,0,
SNCP,TODAS,TODOS,exato,+RA,0,0,,0,0,
SNCP,TODAS,TODOS,exato,+TSRA,0,0,,0,0,
SNCP,TODAS,TODOS,exato,TSRA,0,0,,0,0,
SNCP,TODAS,TODOS,sem_intensidade,TS,0,0,,0,0,
SNCP,TODAS,TODOS,sem_intensidade,TSRA,0,0,,0,0,
SNCP,TODAS,TODOS,sem_intensidade,+RA,0,0,,0,0,
SNGI,Verao,00-06,exato,TS,0,0,,0,0,
SNGI,Verao,00-06,exato,+RA,0,0,,0,0,
SNGI,Verao,00-06,exato,+TSRA,0,0,,0,0,
SNGI,Verao,00-06,exato,TSRA,0,0,,0,0,
SNGI,Verao,00-06,sem_intensidade,TS,0,0,,0,0,
SNGI,Verao,00-06,sem_intensidade,TSRA,0,0,,0,0,
SNGI,Verao,00-06,sem_intensidade,+RA,0,0,,0,0,
SNGI,Verao,06-12,exato,TS,0,0,,0,0,
SNGI,Verao,06-12,exato,+RA,0,0,,0,0,
SNGI,Verao,06-12,exato,+TSRA,0,0,,0,0,
SNGI,Verao,06-12,exato,TSRA,0,0,,0,0,
SNGI,Verao,06-12,sem_intensidade,TS,0,0,,0,0,
SNGI,Verao,06-12,sem_intensidade,TSRA,0,0,,0,0,
SNGI,Verao,06-12,sem_intensidade,+RA,0,0,,0,0,
SNGI,Verao,12-18,exato,TS,0,0,,0,0,
SNGI,Verao,12-18,exato,+RA,0,0,,0,0,
SNGI,Verao,12-18,exato,+TSRA,0,0,,0,0,
SNGI,Verao,12-18,exato,TSRA,0,0,,0,0,
SNGI,Verao,12-18,sem_intensidade,TS,0,0,,0,0,
SNGI,Verao,12-18,sem_intensidade,TSRA,0,0,,0,0,
SNGI,Verao,12-18,sem_intensidade,+RA,0,0,,0,0,
SNGI,Verao,18-24,exato,TS,0,0,,0,0,
SNGI,Verao,18-24,exato,+RA,0,0,,0,0,
SNGI,Verao,18-24,exato,+TSRA,0,0,,0,0,
SNGI,Verao,18-24,exato,TSRA,0,0,,0,0,
SNGI,Verao,18-24,sem_intensidade,TS,0,0,,0,0,
SNGI,Verao,18-24,sem_intensidade,TSRA,0,0,,0,0,
SNGI,Verao,18-24,sem_intensidade,+RA,0,0,,0,0,
SNGI,Verao,TODOS,exato,TS,0,0,,0,0,
SNGI,Verao,TODOS,exato,+RA,0,0,,0,0,
SNGI,Verao,TODOS,exato,+TSRA,0,0,,0,0,
SNGI,Verao,TODOS,exato,TSRA,0,0,,0,0,
SNGI,Verao,TODOS,sem_intensidade,TS,0,0,,0,0,
SNGI,Verao,TODOS,sem_intensidade,TSRA,0,0,,0,0,
SNGI,Verao,TODOS,sem_intensidade,+RA,0,0,,0,0,
SNGI,Outono,00-06,exato,TS,0,0,,0,0,
SNGI,Outono,00-06,exato,+RA,0,0,,0,0,
SNGI,Outono,00-06,exato,+TSRA,0,0,,0,0,
SNGI,Outono,00-06,exato,TSRA,0,0,,0,0,
SNGI,Outono,00-06,sem_intensidade,TS,0,0,,0,0,
SNGI,Outono,00-06,sem_intensidade,TSRA,0,0,,0,0,
SNGI,Outono,00-06,sem_intensidade,+RA,0,0,,0,0,
SNGI,Outono,06-12,exato,TS,0,0,,0,0,
SNGI,Outono,06-12,exato,+RA,0,0,,0,0,
SNGI,Outono,06-12,exato,+TSRA,0,0,,0,0,
SNGI,Outono,06-12,exato,TSRA,0,0,,0,0,
SNGI,Outono,06-12,sem_intensidade,TS,0,0,,0,0,
SNGI,Outono,06-12,sem_intensidade,TSRA,0,0,,0,0,
SNGI,Outono,06-12,sem_intensidade,+RA,0,0,,0,0,
SNGI,Outono,12-18,exato,TS,0,0,,0,0,
SNGI,Outono,12-18,exato,+RA,0,0,,0,0,
SNGI,Outono,12-18,exato,+TSRA,0,0,,0,0,
SNGI,Outono,12-18,exato,TSRA,0,0,,0,0,
SNGI,Outono,12-18,sem_intensidade,TS,0,0,,0,0,
SNGI,Outono,12-18,sem_intensidade,TSRA,0,0,,0,0,
SNGI,Outono,12-18,sem_intensidade,+RA,0,0,,0,0,
SNGI,Outono,18-24,exato,TS,0,0,,0,0,
SNGI,Outono,18-24,exato,+RA,0,0,,0,0,
SNGI,Outono,18-24,exato,+TSRA,0,0,,0,0,
SNGI,Outono,18-24,exato,TSRA,0,0,,0,0,
SNGI,Outono,18-24,sem_intensidade,TS,0,0,,0,0,
SNGI,Outono,18-24,sem_intensidade,TSRA,0,0,,0,0,
SNGI,Outono,18-24,sem_intensidade,+RA,0,0,,0,0,
SNGI,Outono,TODOS,exato,TS,0,0,,0,0,
SNGI,Outono,TODOS,exato,+RA,0,0,,0,0,
SNGI,Outono,TODOS,exato,+TSRA,0,0,,0,0,
SNGI,Outono,TODOS,exato,TSRA,0,0,,0,0,
SNGI,Outono,TODOS,sem_intensidade,TS,0,0,,0,0,
SNGI,Outono,TODOS,sem_intensidade,TSRA,0,0,,0,0,
SNGI,Outono,TODOS,sem_intensidade,+RA,0,0,,0,0,
SNGI,Inverno,00-06,exato,TS,0,0,,0,0,
SNGI,Inverno,00-06,exato,+RA,0,0,,0,0,
SNGI,Inverno,00-06,exato,+TSRA,0,0,,0,0,
SNGI,Inverno,00-06,exato,TSRA,0,0,,0,0,
SNGI,Inverno,00-06,sem_intensidade,TS,0,0,,0,0,
SNGI,Inverno,00-06,sem_intensidade,TSRA,0,0,,0,0,
SNGI,Inverno,00-06,sem_intensidade,+RA,0,0,,0,0,
SNGI,Inverno,06-12,exato,TS,0,0,,0,0,
SNGI,Inverno,06-12,exato,+RA,0,0,,0,0,
SNGI,Inverno,06-12,exato,+TSRA,0,0,,0,0,
SNGI,Inverno,06-12,exato,TSRA,0,0,,0,0,
SNGI,Inverno,06-12,sem_intensidade,TS,0,0,,0,0,
SNGI,Inverno,06-12,sem_intensidade,TSRA,0,0,,0,0,
SNGI,Inverno,06-12,sem_intensidade,+RA,0,0,,0,0,
SNGI,Inverno,12-18,exato,TS,0,0,,0,0,
SNGI,Inverno,12-18,exato,+RA,0,0,,0,0,
SNGI,Inverno,12-18,exato,+TSRA,0,0,,0,0,
SNGI,Inverno,12-18,exato,TSRA,0,0,,0,0,
SNGI,Inverno,12-18,sem_intensidade,TS,0,0,,0,0,
SNGI,Inverno,12-18,sem_intensidade,TSRA,0,0,,0,0,
SNGI,Inverno,12-18,sem_intensidade,+RA,0,0,,0,0,
SNGI,Inverno,18-24,exato,TS,0,0,,0,0,
SNGI,Inverno,18-24,exato,+RA,0,0,,0,0,
SNGI,Inverno,18-24,exato,+TSRA,0,0,,0,0,
SNGI,Inverno,18-24,exato,TSRA,0,0,,0,0,
SNGI,Inverno,18-24,sem_intensidade,TS,0,0,,0,0,
SNGI,Inverno,18-24,sem_intensidade,TSRA,0,0,,0,0,
SNGI,Inverno,18-24,sem_intensidade,+RA,0,0,,0,0,
SNGI,Inverno,TODOS,exato,TS,0,0,,0,0,
SNGI,Inverno,TODOS,exato,+RA,0,0,,0,0,
SNGI,Inverno,TODOS,exato,+TSRA,0,0,,0,0,
SNGI,Inverno,TODOS,exato,TSRA,0,0,,0,0,
SNGI,Inverno,TODOS,sem_intensidade,TS,0,0,,0,0,
SNGI,Inverno,TODOS,sem_intensidade,TSRA,0,0,,0,0,
SNGI,Inverno,TODOS,sem_intensidade,+RA,0,0,,0,0,
SNGI,Primavera,00-06,exato,TS,0,0,,0,0,
SNGI,Primavera,00-06,exato,+RA,0,0,,0,0,
SNGI,Primavera,00-06,exato,+TSRA,0,0,,0,0,
SNGI,Primavera,00-06,exato,TSRA,0,0,,0,0,
SNGI,Primavera,00-06,sem_intensidade,TS,0,0,,0,0,
SNGI,Primavera,00-06,sem_intensidade,TSRA,0,0,,0,0,
SNGI,Primavera,00-06,sem_intensidade,+RA,0,0,,0,0,
SNGI,Primavera,06-12,exato,TS,0,0,,0,0,
SNGI,Primavera,06-12,exato,+RA,0,0,,0,0,
SNGI,Primavera,06-12,exato,+TSRA,0,0,,0,0,
SNGI,Primavera,06-12,exato,TSRA,0,0,,0,0,
SNGI,Primavera,06-12,sem_intensidade,TS,0,0,,0,0,
SNGI,Primavera,06-12,sem_intensidade,TSRA,0,0,,0,0,
SNGI,Primavera,06-12,sem_intensidade,+RA,0,0,,0,0,
SNGI,Primavera,12-18,exato,TS,0,0,,0,0,
SNGI,Primavera,12-18,exato,+RA,0,0,,0,0,
SNGI,Primavera,12-18,exato,+TSRA,0,0,,0,0,
SNGI,Primavera,12-18,exato,TSRA,0,0,,0,0,
SNGI,Primavera,12-18,sem_intensidade,TS,0,0,,0,0,
SNGI,Primavera,12-18,sem_intensidade,TSRA,0,0,,0,0,
SNGI,Primavera,12-18,sem_intensidade,+RA,0,0,,0,0,
SNGI,Primavera,18-24,exato,TS,0,0,,0,0,
SNGI,Primavera,18-24,exato,+RA,0,0,,0,0,
SNGI,Primavera,18-24,exato,+TSRA,0,0,,0,0,
SNGI,Primavera,18-24,exato,TSRA,0,0,,0,0,
SNGI,Primavera,18-24,sem_intensidade,TS,0,0,,0,0,
SNGI,Primavera,18-24,sem_intensidade,TSRA,0,0,,0,0,
SNGI,Primavera,18-24,sem_intensidade,+RA,0,0,,0,0,
SNGI,Primavera,TODOS,exato,TS,0,0,,0,0,
SNGI,Primavera,TODOS,exato,+RA,0,0,,0,0,
SNGI,Primavera,TODOS,exato,+TSRA,0,0,,0,0,
SNGI,Primavera,TODOS,exato,TSRA,0,0,,0,0,
SNGI,Primavera,TODOS,sem_intensidade,TS,0,0,,0,0,
SNGI,Primavera,TODOS,sem_intensidade,TSRA,0,0,,0,0,
SNGI,Primavera,TODOS,sem_intensidade,+RA,0,0,,0,0,
SNGI,TODAS,00-06,exato,TS,0,0,,0,0,
SNGI,TODAS,00-06,exato,+RA,0,0,,0,0,
SNGI,TODAS,00-06,exato,+TSRA,0,0,,0,0,
SNGI,TODAS,00-06,exato,TSRA,0,0,,0,0,
SNGI,TODAS,00-06,sem_intensidade,TS,0,0,,0,0,
SNGI,TODAS,00-06,sem_intensidade,TSRA,0,0,,0,0,
SNGI,TODAS,00-06,sem_intensidade,+RA,0,0,,0,0,
SNGI,TODAS,06-12,exato,TS,0,0,,0,0,
SNGI,TODAS,06-12,exato,+RA,0,0,,0,0,
SNGI,TODAS,06-12,exato,+TSRA,0,0,,0,0,
SNGI,TODAS,06-12,exato,TSRA,0,0,,0,0,
SNGI,TODAS,06-12,sem_intensidade,TS,0,0,,0,0,
SNGI,TODAS,06-12,sem_intensidade,TSRA,0,0,,0,0,
SNGI,TODAS,06-12,sem_intensidade,+RA,0,0,,0,0,
SNGI,TODAS,12-18,exato,TS,0,0,,0,0,
SNGI,TODAS,12-18,exato,+RA,0,0,,0,0,
SNGI,TODAS,12-18,exato,+TSRA,0,0,,0,0,
SNGI,TODAS,12-18,exato,TSRA,0,0,,0,0,
SNGI,TODAS,12-18,sem_intensidade,TS,0,0,,0,0,
SNGI,TODAS,12-18,sem_intensidade,TSRA,0,0,,0,0,
SNGI,TODAS,12-18,sem_intensidade,+RA,0,0,,0,0,
SNGI,TODAS,18-24,exato,TS,0,0,,0,0,
SNGI,TODAS,18-24,exato,+RA,0,0,,0,0,
SNGI,TODAS,18-24,exato,+TSRA,0,0,,0,0,
SNGI,TODAS,18-24,exato,TSRA,0,0,,0,0,
SNGI,TODAS,18-24,sem_intensidade,TS,0,0,,0,0,
SNGI,TODAS,18-24,sem_intensidade,TSRA,0,0,,0,0,
SNGI,TODAS,18-24,sem_intensidade,+RA,0,0,,0,0,
SNGI,TODAS,TODOS,exato,TS,0,0,,0,0,
SNGI,TODAS,TODOS,exato,+RA,0,0,,0,0,
SNGI,TODAS,TODOS,exato,+TSRA,0,0,,0,0,
SNGI,TODAS,TODOS,exato,TSRA,0,0,,0,0,
SNGI,TODAS,TODOS,sem_intensidade,TS,0,0,,0,0,
SNGI,TODAS,TODOS,sem_intensidade,TSRA,0,0,,0,0,
SNGI,TODAS,TODOS,sem_intensidade,+RA,0,0,,0,0,
SNPD,Verao,00-06,exato,TS,0,0,,0,0,
SNPD,Verao,00-06,exato,+RA,0,0,,0,0,
SNPD,Verao,00-06,exato,+TSRA,0,0,,0,0,
SNPD,Verao,00-06,exato,TSRA,0,0,,0,0,
SNPD,Verao,00-06,sem_intensidade,TS,0,0,,0,0,
SNPD,Verao,00-06,sem_intensidade,TSRA,0,0,,0,0,
SNPD,Verao,00-06,sem_intensidade,+RA,0,0,,0,0,
SNPD,Verao,06-12,exato,TS,0,0,,0,0,
SNPD,Verao,06-12,exato,+RA,0,0,,0,0,
SNPD,Verao,06-12,exato,+TSRA,0,0,,0,0,
SNPD,Verao,06-12,exato,TSRA,0,0,,0,0,
SNPD,Verao,06-12,sem_intensidade,TS,0,0,,0,0,
SNPD,Verao,06-12,sem_intensidade,TSRA,0,0,,0,0,
SNPD,Verao,06-12,sem_intensidade,+RA,0,0,,0,0,
SNPD,Verao,12-18,exato,TS,0,0,,0,0,
SNPD,Verao,12-18,exato,+RA,0,0,,0,0,
SNPD,Verao,12-18,exato,+TSRA,0,0,,0,0,
SNPD,Verao,12-18,exato,TSRA,0,0,,0,0,
SNPD,Verao,12-18,sem_intensidade,TS,0,0,,0,0,
SNPD,Verao,12-18,sem_intensidade,TSRA,0,0,,0,0,
SNPD,Verao,12-18,sem_intensidade,+RA,0,0,,0,0,
SNPD,Verao,18-24,exato,TS,0,0,,0,0,
SNPD,Verao,18-24,exato,+RA,0,0,,0,0,
SNPD,Verao,18-24,exato,+TSRA,0,0,,0,0,
SNPD,Verao,18-24,exato,TSRA,0,0,,0,0,
SNPD,Verao,18-24,sem_intensidade,TS,0,0,,0,0,
SNPD,Verao,18-24,sem_intensidade,TSRA,0,0,,0,0,
SNPD,Verao,18-24,sem_intensidade,+RA,0,0,,0,0,
SNPD,Verao,TODOS,exato,TS,0,0,,0,0,
SNPD,Verao,TODOS,exato,+RA,0,0,,0,0,
SNPD,Verao,TODOS,exato,+TSRA,0,0,,0,0,
SNPD,Verao,TODOS,exato,TSRA,0,0,,0,0,
SNPD,Verao,TODOS,sem_intensidade,TS,0,0,,0,0,
SNPD,Verao,TODOS,sem_intensidade,TSRA,0,0,,0,0,
SNPD,Verao,TODOS,sem_intensidade,+RA,0,0,,0,0,
SNPD,Outono,00-06,exato,TS,0,0,,0,0,
SNPD,Outono,00-06,exato,+RA,0,0,,0,0,
SNPD,Outono,00-06,exato,+TSRA,0,0,,0,0,
SNPD,Outono,00-06,exato,TSRA,0,0,,0,0,
SNPD,Outono,00-06,sem_intensidade,TS,0,0,,0,0,
SNPD,Outono,00-06,sem_intensidade,TSRA,0,0,,0,0,
SNPD,Outono,00-06,sem_intensidade,+RA,0,0,,0,0,
SNPD,Outono,06-12,exato,TS,0,0,,0,0,
SNPD,Outono,06-12,exato,+RA,0,0,,0,0,
SNPD,Outono,06-12,exato,+TSRA,0,0,,0,0,
SNPD,Outono,06-12,exato,TSRA,0,0,,0,0,
SNPD,Outono,06-12,sem_intensidade,TS,0,0,,0,0,
SNPD,Outono,06-12,sem_intensidade,TSRA,0,0,,0,0,
SNPD,Outono,06-12,sem_intensidade,+RA,0,0,,0,0,
SNPD,Outono,12-18,exato,TS,0,0,,0,0,
SNPD,Outono,12-18,exato,+RA,0,0,,0,0,
SNPD,Outono,12-18,exato,+TSRA,0,0,,0,0,
SNPD,Outono,12-18,exato,TSRA,0,0,,0,0,
SNPD,Outono,12-18,sem_intensidade,TS,0,0,,0,0,
SNPD,Outono,12-18,sem_intensidade,TSRA,0,0,,0,0,
SNPD,Outono,12-18,sem_intensidade,+RA,0,0,,0,0,
SNPD,Outono,18-24,exato,TS,0,0,,0,0,
SNPD,Outono,18-24,exato,+RA,0,0,,0,0,
SNPD,Outono,18-24,exato,+TSRA,0,0,,0,0,
SNPD,Outono,18-24,exato,TSRA,0,0,,0,0,
SNPD,Outono,18-24,sem_intensidade,TS,0,0,,0,0,
SNPD,Outono,18-24,sem_intensidade,TSRA,0,0,,0,0,
SNPD,Outono,18-24,sem_intensidade,+RA,0,0,,0,0,
SNPD,Outono,TODOS,exato,TS,0,0,,0,0,
SNPD,Outono,TODOS,exato,+RA,0,0,,0,0,
SNPD,Outono,TODOS,exato,+TSRA,0,0,,0,0,
SNPD,Outono,TODOS,exato,TSRA,0,0,,0,0,
SNPD,Outono,TODOS,sem_intensidade,TS,0,0,,0,0,
SNPD,Outono,TODOS,sem_intensidade,TSRA,0,0,,0,0,
SNPD,Outono,TODOS,sem_intensidade,+RA,0,0,,0,0,
SNPD,Inverno,00-06,exato,TS,0,0,,0,0,
SNPD,Inverno,00-06,exato,+RA,0,0,,0,0,
SNPD,Inverno,00-06,exato,+TSRA,0,0,,0,0,
SNPD,Inverno,00-06,exato,TSRA,0,0,,0,0,
SNPD,Inverno,00-06,sem_intensidade,TS,0,0,,0,0,
SNPD,Inverno,00-06,sem_intensidade,TSRA,0,0,,0,0,
SNPD,Inverno,00-06,sem_intensidade,+RA,0,0,,0,0,
SNPD,Inverno,06-12,exato,TS,0,0,,0,0,
SNPD,Inverno,06-12,exato,+RA,0,0,,0,0,
SNPD,Inverno,06-12,exato,+TSRA,0,0,,0,0,
SNPD,Inverno,06-12,exato,TSRA,0,0,,0,0,
SNPD,Inverno,06-12,sem_intensidade,TS,0,0,,0,0,
SNPD,Inverno,06-12,sem_intensidade,TSRA,0,0,,0,0,
SNPD,Inverno,06-12,sem_intensidade,+RA,0,0,,0,0,
SNPD,Inverno,12-18,exato,TS,0,0,,0,0,
SNPD,Inverno,12-18,exato,+RA,0,0,,0,0,
SNPD,Inverno,12-18,exato,+TSRA,0,0,,0,0,
SNPD,Inverno,12-18,exato,TSRA,0,0,,0,0,
SNPD,Inverno,12-18,sem_intensidade,TS,0,0,,0,0,
SNPD,Inverno,12-18,sem_intensidade,TSRA,0,0,,0,0,
SNPD,Inverno,12-18,sem_intensidade,+RA,0,0,,0,0,
SNPD,Inverno,18-24,exato,TS,0,0,,0,0,
SNPD,Inverno,18-24,exato,+RA,0,0,,0,0,
SNPD,Inverno,18-24,exato,+TSRA,0,0,,0,0,
SNPD,Inverno,18-24,exato,TSRA,0,0,,0,0,
SNPD,Inverno,18-24,sem_intensidade,TS,0,0,,0,0,
SNPD,Inverno,18-24,sem_intensidade,TSRA,0,0,,0,0,
SNPD,Inverno,18-24,sem_intensidade,+RA,0,0,,0,0,
SNPD,Inverno,TODOS,exato,TS,0,0,,0,0,
SNPD,Inverno,TODOS,exato,+RA,0,0,,0,0,
SNPD,Inverno,TODOS,exato,+TSRA,0,0,,0,0,
SNPD,Inverno,TODOS,exato,TSRA,0,0,,0,0,
SNPD,Inverno,TODOS,sem_intensidade,TS,0,0,,0,0,
SNPD,Inverno,TODOS,sem_intensidade,TSRA,0,0,,0,0,
SNPD,Inverno,TODOS,sem_intensidade,+RA,0,0,,0,0,
SNPD,Primavera,00-06,exato,TS,0,0,,0,0,
SNPD,Primavera,00-06,exato,+RA,0,0,,0,0,
SNPD,Primavera,00-06,exato,+TSRA,0,0,,0,0,
SNPD,Primavera,00-06,exato,TSRA,0,0,,0,0,
SNPD,Primavera,00-06,sem_intensidade,TS,0,0,,0,0,
SNPD,Primavera,00-06,sem_intensidade,TSRA,0,0,,0,0,
SNPD,Primavera,00-06,sem_intensidade,+RA,0,0,,0,0,
SNPD,Primavera,06-12,exato,TS,0,0,,0,0,
SNPD,Primavera,06-12,exato,+RA,0,0,,0,0,
SNPD,Primavera,06-12,exato,+TSRA,0,0,,0,0,
SNPD,Primavera,06-12,exato,TSRA,0,0,,0,0,
SNPD,Primavera,06-12,sem_intensidade,TS,0,0,,0,0,
SNPD,Primavera,06-12,sem_intensidade,TSRA,0,0,,0,0,
SNPD,Primavera,06-12,sem_intensidade,+RA,0,0,,0,0,
SNPD,Primavera,12-18,exato,TS,0,0,,0,0,
SNPD,Primavera,12-18,exato,+RA,0,0,,0,0,
SNPD,Primavera,12-18,exato,+TSRA,0,0,,0,0,
SNPD,Primavera,12-18,exato,TSRA,0,0,,0,0,
SNPD,Primavera,12-18,sem_intensidade,TS,0,0,,0,0,
SNPD,Primavera,12-18,sem_intensidade,TSRA,0,0,,0,0,
SNPD,Primavera,12-18,sem_intensidade,+RA,0,0,,0,0,
SNPD,Primavera,18-24,exato,TS,0,0,,0,0,
SNPD,Primavera,18-24,exato,+RA,0,0,,0,0,
SNPD,Primavera,18-24,exato,+TSRA,0,0,,0,0,
SNPD,Primavera,18-24,exato,TSRA,0,0,,0,0,
SNPD,Primavera,18-24,sem_intensidade,TS,0,0,,0,0,
SNPD,Primavera,18-24,sem_intensidade,TSRA,0,0,,0,0,
SNPD,Primavera,18-24,sem_intensidade,+RA,0,0,,0,0,
SNPD,Primavera,TODOS,exato,TS,0,0,,0,0,
SNPD,Primavera,TODOS,exato,+RA,0,0,,0,0,
SNPD,Primavera,TODOS,exato,+TSRA,0,0,,0,0,
SNPD,Primavera,TODOS,exato,TSRA,0,0,,0,0,
SNPD,Primavera,TODOS,sem_intensidade,TS,0,0,,0,0,
SNPD,Primavera,TODOS,sem_intensidade,TSRA,0,0,,0,0,
SNPD,Primavera,TODOS,sem_intensidade,+RA,0,0,,0,0,
SNPD,TODAS,00-06,exato,TS,0,0,,0,0,
SNPD,TODAS,00-06,exato,+RA,0,0,,0,0,
SNPD,TODAS,00-06,exato,+TSRA,0,0,,0,0,
SNPD,TODAS,00-06,exato,TSRA,0,0,,0,0,
SNPD,TODAS,00-06,sem_intensidade,TS,0,0,,0,0,
SNPD,TODAS,00-06,sem_intensidade,TSRA,0,0,,0,0,
SNPD,TODAS,00-06,sem_intensidade,+RA,0,0,,0,0,
SNPD,TODAS,06-12,exato,TS,0,0,,0,0,
SNPD,TODAS,06-12,exato,+RA,0,0,,0,0,
SNPD,TODAS,06-12,exato,+TSRA,0,0,,0,0,
SNPD,TODAS,06-12,exato,TSRA,0,0,,0,0,
SNPD,TODAS,06-12,sem_intensidade,TS,0,0,,0,0,
SNPD,TODAS,06-12,sem_intensidade,TSRA,0,0,,0,0,
SNPD,TODAS,06-12,sem_intensidade,+RA,0,0,,0,0,
SNPD,TODAS,12-18,exato,TS,0,0,,0,0,
SNPD,TODAS,12-18,exato,+RA,0,0,,0,0,
SNPD,TODAS,12-18,exato,+TSRA,0,0,,0,0,
SNPD,TODAS,12-18,exato,TSRA,0,0,,0,0,
SNPD,TODAS,12-18,sem_intensidade,TS,0,0,,0,0,
SNPD,TODAS,12-18,sem_intensidade,TSRA,0,0,,0,0,
SNPD,TODAS,12-18,sem_intensidade,+RA,0,0,,0,0,
SNPD,TODAS,18-24,exato,TS,0,0,,0,0,
SNPD,TODAS,18-24,exato,+RA,0,0,,0,0,
SNPD,TODAS,18-24,exato,+TSRA,0,0,,0,0,
SNPD,TODAS,18-24,exato,TSRA,0,0,,0,0,
SNPD,TODAS,18-24,sem_intensidade,TS,0,0,,0,0,
SNPD,TODAS,18-24,sem_intensidade,TSRA,0,0,,0,0,
SNPD,TODAS,18-24,sem_intensidade,+RA,0,0,,0,0,
SNPD,TODAS,TODOS,exato,TS,0,0,,0,0,
SNPD,TODAS,TODOS,exato,+RA,0,0,,0,0,
SNPD,TODAS,TODOS,exato,+TSRA,0,0,,0,0,
SNPD,TODAS,TODOS,exato,TSRA,0,0,,0,0,
SNPD,TODAS,TODOS,sem_intensidade,TS,0,0,,0,0,
SNPD,TODAS,TODOS,sem_intensidade,TSRA,0,0,,0,0,
SNPD,TODAS,TODOS,sem_intensidade,+RA,0,0,,0,0,
SNRU,Verao,00-06,exato,TS,0,0,,0,0,
SNRU,Verao,00-06,exato,+RA,0,0,,0,0,
SNRU,Verao,00-06,exato,+TSRA,0,0,,0,0,
SNRU,Verao,00-06,exato,TSRA,0,0,,0,0,
SNRU,Verao,00-06,sem_intensidade,TS,0,0,,0,0,
SNRU,Verao,00-06,sem_intensidade,TSRA,0,0,,0,0,
SNRU,Verao,00-06,sem_intensidade,+RA,0,0,,0,0,
SNRU,Verao,06-12,exato,TS,0,0,,0,0,
SNRU,Verao,06-12,exato,+RA,0,0,,0,0,
SNRU,Verao,06-12,exato,+TSRA,0,0,,0,0,
SNRU,Verao,06-12,exato,TSRA,0,0,,0,0,
SNRU,Verao,06-12,sem_intensidade,TS,0,0,,0,0,
SNRU,Verao,06-12,sem_intensidade,TSRA,0,0,,0,0,
SNRU,Verao,06-12,sem_intensidade,+RA,0,0,,0,0,
SNRU,Verao,12-18,exato,TS,0,0,,0,0,
SNRU,Verao,12-18,exato,+RA,0,0,,0,0,
SNRU,Verao,12-18,exato,+TSRA,0,0,,0,0,
SNRU,Verao,12-18,exato,TSRA,0,0,,0,0,
SNRU,Verao,12-18,sem_intensidade,TS,0,0,,0,0,
SNRU,Verao,12-18,sem_intensidade,TSRA,0,0,,0,0,
SNRU,Verao,12-18,sem_intensidade,+RA,0,0,,0,0,
SNRU,Verao,18-24,exato,TS,0,0,,0,0,
SNRU,Verao,18-24,exato,+RA,0,0,,0,0,
SNRU,Verao,18-24,exato,+TSRA,0,0,,0,0,
SNRU,Verao,18-24,exato,TSRA,0,0,,0,0,
SNRU,Verao,18-24,sem_intensidade,TS,0,0,,0,0,
SNRU,Verao,18-24,sem_intensidade,TSRA,0,0,,0,0,
SNRU,Verao,18-24,sem_intensidade,+RA,0,0,,0,0,
SNRU,Verao,TODOS,exato,TS,0,0,,0,0,
SNRU,Verao,TODOS,exato,+RA,0,0,,0,0,
SNRU,Verao,TODOS,exato,+TSRA,0,0,,0,0,
SNRU,Verao,TODOS,exato,TSRA,0,0,,0,0,
SNRU,Verao,TODOS,sem_intensidade,TS,0,0,,0,0,
SNRU,Verao,TODOS,sem_intensidade,TSRA,0,0,,0,0,
SNRU,Verao,TODOS,sem_intensidade,+RA,0,0,,0,0,
SNRU,Outono,00-06,exato,TS,0,0,,0,0,
SNRU,Outono,00-06,exato,+RA,0,0,,0,0,
SNRU,Outono,00-06,exato,+TSRA,0,0,,0,0,
SNRU,Outono,00-06,exato,TSRA,0,0,,0,0,
SNRU,Outono,00-06,sem_intensidade,TS,0,0,,0,0,
SNRU,Outono,00-06,sem_intensidade,TSRA,0,0,,0,0,
SNRU,Outono,00-06,sem_intensidade,+RA,0,0,,0,0,
SNRU,Outono,06-12,exato,TS,0,0,,0,0,
SNRU,Outono,06-12,exato,+RA,0,0,,0,0,
SNRU,Outono,06-12,exato,+TSRA,0,0,,0,0,
SNRU,Outono,06-12,exato,TSRA,0,0,,0,0,
SNRU,Outono,06-12,sem_intensidade,TS,0,0,,0,0,
SNRU,Outono,06-12,sem_intensidade,TSRA,0,0,,0,0,
SNRU,Outono,06-12,sem_intensidade,+RA,0,0,,0,0,
SNRU,Outono,12-18,exato,TS,0,0,,0,0,
SNRU,Outono,12-18,exato,+RA,0,0,,0,0,
SNRU,Outono,12-18,exato,+TSRA,0,0,,0,0,
SNRU,Outono,12-18,exato,TSRA,0,0,,0,0,
SNRU,Outono,12-18,sem_intensidade,TS,0,0,,0,0,
SNRU,Outono,12-18,sem_intensidade,TSRA,0,0,,0,0,
SNRU,Outono,12-18,sem_intensidade,+RA,0,0,,0,0,
SNRU,Outono,18-24,exato,TS,0,0,,0,0,
SNRU,Outono,18-24,exato,+RA,0,0,,0,0,
SNRU,Outono,18-24,exato,+TSRA,0,0,,0,0,
SNRU,Outono,18-24,exato,TSRA,0,0,,0,0,
SNRU,Outono,18-24,sem_intensidade,TS,0,0,,0,0,
SNRU,Outono,18-24,sem_intensidade,TSRA,0,0,,0,0,
SNRU,Outono,18-24,sem_intensidade,+RA,0,0,,0,0,
SNRU,Outono,TODOS,exato,TS,0,0,,0,0,
SNRU,Outono,TODOS,exato,+RA,0,0,,0,0,
SNRU,Outono,TODOS,exato,+TSRA,0,0,,0,0,
SNRU,Outono,TODOS,exato,TSRA,0,0,,0,0,
SNRU,Outono,TODOS,sem_intensidade,TS,0,0,,0,0,
SNRU,Outono,TODOS,sem_intensidade,TSRA,0,0,,0,0,
SNRU,Outono,TODOS,sem_intensidade,+RA,0,0,,0,0,
SNRU,Inverno,00-06,exato,TS,0,0,,0,0,
SNRU,Inverno,00-06,exato,+RA,0,0,,0,0,
SNRU,Inverno,00-06,exato,+TSRA,0,0,,0,0,
SNRU,Inverno,00-06,exato,TSRA,0,0,,0,0,
SNRU,Inverno,00-06,sem_intensidade,TS,0,0,,0,0,
SNRU,Inverno,00-06,sem_intensidade,TSRA,0,0,,0,0,
SNRU,Inverno,00-06,sem_intensidade,+RA,0,0,,0,0,
SNRU,Inverno,06-12,exato,TS,0,0,,0,0,
SNRU,Inverno,06-12,exato,+RA,0,0,,0,0,
SNRU,Inverno,06-12,exato,+TSRA,0,0,,0,0,
SNRU,Inverno,06-12,exato,TSRA,0,0,,0,0,
SNRU,Inverno,06-12,sem_intensidade,TS,0,0,,0,0,
SNRU,Inverno,06-12,sem_intensidade,TSRA,0,0,,0,0,
SNRU,Inverno,06-12,sem_intensidade,+RA,0,0,,0,0,
SNRU,Inverno,12-18,exato,TS,0,0,,0,0,
SNRU,Inverno,12-18,exato,+RA,0,0,,0,0,
SNRU,Inverno,12-18,exato,+TSRA,0,0,,0,0,
SNRU,Inverno,12-18,exato,TSRA,0,0,,0,0,
SNRU,Inverno,12-18,sem_intensidade,TS,0,0,,0,0,
SNRU,Inverno,12-18,sem_intensidade,TSRA,0,0,,0,0,
SNRU,Inverno,12-18,sem_intensidade,+RA,0,0,,0,0,
SNRU,Inverno,18-24,exato,TS,0,0,,0,0,
SNRU,Inverno,18-24,exato,+RA,0,0,,0,0,
SNRU,Inverno,18-24,exato,+TSRA,0,0,,0,0,
SNRU,Inverno,18-24,exato,TSRA,0,0,,0,0,
SNRU,Inverno,18-24,sem_intensidade,TS,0,0,,0,0,
SNRU,Inverno,18-24,sem_intensidade,TSRA,0,0,,0,0,
SNRU,Inverno,18-24,sem_intensidade,+RA,0,0,,0,0,
SNRU,Inverno,TODOS,exato,TS,0,0,,0,0,
SNRU,Inverno,TODOS,exato,+RA,0,0,,0,0,
SNRU,Inverno,TODOS,exato,+TSRA,0,0,,0,0,
SNRU,Inverno,TODOS,exato,TSRA,0,0,,0,0,
SNRU,Inverno,TODOS,sem_intensidade,TS,0,0,,0,0,
SNRU,Inverno,TODOS,sem_intensidade,TSRA,0,0,,0,0,
SNRU,Inverno,TODOS,sem_intensidade,+RA,0,0,,0,0,
SNRU,Primavera,00-06,exato,TS,0,0,,0,0,
SNRU,Primavera,00-06,exato,+RA,0,0,,0,0,
SNRU,Primavera,00-06,exato,+TSRA,0,0,,0,0,
SNRU,Primavera,00-06,exato,TSRA,0,0,,0,0,
SNRU,Primavera,00-06,sem_intensidade,TS,0,0,,0,0,
SNRU,Primavera,00-06,sem_intensidade,TSRA,0,0,,0,0,
SNRU,Primavera,00-06,sem_intensidade,+RA,0,0,,0,0,
SNRU,Primavera,06-12,exato,TS,0,0,,0,0,
SNRU,Primavera,06-12,exato,+RA,0,0,,0,0,
SNRU,Primavera,06-12,exato,+TSRA,0,0,,0,0,
SNRU,Primavera,06-12,exato,TSRA,0,0,,0,0,
SNRU,Primavera,06-12,sem_intensidade,TS,0,0,,0,0,
SNRU,Primavera,06-12,sem_intensidade,TSRA,0,0,,0,0,
SNRU,Primavera,06-12,sem_intensidade,+RA,0,0,,0,0,
SNRU,Primavera,12-18,exato,TS,0,0,,0,0,
SNRU,Primavera,12-18,exato,+RA,0,0,,0,0,
SNRU,Primavera,12-18,exato,+TSRA,0,0,,0,0,
SNRU,Primavera,12-18,exato,TSRA,0,0,,0,0,
SNRU,Primavera,12-18,sem_intensidade,TS,0,0,,0,0,
SNRU,Primavera,12-18,sem_intensidade,TSRA,0,0,,0,0,
SNRU,Primavera,12-18,sem_intensidade,+RA,0,0,,0,0,
SNRU,Primavera,18-24,exato,TS,0,0,,0,0,
SNRU,Primavera,18-24,exato,+RA,0,0,,0,0,
SNRU,Primavera,18-24,exato,+TSRA,0,0,,0,0,
SNRU,Primavera,18-24,exato,TSRA,0,0,,0,0,
SNRU,Primavera,18-24,sem_intensidade,TS,0,0,,0,0,
SNRU,Primavera,18-24,sem_intensidade,TSRA,0,0,,0,0,
SNRU,Primavera,18-24,sem_intensidade,+RA,0,0,,0,0,
SNRU,Primavera,TODOS,exato,TS,0,0,,0,0,
SNRU,Primavera,TODOS,exato,+RA,0,0,,0,0,
SNRU,Primavera,TODOS,exato,+TSRA,0,0,,0,0,
SNRU,Primavera,TODOS,exato,TSRA,0,0,,0,0,
SNRU,Primavera,TODOS,sem_intensidade,TS,0,0,,0,0,
SNRU,Primavera,TODOS,sem_intensidade,TSRA,0,0,,0,0,
SNRU,Primavera,TODOS,sem_intensidade,+RA,0,0,,0,0,
SNRU,TODAS,00-06,exato,TS,0,0,,0,0,
SNRU,TODAS,00-06,exato,+RA,0,0,,0,0,
SNRU,TODAS,00-06,exato,+TSRA,0,0,,0,0,
SNRU,TODAS,00-06,exato,TSRA,0,0,,0,0,
SNRU,TODAS,00-06,sem_intensidade,TS,0,0,,0,0,
SNRU,TODAS,00-06,sem_intensidade,TSRA,0,0,,0,0,
SNRU,TODAS,00-06,sem_intensidade,+RA,0,0,,0,0,
SNRU,TODAS,06-12,exato,TS,0,0,,0,0,
SNRU,TODAS,06-12,exato,+RA,0,0,,0,0,
SNRU,TODAS,06-12,exato,+TSRA,0,0,,0,0,
SNRU,TODAS,06-12,exato,TSRA,0,0,,0,0,
SNRU,TODAS,06-12,sem_intensidade,TS,0,0,,0,0,
SNRU,TODAS,06-12,sem_intensidade,TSRA,0,0,,0,0,
SNRU,TODAS,06-12,sem_intensidade,+RA,0,0,,0,0,
SNRU,TODAS,12-18,exato,TS,0,0,,0,0,
SNRU,TODAS,12-18,exato,+RA,0,0,,0,0,
SNRU,TODAS,12-18,exato,+TSRA,0,0,,0,0,
SNRU,TODAS,12-18,exato,TSRA,0,0,,0,0,
SNRU,TODAS,12-18,sem_intensidade,TS,0,0,,0,0,
SNRU,TODAS,12-18,sem_intensidade,TSRA,0,0,,0,0,
SNRU,TODAS,12-18,sem_intensidade,+RA,0,0,,0,0,
SNRU,TODAS,18-24,exato,TS,0,0,,0,0,
SNRU,TODAS,18-24,exato,+RA,0,0,,0,0,
SNRU,TODAS,18-24,exato,+TSRA,0,0,,0,0,
SNRU,TODAS,18-24,exato,TSRA,0,0,,0,0,
SNRU,TODAS,18-24,sem_intensidade,TS,0,0,,0,0,
SNRU,TODAS,18-24,sem_intensidade,TSRA,0,0,,0,0,
SNRU,TODAS,18-24,sem_intensidade,+RA,0,0,,0,0,
SNRU,TODAS,TODOS,exato,TS,0,0,,0,0,
SNRU,TODAS,TODOS,exato,+RA,0,0,,0,0,
SNRU,TODAS,TODOS,exato,+TSRA,0,0,,0,0,
SNRU,TODAS,TODOS,exato,TSRA,0,0,,0,0,
SNRU,TODAS,TODOS,sem_intensidade,TS,0,0,,0,0,
SNRU,TODAS,TODOS,sem_intensidade,TSRA,0,0,,0,0,
SNRU,TODAS,TODOS,sem_intensidade,+RA,0,0,,0,0,
SNTF,Verao,00-06,exato,TS,0,0,,0,0,
SNTF,Verao,00-06,exato,+RA,0,0,,0,0,
SNTF,Verao,00-06,exato,+TSRA,0,0,,0,0,
SNTF,Verao,00-06,exato,TSRA,0,0,,0,0,
SNTF,Verao,00-06,sem_intensidade,TS,0,0,,0,0,
SNTF,Verao,00-06,sem_intensidade,TSRA,0,0,,0,0,
SNTF,Verao,00-06,sem_intensidade,+RA,0,0,,0,0,
SNTF,Verao,06-12,exato,TS,0,0,,0,0,
SNTF,Verao,06-12,exato,+RA,0,0,,0,0,
SNTF,Verao,06-12,exato,+TSRA,0,0,,0,0,
SNTF,Verao,06-12,exato,TSRA,0,0,,0,0,
SNTF,Verao,06-12,sem_intensidade,TS,0,0,,0,0,
SNTF,Verao,06-12,sem_intensidade,TSRA,0,0,,0,0,
SNTF,Verao,06-12,sem_intensidade,+RA,0,0,,0,0,
SNTF,Verao,12-18,exato,TS,0,0,,0,0,
SNTF,Verao,12-18,exato,+RA,0,0,,0,0,
SNTF,Verao,12-18,exato,+TSRA,0,0,,0,0,
SNTF,Verao,12-18,exato,TSRA,0,0,,0,0,
SNTF,Verao,12-18,sem_intensidade,TS,0,0,,0,0,
SNTF,Verao,12-18,sem_intensidade,TSRA,0,0,,0,0,
SNTF,Verao,12-18,sem_intensidade,+RA,0,0,,0,0,
SNTF,Verao,18-24,exato,TS,0,0,,0,0,
SNTF,Verao,18-24,exato,+RA,0,0,,0,0,
SNTF,Verao,18-24,exato,+TSRA,0,0,,0,0,
SNTF,Verao,18-24,exato,TSRA,0,0,,0,0,
SNTF,Verao,18-24,sem_intensidade,TS,0,0,,0,0,
SNTF,Verao,18-24,sem_intensidade,TSRA,0,0,,0,0,
SNTF,Verao,18-24,sem_intensidade,+RA,0,0,,0,0,
SNTF,Verao,TODOS,exato,TS,0,0,,0,0,
SNTF,Verao,TODOS,exato,+RA,0,0,,0,0,
SNTF,Verao,TODOS,exato,+TSRA,0,0,,0,0,
SNTF,Verao,TODOS,exato,TSRA,0,0,,0,0,
SNTF,Verao,TODOS,sem_intensidade,TS,0,0,,0,0,
SNTF,Verao,TODOS,sem_intensidade,TSRA,0,0,,0,0,
SNTF,Verao,TODOS,sem_intensidade,+RA,0,0,,0,0,
SNTF,Outono,00-06,exato,TS,0,0,,0,0,
SNTF,Outono,00-06,exato,+RA,0,0,,0,0,
SNTF,Outono,00-06,exato,+TSRA,0,0,,0,0,
SNTF,Outono,00-06,exato,TSRA,0,0,,0,0,
SNTF,Outono,00-06,sem_intensidade,TS,0,0,,0,0,
SNTF,Outono,00-06,sem_intensidade,TSRA,0,0,,0,0,
SNTF,Outono,00-06,sem_intensidade,+RA,0,0,,0,0,
SNTF,Outono,06-12,exato,TS,0,0,,0,0,
SNTF,Outono,06-12,exato,+RA,0,0,,0,0,
SNTF,Outono,06-12,exato,+TSRA,0,0,,0,0,
SNTF,Outono,06-12,exato,TSRA,0,0,,0,0,
SNTF,Outono,06-12,sem_intensidade,TS,0,0,,0,0,
SNTF,Outono,06-12,sem_intensidade,TSRA,0,0,,0,0,
SNTF,Outono,06-12,sem_intensidade,+RA,0,0,,0,0,
SNTF,Outono,12-18,exato,TS,0,0,,0,0,
SNTF,Outono,12-18,exato,+RA,0,0,,0,0,
SNTF,Outono,12-18,exato,+TSRA,0,0,,0,0,
SNTF,Outono,12-18,exato,TSRA,0,0,,0,0,
SNTF,Outono,12-18,sem_intensidade,TS,0,0,,0,0,
SNTF,Outono,12-18,sem_intensidade,TSRA,0,0,,0,0,
SNTF,Outono,12-18,sem_intensidade,+RA,0,0,,0,0,
SNTF,Outono,18-24,exato,TS,0,0,,0,0,
SNTF,Outono,18-24,exato,+RA,0,0,,0,0,
SNTF,Outono,18-24,exato,+TSRA,0,0,,0,0,
SNTF,Outono,18-24,exato,TSRA,0,0,,0,0,
SNTF,Outono,18-24,sem_intensidade,TS,0,0,,0,0,
SNTF,Outono,18-24,sem_intensidade,TSRA,0,0,,0,0,
SNTF,Outono,18-24,sem_intensidade,+RA,0,0,,0,0,
SNTF,Outono,TODOS,exato,TS,0,0,,0,0,
SNTF,Outono,TODOS,exato,+RA,0,0,,0,0,
SNTF,Outono,TODOS,exato,+TSRA,0,0,,0,0,
SNTF,Outono,TODOS,exato,TSRA,0,0,,0,0,
SNTF,Outono,TODOS,sem_intensidade,TS,0,0,,0,0,
SNTF,Outono,TODOS,sem_intensidade,TSRA,0,0,,0,0,
SNTF,Outono,TODOS,sem_intensidade,+RA,0,0,,0,0,
SNTF,Inverno,00-06,exato,TS,0,0,,0,0,
SNTF,Inverno,00-06,exato,+RA,0,0,,0,0,
SNTF,Inverno,00-06,exato,+TSRA,0,0,,0,0,
SNTF,Inverno,00-06,exato,TSRA,0,0,,0,0,
SNTF,Inverno,00-06,sem_intensidade,TS,0,0,,0,0,
SNTF,Inverno,00-06,sem_intensidade,TSRA,0,0,,0,0,
SNTF,Inverno,00-06,sem_intensidade,+RA,0,0,,0,0,
SNTF,Inverno,06-12,exato,TS,0,0,,0,0,
SNTF,Inverno,06-12,exato,+RA,0,0,,0,0,
SNTF,Inverno,06-12,exato,+TSRA,0,0,,0,0,
SNTF,Inverno,06-12,exato,TSRA,0,0,,0,0,
SNTF,Inverno,06-12,sem_intensidade,TS,0,0,,0,0,
SNTF,Inverno,06-12,sem_intensidade,TSRA,0,0,,0,0,
SNTF,Inverno,06-12,sem_intensidade,+RA,0,0,,0,0,
SNTF,Inverno,12-18,exato,TS,0,0,,0,0,
SNTF,Inverno,12-18,exato,+RA,0,0,,0,0,
SNTF,Inverno,12-18,exato,+TSRA,0,0,,0,0,
SNTF,Inverno,12-18,exato,TSRA,0,0,,0,0,
SNTF,Inverno,12-18,sem_intensidade,TS,0,0,,0,0,
SNTF,Inverno,12-18,sem_intensidade,TSRA,0,0,,0,0,
SNTF,Inverno,12-18,sem_intensidade,+RA,0,0,,0,0,
SNTF,Inverno,18-24,exato,TS,0,0,,0,0,
SNTF,Inverno,18-24,exato,+RA,0,0,,0,0,
SNTF,Inverno,18-24,exato,+TSRA,0,0,,0,0,
SNTF,Inverno,18-24,exato,TSRA,0,0,,0,0,
SNTF,Inverno,18-24,sem_intensidade,TS,0,0,,0,0,
SNTF,Inverno,18-24,sem_intensidade,TSRA,0,0,,0,0,
SNTF,Inverno,18-24,sem_intensidade,+RA,0,0,,0,0,
SNTF,Inverno,TODOS,exato,TS,0,0,,0,0,
SNTF,Inverno,TODOS,exato,+RA,0,0,,0,0,
SNTF,Inverno,TODOS,exato,+TSRA,0,0,,0,0,
SNTF,Inverno,TODOS,exato,TSRA,0,0,,0,0,
SNTF,Inverno,TODOS,sem_intensidade,TS,0,0,,0,0,
SNTF,Inverno,TODOS,sem_intensidade,TSRA,0,0,,0,0,
SNTF,Inverno,TODOS,sem_intensidade,+RA,0,0,,0,0,
SNTF,Primavera,00-06,exato,TS,0,0,,0,0,
SNTF,Primavera,00-06,exato,+RA,0,0,,0,0,
SNTF,Primavera,00-06,exato,+TSRA,0,0,,0,0,
SNTF,Primavera,00-06,exato,TSRA,0,0,,0,0,
SNTF,Primavera,00-06,sem_intensidade,TS,0,0,,0,0,
SNTF,Primavera,00-06,sem_intensidade,TSRA,0,0,,0,0,
SNTF,Primavera,00-06,sem_intensidade,+RA,0,0,,0,0,
SNTF,Primavera,06-12,exato,TS,0,0,,0,0,
SNTF,Primavera,06-12,exato,+RA,0,0,,0,0,
SNTF,Primavera,06-12,exato,+TSRA,0,0,,0,0,
SNTF,Primavera,06-12,exato,TSRA,0,0,,0,0,
SNTF,Primavera,06-12,sem_intensidade,TS,0,0,,0,0,
SNTF,Primavera,06-12,sem_intensidade,TSRA,0,0,,0,0,
SNTF,Primavera,06-12,sem_intensidade,+RA,0,0,,0,0,
SNTF,Primavera,12-18,exato,TS,0,0,,0,0,
SNTF,Primavera,12-18,exato,+RA,0,0,,0,0,
SNTF,Primavera,12-18,exato,+TSRA,0,0,,0,0,
SNTF,Primavera,12-18,exato,TSRA,0,0,,0,0,
SNTF,Primavera,12-18,sem_intensidade,TS,0,0,,0,0,
SNTF,Primavera,12-18,sem_intensidade,TSRA,0,0,,0,0,
SNTF,Primavera,12-18,sem_intensidade,+RA,0,0,,0,0,
SNTF,Primavera,18-24,exato,TS,0,0,,0,0,
SNTF,Primavera,18-24,exato,+RA,0,0,,0,0,
SNTF,Primavera,18-24,exato,+TSRA,0,0,,0,0,
SNTF,Primavera,18-24,exato,TSRA,0,0,,0,0,
SNTF,Primavera,18-24,sem_intensidade,TS,0,0,,0,0,
SNTF,Primavera,18-24,sem_intensidade,TSRA,0,0,,0,0,
SNTF,Primavera,18-24,sem_intensidade,+RA,0,0,,0,0,
SNTF,Primavera,TODOS,exato,TS,0,0,,0,0,
SNTF,Primavera,TODOS,exato,+RA,0,0,,0,0,
SNTF,Primavera,TODOS,exato,+TSRA,0,0,,0,0,
SNTF,Primavera,TODOS,exato,TSRA,0,0,,0,0,
SNTF,Primavera,TODOS,sem_intensidade,TS,0,0,,0,0,
SNTF,Primavera,TODOS,sem_intensidade,TSRA,0,0,,0,0,
SNTF,Primavera,TODOS,sem_intensidade,+RA,0,0,,0,0,
SNTF,TODAS,00-06,exato,TS,0,0,,0,0,
SNTF,TODAS,00-06,exato,+RA,0,0,,0,0,
SNTF,TODAS,00-06,exato,+TSRA,0,0,,0,0,
SNTF,TODAS,00-06,exato,TSRA,0,0,,0,0,
SNTF,TODAS,00-06,sem_intensidade,TS,0,0,,0,0,
SNTF,TODAS,00-06,sem_intensidade,TSRA,0,0,,0,0,
SNTF,TODAS,00-06,sem_intensidade,+RA,0,0,,0,0,
SNTF,TODAS,06-12,exato,TS,0,0,,0,0,
SNTF,TODAS,06-12,exato,+RA,0,0,,0,0,
SNTF,TODAS,06-12,exato,+TSRA,0,0,,0,0,
SNTF,TODAS,06-12,exato,TSRA,0,0,,0,0,
SNTF,TODAS,06-12,sem_intensidade,TS,0,0,,0,0,
SNTF,TODAS,06-12,sem_intensidade,TSRA,0,0,,0,0,
SNTF,TODAS,06-12,sem_intensidade,+RA,0,0,,0,0,
SNTF,TODAS,12-18,exato,TS,0,0,,0,0,
SNTF,TODAS,12-18,exato,+RA,0,0,,0,0,
SNTF,TODAS,12-18,exato,+TSRA,0,0,,0,0,
SNTF,TODAS,12-18,exato,TSRA,0,0,,0,0,
SNTF,TODAS,12-18,sem_intensidade,TS,0,0,,0,0,
SNTF,TODAS,12-18,sem_intensidade,TSRA,0,0,,0,0,
SNTF,TODAS,12-18,sem_intensidade,+RA,0,0,,0,0,
SNTF,TODAS,18-24,exato,TS,0,0,,0,0,
SNTF,TODAS,18-24,exato,+RA,0,0,,0,0,
SNTF,TODAS,18-24,exato,+TSRA,0,0,,0,0,
SNTF,TODAS,18-24,exato,TSRA,0,0,,0,0,
SNTF,TODAS,18-24,sem_intensidade,TS,0,0,,0,0,
SNTF,TODAS,18-24,sem_intensidade,TSRA,0,0,,0,0,
SNTF,TODAS,18-24,sem_intensidade,+RA,0,0,,0,0,
SNTF,TODAS,TODOS,exato,TS,0,0,,0,0,
SNTF,TODAS,TODOS,exato,+RA,0,0,,0,0,
SNTF,TODAS,TODOS,exato,+TSRA,0,0,,0,0,
SNTF,TODAS,TODOS,exato,TSRA,0,0,,0,0,
SNTF,TODAS,TODOS,sem_intensidade,TS,0,0,,0,0,
SNTF,TODAS,TODOS,sem_intensidade,TSRA,0,0,,0,0,
SNTF,TODAS,TODOS,sem_intensidade,+RA,0,0,,0,0,
SSKW,Verao,00-06,exato,TS,0,0,,0,0,
SSKW,Verao,00-06,exato,+RA,0,0,,0,0,
SSKW,Verao,00-06,exato,+TSRA,0,0,,0,0,
SSKW,Verao,00-06,exato,TSRA,0,0,,0,0,
SSKW,Verao,00-06,sem_intensidade,TS,0,0,,0,0,
SSKW,Verao,00-06,sem_intensidade,TSRA,0,0,,0,0,
SSKW,Verao,00-06,sem_intensidade,+RA,0,0,,0,0,
SSKW,Verao,06-12,exato,TS,0,0,,0,0,
SSKW,Verao,06-12,exato,+RA,0,0,,0,0,
SSKW,Verao,06-12,exato,+TSRA,0,0,,0,0,
SSKW,Verao,06-12,exato,TSRA,0,0,,0,0,
SSKW,Verao,06-12,sem_intensidade,TS,0,0,,0,0,
SSKW,Verao,06-12,sem_intensidade,TSRA,0,0,,0,0,
SSKW,Verao,06-12,sem_intensidade,+RA,0,0,,0,0,
SSKW,Verao,12-18,exato,TS,0,0,,0,0,
SSKW,Verao,12-18,exato,+RA,0,0,,0,0,
SSKW,Verao,12-18,exato,+TSRA,0,0,,0,0,
SSKW,Verao,12-18,exato,TSRA,0,0,,0,0,
SSKW,Verao,12-18,sem_intensidade,TS,0,0,,0,0,
SSKW,Verao,12-18,sem_intensidade,TSRA,0,0,,0,0,
SSKW,Verao,12-18,sem_intensidade,+RA,0,0,,0,0,
SSKW,Verao,18-24,exato,TS,7,1,14.3,2,1,50.0
SSKW,Verao,18-24,exato,+RA,0,0,,1,0,0.0
SSKW,Verao,18-24,exato,+TSRA,0,0,,0,0,
SSKW,Verao,18-24,exato,TSRA,7,0,0.0,1,0,0.0
SSKW,Verao,18-24,sem_intensidade,TS,7,1,14.3,2,1,50.0
SSKW,Verao,18-24,sem_intensidade,TSRA,7,1,14.3,7,1,14.3
SSKW,Verao,18-24,sem_intensidade,+RA,0,0,,1,0,0.0
SSKW,Verao,TODOS,exato,TS,7,1,14.3,2,1,50.0
SSKW,Verao,TODOS,exato,+RA,0,0,,1,0,0.0
SSKW,Verao,TODOS,exato,+TSRA,0,0,,0,0,
SSKW,Verao,TODOS,exato,TSRA,7,0,0.0,1,0,0.0
SSKW,Verao,TODOS,sem_intensidade,TS,7,1,14.3,2,1,50.0
SSKW,Verao,TODOS,sem_intensidade,TSRA,7,1,14.3,7,1,14.3
SSKW,Verao,TODOS,sem_intensidade,+RA,0,0,,1,0,0.0
SSKW,Outono,00-06,exato,TS,0,0,,0,0,
SSKW,Outono,00-06,exato,+RA,0,0,,0,0,
SSKW,Outono,00-06,exato,+TSRA,0,0,,0,0,
SSKW,Outono,00-06,exato,TSRA,0,0,,0,0,
SSKW,Outono,00-06,sem_intensidade,TS,0,0,,0,0,
SSKW,Outono,00-06,sem_intensidade,TSRA,0,0,,0,0,
SSKW,Outono,00-06,sem_intensidade,+RA,0,0,,0,0,
SSKW,Outono,06-12,exato,TS,0,0,,0,0,
SSKW,Outono,06-12,exato,+RA,0,0,,0,0,
SSKW,Outono,06-12,exato,+TSRA,0,0,,0,0,
SSKW,Outono,06-12,exato,TSRA,0,0,,0,0,
SSKW,Outono,06-12,sem_intensidade,TS,0,0,,0,0,
SSKW,Outono,06-12,sem_intensidade,TSRA,0,0,,0,0,
SSKW,Outono,06-12,sem_intensidade,+RA,0,0,,0,0,
SSKW,Outono,12-18,exato,TS,0,0,,3,0,0.0
SSKW,Outono,12-18,exato,+RA,0,0,,0,0,
SSKW,Outono,12-18,exato,+TSRA,0,0,,0,0,
SSKW,Outono,12-18,exato,TSRA,1,0,0.0,0,0,
SSKW,Outono,12-18,sem_intensidade,TS,0,0,,3,0,0.0
SSKW,Outono,12-18,sem_intensidade,TSRA,1,1,100.0,2,1,50.0
SSKW,Outono,12-18,sem_intensidade,+RA,0,0,,0,0,
SSKW,Outono,18-24,exato,TS,1,0,0.0,1,0,0.0
SSKW,Outono,18-24,exato,+RA,0,0,,0,0,
SSKW,Outono,18-24,exato,+TSRA,0,0,,0,0,
SSKW,Outono,18-24,exato,TSRA,2,0,0.0,0,0,
SSKW,Outono,18-24,sem_intensidade,TS,1,0,0.0,1,0,0.0
SSKW,Outono,18-24,sem_intensidade,TSRA,2,0,0.0,1,0,0.0
SSKW,Outono,18-24,sem_intensidade,+RA,0,0,,0,0,
SSKW,Outono,TODOS,exato,TS,1,0,0.0,4,0,0.0
SSKW,Outono,TODOS,exato,+RA,0,0,,0,0,
SSKW,Outono,TODOS,exato,+TSRA,0,0,,0,0,
SSKW,Outono,TODOS,exato,TSRA,3,0,0.0,0,0,
SSKW,Outono,TODOS,sem_intensidade,TS,1,0,0.0,4,0,0.0
SSKW,Outono,TODOS,sem_intensidade,TSRA,3,1,33.3,3,1,33.3
SSKW,Outono,TODOS,sem_intensidade,+RA,0,0,,0,0,
SSKW,Inverno,00-06,exato,TS,0,0,,0,0,
SSKW,Inverno,00-06,exato,+RA,0,0,,0,0,
SSKW,Inverno,00-06,exato,+TSRA,0,0,,0,0,
SSKW,Inverno,00-06,exato,TSRA,0,0,,0,0,
SSKW,Inverno,00-06,sem_intensidade,TS,0,0,,0,0,
SSKW,Inverno,00-06,sem_intensidade,TSRA,0,0,,0,0,
SSKW,Inverno,00-06,sem_intensidade,+RA,0,0,,0,0,
SSKW,Inverno,06-12,exato,TS,0,0,,0,0,
SSKW,Inverno,06-12,exato,+RA,0,0,,0,0,
SSKW,Inverno,06-12,exato,+TSRA,0,0,,0,0,
SSKW,Inverno,06-12,exato,TSRA,0,0,,0,0,
SSKW,Inverno,06-12,sem_intensidade,TS,0,0,,0,0,
SSKW,Inverno,06-12,sem_intensidade,TSRA,0,0,,0,0,
SSKW,Inverno,06-12,sem_intensidade,+RA,0,0,,0,0,
SSKW,Inverno,12-18,exato,TS,1,0,0.0,0,0,
SSKW,Inverno,12-18,exato,+RA,0,0,,0,0,
SSKW,Inverno,12-18,exato,+TSRA,0,0,,0,0,
SSKW,Inverno,12-18,exato,TSRA,0,0,,0,0,
SSKW,Inverno,12-18,sem_intensidade,TS,1,0,0.0,0,0,
SSKW,Inverno,12-18,sem_intensidade,TSRA,0,0,,0,0,
SSKW,Inverno,12-18,sem_intensidade,+RA,0,0,,0,0,
SSKW,Inverno,18-24,exato,TS,5,1,20.0,1,1,100.0
SSKW,Inverno,18-24,exato,+RA,0,0,,0,0,
SSKW,Inverno,18-24,exato,+TSRA,0,0,,0,0,
SSKW,Inverno,18-24,exato,TSRA,2,0,0.0,0,0,
SSKW,Inverno,18-24,sem_intensidade,TS,5,1,20.0,1,1,100.0
SSKW,Inverno,18-24,sem_intensidade,TSRA,2,0,0.0,1,0,0.0
SSKW,Inverno,18-24,sem_intensidade,+RA,0,0,,0,0,
SSKW,Inverno,TODOS,exato,TS,6,1,16.7,1,1,100.0
SSKW,Inverno,TODOS,exato,+RA,0,0,,0,0,
SSKW,Inverno,TODOS,exato,+TSRA,0,0,,0,0,
SSKW,Inverno,TODOS,exato,TSRA,2,0,0.0,0,0,
SSKW,Inverno,TODOS,sem_intensidade,TS,6,1,16.7,1,1,100.0
SSKW,Inverno,TODOS,sem_intensidade,TSRA,2,0,0.0,1,0,0.0
SSKW,Inverno,TODOS,sem_intensidade,+RA,0,0,,0,0,
SSKW,Primavera,00-06,exato,TS,0,0,,0,0,
SSKW,Primavera,00-06,exato,+RA,0,0,,0,0,
SSKW,Primavera,00-06,exato,+TSRA,0,0,,0,0,
SSKW,Primavera,00-06,exato,TSRA,0,0,,0,0,
SSKW,Primavera,00-06,sem_intensidade,TS,0,0,,0,0,
SSKW,Primavera,00-06,sem_intensidade,TSRA,0,0,,0,0,
SSKW,Primavera,00-06,sem_intensidade,+RA,0,0,,0,0,
SSKW,Primavera,06-12,exato,TS,0,0,,0,0,
SSKW,Primavera,06-12,exato,+RA,0,0,,0,0,
SSKW,Primavera,06-12,exato,+TSRA,0,0,,0,0,
SSKW,Primavera,06-12,exato,TSRA,0,0,,0,0,
SSKW,Primavera,06-12,sem_intensidade,TS,0,0,,0,0,
SSKW,Primavera,06-12,sem_intensidade,TSRA,0,0,,0,0,
SSKW,Primavera,06-12,sem_intensidade,+RA,0,0,,0,0,
SSKW,Primavera,12-18,exato,TS,0,0,,0,0,
SSKW,Primavera,12-18,exato,+RA,0,0,,0,0,
SSKW,Primavera,12-18,exato,+TSRA,0,0,,0,0,
SSKW,Primavera,12-18,exato,TSRA,0,0,,0,0,
SSKW,Primavera,12-18,sem_intensidade,TS,0,0,,0,0,
SSKW,Primavera,12-18,sem_intensidade,TSRA,0,0,,0,0,
SSKW,Primavera,12-18,sem_intensidade,+RA,0,0,,0,0,
SSKW,Primavera,18-24,exato,TS,9,0,0.0,4,0,0.0
SSKW,Primavera,18-24,exato,+RA,0,0,,0,0,
SSKW,Primavera,18-24,exato,+TSRA,0,0,,0,0,
SSKW,Primavera,18-24,exato,TSRA,9,0,0.0,1,0,0.0
SSKW,Primavera,18-24,sem_intensidade,TS,9,0,0.0,4,0,0.0
SSKW,Primavera,18-24,sem_intensidade,TSRA,9,1,11.1,5,1,20.0
SSKW,Primavera,18-24,sem_intensidade,+RA,0,0,,0,0,
SSKW,Primavera,TODOS,exato,TS,9,0,0.0,4,0,0.0
SSKW,Primavera,TODOS,exato,+RA,0,0,,0,0,
SSKW,Primavera,TODOS,exato,+TSRA,0,0,,0,0,
SSKW,Primavera,TODOS,exato,TSRA,9,0,0.0,1,0,0.0
SSKW,Primavera,TODOS,sem_intensidade,TS,9,0,0.0,4,0,0.0
SSKW,Primavera,TODOS,sem_intensidade,TSRA,9,1,11.1,5,1,20.0
SSKW,Primavera,TODOS,sem_intensidade,+RA,0,0,,0,0,
SSKW,TODAS,00-06,exato,TS,0,0,,0,0,
SSKW,TODAS,00-06,exato,+RA,0,0,,0,0,
SSKW,TODAS,00-06,exato,+TSRA,0,0,,0,0,
SSKW,TODAS,00-06,exato,TSRA,0,0,,0,0,
SSKW,TODAS,00-06,sem_intensidade,TS,0,0,,0,0,
SSKW,TODAS,00-06,sem_intensidade,TSRA,0,0,,0,0,
SSKW,TODAS,00-06,sem_intensidade,+RA,0,0,,0,0,
SSKW,TODAS,06-12,exato,TS,0,0,,0,0,
SSKW,TODAS,06-12,exato,+RA,0,0,,0,0,
SSKW,TODAS,06-12,exato,+TSRA,0,0,,0,0,
SSKW,TODAS,06-12,exato,TSRA,0,0,,0,0,
SSKW,TODAS,06-12,sem_intensidade,TS,0,0,,0,0,
SSKW,TODAS,06-12,sem_intensidade,TSRA,0,0,,0,0,
SSKW,TODAS,06-12,sem_intensidade,+RA,0,0,,0,0,
SSKW,TODAS,12-18,exato,TS,1,0,0.0,3,0,0.0
SSKW,TODAS,12-18,exato,+RA,0,0,,0,0,
SSKW,TODAS,12-18,exato,+TSRA,0,0,,0,0,
SSKW,TODAS,12-18,exato,TSRA,1,0,0.0,0,0,
SSKW,TODAS,12-18,sem_intensidade,TS,1,0,0.0,3,0,0.0
SSKW,TODAS,12-18,sem_intensidade,TSRA,1,1,100.0,2,1,50.0
SSKW,TODAS,12-18,sem_intensidade,+RA,0,0,,0,0,
SSKW,TODAS,18-24,exato,TS,22,2,9.1,8,2,25.0
SSKW,TODAS,18-24,exato,+RA,0,0,,1,0,0.0
SSKW,TODAS,18-24,exato,+TSRA,0,0,,0,0,
SSKW,TODAS,18-24,exato,TSRA,20,0,0.0,2,0,0.0
SSKW,TODAS,18-24,sem_intensidade,TS,22,2,9.1,8,2,25.0
SSKW,TODAS,18-24,sem_intensidade,TSRA,20,2,10.0,14,2,14.3
SSKW,TODAS,18-24,sem_intensidade,+RA,0,0,,1,0,0.0
SSKW,TODAS,TODOS,exato,TS,23,2,8.7,11,2,18.2
SSKW,TODAS,TODOS,exato,+RA,0,0,,1,0,0.0
SSKW,TODAS,TODOS,exato,+TSRA,0,0,,0,0,
SSKW,TODAS,TODOS,exato,TSRA,21,0,0.0,2,0,0.0
SSKW,TODAS,TODOS,sem_intensidade,TS,23,2,8.7,11,2,18.2
SSKW,TODAS,TODOS,sem_intensidade,TSRA,21,3,14.3,16,3,18.8
SSKW,TODAS,TODOS,sem_intensidade,+RA,0,0,,1,0,0.0
SWEI,Verao,00-06,exato,TS,0,0,,0,0,
SWEI,Verao,00-06,exato,+RA,0,0,,0,0,
SWEI,Verao,00-06,exato,+TSRA,0,0,,0,0,
SWEI,Verao,00-06,exato,TSRA,0,0,,0,0,
SWEI,Verao,00-06,sem_intensidade,TS,0,0,,0,0,
SWEI,Verao,00-06,sem_intensidade,TSRA,0,0,,0,0,
SWEI,Verao,00-06,sem_intensidade,+RA,0,0,,0,0,
SWEI,Verao,06-12,exato,TS,0,0,,0,0,
SWEI,Verao,06-12,exato,+RA,0,0,,0,0,
SWEI,Verao,06-12,exato,+TSRA,0,0,,0,0,
SWEI,Verao,06-12,exato,TSRA,0,0,,0,0,
SWEI,Verao,06-12,sem_intensidade,TS,0,0,,0,0,
SWEI,Verao,06-12,sem_intensidade,TSRA,0,0,,0,0,
SWEI,Verao,06-12,sem_intensidade,+RA,0,0,,0,0,
SWEI,Verao,12-18,exato,TS,0,0,,0,0,
SWEI,Verao,12-18,exato,+RA,0,0,,0,0,
SWEI,Verao,12-18,exato,+TSRA,0,0,,0,0,
SWEI,Verao,12-18,exato,TSRA,0,0,,0,0,
SWEI,Verao,12-18,sem_intensidade,TS,0,0,,0,0,
SWEI,Verao,12-18,sem_intensidade,TSRA,0,0,,0,0,
SWEI,Verao,12-18,sem_intensidade,+RA,0,0,,0,0,
SWEI,Verao,18-24,exato,TS,0,0,,0,0,
SWEI,Verao,18-24,exato,+RA,0,0,,0,0,
SWEI,Verao,18-24,exato,+TSRA,0,0,,0,0,
SWEI,Verao,18-24,exato,TSRA,0,0,,0,0,
SWEI,Verao,18-24,sem_intensidade,TS,0,0,,0,0,
SWEI,Verao,18-24,sem_intensidade,TSRA,0,0,,0,0,
SWEI,Verao,18-24,sem_intensidade,+RA,0,0,,0,0,
SWEI,Verao,TODOS,exato,TS,0,0,,0,0,
SWEI,Verao,TODOS,exato,+RA,0,0,,0,0,
SWEI,Verao,TODOS,exato,+TSRA,0,0,,0,0,
SWEI,Verao,TODOS,exato,TSRA,0,0,,0,0,
SWEI,Verao,TODOS,sem_intensidade,TS,0,0,,0,0,
SWEI,Verao,TODOS,sem_intensidade,TSRA,0,0,,0,0,
SWEI,Verao,TODOS,sem_intensidade,+RA,0,0,,0,0,
SWEI,Outono,00-06,exato,TS,0,0,,0,0,
SWEI,Outono,00-06,exato,+RA,0,0,,0,0,
SWEI,Outono,00-06,exato,+TSRA,0,0,,0,0,
SWEI,Outono,00-06,exato,TSRA,0,0,,0,0,
SWEI,Outono,00-06,sem_intensidade,TS,0,0,,0,0,
SWEI,Outono,00-06,sem_intensidade,TSRA,0,0,,0,0,
SWEI,Outono,00-06,sem_intensidade,+RA,0,0,,0,0,
SWEI,Outono,06-12,exato,TS,0,0,,0,0,
SWEI,Outono,06-12,exato,+RA,0,0,,0,0,
SWEI,Outono,06-12,exato,+TSRA,0,0,,0,0,
SWEI,Outono,06-12,exato,TSRA,0,0,,0,0,
SWEI,Outono,06-12,sem_intensidade,TS,0,0,,0,0,
SWEI,Outono,06-12,sem_intensidade,TSRA,0,0,,0,0,
SWEI,Outono,06-12,sem_intensidade,+RA,0,0,,0,0,
SWEI,Outono,12-18,exato,TS,0,0,,0,0,
SWEI,Outono,12-18,exato,+RA,0,0,,0,0,
SWEI,Outono,12-18,exato,+TSRA,0,0,,0,0,
SWEI,Outono,12-18,exato,TSRA,0,0,,0,0,
SWEI,Outono,12-18,sem_intensidade,TS,0,0,,0,0,
SWEI,Outono,12-18,sem_intensidade,TSRA,0,0,,0,0,
SWEI,Outono,12-18,sem_intensidade,+RA,0,0,,0,0,
SWEI,Outono,18-24,exato,TS,0,0,,0,0,
SWEI,Outono,18-24,exato,+RA,0,0,,0,0,
SWEI,Outono,18-24,exato,+TSRA,0,0,,0,0,
SWEI,Outono,18-24,exato,TSRA,0,0,,0,0,
SWEI,Outono,18-24,sem_intensidade,TS,0,0,,0,0,
SWEI,Outono,18-24,sem_intensidade,TSRA,0,0,,0,0,
SWEI,Outono,18-24,sem_intensidade,+RA,0,0,,0,0,
SWEI,Outono,TODOS,exato,TS,0,0,,0,0,
SWEI,Outono,TODOS,exato,+RA,0,0,,0,0,
SWEI,Outono,TODOS,exato,+TSRA,0,0,,0,0,
SWEI,Outono,TODOS,exato,TSRA,0,0,,0,0,
SWEI,Outono,TODOS,sem_intensidade,TS,0,0,,0,0,
SWEI,Outono,TODOS,sem_intensidade,TSRA,0,0,,0,0,
SWEI,Outono,TODOS,sem_intensidade,+RA,0,0,,0,0,
SWEI,Inverno,00-06,exato,TS,0,0,,0,0,
SWEI,Inverno,00-06,exato,+RA,0,0,,0,0,
SWEI,Inverno,00-06,exato,+TSRA,0,0,,0,0,
SWEI,Inverno,00-06,exato,TSRA,0,0,,0,0,
SWEI,Inverno,00-06,sem_intensidade,TS,0,0,,0,0,
SWEI,Inverno,00-06,sem_intensidade,TSRA,0,0,,0,0,
SWEI,Inverno,00-06,sem_intensidade,+RA,0,0,,0,0,
SWEI,Inverno,06-12,exato,TS,0,0,,0,0,
SWEI,Inverno,06-12,exato,+RA,0,0,,0,0,
SWEI,Inverno,06-12,exato,+TSRA,0,0,,0,0,
SWEI,Inverno,06-12,exato,TSRA,0,0,,0,0,
SWEI,Inverno,06-12,sem_intensidade,TS,0,0,,0,0,
SWEI,Inverno,06-12,sem_intensidade,TSRA,0,0,,0,0,
SWEI,Inverno,06-12,sem_intensidade,+RA,0,0,,0,0,
SWEI,Inverno,12-18,exato,TS,0,0,,0,0,
SWEI,Inverno,12-18,exato,+RA,0,0,,0,0,
SWEI,Inverno,12-18,exato,+TSRA,0,0,,0,0,
SWEI,Inverno,12-18,exato,TSRA,0,0,,0,0,
SWEI,Inverno,12-18,sem_intensidade,TS,0,0,,0,0,
SWEI,Inverno,12-18,sem_intensidade,TSRA,0,0,,0,0,
SWEI,Inverno,12-18,sem_intensidade,+RA,0,0,,0,0,
SWEI,Inverno,18-24,exato,TS,0,0,,0,0,
SWEI,Inverno,18-24,exato,+RA,0,0,,0,0,
SWEI,Inverno,18-24,exato,+TSRA,0,0,,0,0,
SWEI,Inverno,18-24,exato,TSRA,0,0,,0,0,
SWEI,Inverno,18-24,sem_intensidade,TS,0,0,,0,0,
SWEI,Inverno,18-24,sem_intensidade,TSRA,0,0,,0,0,
SWEI,Inverno,18-24,sem_intensidade,+RA,0,0,,0,0,
SWEI,Inverno,TODOS,exato,TS,0,0,,0,0,
SWEI,Inverno,TODOS,exato,+RA,0,0,,0,0,
SWEI,Inverno,TODOS,exato,+TSRA,0,0,,0,0,
SWEI,Inverno,TODOS,exato,TSRA,0,0,,0,0,
SWEI,Inverno,TODOS,sem_intensidade,TS,0,0,,0,0,
SWEI,Inverno,TODOS,sem_intensidade,TSRA,0,0,,0,0,
SWEI,Inverno,TODOS,sem_intensidade,+RA,0,0,,0,0,
SWEI,Primavera,00-06,exato,TS,0,0,,0,0,
SWEI,Primavera,00-06,exato,+RA,0,0,,0,0,
SWEI,Primavera,00-06,exato,+TSRA,0,0,,0,0,
SWEI,Primavera,00-06,exato,TSRA,0,0,,0,0,
SWEI,Primavera,00-06,sem_intensidade,TS,0,0,,0,0,
SWEI,Primavera,00-06,sem_intensidade,TSRA,0,0,,0,0,
SWEI,Primavera,00-06,sem_intensidade,+RA,0,0,,0,0,
SWEI,Primavera,06-12,exato,TS,0,0,,0,0,
SWEI,Primavera,06-12,exato,+RA,0,0,,0,0,
SWEI,Primavera,06-12,exato,+TSRA,0,0,,0,0,
SWEI,Primavera,06-12,exato,TSRA,0,0,,0,0,
SWEI,Primavera,06-12,sem_intensidade,TS,0,0,,0,0,
SWEI,Primavera,06-12,sem_intensidade,TSRA,0,0,,0,0,
SWEI,Primavera,06-12,sem_intensidade,+RA,0,0,,0,0,
SWEI,Primavera,12-18,exato,TS,0,0,,0,0,
SWEI,Primavera,12-18,exato,+RA,0,0,,0,0,
SWEI,Primavera,12-18,exato,+TSRA,0,0,,0,0,
SWEI,Primavera,12-18,exato,TSRA,0,0,,0,0,
SWEI,Primavera,12-18,sem_intensidade,TS,0,0,,0,0,
SWEI,Primavera,12-18,sem_intensidade,TSRA,0,0,,0,0,
SWEI,Primavera,12-18,sem_intensidade,+RA,0,0,,0,0,
SWEI,Primavera,18-24,exato,TS,0,0,,0,0,
SWEI,Primavera,18-24,exato,+RA,0,0,,0,0,
SWEI,Primavera,18-24,exato,+TSRA,0,0,,0,0,
SWEI,Primavera,18-24,exato,TSRA,0,0,,0,0,
SWEI,Primavera,18-24,sem_intensidade,TS,0,0,,0,0,
SWEI,Primavera,18-24,sem_intensidade,TSRA,0,0,,0,0,
SWEI,Primavera,18-24,sem_intensidade,+RA,0,0,,0,0,
SWEI,Primavera,TODOS,exato,TS,0,0,,0,0,
SWEI,Primavera,TODOS,exato,+RA,0,0,,0,0,
SWEI,Primavera,TODOS,exato,+TSRA,0,0,,0,0,
SWEI,Primavera,TODOS,exato,TSRA,0,0,,0,0,
SWEI,Primavera,TODOS,sem_intensidade,TS,0,0,,0,0,
SWEI,Primavera,TODOS,sem_intensidade,TSRA,0,0,,0,0,
SWEI,Primavera,TODOS,sem_intensidade,+RA,0,0,,0,0,
SWEI,TODAS,00-06,exato,TS,0,0,,0,0,
SWEI,TODAS,00-06,exato,+RA,0,0,,0,0,
SWEI,TODAS,00-06,exato,+TSRA,0,0,,0,0,
SWEI,TODAS,00-06,exato,TSRA,0,0,,0,0,
SWEI,TODAS,00-06,sem_intensidade,TS,0,0,,0,0,
SWEI,TODAS,00-06,sem_intensidade,TSRA,0,0,,0,0,
SWEI,TODAS,00-06,sem_intensidade,+RA,0,0,,0,0,
SWEI,TODAS,06-12,exato,TS,0,0,,0,0,
SWEI,TODAS,06-12,exato,+RA,0,0,,0,0,
SWEI,TODAS,06-12,exato,+TSRA,0,0,,0,0,
SWEI,TODAS,06-12,exato,TSRA,0,0,,0,0,
SWEI,TODAS,06-12,sem_intensidade,TS,0,0,,0,0,
SWEI,TODAS,06-12,sem_intensidade,TSRA,0,0,,0,0,
SWEI,TODAS,06-12,sem_intensidade,+RA,0,0,,0,0,
SWEI,TODAS,12-18,exato,TS,0,0,,0,0,
SWEI,TODAS,12-18,exato,+RA,0,0,,0,0,
SWEI,TODAS,12-18,exato,+TSRA,0,0,,0,0,
SWEI,TODAS,12-18,exato,TSRA,0,0,,0,0,
SWEI,TODAS,12-18,sem_intensidade,TS,0,0,,0,0,
SWEI,TODAS,12-18,sem_intensidade,TSRA,0,0,,0,0,
SWEI,TODAS,12-18,sem_intensidade,+RA,0,0,,0,0,
SWEI,TODAS,18-24,exato,TS,0,0,,0,0,
SWEI,TODAS,18-24,exato,+RA,0,0,,0,0,
SWEI,TODAS,18-24,exato,+TSRA,0,0,,0,0,
SWEI,TODAS,18-24,exato,TSRA,0,0,,0,0,
SWEI,TODAS,18-24,sem_intensidade,TS,0,0,,0,0,
SWEI,TODAS,18-24,sem_intensidade,TSRA,0,0,,0,0,
SWEI,TODAS,18-24,sem_intensidade,+RA,0,0,,0,0,
SWEI,TODAS,TODOS,exato,TS,0,0,,0,0,
SWEI,TODAS,TODOS,exato,+RA,0,0,,0,0,
SWEI,TODAS,TODOS,exato,+TSRA,0,0,,0,0,
SWEI,TODAS,TODOS,exato,TSRA,0,0,,0,0,
SWEI,TODAS,TODOS,sem_intensidade,TS,0,0,,0,0,
SWEI,TODAS,TODOS,sem_intensidade,TSRA,0,0,,0,0,
SWEI,TODAS,TODOS,sem_intensidade,+RA,0,0,,0,0,
SWKQ,Verao,00-06,exato,TS,0,0,,0,0,
SWKQ,Verao,00-06,exato,+RA,0,0,,0,0,
SWKQ,Verao,00-06,exato,+TSRA,0,0,,0,0,
SWKQ,Verao,00-06,exato,TSRA,0,0,,0,0,
SWKQ,Verao,00-06,sem_intensidade,TS,0,0,,0,0,
SWKQ,Verao,00-06,sem_intensidade,TSRA,0,0,,0,0,
SWKQ,Verao,00-06,sem_intensidade,+RA,0,0,,0,0,
SWKQ,Verao,06-12,exato,TS,0,0,,0,0,
SWKQ,Verao,06-12,exato,+RA,0,0,,0,0,
SWKQ,Verao,06-12,exato,+TSRA,0,0,,0,0,
SWKQ,Verao,06-12,exato,TSRA,0,0,,0,0,
SWKQ,Verao,06-12,sem_intensidade,TS,0,0,,0,0,
SWKQ,Verao,06-12,sem_intensidade,TSRA,0,0,,0,0,
SWKQ,Verao,06-12,sem_intensidade,+RA,0,0,,0,0,
SWKQ,Verao,12-18,exato,TS,0,0,,0,0,
SWKQ,Verao,12-18,exato,+RA,0,0,,0,0,
SWKQ,Verao,12-18,exato,+TSRA,0,0,,0,0,
SWKQ,Verao,12-18,exato,TSRA,0,0,,0,0,
SWKQ,Verao,12-18,sem_intensidade,TS,0,0,,0,0,
SWKQ,Verao,12-18,sem_intensidade,TSRA,0,0,,0,0,
SWKQ,Verao,12-18,sem_intensidade,+RA,0,0,,0,0,
SWKQ,Verao,18-24,exato,TS,0,0,,0,0,
SWKQ,Verao,18-24,exato,+RA,0,0,,0,0,
SWKQ,Verao,18-24,exato,+TSRA,0,0,,0,0,
SWKQ,Verao,18-24,exato,TSRA,0,0,,0,0,
SWKQ,Verao,18-24,sem_intensidade,TS,0,0,,0,0,
SWKQ,Verao,18-24,sem_intensidade,TSRA,0,0,,0,0,
SWKQ,Verao,18-24,sem_intensidade,+RA,0,0,,0,0,
SWKQ,Verao,TODOS,exato,TS,0,0,,0,0,
SWKQ,Verao,TODOS,exato,+RA,0,0,,0,0,
SWKQ,Verao,TODOS,exato,+TSRA,0,0,,0,0,
SWKQ,Verao,TODOS,exato,TSRA,0,0,,0,0,
SWKQ,Verao,TODOS,sem_intensidade,TS,0,0,,0,0,
SWKQ,Verao,TODOS,sem_intensidade,TSRA,0,0,,0,0,
SWKQ,Verao,TODOS,sem_intensidade,+RA,0,0,,0,0,
SWKQ,Outono,00-06,exato,TS,0,0,,0,0,
SWKQ,Outono,00-06,exato,+RA,0,0,,0,0,
SWKQ,Outono,00-06,exato,+TSRA,0,0,,0,0,
SWKQ,Outono,00-06,exato,TSRA,0,0,,0,0,
SWKQ,Outono,00-06,sem_intensidade,TS,0,0,,0,0,
SWKQ,Outono,00-06,sem_intensidade,TSRA,0,0,,0,0,
SWKQ,Outono,00-06,sem_intensidade,+RA,0,0,,0,0,
SWKQ,Outono,06-12,exato,TS,0,0,,0,0,
SWKQ,Outono,06-12,exato,+RA,0,0,,0,0,
SWKQ,Outono,06-12,exato,+TSRA,0,0,,0,0,
SWKQ,Outono,06-12,exato,TSRA,0,0,,0,0,
SWKQ,Outono,06-12,sem_intensidade,TS,0,0,,0,0,
SWKQ,Outono,06-12,sem_intensidade,TSRA,0,0,,0,0,
SWKQ,Outono,06-12,sem_intensidade,+RA,0,0,,0,0,
SWKQ,Outono,12-18,exato,TS,0,0,,0,0,
SWKQ,Outono,12-18,exato,+RA,0,0,,0,0,
SWKQ,Outono,12-18,exato,+TSRA,0,0,,0,0,
SWKQ,Outono,12-18,exato,TSRA,0,0,,0,0,
SWKQ,Outono,12-18,sem_intensidade,TS,0,0,,0,0,
SWKQ,Outono,12-18,sem_intensidade,TSRA,0,0,,0,0,
SWKQ,Outono,12-18,sem_intensidade,+RA,0,0,,0,0,
SWKQ,Outono,18-24,exato,TS,0,0,,0,0,
SWKQ,Outono,18-24,exato,+RA,0,0,,0,0,
SWKQ,Outono,18-24,exato,+TSRA,0,0,,0,0,
SWKQ,Outono,18-24,exato,TSRA,0,0,,0,0,
SWKQ,Outono,18-24,sem_intensidade,TS,0,0,,0,0,
SWKQ,Outono,18-24,sem_intensidade,TSRA,0,0,,0,0,
SWKQ,Outono,18-24,sem_intensidade,+RA,0,0,,0,0,
SWKQ,Outono,TODOS,exato,TS,0,0,,0,0,
SWKQ,Outono,TODOS,exato,+RA,0,0,,0,0,
SWKQ,Outono,TODOS,exato,+TSRA,0,0,,0,0,
SWKQ,Outono,TODOS,exato,TSRA,0,0,,0,0,
SWKQ,Outono,TODOS,sem_intensidade,TS,0,0,,0,0,
SWKQ,Outono,TODOS,sem_intensidade,TSRA,0,0,,0,0,
SWKQ,Outono,TODOS,sem_intensidade,+RA,0,0,,0,0,
SWKQ,Inverno,00-06,exato,TS,0,0,,0,0,
SWKQ,Inverno,00-06,exato,+RA,0,0,,0,0,
SWKQ,Inverno,00-06,exato,+TSRA,0,0,,0,0,
SWKQ,Inverno,00-06,exato,TSRA,0,0,,0,0,
SWKQ,Inverno,00-06,sem_intensidade,TS,0,0,,0,0,
SWKQ,Inverno,00-06,sem_intensidade,TSRA,0,0,,0,0,
SWKQ,Inverno,00-06,sem_intensidade,+RA,0,0,,0,0,
SWKQ,Inverno,06-12,exato,TS,0,0,,0,0,
SWKQ,Inverno,06-12,exato,+RA,0,0,,0,0,
SWKQ,Inverno,06-12,exato,+TSRA,0,0,,0,0,
SWKQ,Inverno,06-12,exato,TSRA,0,0,,0,0,
SWKQ,Inverno,06-12,sem_intensidade,TS,0,0,,0,0,
SWKQ,Inverno,06-12,sem_intensidade,TSRA,0,0,,0,0,
SWKQ,Inverno,06-12,sem_intensidade,+RA,0,0,,0,0,
SWKQ,Inverno,12-18,exato,TS,0,0,,0,0,
SWKQ,Inverno,12-18,exato,+RA,0,0,,0,0,
SWKQ,Inverno,12-18,exato,+TSRA,0,0,,0,0,
SWKQ,Inverno,12-18,exato,TSRA,0,0,,0,0,
SWKQ,Inverno,12-18,sem_intensidade,TS,0,0,,0,0,
SWKQ,Inverno,12-18,sem_intensidade,TSRA,0,0,,0,0,
SWKQ,Inverno,12-18,sem_intensidade,+RA,0,0,,0,0,
SWKQ,Inverno,18-24,exato,TS,0,0,,0,0,
SWKQ,Inverno,18-24,exato,+RA,0,0,,0,0,
SWKQ,Inverno,18-24,exato,+TSRA,0,0,,0,0,
SWKQ,Inverno,18-24,exato,TSRA,0,0,,0,0,
SWKQ,Inverno,18-24,sem_intensidade,TS,0,0,,0,0,
SWKQ,Inverno,18-24,sem_intensidade,TSRA,0,0,,0,0,
SWKQ,Inverno,18-24,sem_intensidade,+RA,0,0,,0,0,
SWKQ,Inverno,TODOS,exato,TS,0,0,,0,0,
SWKQ,Inverno,TODOS,exato,+RA,0,0,,0,0,
SWKQ,Inverno,TODOS,exato,+TSRA,0,0,,0,0,
SWKQ,Inverno,TODOS,exato,TSRA,0,0,,0,0,
SWKQ,Inverno,TODOS,sem_intensidade,TS,0,0,,0,0,
SWKQ,Inverno,TODOS,sem_intensidade,TSRA,0,0,,0,0,
SWKQ,Inverno,TODOS,sem_intensidade,+RA,0,0,,0,0,
SWKQ,Primavera,00-06,exato,TS,0,0,,0,0,
SWKQ,Primavera,00-06,exato,+RA,0,0,,0,0,
SWKQ,Primavera,00-06,exato,+TSRA,0,0,,0,0,
SWKQ,Primavera,00-06,exato,TSRA,0,0,,0,0,
SWKQ,Primavera,00-06,sem_intensidade,TS,0,0,,0,0,
SWKQ,Primavera,00-06,sem_intensidade,TSRA,0,0,,0,0,
SWKQ,Primavera,00-06,sem_intensidade,+RA,0,0,,0,0,
SWKQ,Primavera,06-12,exato,TS,0,0,,0,0,
SWKQ,Primavera,06-12,exato,+RA,0,0,,0,0,
SWKQ,Primavera,06-12,exato,+TSRA,0,0,,0,0,
SWKQ,Primavera,06-12,exato,TSRA,0,0,,0,0,
SWKQ,Primavera,06-12,sem_intensidade,TS,0,0,,0,0,
SWKQ,Primavera,06-12,sem_intensidade,TSRA,0,0,,0,0,
SWKQ,Primavera,06-12,sem_intensidade,+RA,0,0,,0,0,
SWKQ,Primavera,12-18,exato,TS,0,0,,0,0,
SWKQ,Primavera,12-18,exato,+RA,0,0,,0,0,
SWKQ,Primavera,12-18,exato,+TSRA,0,0,,0,0,
SWKQ,Primavera,12-18,exato,TSRA,0,0,,0,0,
SWKQ,Primavera,12-18,sem_intensidade,TS,0,0,,0,0,
SWKQ,Primavera,12-18,sem_intensidade,TSRA,0,0,,0,0,
SWKQ,Primavera,12-18,sem_intensidade,+RA,0,0,,0,0,
SWKQ,Primavera,18-24,exato,TS,0,0,,0,0,
SWKQ,Primavera,18-24,exato,+RA,0,0,,0,0,
SWKQ,Primavera,18-24,exato,+TSRA,0,0,,0,0,
SWKQ,Primavera,18-24,exato,TSRA,0,0,,0,0,
SWKQ,Primavera,18-24,sem_intensidade,TS,0,0,,0,0,
SWKQ,Primavera,18-24,sem_intensidade,TSRA,0,0,,0,0,
SWKQ,Primavera,18-24,sem_intensidade,+RA,0,0,,0,0,
SWKQ,Primavera,TODOS,exato,TS,0,0,,0,0,
SWKQ,Primavera,TODOS,exato,+RA,0,0,,0,0,
SWKQ,Primavera,TODOS,exato,+TSRA,0,0,,0,0,
SWKQ,Primavera,TODOS,exato,TSRA,0,0,,0,0,
SWKQ,Primavera,TODOS,sem_intensidade,TS,0,0,,0,0,
SWKQ,Primavera,TODOS,sem_intensidade,TSRA,0,0,,0,0,
SWKQ,Primavera,TODOS,sem_intensidade,+RA,0,0,,0,0,
SWKQ,TODAS,00-06,exato,TS,0,0,,0,0,
SWKQ,TODAS,00-06,exato,+RA,0,0,,0,0,
SWKQ,TODAS,00-06,exato,+TSRA,0,0,,0,0,
SWKQ,TODAS,00-06,exato,TSRA,0,0,,0,0,
SWKQ,TODAS,00-06,sem_intensidade,TS,0,0,,0,0,
SWKQ,TODAS,00-06,sem_intensidade,TSRA,0,0,,0,0,
SWKQ,TODAS,00-06,sem_intensidade,+RA,0,0,,0,0,
SWKQ,TODAS,06-12,exato,TS,0,0,,0,0,
SWKQ,TODAS,06-12,exato,+RA,0,0,,0,0,
SWKQ,TODAS,06-12,exato,+TSRA,0,0,,0,0,
SWKQ,TODAS,06-12,exato,TSRA,0,0,,0,0,
SWKQ,TODAS,06-12,sem_intensidade,TS,0,0,,0,0,
SWKQ,TODAS,06-12,sem_intensidade,TSRA,0,0,,0,0,
SWKQ,TODAS,06-12,sem_intensidade,+RA,0,0,,0,0,
SWKQ,TODAS,12-18,exato,TS,0,0,,0,0,
SWKQ,TODAS,12-18,exato,+RA,0,0,,0,0,
SWKQ,TODAS,12-18,exato,+TSRA,0,0,,0,0,
SWKQ,TODAS,12-18,exato,TSRA,0,0,,0,0,
SWKQ,TODAS,12-18,sem_intensidade,TS,0,0,,0,0,
SWKQ,TODAS,12-18,sem_intensidade,TSRA,0,0,,0,0,
SWKQ,TODAS,12-18,sem_intensidade,+RA,0,0,,0,0,
SWKQ,TODAS,18-24,exato,TS,0,0,,0,0,
SWKQ,TODAS,18-24,exato,+RA,0,0,,0,0,
SWKQ,TODAS,18-24,exato,+TSRA,0,0,,0,0,
SWKQ,TODAS,18-24,exato,TSRA,0,0,,0,0,
SWKQ,TODAS,18-24,sem_intensidade,TS,0,0,,0,0,
SWKQ,TODAS,18-24,sem_intensidade,TSRA,0,0,,0,0,
SWKQ,TODAS,18-24,sem_intensidade,+RA,0,0,,0,0,
SWKQ,TODAS,TODOS,exato,TS,0,0,,0,0,
SWKQ,TODAS,TODOS,exato,+RA,0,0,,0,0,
SWKQ,TODAS,TODOS,exato,+TSRA,0,0,,0,0,
SWKQ,TODAS,TODOS,exato,TSRA,0,0,,0,0,
SWKQ,TODAS,TODOS,sem_intensidade,TS,0,0,,0,0,
SWKQ,TODAS,TODOS,sem_intensidade,TSRA,0,0,,0,0,
SWKQ,TODAS,TODOS,sem_intensidade,+RA,0,0,,0,0,
SWLC,Verao,00-06,exato,TS,0,0,,0,0,
SWLC,Verao,00-06,exato,+RA,0,0,,0,0,
SWLC,Verao,00-06,exato,+TSRA,0,0,,0,0,
SWLC,Verao,00-06,exato,TSRA,0,0,,0,0,
SWLC,Verao,00-06,sem_intensidade,TS,0,0,,0,0,
SWLC,Verao,00-06,sem_intensidade,TSRA,0,0,,0,0,
SWLC,Verao,00-06,sem_intensidade,+RA,0,0,,0,0,
SWLC,Verao,06-12,exato,TS,0,0,,0,0,
SWLC,Verao,06-12,exato,+RA,0,0,,0,0,
SWLC,Verao,06-12,exato,+TSRA,0,0,,0,0,
SWLC,Verao,06-12,exato,TSRA,0,0,,0,0,
SWLC,Verao,06-12,sem_intensidade,TS,0,0,,0,0,
SWLC,Verao,06-12,sem_intensidade,TSRA,0,0,,0,0,
SWLC,Verao,06-12,sem_intensidade,+RA,0,0,,0,0,
SWLC,Verao,12-18,exato,TS,0,0,,0,0,
SWLC,Verao,12-18,exato,+RA,0,0,,0,0,
SWLC,Verao,12-18,exato,+TSRA,0,0,,0,0,
SWLC,Verao,12-18,exato,TSRA,0,0,,0,0,
SWLC,Verao,12-18,sem_intensidade,TS,0,0,,0,0,
SWLC,Verao,12-18,sem_intensidade,TSRA,0,0,,0,0,
SWLC,Verao,12-18,sem_intensidade,+RA,0,0,,0,0,
SWLC,Verao,18-24,exato,TS,0,0,,0,0,
SWLC,Verao,18-24,exato,+RA,0,0,,0,0,
SWLC,Verao,18-24,exato,+TSRA,0,0,,0,0,
SWLC,Verao,18-24,exato,TSRA,0,0,,0,0,
SWLC,Verao,18-24,sem_intensidade,TS,0,0,,0,0,
SWLC,Verao,18-24,sem_intensidade,TSRA,0,0,,0,0,
SWLC,Verao,18-24,sem_intensidade,+RA,0,0,,0,0,
SWLC,Verao,TODOS,exato,TS,0,0,,0,0,
SWLC,Verao,TODOS,exato,+RA,0,0,,0,0,
SWLC,Verao,TODOS,exato,+TSRA,0,0,,0,0,
SWLC,Verao,TODOS,exato,TSRA,0,0,,0,0,
SWLC,Verao,TODOS,sem_intensidade,TS,0,0,,0,0,
SWLC,Verao,TODOS,sem_intensidade,TSRA,0,0,,0,0,
SWLC,Verao,TODOS,sem_intensidade,+RA,0,0,,0,0,
SWLC,Outono,00-06,exato,TS,0,0,,0,0,
SWLC,Outono,00-06,exato,+RA,0,0,,0,0,
SWLC,Outono,00-06,exato,+TSRA,0,0,,0,0,
SWLC,Outono,00-06,exato,TSRA,0,0,,0,0,
SWLC,Outono,00-06,sem_intensidade,TS,0,0,,0,0,
SWLC,Outono,00-06,sem_intensidade,TSRA,0,0,,0,0,
SWLC,Outono,00-06,sem_intensidade,+RA,0,0,,0,0,
SWLC,Outono,06-12,exato,TS,0,0,,0,0,
SWLC,Outono,06-12,exato,+RA,0,0,,0,0,
SWLC,Outono,06-12,exato,+TSRA,0,0,,0,0,
SWLC,Outono,06-12,exato,TSRA,0,0,,0,0,
SWLC,Outono,06-12,sem_intensidade,TS,0,0,,0,0,
SWLC,Outono,06-12,sem_intensidade,TSRA,0,0,,0,0,
SWLC,Outono,06-12,sem_intensidade,+RA,0,0,,0,0,
SWLC,Outono,12-18,exato,TS,0,0,,0,0,
SWLC,Outono,12-18,exato,+RA,0,0,,0,0,
SWLC,Outono,12-18,exato,+TSRA,0,0,,0,0,
SWLC,Outono,12-18,exato,TSRA,0,0,,0,0,
SWLC,Outono,12-18,sem_intensidade,TS,0,0,,0,0,
SWLC,Outono,12-18,sem_intensidade,TSRA,0,0,,0,0,
SWLC,Outono,12-18,sem_intensidade,+RA,0,0,,0,0,
SWLC,Outono,18-24,exato,TS,0,0,,0,0,
SWLC,Outono,18-24,exato,+RA,0,0,,0,0,
SWLC,Outono,18-24,exato,+TSRA,0,0,,0,0,
SWLC,Outono,18-24,exato,TSRA,0,0,,0,0,
SWLC,Outono,18-24,sem_intensidade,TS,0,0,,0,0,
SWLC,Outono,18-24,sem_intensidade,TSRA,0,0,,0,0,
SWLC,Outono,18-24,sem_intensidade,+RA,0,0,,0,0,
SWLC,Outono,TODOS,exato,TS,0,0,,0,0,
SWLC,Outono,TODOS,exato,+RA,0,0,,0,0,
SWLC,Outono,TODOS,exato,+TSRA,0,0,,0,0,
SWLC,Outono,TODOS,exato,TSRA,0,0,,0,0,
SWLC,Outono,TODOS,sem_intensidade,TS,0,0,,0,0,
SWLC,Outono,TODOS,sem_intensidade,TSRA,0,0,,0,0,
SWLC,Outono,TODOS,sem_intensidade,+RA,0,0,,0,0,
SWLC,Inverno,00-06,exato,TS,0,0,,0,0,
SWLC,Inverno,00-06,exato,+RA,0,0,,0,0,
SWLC,Inverno,00-06,exato,+TSRA,0,0,,0,0,
SWLC,Inverno,00-06,exato,TSRA,0,0,,0,0,
SWLC,Inverno,00-06,sem_intensidade,TS,0,0,,0,0,
SWLC,Inverno,00-06,sem_intensidade,TSRA,0,0,,0,0,
SWLC,Inverno,00-06,sem_intensidade,+RA,0,0,,0,0,
SWLC,Inverno,06-12,exato,TS,0,0,,0,0,
SWLC,Inverno,06-12,exato,+RA,0,0,,0,0,
SWLC,Inverno,06-12,exato,+TSRA,0,0,,0,0,
SWLC,Inverno,06-12,exato,TSRA,0,0,,0,0,
SWLC,Inverno,06-12,sem_intensidade,TS,0,0,,0,0,
SWLC,Inverno,06-12,sem_intensidade,TSRA,0,0,,0,0,
SWLC,Inverno,06-12,sem_intensidade,+RA,0,0,,0,0,
SWLC,Inverno,12-18,exato,TS,0,0,,0,0,
SWLC,Inverno,12-18,exato,+RA,0,0,,0,0,
SWLC,Inverno,12-18,exato,+TSRA,0,0,,0,0,
SWLC,Inverno,12-18,exato,TSRA,0,0,,0,0,
SWLC,Inverno,12-18,sem_intensidade,TS,0,0,,0,0,
SWLC,Inverno,12-18,sem_intensidade,TSRA,0,0,,0,0,
SWLC,Inverno,12-18,sem_intensidade,+RA,0,0,,0,0,
SWLC,Inverno,18-24,exato,TS,0,0,,0,0,
SWLC,Inverno,18-24,exato,+RA,0,0,,0,0,
SWLC,Inverno,18-24,exato,+TSRA,0,0,,0,0,
SWLC,Inverno,18-24,exato,TSRA,0,0,,0,0,
SWLC,Inverno,18-24,sem_intensidade,TS,0,0,,0,0,
SWLC,Inverno,18-24,sem_intensidade,TSRA,0,0,,0,0,
SWLC,Inverno,18-24,sem_intensidade,+RA,0,0,,0,0,
SWLC,Inverno,TODOS,exato,TS,0,0,,0,0,
SWLC,Inverno,TODOS,exato,+RA,0,0,,0,0,
SWLC,Inverno,TODOS,exato,+TSRA,0,0,,0,0,
SWLC,Inverno,TODOS,exato,TSRA,0,0,,0,0,
SWLC,Inverno,TODOS,sem_intensidade,TS,0,0,,0,0,
SWLC,Inverno,TODOS,sem_intensidade,TSRA,0,0,,0,0,
SWLC,Inverno,TODOS,sem_intensidade,+RA,0,0,,0,0,
SWLC,Primavera,00-06,exato,TS,0,0,,0,0,
SWLC,Primavera,00-06,exato,+RA,0,0,,0,0,
SWLC,Primavera,00-06,exato,+TSRA,0,0,,0,0,
SWLC,Primavera,00-06,exato,TSRA,0,0,,0,0,
SWLC,Primavera,00-06,sem_intensidade,TS,0,0,,0,0,
SWLC,Primavera,00-06,sem_intensidade,TSRA,0,0,,0,0,
SWLC,Primavera,00-06,sem_intensidade,+RA,0,0,,0,0,
SWLC,Primavera,06-12,exato,TS,0,0,,0,0,
SWLC,Primavera,06-12,exato,+RA,0,0,,0,0,
SWLC,Primavera,06-12,exato,+TSRA,0,0,,0,0,
SWLC,Primavera,06-12,exato,TSRA,0,0,,0,0,
SWLC,Primavera,06-12,sem_intensidade,TS,0,0,,0,0,
SWLC,Primavera,06-12,sem_intensidade,TSRA,0,0,,0,0,
SWLC,Primavera,06-12,sem_intensidade,+RA,0,0,,0,0,
SWLC,Primavera,12-18,exato,TS,0,0,,0,0,
SWLC,Primavera,12-18,exato,+RA,0,0,,0,0,
SWLC,Primavera,12-18,exato,+TSRA,0,0,,0,0,
SWLC,Primavera,12-18,exato,TSRA,0,0,,0,0,
SWLC,Primavera,12-18,sem_intensidade,TS,0,0,,0,0,
SWLC,Primavera,12-18,sem_intensidade,TSRA,0,0,,0,0,
SWLC,Primavera,12-18,sem_intensidade,+RA,0,0,,0,0,
SWLC,Primavera,18-24,exato,TS,0,0,,0,0,
SWLC,Primavera,18-24,exato,+RA,0,0,,0,0,
SWLC,Primavera,18-24,exato,+TSRA,0,0,,0,0,
SWLC,Primavera,18-24,exato,TSRA,0,0,,0,0,
SWLC,Primavera,18-24,sem_intensidade,TS,0,0,,0,0,
SWLC,Primavera,18-24,sem_intensidade,TSRA,0,0,,0,0,
SWLC,Primavera,18-24,sem_intensidade,+RA,0,0,,0,0,
SWLC,Primavera,TODOS,exato,TS,0,0,,0,0,
SWLC,Primavera,TODOS,exato,+RA,0,0,,0,0,
SWLC,Primavera,TODOS,exato,+TSRA,0,0,,0,0,
SWLC,Primavera,TODOS,exato,TSRA,0,0,,0,0,
SWLC,Primavera,TODOS,sem_intensidade,TS,0,0,,0,0,
SWLC,Primavera,TODOS,sem_intensidade,TSRA,0,0,,0,0,
SWLC,Primavera,TODOS,sem_intensidade,+RA,0,0,,0,0,
SWLC,TODAS,00-06,exato,TS,0,0,,0,0,
SWLC,TODAS,00-06,exato,+RA,0,0,,0,0,
SWLC,TODAS,00-06,exato,+TSRA,0,0,,0,0,
SWLC,TODAS,00-06,exato,TSRA,0,0,,0,0,
SWLC,TODAS,00-06,sem_intensidade,TS,0,0,,0,0,
SWLC,TODAS,00-06,sem_intensidade,TSRA,0,0,,0,0,
SWLC,TODAS,00-06,sem_intensidade,+RA,0,0,,0,0,
SWLC,TODAS,06-12,exato,TS,0,0,,0,0,
SWLC,TODAS,06-12,exato,+RA,0,0,,0,0,
SWLC,TODAS,06-12,exato,+TSRA,0,0,,0,0,
SWLC,TODAS,06-12,exato,TSRA,0,0,,0,0,
SWLC,TODAS,06-12,sem_intensidade,TS,0,0,,0,0,
SWLC,TODAS,06-12,sem_intensidade,TSRA,0,0,,0,0,
SWLC,TODAS,06-12,sem_intensidade,+RA,0,0,,0,0,
SWLC,TODAS,12-18,exato,TS,0,0,,0,0,
SWLC,TODAS,12-18,exato,+RA,0,0,,0,0,
SWLC,TODAS,12-18,exato,+TSRA,0,0,,0,0,
SWLC,TODAS,12-18,exato,TSRA,0,0,,0,0,
SWLC,TODAS,12-18,sem_intensidade,TS,0,0,,0,0,
SWLC,TODAS,12-18,sem_intensidade,TSRA,0,0,,0,0,
SWLC,TODAS,12-18,sem_intensidade,+RA,0,0,,0,0,
SWLC,TODAS,18-24,exato,TS,0,0,,0,0,
SWLC,TODAS,18-24,exato,+RA,0,0,,0,0,
SWLC,TODAS,18-24,exato,+TSRA,0,0,,0,0,
SWLC,TODAS,18-24,exato,TSRA,0,0,,0,0,
SWLC,TODAS,18-24,sem_intensidade,TS,0,0,,0,0,
SWLC,TODAS,18-24,sem_intensidade,TSRA,0,0,,0,0,
SWLC,TODAS,18-24,sem_intensidade,+RA,0,0,,0,0,
SWLC,TODAS,TODOS,exato,TS,0,0,,0,0,
SWLC,TODAS,TODOS,exato,+RA,0,0,,0,0,
SWLC,TODAS,TODOS,exato,+TSRA,0,0,,0,0,
SWLC,TODAS,TODOS,exato,TSRA,0,0,,0,0,
SWLC,TODAS,TODOS,sem_intensidade,TS,0,0,,0,0,
SWLC,TODAS,TODOS,sem_intensidade,TSRA,0,0,,0,0,
SWLC,TODAS,TODOS,sem_intensidade,+RA,0,0,,0,0,
SWPI,Verao,00-06,exato,TS,0,0,,0,0,
SWPI,Verao,00-06,exato,+RA,0,0,,0,0,
SWPI,Verao,00-06,exato,+TSRA,0,0,,0,0,
SWPI,Verao,00-06,exato,TSRA,0,0,,0,0,
SWPI,Verao,00-06,sem_intensidade,TS,0,0,,0,0,
SWPI,Verao,00-06,sem_intensidade,TSRA,0,0,,0,0,
SWPI,Verao,00-06,sem_intensidade,+RA,0,0,,0,0,
SWPI,Verao,06-12,exato,TS,0,0,,0,0,
SWPI,Verao,06-12,exato,+RA,0,0,,0,0,
SWPI,Verao,06-12,exato,+TSRA,0,0,,0,0,
SWPI,Verao,06-12,exato,TSRA,0,0,,0,0,
SWPI,Verao,06-12,sem_intensidade,TS,0,0,,0,0,
SWPI,Verao,06-12,sem_intensidade,TSRA,0,0,,0,0,
SWPI,Verao,06-12,sem_intensidade,+RA,0,0,,0,0,
SWPI,Verao,12-18,exato,TS,0,0,,0,0,
SWPI,Verao,12-18,exato,+RA,0,0,,0,0,
SWPI,Verao,12-18,exato,+TSRA,0,0,,0,0,
SWPI,Verao,12-18,exato,TSRA,0,0,,0,0,
SWPI,Verao,12-18,sem_intensidade,TS,0,0,,0,0,
SWPI,Verao,12-18,sem_intensidade,TSRA,0,0,,0,0,
SWPI,Verao,12-18,sem_intensidade,+RA,0,0,,0,0,
SWPI,Verao,18-24,exato,TS,0,0,,0,0,
SWPI,Verao,18-24,exato,+RA,0,0,,0,0,
SWPI,Verao,18-24,exato,+TSRA,0,0,,0,0,
SWPI,Verao,18-24,exato,TSRA,0,0,,0,0,
SWPI,Verao,18-24,sem_intensidade,TS,0,0,,0,0,
SWPI,Verao,18-24,sem_intensidade,TSRA,0,0,,0,0,
SWPI,Verao,18-24,sem_intensidade,+RA,0,0,,0,0,
SWPI,Verao,TODOS,exato,TS,0,0,,0,0,
SWPI,Verao,TODOS,exato,+RA,0,0,,0,0,
SWPI,Verao,TODOS,exato,+TSRA,0,0,,0,0,
SWPI,Verao,TODOS,exato,TSRA,0,0,,0,0,
SWPI,Verao,TODOS,sem_intensidade,TS,0,0,,0,0,
SWPI,Verao,TODOS,sem_intensidade,TSRA,0,0,,0,0,
SWPI,Verao,TODOS,sem_intensidade,+RA,0,0,,0,0,
SWPI,Outono,00-06,exato,TS,0,0,,0,0,
SWPI,Outono,00-06,exato,+RA,0,0,,0,0,
SWPI,Outono,00-06,exato,+TSRA,0,0,,0,0,
SWPI,Outono,00-06,exato,TSRA,0,0,,0,0,
SWPI,Outono,00-06,sem_intensidade,TS,0,0,,0,0,
SWPI,Outono,00-06,sem_intensidade,TSRA,0,0,,0,0,
SWPI,Outono,00-06,sem_intensidade,+RA,0,0,,0,0,
SWPI,Outono,06-12,exato,TS,0,0,,0,0,
SWPI,Outono,06-12,exato,+RA,0,0,,0,0,
SWPI,Outono,06-12,exato,+TSRA,0,0,,0,0,
SWPI,Outono,06-12,exato,TSRA,0,0,,0,0,
SWPI,Outono,06-12,sem_intensidade,TS,0,0,,0,0,
SWPI,Outono,06-12,sem_intensidade,TSRA,0,0,,0,0,
SWPI,Outono,06-12,sem_intensidade,+RA,0,0,,0,0,
SWPI,Outono,12-18,exato,TS,0,0,,0,0,
SWPI,Outono,12-18,exato,+RA,0,0,,0,0,
SWPI,Outono,12-18,exato,+TSRA,0,0,,0,0,
SWPI,Outono,12-18,exato,TSRA,0,0,,0,0,
SWPI,Outono,12-18,sem_intensidade,TS,0,0,,0,0,
SWPI,Outono,12-18,sem_intensidade,TSRA,0,0,,0,0,
SWPI,Outono,12-18,sem_intensidade,+RA,0,0,,0,0,
SWPI,Outono,18-24,exato,TS,0,0,,0,0,
SWPI,Outono,18-24,exato,+RA,0,0,,0,0,
SWPI,Outono,18-24,exato,+TSRA,0,0,,0,0,
SWPI,Outono,18-24,exato,TSRA,0,0,,0,0,
SWPI,Outono,18-24,sem_intensidade,TS,0,0,,0,0,
SWPI,Outono,18-24,sem_intensidade,TSRA,0,0,,0,0,
SWPI,Outono,18-24,sem_intensidade,+RA,0,0,,0,0,
SWPI,Outono,TODOS,exato,TS,0,0,,0,0,
SWPI,Outono,TODOS,exato,+RA,0,0,,0,0,
SWPI,Outono,TODOS,exato,+TSRA,0,0,,0,0,
SWPI,Outono,TODOS,exato,TSRA,0,0,,0,0,
SWPI,Outono,TODOS,sem_intensidade,TS,0,0,,0,0,
SWPI,Outono,TODOS,sem_intensidade,TSRA,0,0,,0,0,
SWPI,Outono,TODOS,sem_intensidade,+RA,0,0,,0,0,
SWPI,Inverno,00-06,exato,TS,0,0,,0,0,
SWPI,Inverno,00-06,exato,+RA,0,0,,0,0,
SWPI,Inverno,00-06,exato,+TSRA,0,0,,0,0,
SWPI,Inverno,00-06,exato,TSRA,0,0,,0,0,
SWPI,Inverno,00-06,sem_intensidade,TS,0,0,,0,0,
SWPI,Inverno,00-06,sem_intensidade,TSRA,0,0,,0,0,
SWPI,Inverno,00-06,sem_intensidade,+RA,0,0,,0,0,
SWPI,Inverno,06-12,exato,TS,0,0,,0,0,
SWPI,Inverno,06-12,exato,+RA,0,0,,0,0,
SWPI,Inverno,06-12,exato,+TSRA,0,0,,0,0,
SWPI,Inverno,06-12,exato,TSRA,0,0,,0,0,
SWPI,Inverno,06-12,sem_intensidade,TS,0,0,,0,0,
SWPI,Inverno,06-12,sem_intensidade,TSRA,0,0,,0,0,
SWPI,Inverno,06-12,sem_intensidade,+RA,0,0,,0,0,
SWPI,Inverno,12-18,exato,TS,0,0,,0,0,
SWPI,Inverno,12-18,exato,+RA,0,0,,0,0,
SWPI,Inverno,12-18,exato,+TSRA,0,0,,0,0,
SWPI,Inverno,12-18,exato,TSRA,0,0,,0,0,
SWPI,Inverno,12-18,sem_intensidade,TS,0,0,,0,0,
SWPI,Inverno,12-18,sem_intensidade,TSRA,0,0,,0,0,
SWPI,Inverno,12-18,sem_intensidade,+RA,0,0,,0,0,
SWPI,Inverno,18-24,exato,TS,0,0,,0,0,
SWPI,Inverno,18-24,exato,+RA,0,0,,0,0,
SWPI,Inverno,18-24,exato,+TSRA,0,0,,0,0,
SWPI,Inverno,18-24,exato,TSRA,0,0,,0,0,
SWPI,Inverno,18-24,sem_intensidade,TS,0,0,,0,0,
SWPI,Inverno,18-24,sem_intensidade,TSRA,0,0,,0,0,
SWPI,Inverno,18-24,sem_intensidade,+RA,0,0,,0,0,
SWPI,Inverno,TODOS,exato,TS,0,0,,0,0,
SWPI,Inverno,TODOS,exato,+RA,0,0,,0,0,
SWPI,Inverno,TODOS,exato,+TSRA,0,0,,0,0,
SWPI,Inverno,TODOS,exato,TSRA,0,0,,0,0,
SWPI,Inverno,TODOS,sem_intensidade,TS,0,0,,0,0,
SWPI,Inverno,TODOS,sem_intensidade,TSRA,0,0,,0,0,
SWPI,Inverno,TODOS,sem_intensidade,+RA,0,0,,0,0,
SWPI,Primavera,00-06,exato,TS,0,0,,0,0,
SWPI,Primavera,00-06,exato,+RA,0,0,,0,0,
SWPI,Primavera,00-06,exato,+TSRA,0,0,,0,0,
SWPI,Primavera,00-06,exato,TSRA,0,0,,0,0,
SWPI,Primavera,00-06,sem_intensidade,TS,0,0,,0,0,
SWPI,Primavera,00-06,sem_intensidade,TSRA,0,0,,0,0,
SWPI,Primavera,00-06,sem_intensidade,+RA,0,0,,0,0,
SWPI,Primavera,06-12,exato,TS,0,0,,0,0,
SWPI,Primavera,06-12,exato,+RA,0,0,,0,0,
SWPI,Primavera,06-12,exato,+TSRA,0,0,,0,0,
SWPI,Primavera,06-12,exato,TSRA,0,0,,0,0,
SWPI,Primavera,06-12,sem_intensidade,TS,0,0,,0,0,
SWPI,Primavera,06-12,sem_intensidade,TSRA,0,0,,0,0,
SWPI,Primavera,06-12,sem_intensidade,+RA,0,0,,0,0,
SWPI,Primavera,12-18,exato,TS,0,0,,0,0,
SWPI,Primavera,12-18,exato,+RA,0,0,,0,0,
SWPI,Primavera,12-18,exato,+TSRA,0,0,,0,0,
SWPI,Primavera,12-18,exato,TSRA,0,0,,0,0,
SWPI,Primavera,12-18,sem_intensidade,TS,0,0,,0,0,
SWPI,Primavera,12-18,sem_intensidade,TSRA,0,0,,0,0,
SWPI,Primavera,12-18,sem_intensidade,+RA,0,0,,0,0,
SWPI,Primavera,18-24,exato,TS,0,0,,0,0,
SWPI,Primavera,18-24,exato,+RA,0,0,,0,0,
SWPI,Primavera,18-24,exato,+TSRA,0,0,,0,0,
SWPI,Primavera,18-24,exato,TSRA,0,0,,0,0,
SWPI,Primavera,18-24,sem_intensidade,TS,0,0,,0,0,
SWPI,Primavera,18-24,sem_intensidade,TSRA,0,0,,0,0,
SWPI,Primavera,18-24,sem_intensidade,+RA,0,0,,0,0,
SWPI,Primavera,TODOS,exato,TS,0,0,,0,0,
SWPI,Primavera,TODOS,exato,+RA,0,0,,0,0,
SWPI,Primavera,TODOS,exato,+TSRA,0,0,,0,0,
SWPI,Primavera,TODOS,exato,TSRA,0,0,,0,0,
SWPI,Primavera,TODOS,sem_intensidade,TS,0,0,,0,0,
SWPI,Primavera,TODOS,sem_intensidade,TSRA,0,0,,0,0,
SWPI,Primavera,TODOS,sem_intensidade,+RA,0,0,,0,0,
SWPI,TODAS,00-06,exato,TS,0,0,,0,0,
SWPI,TODAS,00-06,exato,+RA,0,0,,0,0,
SWPI,TODAS,00-06,exato,+TSRA,0,0,,0,0,
SWPI,TODAS,00-06,exato,TSRA,0,0,,0,0,
SWPI,TODAS,00-06,sem_intensidade,TS,0,0,,0,0,
SWPI,TODAS,00-06,sem_intensidade,TSRA,0,0,,0,0,
SWPI,TODAS,00-06,sem_intensidade,+RA,0,0,,0,0,
SWPI,TODAS,06-12,exato,TS,0,0,,0,0,
SWPI,TODAS,06-12,exato,+RA,0,0,,0,0,
SWPI,TODAS,06-12,exato,+TSRA,0,0,,0,0,
SWPI,TODAS,06-12,exato,TSRA,0,0,,0,0,
SWPI,TODAS,06-12,sem_intensidade,TS,0,0,,0,0,
SWPI,TODAS,06-12,sem_intensidade,TSRA,0,0,,0,0,
SWPI,TODAS,06-12,sem_intensidade,+RA,0,0,,0,0,
SWPI,TODAS,12-18,exato,TS,0,0,,0,0,
SWPI,TODAS,12-18,exato,+RA,0,0,,0,0,
SWPI,TODAS,12-18,exato,+TSRA,0,0,,0,0,
SWPI,TODAS,12-18,exato,TSRA,0,0,,0,0,
SWPI,TODAS,12-18,sem_intensidade,TS,0,0,,0,0,
SWPI,TODAS,12-18,sem_intensidade,TSRA,0,0,,0,0,
SWPI,TODAS,12-18,sem_intensidade,+RA,0,0,,0,0,
SWPI,TODAS,18-24,exato,TS,0,0,,0,0,
SWPI,TODAS,18-24,exato,+RA,0,0,,0,0,
SWPI,TODAS,18-24,exato,+TSRA,0,0,,0,0,
SWPI,TODAS,18-24,exato,TSRA,0,0,,0,0,
SWPI,TODAS,18-24,sem_intensidade,TS,0,0,,0,0,
SWPI,TODAS,18-24,sem_intensidade,TSRA,0,0,,0,0,
SWPI,TODAS,18-24,sem_intensidade,+RA,0,0,,0,0,
SWPI,TODAS,TODOS,exato,TS,0,0,,0,0,
SWPI,TODAS,TODOS,exato,+RA,0,0,,0,0,
SWPI,TODAS,TODOS,exato,+TSRA,0,0,,0,0,
SWPI,TODAS,TODOS,exato,TSRA,0,0,,0,0,
SWPI,TODAS,TODOS,sem_intensidade,TS,0,0,,0,0,
SWPI,TODAS,TODOS,sem_intensidade,TSRA,0,0,,0,0,
SWPI,TODAS,TODOS,sem_intensidade,+RA,0,0,,0,0,
TODOS,Verao,00-06,exato,TS,66,2,3.0,58,2,3.4
TODOS,Verao,00-06,exato,+RA,0,0,,4,0,0.0
TODOS,Verao,00-06,exato,+TSRA,0,0,,10,0,0.0
TODOS,Verao,00-06,exato,TSRA,268,4,1.5,31,4,12.9
TODOS,Verao,00-06,sem_intensidade,TS,66,2,3.0,58,2,3.4
TODOS,Verao,00-06,sem_intensidade,TSRA,280,24,8.6,134,24,17.9
TODOS,Verao,00-06,sem_intensidade,+RA,0,0,,4,0,0.0
TODOS,Verao,06-12,exato,TS,6,0,0.0,4,0,0.0
TODOS,Verao,06-12,exato,+RA,0,0,,1,0,0.0
TODOS,Verao,06-12,exato,+TSRA,0,0,,0,0,
TODOS,Verao,06-12,exato,TSRA,110,2,1.8,5,2,40.0
TODOS,Verao,06-12,sem_intensidade,TS,6,0,0.0,4,0,0.0
TODOS,Verao,06-12,sem_intensidade,TSRA,110,10,9.1,38,10,26.3
TODOS,Verao,06-12,sem_intensidade,+RA,0,0,,1,0,0.0
TODOS,Verao,12-18,exato,TS,51,2,3.9,79,2,2.5
TODOS,Verao,12-18,exato,+RA,0,0,,6,0,0.0
TODOS,Verao,12-18,exato,+TSRA,0,0,,5,0,0.0
TODOS,Verao,12-18,exato,TSRA,306,2,0.7,11,2,18.2
TODOS,Verao,12-18,sem_intensidade,TS,51,2,3.9,79,2,2.5
TODOS,Verao,12-18,sem_intensidade,TSRA,313,12,3.8,96,12,12.5
TODOS,Verao,12-18,sem_intensidade,+RA,0,0,,6,0,0.0
TODOS,Verao,18-24,exato,TS,404,29,7.2,275,29,10.5
TODOS,Verao,18-24,exato,+RA,0,0,,8,0,0.0
TODOS,Verao,18-24,exato,+TSRA,30,0,0.0,46,0,0.0
TODOS,Verao,18-24,exato,TSRA,1667,30,1.8,64,30,46.9
TODOS,Verao,18-24,sem_intensidade,TS,404,29,7.2,275,29,10.5
TODOS,Verao,18-24,sem_intensidade,TSRA,1793,166,9.3,346,166,48.0
TODOS,Verao,18-24,sem_intensidade,+RA,0,0,,8,0,0.0
TODOS,Verao,TODOS,exato,TS,527,33,6.3,416,33,7.9
TODOS,Verao,TODOS,exato,+RA,0,0,,19,0,0.0
TODOS,Verao,TODOS,exato,+TSRA,30,0,0.0,61,0,0.0
TODOS,Verao,TODOS,exato,TSRA,2351,38,1.6,111,38,34.2
TODOS,Verao,TODOS,sem_intensidade,TS,527,33,6.3,416,33,7.9
TODOS,Verao,TODOS,sem_intensidade,TSRA,2496,212,8.5,614,212,34.5
TODOS,Verao,TODOS,sem_intensidade,+RA,0,0,,19,0,0.0
TODOS,Outono,00-06,exato,TS,24,1,4.2,9,1,11.1
TODOS,Outono,00-06,exato,+RA,0,0,,2,0,0.0
TODOS,Outono,00-06,exato,+TSRA,0,0,,4,0,0.0
TODOS,Outono,00-06,exato,TSRA,105,3,2.9,9,3,33.3
TODOS,Outono,00-06,sem_intensidade,TS,24,1,4.2,9,1,11.1
TODOS,Outono,00-06,sem_intensidade,TSRA,105,16,15.2,33,16,48.5
TODOS,Outono,00-06,sem_intensidade,+RA,0,0,,2,0,0.0
TODOS,Outono,06-12,exato,TS,22,0,0.0,1,0,0.0
TODOS,Outono,06-12,exato,+RA,0,0,,3,0,0.0
TODOS,Outono,06-12,exato,+TSRA,0,0,,1,0,0.0
TODOS,Outono,06-12,exato,TSRA,47,2,4.3,11,2,18.2
TODOS,Outono,06-12,sem_intensidade,TS,22,0,0.0,1,0,0.0
TODOS,Outono,06-12,sem_intensidade,TSRA,47,2,4.3,26,2,7.7
TODOS,Outono,06-12,sem_intensidade,+RA,0,0,,3,0,0.0
TODOS,Outono,12-18,exato,TS,40,0,0.0,27,0,0.0
TODOS,Outono,12-18,exato,+RA,0,0,,2,0,0.0
TODOS,Outono,12-18,exato,+TSRA,0,0,,2,0,0.0
TODOS,Outono,12-18,exato,TSRA,157,6,3.8,15,6,40.0
TODOS,Outono,12-18,sem_intensidade,TS,40,0,0.0,27,0,0.0
TODOS,Outono,12-18,sem_intensidade,TSRA,165,19,11.5,58,19,32.8
TODOS,Outono,12-18,sem_intensidade,+RA,0,0,,2,0,0.0
TODOS,Outono,18-24,exato,TS,170,2,1.2,67,2,3.0
TODOS,Outono,18-24,exato,+RA,22,0,0.0,1,0,0.0
TODOS,Outono,18-24,exato,+TSRA,0,0,,10,0,0.0
TODOS,Outono,18-24,exato,TSRA,637,11,1.7,19,11,57.9
TODOS,Outono,18-24,sem_intensidade,TS,170,2,1.2,67,2,3.0
TODOS,Outono,18-24,sem_intensidade,TSRA,654,41,6.3,86,41,47.7
TODOS,Outono,18-24,sem_intensidade,+RA,22,0,0.0,1,0,0.0
TODOS,Outono,TODOS,exato,TS,256,3,1.2,104,3,2.9
TODOS,Outono,TODOS,exato,+RA,22,0,0.0,8,0,0.0
TODOS,Outono,TODOS,exato,+TSRA,0,0,,17,0,0.0
TODOS,Outono,TODOS,exato,TSRA,946,22,2.3,54,22,40.7
TODOS,Outono,TODOS,sem_intensidade,TS,256,3,1.2,104,3,2.9
TODOS,Outono,TODOS,sem_intensidade,TSRA,971,78,8.0,203,78,38.4
TODOS,Outono,TODOS,sem_intensidade,+RA,22,0,0.0,8,0,0.0
TODOS,Inverno,00-06,exato,TS,11,0,0.0,32,0,0.0
TODOS,Inverno,00-06,exato,+RA,0,0,,0,0,
TODOS,Inverno,00-06,exato,+TSRA,0,0,,1,0,0.0
TODOS,Inverno,00-06,exato,TSRA,46,0,0.0,0,0,
TODOS,Inverno,00-06,sem_intensidade,TS,11,0,0.0,32,0,0.0
TODOS,Inverno,00-06,sem_intensidade,TSRA,46,0,0.0,9,0,0.0
TODOS,Inverno,00-06,sem_intensidade,+RA,0,0,,0,0,
TODOS,Inverno,06-12,exato,TS,18,0,0.0,12,0,0.0
TODOS,Inverno,06-12,exato,+RA,0,0,,2,0,0.0
TODOS,Inverno,06-12,exato,+TSRA,0,0,,0,0,
TODOS,Inverno,06-12,exato,TSRA,45,0,0.0,2,0,0.0
TODOS,Inverno,06-12,sem_intensidade,TS,18,0,0.0,12,0,0.0
TODOS,Inverno,06-12,sem_intensidade,TSRA,56,1,1.8,9,1,11.1
TODOS,Inverno,06-12,sem_intensidade,+RA,0,0,,2,0,0.0
TODOS,Inverno,12-18,exato,TS,13,0,0.0,15,0,0.0
TODOS,Inverno,12-18,exato,+RA,0,0,,0,0,
TODOS,Inverno,12-18,exato,+TSRA,0,0,,0,0,
TODOS,Inverno,12-18,exato,TSRA,132,10,7.6,25,10,40.0
TODOS,Inverno,12-18,sem_intensidade,TS,13,0,0.0,15,0,0.0
TODOS,Inverno,12-18,sem_intensidade,TSRA,158,36,22.8,68,36,52.9
TODOS,Inverno,12-18,sem_intensidade,+RA,0,0,,0,0,
TODOS,Inverno,18-24,exato,TS,123,5,4.1,46,5,10.9
TODOS,Inverno,18-24,exato,+RA,0,0,,4,0,0.0
TODOS,Inverno,18-24,exato,+TSRA,20,0,0.0,4,0,0.0
TODOS,Inverno,18-24,exato,TSRA,286,16,5.6,18,16,88.9
TODOS,Inverno,18-24,sem_intensidade,TS,123,5,4.1,46,5,10.9
TODOS,Inverno,18-24,sem_intensidade,TSRA,325,40,12.3,64,40,62.5
TODOS,Inverno,18-24,sem_intensidade,+RA,0,0,,4,0,0.0
TODOS,Inverno,TODOS,exato,TS,165,5,3.0,105,5,4.8
TODOS,Inverno,TODOS,exato,+RA,0,0,,6,0,0.0
TODOS,Inverno,TODOS,exato,+TSRA,20,0,0.0,5,0,0.0
TODOS,Inverno,TODOS,exato,TSRA,509,26,5.1,45,26,57.8
TODOS,Inverno,TODOS,sem_intensidade,TS,165,5,3.0,105,5,4.8
TODOS,Inverno,TODOS,sem_intensidade,TSRA,585,77,13.2,150,77,51.3
TODOS,Inverno,TODOS,sem_intensidade,+RA,0,0,,6,0,0.0
TODOS,Primavera,00-06,exato,TS,50,1,2.0,29,1,3.4
TODOS,Primavera,00-06,exato,+RA,0,0,,1,0,0.0
TODOS,Primavera,00-06,exato,+TSRA,0,0,,0,0,
TODOS,Primavera,00-06,exato,TSRA,150,24,16.0,54,24,44.4
TODOS,Primavera,00-06,sem_intensidade,TS,50,1,2.0,29,1,3.4
TODOS,Primavera,00-06,sem_intensidade,TSRA,155,34,21.9,111,34,30.6
TODOS,Primavera,00-06,sem_intensidade,+RA,0,0,,1,0,0.0
TODOS,Primavera,06-12,exato,TS,36,0,0.0,20,0,0.0
TODOS,Primavera,06-12,exato,+RA,0,0,,2,0,0.0
TODOS,Primavera,06-12,exato,+TSRA,0,0,,0,0,
TODOS,Primavera,06-12,exato,TSRA,123,3,2.4,4,3,75.0
TODOS,Primavera,06-12,sem_intensidade,TS,36,0,0.0,20,0,0.0
TODOS,Primavera,06-12,sem_intensidade,TSRA,123,19,15.4,37,19,51.4
TODOS,Primavera,06-12,sem_intensidade,+RA,0,0,,2,0,0.0
TODOS,Primavera,12-18,exato,TS,50,2,4.0,41,2,4.9
TODOS,Primavera,12-18,exato,+RA,0,0,,2,0,0.0
TODOS,Primavera,12-18,exato,+TSRA,22,0,0.0,5,0,0.0
TODOS,Primavera,12-18,exato,TSRA,352,11,3.1,28,11,39.3
TODOS,Primavera,12-18,sem_intensidade,TS,50,2,4.0,41,2,4.9
TODOS,Primavera,12-18,sem_intensidade,TSRA,378,41,10.8,90,41,45.6
TODOS,Primavera,12-18,sem_intensidade,+RA,0,0,,2,0,0.0
TODOS,Primavera,18-24,exato,TS,366,18,4.9,115,18,15.7
TODOS,Primavera,18-24,exato,+RA,0,0,,8,0,0.0
TODOS,Primavera,18-24,exato,+TSRA,0,0,,8,0,0.0
TODOS,Primavera,18-24,exato,TSRA,780,10,1.3,38,10,26.3
TODOS,Primavera,18-24,sem_intensidade,TS,366,18,4.9,115,18,15.7
TODOS,Primavera,18-24,sem_intensidade,TSRA,813,38,4.7,160,38,23.8
TODOS,Primavera,18-24,sem_intensidade,+RA,0,0,,8,0,0.0
TODOS,Primavera,TODOS,exato,TS,502,21,4.2,205,21,10.2
TODOS,Primavera,TODOS,exato,+RA,0,0,,13,0,0.0
TODOS,Primavera,TODOS,exato,+TSRA,22,0,0.0,13,0,0.0
TODOS,Primavera,TODOS,exato,TSRA,1405,48,3.4,124,48,38.7
TODOS,Primavera,TODOS,sem_intensidade,TS,502,21,4.2,205,21,10.2
TODOS,Primavera,TODOS,sem_intensidade,TSRA,1469,132,9.0,398,132,33.2
TODOS,Primavera,TODOS,sem_intensidade,+RA,0,0,,13,0,0.0
TODOS,TODAS,00-06,exato,TS,151,4,2.6,128,4,3.1
TODOS,TODAS,00-06,exato,+RA,0,0,,7,0,0.0
TODOS,TODAS,00-06,exato,+TSRA,0,0,,15,0,0.0
TODOS,TODAS,00-06,exato,TSRA,569,31,5.4,94,31,33.0
TODOS,TODAS,00-06,sem_intensidade,TS,151,4,2.6,128,4,3.1
TODOS,TODAS,00-06,sem_intensidade,TSRA,586,74,12.6,287,74,25.8
TODOS,TODAS,00-06,sem_intensidade,+RA,0,0,,7,0,0.0
TODOS,TODAS,06-12,exato,TS,82,0,0.0,37,0,0.0
TODOS,TODAS,06-12,exato,+RA,0,0,,8,0,0.0
TODOS,TODAS,06-12,exato,+TSRA,0,0,,1,0,0.0
TODOS,TODAS,06-12,exato,TSRA,325,7,2.2,22,7,31.8
TODOS,TODAS,06-12,sem_intensidade,TS,82,0,0.0,37,0,0.0
TODOS,TODAS,06-12,sem_intensidade,TSRA,336,32,9.5,110,32,29.1
TODOS,TODAS,06-12,sem_intensidade,+RA,0,0,,8,0,0.0
TODOS,TODAS,12-18,exato,TS,154,4,2.6,162,4,2.5
TODOS,TODAS,12-18,exato,+RA,0,0,,10,0,0.0
TODOS,TODAS,12-18,exato,+TSRA,22,0,0.0,12,0,0.0
TODOS,TODAS,12-18,exato,TSRA,947,29,3.1,79,29,36.7
TODOS,TODAS,12-18,sem_intensidade,TS,154,4,2.6,162,4,2.5
TODOS,TODAS,12-18,sem_intensidade,TSRA,1014,108,10.7,312,108,34.6
TODOS,TODAS,12-18,sem_intensidade,+RA,0,0,,10,0,0.0
TODOS,TODAS,18-24,exato,TS,1063,54,5.1,503,54,10.7
TODOS,TODAS,18-24,exato,+RA,22,0,0.0,21,0,0.0
TODOS,TODAS,18-24,exato,+TSRA,50,0,0.0,68,0,0.0
TODOS,TODAS,18-24,exato,TSRA,3370,67,2.0,139,67,48.2
TODOS,TODAS,18-24,sem_intensidade,TS,1063,54,5.1,503,54,10.7
TODOS,TODAS,18-24,sem_intensidade,TSRA,3585,285,7.9,656,285,43.4
TODOS,TODAS,18-24,sem_intensidade,+RA,22,0,0.0,21,0,0.0
TODOS,TODAS,TODOS,exato,TS,1450,62,4.3,830,62,7.5
TODOS,TODAS,TODOS,exato,+RA,22,0,0.0,46,0,0.0
TODOS,TODAS,TODOS,exato,+TSRA,72,0,0.0,96,0,0.0
TODOS,TODAS,TODOS,exato,TSRA,5211,134,2.6,334,134,40.1
TODOS,TODAS,TODOS,sem_intensidade,TS,1450,62,4.3,830,62,7.5
TODOS,TODAS,TODOS,sem_intensidade,TSRA,5521,499,9.0,1365,499,36.6
TODOS,TODAS,TODOS,sem_intensidade,+RA,22,0,0.0,46,0,0.0
