icao,season,period,view,condition,taf_forecast,taf_hit,taf_pct,metar_observed,metar_caught,metar_pct
SBAE,Verao,00-06,exato,TS,0,0,,0,0,
SBAE,Verao,00-06,exato,+RA,0,0,,0,0,
SBAE,Verao,00-06,exato,+TSRA,0,0,,0,0,
SBAE,Verao,00-06,exato,TSRA,0,0,,0,0,
SBAE,Verao,00-06,sem_intensidade,TS,0,0,,0,0,
SBAE,Verao,00-06,sem_intensidade,TSRA,0,0,,0,0,
SBAE,Verao,00-06,sem_intensidade,+RA,0,0,,0,0,
SBAE,Verao,06-12,exato,TS,0,0,,0,0,
SBAE,Verao,06-12,exato,+RA,0,0,,0,0,
SBAE,Verao,06-12,exato,+TSRA,0,0,,0,0,
SBAE,Verao,06-12,exato,TSRA,0,0,,0,0,
SBAE,Verao,06-12,sem_intensidade,TS,0,0,,0,0,
SBAE,Verao,06-12,sem_intensidade,TSRA,0,0,,0,0,
SBAE,Verao,06-12,sem_intensidade,+RA,0,0,,0,0,
SBAE,Verao,12-18,exato,TS,0,0,,0,0,
SBAE,Verao,12-18,exato,+RA,0,0,,0,0,
SBAE,Verao,12-18,exato,+TSRA,0,0,,0,0,
SBAE,Verao,12-18,exato,TSRA,0,0,,0,0,
SBAE,Verao,12-18,sem_intensidade,TS,0,0,,0,0,
SBAE,Verao,12-18,sem_intensidade,TSRA,0,0,,0,0,
SBAE,Verao,12-18,sem_intensidade,+RA,0,0,,0,0,
SBAE,Verao,18-24,exato,TS,5,0,0.0,0,0,
SBAE,Verao,18-24,exato,+RA,0,0,,0,0,
SBAE,Verao,18-24,exato,+TSRA,0,0,,0,0,
SBAE,Verao,18-24,exato,TSRA,23,0,0.0,0,0,
SBAE,Verao,18-24,sem_intensidade,TS,5,0,0.0,0,0,
SBAE,Verao,18-24,sem_intensidade,TSRA,23,0,0.0,0,0,
SBAE,Verao,18-24,sem_intensidade,+RA,0,0,,0,0,
SBAE,Verao,TODOS,exato,TS,5,0,0.0,0,0,
SBAE,Verao,TODOS,exato,+RA,0,0,,0,0,
SBAE,Verao,TODOS,exato,+TSRA,0,0,,0,0,
SBAE,Verao,TODOS,exato,TSRA,23,0,0.0,0,0,
SBAE,Verao,TODOS,sem_intensidade,TS,5,0,0.0,0,0,
SBAE,Verao,TODOS,sem_intensidade,TSRA,23,0,0.0,0,0,
SBAE,Verao,TODOS,sem_intensidade,+RA,0,0,,0,0,
SBAE,Outono,00-06,exato,TS,0,0,,0,0,
SBAE,Outono,00-06,exato,+RA,0,0,,0,0,
SBAE,Outono,00-06,exato,+TSRA,0,0,,0,0,
SBAE,Outono,00-06,exato,TSRA,0,0,,0,0,
SBAE,Outono,00-06,sem_intensidade,TS,0,0,,0,0,
SBAE,Outono,00-06,sem_intensidade,TSRA,0,0,,0,0,
SBAE,Outono,00-06,sem_intensidade,+RA,0,0,,0,0,
SBAE,Outono,06-12,exato,TS,0,0,,0,0,
SBAE,Outono,06-12,exato,+RA,0,0,,0,0,
SBAE,Outono,06-12,exato,+TSRA,0,0,,0,0,
SBAE,Outono,06-12,exato,TSRA,0,0,,0,0,
SBAE,Outono,06-12,sem_intensidade,TS,0,0,,0,0,
SBAE,Outono,06-12,sem_intensidade,TSRA,0,0,,0,0,
SBAE,Outono,06-12,sem_intensidade,+RA,0,0,,0,0,
SBAE,Outono,12-18,exato,TS,0,0,,0,0,
SBAE,Outono,12-18,exato,+RA,0,0,,0,0,
SBAE,Outono,12-18,exato,+TSRA,0,0,,0,0,
SBAE,Outono,12-18,exato,TSRA,0,0,,0,0,
SBAE,Outono,12-18,sem_intensidade,TS,0,0,,0,0,
SBAE,Outono,12-18,sem_intensidade,TSRA,0,0,,0,0,
SBAE,Outono,12-18,sem_intensidade,+RA,0,0,,0,0,
SBAE,Outono,18-24,exato,TS,0,0,,0,0,
SBAE,Outono,18-24,exato,+RA,0,0,,0,0,
SBAE,Outono,18-24,exato,+TSRA,0,0,,1,0,0.0
SBAE,Outono,18-24,exato,TSRA,6,0,0.0,0,0,
SBAE,Outono,18-24,sem_intensidade,TS,0,0,,0,0,
SBAE,Outono,18-24,sem_intensidade,TSRA,6,2,33.3,2,2,100.0
SBAE,Outono,18-24,sem_intensidade,+RA,0,0,,0,0,
SBAE,Outono,TODOS,exato,TS,0,0,,0,0,
SBAE,Outono,TODOS,exato,+RA,0,0,,0,0,
SBAE,Outono,TODOS,exato,+TSRA,0,0,,1,0,0.0
SBAE,Outono,TODOS,exato,TSRA,6,0,0.0,0,0,
SBAE,Outono,TODOS,sem_intensidade,TS,0,0,,0,0,
SBAE,Outono,TODOS,sem_intensidade,TSRA,6,2,33.3,2,2,100.0
SBAE,Outono,TODOS,sem_intensidade,+RA,0,0,,0,0,
SBAE,Inverno,00-06,exato,TS,0,0,,0,0,
SBAE,Inverno,00-06,exato,+RA,0,0,,0,0,
SBAE,Inverno,00-06,exato,+TSRA,0,0,,0,0,
SBAE,Inverno,00-06,exato,TSRA,0,0,,0,0,
SBAE,Inverno,00-06,sem_intensidade,TS,0,0,,0,0,
SBAE,Inverno,00-06,sem_intensidade,TSRA,0,0,,0,0,
SBAE,Inverno,00-06,sem_intensidade,+RA,0,0,,0,0,
SBAE,Inverno,06-12,exato,TS,0,0,,0,0,
SBAE,Inverno,06-12,exato,+RA,0,0,,0,0,
SBAE,Inverno,06-12,exato,+TSRA,0,0,,0,0,
SBAE,Inverno,06-12,exato,TSRA,0,0,,0,0,
SBAE,Inverno,06-12,sem_intensidade,TS,0,0,,0,0,
SBAE,Inverno,06-12,sem_intensidade,TSRA,0,0,,0,0,
SBAE,Inverno,06-12,sem_intensidade,+RA,0,0,,0,0,
SBAE,Inverno,12-18,exato,TS,0,0,,0,0,
SBAE,Inverno,12-18,exato,+RA,0,0,,0,0,
SBAE,Inverno,12-18,exato,+TSRA,0,0,,0,0,
SBAE,Inverno,12-18,exato,TSRA,0,0,,0,0,
SBAE,Inverno,12-18,sem_intensidade,TS,0,0,,0,0,
SBAE,Inverno,12-18,sem_intensidade,TSRA,0,0,,1,0,0.0
SBAE,Inverno,12-18,sem_intensidade,+RA,0,0,,0,0,
SBAE,Inverno,18-24,exato,TS,0,0,,0,0,
SBAE,Inverno,18-24,exato,+RA,0,0,,0,0,
SBAE,Inverno,18-24,exato,+TSRA,0,0,,0,0,
SBAE,Inverno,18-24,exato,TSRA,3,0,0.0,0,0,
SBAE,Inverno,18-24,sem_intensidade,TS,0,0,,0,0,
SBAE,Inverno,18-24,sem_intensidade,TSRA,3,0,0.0,0,0,
SBAE,Inverno,18-24,sem_intensidade,+RA,0,0,,0,0,
SBAE,Inverno,TODOS,exato,TS,0,0,,0,0,
SBAE,Inverno,TODOS,exato,+RA,0,0,,0,0,
SBAE,Inverno,TODOS,exato,+TSRA,0,0,,0,0,
SBAE,Inverno,TODOS,exato,TSRA,3,0,0.0,0,0,
SBAE,Inverno,TODOS,sem_intensidade,TS,0,0,,0,0,
SBAE,Inverno,TODOS,sem_intensidade,TSRA,3,0,0.0,1,0,0.0
SBAE,Inverno,TODOS,sem_intensidade,+RA,0,0,,0,0,
SBAE,Primavera,00-06,exato,TS,0,0,,0,0,
SBAE,Primavera,00-06,exato,+RA,0,0,,0,0,
SBAE,Primavera,00-06,exato,+TSRA,0,0,,0,0,
SBAE,Primavera,00-06,exato,TSRA,0,0,,0,0,
SBAE,Primavera,00-06,sem_intensidade,TS,0,0,,0,0,
SBAE,Primavera,00-06,sem_intensidade,TSRA,0,0,,0,0,
SBAE,Primavera,00-06,sem_intensidade,+RA,0,0,,0,0,
SBAE,Primavera,06-12,exato,TS,0,0,,0,0,
SBAE,Primavera,06-12,exato,+RA,0,0,,0,0,
SBAE,Primavera,06-12,exato,+TSRA,0,0,,0,0,
SBAE,Primavera,06-12,exato,TSRA,0,0,,0,0,
SBAE,Primavera,06-12,sem_intensidade,TS,0,0,,0,0,
SBAE,Primavera,06-12,sem_intensidade,TSRA,0,0,,0,0,
SBAE,Primavera,06-12,sem_intensidade,+RA,0,0,,0,0,
SBAE,Primavera,12-18,exato,TS,1,0,0.0,0,0,
SBAE,Primavera,12-18,exato,+RA,0,0,,0,0,
SBAE,Primavera,12-18,exato,+TSRA,0,0,,0,0,
SBAE,Primavera,12-18,exato,TSRA,1,0,0.0,0,0,
SBAE,Primavera,12-18,sem_intensidade,TS,1,0,0.0,0,0,
SBAE,Primavera,12-18,sem_intensidade,TSRA,1,0,0.0,1,0,0.0
SBAE,Primavera,12-18,sem_intensidade,+RA,0,0,,0,0,
SBAE,Primavera,18-24,exato,TS,3,0,0.0,0,0,
SBAE,Primavera,18-24,exato,+RA,0,0,,0,0,
SBAE,Primavera,18-24,exato,+TSRA,0,0,,0,0,
SBAE,Primavera,18-24,exato,TSRA,12,0,0.0,0,0,
SBAE,Primavera,18-24,sem_intensidade,TS,3,0,0.0,0,0,
SBAE,Primavera,18-24,sem_intensidade,TSRA,12,0,0.0,0,0,
SBAE,Primavera,18-24,sem_intensidade,+RA,0,0,,0,0,
SBAE,Primavera,TODOS,exato,TS,4,0,0.0,0,0,
SBAE,Primavera,TODOS,exato,+RA,0,0,,0,0,
SBAE,Primavera,TODOS,exato,+TSRA,0,0,,0,0,
SBAE,Primavera,TODOS,exato,TSRA,13,0,0.0,0,0,
SBAE,Primavera,TODOS,sem_intensidade,TS,4,0,0.0,0,0,
SBAE,Primavera,TODOS,sem_intensidade,TSRA,13,0,0.0,1,0,0.0
SBAE,Primavera,TODOS,sem_intensidade,+RA,0,0,,0,0,
SBAE,TODAS,00-06,exato,TS,0,0,,0,0,
SBAE,TODAS,00-06,exato,+RA,0,0,,0,0,
SBAE,TODAS,00-06,exato,+TSRA,0,0,,0,0,
SBAE,TODAS,00-06,exato,TSRA,0,0,,0,0,
SBAE,TODAS,00-06,sem_intensidade,TS,0,0,,0,0,
SBAE,TODAS,00-06,sem_intensidade,TSRA,0,0,,0,0,
SBAE,TODAS,00-06,sem_intensidade,+RA,0,0,,0,0,
SBAE,TODAS,06-12,exato,TS,0,0,,0,0,
SBAE,TODAS,06-12,exato,+RA,0,0,,0,0,
SBAE,TODAS,06-12,exato,+TSRA,0,0,,0,0,
SBAE,TODAS,06-12,exato,TSRA,0,0,,0,0,
SBAE,TODAS,06-12,sem_intensidade,TS,0,0,,0,0,
SBAE,TODAS,06-12,sem_intensidade,TSRA,0,0,,0,0,
SBAE,TODAS,06-12,sem_intensidade,+RA,0,0,,0,0,
SBAE,TODAS,12-18,exato,TS,1,0,0.0,0,0,
SBAE,TODAS,12-18,exato,+RA,0,0,,0,0,
SBAE,TODAS,12-18,exato,+TSRA,0,0,,0,0,
SBAE,TODAS,12-18,exato,TSRA,1,0,0.0,0,0,
SBAE,TODAS,12-18,sem_intensidade,TS,1,0,0.0,0,0,
SBAE,TODAS,12-18,sem_intensidade,TSRA,1,0,0.0,2,0,0.0
SBAE,TODAS,12-18,sem_intensidade,+RA,0,0,,0,0,
SBAE,TODAS,18-24,exato,TS,8,0,0.0,0,0,
SBAE,TODAS,18-24,exato,+RA,0,0,,0,0,
SBAE,TODAS,18-24,exato,+TSRA,0,0,,1,0,0.0
SBAE,TODAS,18-24,exato,TSRA,44,0,0.0,0,0,
SBAE,TODAS,18-24,sem_intensidade,TS,8,0,0.0,0,0,
SBAE,TODAS,18-24,sem_intensidade,TSRA,44,2,4.5,2,2,100.0
SBAE,TODAS,18-24,sem_intensidade,+RA,0,0,,0,0,
SBAE,TODAS,TODOS,exato,TS,9,0,0.0,0,0,
SBAE,TODAS,TODOS,exato,+RA,0,0,,0,0,
SBAE,TODAS,TODOS,exato,+TSRA,0,0,,1,0,0.0
SBAE,TODAS,TODOS,exato,TSRA,45,0,0.0,0,0,
SBAE,TODAS,TODOS,sem_intensidade,TS,9,0,0.0,0,0,
SBAE,TODAS,TODOS,sem_intensidade,TSRA,45,2,4.4,4,2,50.0
SBAE,TODAS,TODOS,sem_intensidade,+RA,0,0,,0,0,
SBAR,Verao,00-06,exato,TS,0,0,,0,0,
SBAR,Verao,00-06,exato,+RA,0,0,,0,0,
SBAR,Verao,00-06,exato,+TSRA,0,0,,0,0,
SBAR,Verao,00-06,exato,TSRA,1,0,0.0,0,0,
SBAR,Verao,00-06,sem_intensidade,TS,0,0,,0,0,
SBAR,Verao,00-06,sem_intensidade,TSRA,1,0,0.0,0,0,
SBAR,Verao,00-06,sem_intensidade,+RA,0,0,,0,0,
SBAR,Verao,06-12,exato,TS,0,0,,0,0,
SBAR,Verao,06-12,exato,+RA,0,0,,1,0,0.0
SBAR,Verao,06-12,exato,+TSRA,0,0,,0,0,
SBAR,Verao,06-12,exato,TSRA,0,0,,0,0,
SBAR,Verao,06-12,sem_intensidade,TS,0,0,,0,0,
SBAR,Verao,06-12,sem_intensidade,TSRA,0,0,,0,0,
SBAR,Verao,06-12,sem_intensidade,+RA,0,0,,1,0,0.0
SBAR,Verao,12-18,exato,TS,0,0,,2,0,0.0
SBAR,Verao,12-18,exato,+RA,0,0,,0,0,
SBAR,Verao,12-18,exato,+TSRA,0,0,,0,0,
SBAR,Verao,12-18,exato,TSRA,17,0,0.0,1,0,0.0
SBAR,Verao,12-18,sem_intensidade,TS,0,0,,2,0,0.0
SBAR,Verao,12-18,sem_intensidade,TSRA,17,0,0.0,1,0,0.0
SBAR,Verao,12-18,sem_intensidade,+RA,0,0,,0,0,
SBAR,Verao,18-24,exato,TS,16,0,0.0,4,0,0.0
SBAR,Verao,18-24,exato,+RA,0,0,,0,0,
SBAR,Verao,18-24,exato,+TSRA,0,0,,0,0,
SBAR,Verao,18-24,exato,TSRA,4,0,0.0,0,0,
SBAR,Verao,18-24,sem_intensidade,TS,16,0,0.0,4,0,0.0
SBAR,Verao,18-24,sem_intensidade,TSRA,4,0,0.0,0,0,
SBAR,Verao,18-24,sem_intensidade,+RA,0,0,,0,0,
SBAR,Verao,TODOS,exato,TS,16,0,0.0,6,0,0.0
SBAR,Verao,TODOS,exato,+RA,0,0,,1,0,0.0
SBAR,Verao,TODOS,exato,+TSRA,0,0,,0,0,
SBAR,Verao,TODOS,exato,TSRA,22,0,0.0,1,0,0.0
SBAR,Verao,TODOS,sem_intensidade,TS,16,0,0.0,6,0,0.0
SBAR,Verao,TODOS,sem_intensidade,TSRA,22,0,0.0,1,0,0.0
SBAR,Verao,TODOS,sem_intensidade,+RA,0,0,,1,0,0.0
SBAR,Outono,00-06,exato,TS,0,0,,0,0,
SBAR,Outono,00-06,exato,+RA,0,0,,0,0,
SBAR,Outono,00-06,exato,+TSRA,0,0,,0,0,
SBAR,Outono,00-06,exato,TSRA,0,0,,0,0,
SBAR,Outono,00-06,sem_intensidade,TS,0,0,,0,0,
SBAR,Outono,00-06,sem_intensidade,TSRA,0,0,,0,0,
SBAR,Outono,00-06,sem_intensidade,+RA,0,0,,0,0,
SBAR,Outono,06-12,exato,TS,0,0,,0,0,
SBAR,Outono,06-12,exato,+RA,0,0,,0,0,
SBAR,Outono,06-12,exato,+TSRA,0,0,,0,0,
SBAR,Outono,06-12,exato,TSRA,0,0,,0,0,
SBAR,Outono,06-12,sem_intensidade,TS,0,0,,0,0,
SBAR,Outono,06-12,sem_intensidade,TSRA,0,0,,0,0,
SBAR,Outono,06-12,sem_intensidade,+RA,0,0,,0,0,
SBAR,Outono,12-18,exato,TS,2,0,0.0,0,0,
SBAR,Outono,12-18,exato,+RA,0,0,,0,0,
SBAR,Outono,12-18,exato,+TSRA,0,0,,0,0,
SBAR,Outono,12-18,exato,TSRA,0,0,,0,0,
SBAR,Outono,12-18,sem_intensidade,TS,2,0,0.0,0,0,
SBAR,Outono,12-18,sem_intensidade,TSRA,0,0,,0,0,
SBAR,Outono,12-18,sem_intensidade,+RA,0,0,,0,0,
SBAR,Outono,18-24,exato,TS,0,0,,0,0,
SBAR,Outono,18-24,exato,+RA,0,0,,0,0,
SBAR,Outono,18-24,exato,+TSRA,0,0,,0,0,
SBAR,Outono,18-24,exato,TSRA,0,0,,0,0,
SBAR,Outono,18-24,sem_intensidade,TS,0,0,,0,0,
SBAR,Outono,18-24,sem_intensidade,TSRA,0,0,,2,0,0.0
SBAR,Outono,18-24,sem_intensidade,+RA,0,0,,0,0,
SBAR,Outono,TODOS,exato,TS,2,0,0.0,0,0,
SBAR,Outono,TODOS,exato,+RA,0,0,,0,0,
SBAR,Outono,TODOS,exato,+TSRA,0,0,,0,0,
SBAR,Outono,TODOS,exato,TSRA,0,0,,0,0,
SBAR,Outono,TODOS,sem_intensidade,TS,2,0,0.0,0,0,
SBAR,Outono,TODOS,sem_intensidade,TSRA,0,0,,2,0,0.0
SBAR,Outono,TODOS,sem_intensidade,+RA,0,0,,0,0,
SBAR,Inverno,00-06,exato,TS,0,0,,0,0,
SBAR,Inverno,00-06,exato,+RA,0,0,,4,0,0.0
SBAR,Inverno,00-06,exato,+TSRA,0,0,,0,0,
SBAR,Inverno,00-06,exato,TSRA,0,0,,0,0,
SBAR,Inverno,00-06,sem_intensidade,TS,0,0,,0,0,
SBAR,Inverno,00-06,sem_intensidade,TSRA,0,0,,0,0,
SBAR,Inverno,00-06,sem_intensidade,+RA,0,0,,4,0,0.0
SBAR,Inverno,06-12,exato,TS,0,0,,0,0,
SBAR,Inverno,06-12,exato,+RA,0,0,,0,0,
SBAR,Inverno,06-12,exato,+TSRA,1,0,0.0,0,0,
SBAR,Inverno,06-12,exato,TSRA,0,0,,0,0,
SBAR,Inverno,06-12,sem_intensidade,TS,0,0,,0,0,
SBAR,Inverno,06-12,sem_intensidade,TSRA,1,0,0.0,0,0,
SBAR,Inverno,06-12,sem_intensidade,+RA,0,0,,0,0,
SBAR,Inverno,12-18,exato,TS,0,0,,0,0,
SBAR,Inverno,12-18,exato,+RA,0,0,,1,0,0.0
SBAR,Inverno,12-18,exato,+TSRA,0,0,,0,0,
SBAR,Inverno,12-18,exato,TSRA,3,0,0.0,0,0,
SBAR,Inverno,12-18,sem_intensidade,TS,0,0,,0,0,
SBAR,Inverno,12-18,sem_intensidade,TSRA,3,0,0.0,0,0,
SBAR,Inverno,12-18,sem_intensidade,+RA,0,0,,1,0,0.0
SBAR,Inverno,18-24,exato,TS,0,0,,0,0,
SBAR,Inverno,18-24,exato,+RA,0,0,,0,0,
SBAR,Inverno,18-24,exato,+TSRA,0,0,,0,0,
SBAR,Inverno,18-24,exato,TSRA,0,0,,0,0,
SBAR,Inverno,18-24,sem_intensidade,TS,0,0,,0,0,
SBAR,Inverno,18-24,sem_intensidade,TSRA,0,0,,0,0,
SBAR,Inverno,18-24,sem_intensidade,+RA,0,0,,0,0,
SBAR,Inverno,TODOS,exato,TS,0,0,,0,0,
SBAR,Inverno,TODOS,exato,+RA,0,0,,5,0,0.0
SBAR,Inverno,TODOS,exato,+TSRA,1,0,0.0,0,0,
SBAR,Inverno,TODOS,exato,TSRA,3,0,0.0,0,0,
SBAR,Inverno,TODOS,sem_intensidade,TS,0,0,,0,0,
SBAR,Inverno,TODOS,sem_intensidade,TSRA,4,0,0.0,0,0,
SBAR,Inverno,TODOS,sem_intensidade,+RA,0,0,,5,0,0.0
SBAR,Primavera,00-06,exato,TS,0,0,,0,0,
SBAR,Primavera,00-06,exato,+RA,0,0,,0,0,
SBAR,Primavera,00-06,exato,+TSRA,0,0,,0,0,
SBAR,Primavera,00-06,exato,TSRA,0,0,,0,0,
SBAR,Primavera,00-06,sem_intensidade,TS,0,0,,0,0,
SBAR,Primavera,00-06,sem_intensidade,TSRA,0,0,,0,0,
SBAR,Primavera,00-06,sem_intensidade,+RA,0,0,,0,0,
SBAR,Primavera,06-12,exato,TS,0,0,,0,0,
SBAR,Primavera,06-12,exato,+RA,0,0,,0,0,
SBAR,Primavera,06-12,exato,+TSRA,0,0,,0,0,
SBAR,Primavera,06-12,exato,TSRA,0,0,,0,0,
SBAR,Primavera,06-12,sem_intensidade,TS,0,0,,0,0,
SBAR,Primavera,06-12,sem_intensidade,TSRA,0,0,,0,0,
SBAR,Primavera,06-12,sem_intensidade,+RA,0,0,,0,0,
SBAR,Primavera,12-18,exato,TS,0,0,,0,0,
SBAR,Primavera,12-18,exato,+RA,0,0,,1,0,0.0
SBAR,Primavera,12-18,exato,+TSRA,0,0,,0,0,
SBAR,Primavera,12-18,exato,TSRA,0,0,,0,0,
SBAR,Primavera,12-18,sem_intensidade,TS,0,0,,0,0,
SBAR,Primavera,12-18,sem_intensidade,TSRA,0,0,,0,0,
SBAR,Primavera,12-18,sem_intensidade,+RA,0,0,,1,0,0.0
SBAR,Primavera,18-24,exato,TS,0,0,,0,0,
SBAR,Primavera,18-24,exato,+RA,0,0,,1,0,0.0
SBAR,Primavera,18-24,exato,+TSRA,0,0,,0,0,
SBAR,Primavera,18-24,exato,TSRA,0,0,,0,0,
SBAR,Primavera,18-24,sem_intensidade,TS,0,0,,0,0,
SBAR,Primavera,18-24,sem_intensidade,TSRA,0,0,,0,0,
SBAR,Primavera,18-24,sem_intensidade,+RA,0,0,,1,0,0.0
SBAR,Primavera,TODOS,exato,TS,0,0,,0,0,
SBAR,Primavera,TODOS,exato,+RA,0,0,,2,0,0.0
SBAR,Primavera,TODOS,exato,+TSRA,0,0,,0,0,
SBAR,Primavera,TODOS,exato,TSRA,0,0,,0,0,
SBAR,Primavera,TODOS,sem_intensidade,TS,0,0,,0,0,
SBAR,Primavera,TODOS,sem_intensidade,TSRA,0,0,,0,0,
SBAR,Primavera,TODOS,sem_intensidade,+RA,0,0,,2,0,0.0
SBAR,TODAS,00-06,exato,TS,0,0,,0,0,
SBAR,TODAS,00-06,exato,+RA,0,0,,4,0,0.0
SBAR,TODAS,00-06,exato,+TSRA,0,0,,0,0,
SBAR,TODAS,00-06,exato,TSRA,1,0,0.0,0,0,
SBAR,TODAS,00-06,sem_intensidade,TS,0,0,,0,0,
SBAR,TODAS,00-06,sem_intensidade,TSRA,1,0,0.0,0,0,
SBAR,TODAS,00-06,sem_intensidade,+RA,0,0,,4,0,0.0
SBAR,TODAS,06-12,exato,TS,0,0,,0,0,
SBAR,TODAS,06-12,exato,+RA,0,0,,1,0,0.0
SBAR,TODAS,06-12,exato,+TSRA,1,0,0.0,0,0,
SBAR,TODAS,06-12,exato,TSRA,0,0,,0,0,
SBAR,TODAS,06-12,sem_intensidade,TS,0,0,,0,0,
SBAR,TODAS,06-12,sem_intensidade,TSRA,1,0,0.0,0,0,
SBAR,TODAS,06-12,sem_intensidade,+RA,0,0,,1,0,0.0
SBAR,TODAS,12-18,exato,TS,2,0,0.0,2,0,0.0
SBAR,TODAS,12-18,exato,+RA,0,0,,2,0,0.0
SBAR,TODAS,12-18,exato,+TSRA,0,0,,0,0,
SBAR,TODAS,12-18,exato,TSRA,20,0,0.0,1,0,0.0
SBAR,TODAS,12-18,sem_intensidade,TS,2,0,0.0,2,0,0.0
SBAR,TODAS,12-18,sem_intensidade,TSRA,20,0,0.0,1,0,0.0
SBAR,TODAS,12-18,sem_intensidade,+RA,0,0,,2,0,0.0
SBAR,TODAS,18-24,exato,TS,16,0,0.0,4,0,0.0
SBAR,TODAS,18-24,exato,+RA,0,0,,1,0,0.0
SBAR,TODAS,18-24,exato,+TSRA,0,0,,0,0,
SBAR,TODAS,18-24,exato,TSRA,4,0,0.0,0,0,
SBAR,TODAS,18-24,sem_intensidade,TS,16,0,0.0,4,0,0.0
SBAR,TODAS,18-24,sem_intensidade,TSRA,4,0,0.0,2,0,0.0
SBAR,TODAS,18-24,sem_intensidade,+RA,0,0,,1,0,0.0
SBAR,TODAS,TODOS,exato,TS,18,0,0.0,6,0,0.0
SBAR,TODAS,TODOS,exato,+RA,0,0,,8,0,0.0
SBAR,TODAS,TODOS,exato,+TSRA,1,0,0.0,0,0,
SBAR,TODAS,TODOS,exato,TSRA,25,0,0.0,1,0,0.0
SBAR,TODAS,TODOS,sem_intensidade,TS,18,0,0.0,6,0,0.0
SBAR,TODAS,TODOS,sem_intensidade,TSRA,26,0,0.0,3,0,0.0
SBAR,TODAS,TODOS,sem_intensidade,+RA,0,0,,8,0,0.0
SBBH,Verao,00-06,exato,TS,0,0,,0,0,
SBBH,Verao,00-06,exato,+RA,0,0,,0,0,
SBBH,Verao,00-06,exato,+TSRA,0,0,,0,0,
SBBH,Verao,00-06,exato,TSRA,0,0,,0,0,
SBBH,Verao,00-06,sem_intensidade,TS,0,0,,0,0,
SBBH,Verao,00-06,sem_intensidade,TSRA,0,0,,0,0,
SBBH,Verao,00-06,sem_intensidade,+RA,0,0,,0,0,
SBBH,Verao,06-12,exato,TS,0,0,,0,0,
SBBH,Verao,06-12,exato,+RA,0,0,,0,0,
SBBH,Verao,06-12,exato,+TSRA,0,0,,0,0,
SBBH,Verao,06-12,exato,TSRA,0,0,,0,0,
SBBH,Verao,06-12,sem_intensidade,TS,0,0,,0,0,
SBBH,Verao,06-12,sem_intensidade,TSRA,0,0,,0,0,
SBBH,Verao,06-12,sem_intensidade,+RA,0,0,,0,0,
SBBH,Verao,12-18,exato,TS,0,0,,0,0,
SBBH,Verao,12-18,exato,+RA,0,0,,0,0,
SBBH,Verao,12-18,exato,+TSRA,0,0,,0,0,
SBBH,Verao,12-18,exato,TSRA,0,0,,0,0,
SBBH,Verao,12-18,sem_intensidade,TS,0,0,,0,0,
SBBH,Verao,12-18,sem_intensidade,TSRA,0,0,,0,0,
SBBH,Verao,12-18,sem_intensidade,+RA,0,0,,0,0,
SBBH,Verao,18-24,exato,TS,0,0,,0,0,
SBBH,Verao,18-24,exato,+RA,0,0,,0,0,
SBBH,Verao,18-24,exato,+TSRA,0,0,,0,0,
SBBH,Verao,18-24,exato,TSRA,0,0,,0,0,
SBBH,Verao,18-24,sem_intensidade,TS,0,0,,0,0,
SBBH,Verao,18-24,sem_intensidade,TSRA,0,0,,0,0,
SBBH,Verao,18-24,sem_intensidade,+RA,0,0,,0,0,
SBBH,Verao,TODOS,exato,TS,0,0,,0,0,
SBBH,Verao,TODOS,exato,+RA,0,0,,0,0,
SBBH,Verao,TODOS,exato,+TSRA,0,0,,0,0,
SBBH,Verao,TODOS,exato,TSRA,0,0,,0,0,
SBBH,Verao,TODOS,sem_intensidade,TS,0,0,,0,0,
SBBH,Verao,TODOS,sem_intensidade,TSRA,0,0,,0,0,
SBBH,Verao,TODOS,sem_intensidade,+RA,0,0,,0,0,
SBBH,Outono,00-06,exato,TS,0,0,,0,0,
SBBH,Outono,00-06,exato,+RA,0,0,,0,0,
SBBH,Outono,00-06,exato,+TSRA,0,0,,0,0,
SBBH,Outono,00-06,exato,TSRA,0,0,,0,0,
SBBH,Outono,00-06,sem_intensidade,TS,0,0,,0,0,
SBBH,Outono,00-06,sem_intensidade,TSRA,0,0,,0,0,
SBBH,Outono,00-06,sem_intensidade,+RA,0,0,,0,0,
SBBH,Outono,06-12,exato,TS,0,0,,0,0,
SBBH,Outono,06-12,exato,+RA,0,0,,0,0,
SBBH,Outono,06-12,exato,+TSRA,0,0,,0,0,
SBBH,Outono,06-12,exato,TSRA,0,0,,0,0,
SBBH,Outono,06-12,sem_intensidade,TS,0,0,,0,0,
SBBH,Outono,06-12,sem_intensidade,TSRA,0,0,,0,0,
SBBH,Outono,06-12,sem_intensidade,+RA,0,0,,0,0,
SBBH,Outono,12-18,exato,TS,0,0,,0,0,
SBBH,Outono,12-18,exato,+RA,0,0,,0,0,
SBBH,Outono,12-18,exato,+TSRA,0,0,,0,0,
SBBH,Outono,12-18,exato,TSRA,0,0,,0,0,
SBBH,Outono,12-18,sem_intensidade,TS,0,0,,0,0,
SBBH,Outono,12-18,sem_intensidade,TSRA,0,0,,0,0,
SBBH,Outono,12-18,sem_intensidade,+RA,0,0,,0,0,
SBBH,Outono,18-24,exato,TS,0,0,,0,0,
SBBH,Outono,18-24,exato,+RA,0,0,,0,0,
SBBH,Outono,18-24,exato,+TSRA,0,0,,0,0,
SBBH,Outono,18-24,exato,TSRA,0,0,,0,0,
SBBH,Outono,18-24,sem_intensidade,TS,0,0,,0,0,
SBBH,Outono,18-24,sem_intensidade,TSRA,0,0,,0,0,
SBBH,Outono,18-24,sem_intensidade,+RA,0,0,,0,0,
SBBH,Outono,TODOS,exato,TS,0,0,,0,0,
SBBH,Outono,TODOS,exato,+RA,0,0,,0,0,
SBBH,Outono,TODOS,exato,+TSRA,0,0,,0,0,
SBBH,Outono,TODOS,exato,TSRA,0,0,,0,0,
SBBH,Outono,TODOS,sem_intensidade,TS,0,0,,0,0,
SBBH,Outono,TODOS,sem_intensidade,TSRA,0,0,,0,0,
SBBH,Outono,TODOS,sem_intensidade,+RA,0,0,,0,0,
SBBH,Inverno,00-06,exato,TS,0,0,,0,0,
SBBH,Inverno,00-06,exato,+RA,0,0,,0,0,
SBBH,Inverno,00-06,exato,+TSRA,0,0,,0,0,
SBBH,Inverno,00-06,exato,TSRA,0,0,,0,0,
SBBH,Inverno,00-06,sem_intensidade,TS,0,0,,0,0,
SBBH,Inverno,00-06,sem_intensidade,TSRA,0,0,,0,0,
SBBH,Inverno,00-06,sem_intensidade,+RA,0,0,,0,0,
SBBH,Inverno,06-12,exato,TS,0,0,,0,0,
SBBH,Inverno,06-12,exato,+RA,0,0,,0,0,
SBBH,Inverno,06-12,exato,+TSRA,0,0,,0,0,
SBBH,Inverno,06-12,exato,TSRA,0,0,,0,0,
SBBH,Inverno,06-12,sem_intensidade,TS,0,0,,0,0,
SBBH,Inverno,06-12,sem_intensidade,TSRA,0,0,,0,0,
SBBH,Inverno,06-12,sem_intensidade,+RA,0,0,,0,0,
SBBH,Inverno,12-18,exato,TS,0,0,,0,0,
SBBH,Inverno,12-18,exato,+RA,0,0,,0,0,
SBBH,Inverno,12-18,exato,+TSRA,0,0,,0,0,
SBBH,Inverno,12-18,exato,TSRA,0,0,,0,0,
SBBH,Inverno,12-18,sem_intensidade,TS,0,0,,0,0,
SBBH,Inverno,12-18,sem_intensidade,TSRA,0,0,,0,0,
SBBH,Inverno,12-18,sem_intensidade,+RA,0,0,,0,0,
SBBH,Inverno,18-24,exato,TS,0,0,,0,0,
SBBH,Inverno,18-24,exato,+RA,0,0,,0,0,
SBBH,Inverno,18-24,exato,+TSRA,0,0,,0,0,
SBBH,Inverno,18-24,exato,TSRA,0,0,,0,0,
SBBH,Inverno,18-24,sem_intensidade,TS,0,0,,0,0,
SBBH,Inverno,18-24,sem_intensidade,TSRA,0,0,,0,0,
SBBH,Inverno,18-24,sem_intensidade,+RA,0,0,,0,0,
SBBH,Inverno,TODOS,exato,TS,0,0,,0,0,
SBBH,Inverno,TODOS,exato,+RA,0,0,,0,0,
SBBH,Inverno,TODOS,exato,+TSRA,0,0,,0,0,
SBBH,Inverno,TODOS,exato,TSRA,0,0,,0,0,
SBBH,Inverno,TODOS,sem_intensidade,TS,0,0,,0,0,
SBBH,Inverno,TODOS,sem_intensidade,TSRA,0,0,,0,0,
SBBH,Inverno,TODOS,sem_intensidade,+RA,0,0,,0,0,
SBBH,Primavera,00-06,exato,TS,0,0,,0,0,
SBBH,Primavera,00-06,exato,+RA,0,0,,0,0,
SBBH,Primavera,00-06,exato,+TSRA,0,0,,0,0,
SBBH,Primavera,00-06,exato,TSRA,0,0,,0,0,
SBBH,Primavera,00-06,sem_intensidade,TS,0,0,,0,0,
SBBH,Primavera,00-06,sem_intensidade,TSRA,0,0,,0,0,
SBBH,Primavera,00-06,sem_intensidade,+RA,0,0,,0,0,
SBBH,Primavera,06-12,exato,TS,0,0,,0,0,
SBBH,Primavera,06-12,exato,+RA,0,0,,0,0,
SBBH,Primavera,06-12,exato,+TSRA,0,0,,0,0,
SBBH,Primavera,06-12,exato,TSRA,0,0,,0,0,
SBBH,Primavera,06-12,sem_intensidade,TS,0,0,,0,0,
SBBH,Primavera,06-12,sem_intensidade,TSRA,0,0,,0,0,
SBBH,Primavera,06-12,sem_intensidade,+RA,0,0,,0,0,
SBBH,Primavera,12-18,exato,TS,0,0,,0,0,
SBBH,Primavera,12-18,exato,+RA,0,0,,0,0,
SBBH,Primavera,12-18,exato,+TSRA,0,0,,0,0,
SBBH,Primavera,12-18,exato,TSRA,0,0,,0,0,
SBBH,Primavera,12-18,sem_intensidade,TS,0,0,,0,0,
SBBH,Primavera,12-18,sem_intensidade,TSRA,0,0,,0,0,
SBBH,Primavera,12-18,sem_intensidade,+RA,0,0,,0,0,
SBBH,Primavera,18-24,exato,TS,0,0,,0,0,
SBBH,Primavera,18-24,exato,+RA,0,0,,0,0,
SBBH,Primavera,18-24,exato,+TSRA,0,0,,0,0,
SBBH,Primavera,18-24,exato,TSRA,0,0,,0,0,
SBBH,Primavera,18-24,sem_intensidade,TS,0,0,,0,0,
SBBH,Primavera,18-24,sem_intensidade,TSRA,0,0,,0,0,
SBBH,Primavera,18-24,sem_intensidade,+RA,0,0,,0,0,
SBBH,Primavera,TODOS,exato,TS,0,0,,0,0,
SBBH,Primavera,TODOS,exato,+RA,0,0,,0,0,
SBBH,Primavera,TODOS,exato,+TSRA,0,0,,0,0,
SBBH,Primavera,TODOS,exato,TSRA,0,0,,0,0,
SBBH,Primavera,TODOS,sem_intensidade,TS,0,0,,0,0,
SBBH,Primavera,TODOS,sem_intensidade,TSRA,0,0,,0,0,
SBBH,Primavera,TODOS,sem_intensidade,+RA,0,0,,0,0,
SBBH,TODAS,00-06,exato,TS,0,0,,0,0,
SBBH,TODAS,00-06,exato,+RA,0,0,,0,0,
SBBH,TODAS,00-06,exato,+TSRA,0,0,,0,0,
SBBH,TODAS,00-06,exato,TSRA,0,0,,0,0,
SBBH,TODAS,00-06,sem_intensidade,TS,0,0,,0,0,
SBBH,TODAS,00-06,sem_intensidade,TSRA,0,0,,0,0,
SBBH,TODAS,00-06,sem_intensidade,+RA,0,0,,0,0,
SBBH,TODAS,06-12,exato,TS,0,0,,0,0,
SBBH,TODAS,06-12,exato,+RA,0,0,,0,0,
SBBH,TODAS,06-12,exato,+TSRA,0,0,,0,0,
SBBH,TODAS,06-12,exato,TSRA,0,0,,0,0,
SBBH,TODAS,06-12,sem_intensidade,TS,0,0,,0,0,
SBBH,TODAS,06-12,sem_intensidade,TSRA,0,0,,0,0,
SBBH,TODAS,06-12,sem_intensidade,+RA,0,0,,0,0,
SBBH,TODAS,12-18,exato,TS,0,0,,0,0,
SBBH,TODAS,12-18,exato,+RA,0,0,,0,0,
SBBH,TODAS,12-18,exato,+TSRA,0,0,,0,0,
SBBH,TODAS,12-18,exato,TSRA,0,0,,0,0,
SBBH,TODAS,12-18,sem_intensidade,TS,0,0,,0,0,
SBBH,TODAS,12-18,sem_intensidade,TSRA,0,0,,0,0,
SBBH,TODAS,12-18,sem_intensidade,+RA,0,0,,0,0,
SBBH,TODAS,18-24,exato,TS,0,0,,0,0,
SBBH,TODAS,18-24,exato,+RA,0,0,,0,0,
SBBH,TODAS,18-24,exato,+TSRA,0,0,,0,0,
SBBH,TODAS,18-24,exato,TSRA,0,0,,0,0,
SBBH,TODAS,18-24,sem_intensidade,TS,0,0,,0,0,
SBBH,TODAS,18-24,sem_intensidade,TSRA,0,0,,0,0,
SBBH,TODAS,18-24,sem_intensidade,+RA,0,0,,0,0,
SBBH,TODAS,TODOS,exato,TS,0,0,,0,0,
SBBH,TODAS,TODOS,exato,+RA,0,0,,0,0,
SBBH,TODAS,TODOS,exato,+TSRA,0,0,,0,0,
SBBH,TODAS,TODOS,exato,TSRA,0,0,,0,0,
SBBH,TODAS,TODOS,sem_intensidade,TS,0,0,,0,0,
SBBH,TODAS,TODOS,sem_intensidade,TSRA,0,0,,0,0,
SBBH,TODAS,TODOS,sem_intensidade,+RA,0,0,,0,0,
SBBW,Verao,00-06,exato,TS,0,0,,0,0,
SBBW,Verao,00-06,exato,+RA,0,0,,0,0,
SBBW,Verao,00-06,exato,+TSRA,0,0,,0,0,
SBBW,Verao,00-06,exato,TSRA,0,0,,0,0,
SBBW,Verao,00-06,sem_intensidade,TS,0,0,,0,0,
SBBW,Verao,00-06,sem_intensidade,TSRA,0,0,,0,0,
SBBW,Verao,00-06,sem_intensidade,+RA,0,0,,0,0,
SBBW,Verao,06-12,exato,TS,0,0,,0,0,
SBBW,Verao,06-12,exato,+RA,0,0,,0,0,
SBBW,Verao,06-12,exato,+TSRA,0,0,,0,0,
SBBW,Verao,06-12,exato,TSRA,0,0,,0,0,
SBBW,Verao,06-12,sem_intensidade,TS,0,0,,0,0,
SBBW,Verao,06-12,sem_intensidade,TSRA,0,0,,0,0,
SBBW,Verao,06-12,sem_intensidade,+RA,0,0,,0,0,
SBBW,Verao,12-18,exato,TS,0,0,,0,0,
SBBW,Verao,12-18,exato,+RA,0,0,,0,0,
SBBW,Verao,12-18,exato,+TSRA,0,0,,0,0,
SBBW,Verao,12-18,exato,TSRA,0,0,,0,0,
SBBW,Verao,12-18,sem_intensidade,TS,0,0,,0,0,
SBBW,Verao,12-18,sem_intensidade,TSRA,0,0,,0,0,
SBBW,Verao,12-18,sem_intensidade,+RA,0,0,,0,0,
SBBW,Verao,18-24,exato,TS,0,0,,0,0,
SBBW,Verao,18-24,exato,+RA,0,0,,0,0,
SBBW,Verao,18-24,exato,+TSRA,0,0,,0,0,
SBBW,Verao,18-24,exato,TSRA,0,0,,0,0,
SBBW,Verao,18-24,sem_intensidade,TS,0,0,,0,0,
SBBW,Verao,18-24,sem_intensidade,TSRA,0,0,,0,0,
SBBW,Verao,18-24,sem_intensidade,+RA,0,0,,0,0,
SBBW,Verao,TODOS,exato,TS,0,0,,0,0,
SBBW,Verao,TODOS,exato,+RA,0,0,,0,0,
SBBW,Verao,TODOS,exato,+TSRA,0,0,,0,0,
SBBW,Verao,TODOS,exato,TSRA,0,0,,0,0,
SBBW,Verao,TODOS,sem_intensidade,TS,0,0,,0,0,
SBBW,Verao,TODOS,sem_intensidade,TSRA,0,0,,0,0,
SBBW,Verao,TODOS,sem_intensidade,+RA,0,0,,0,0,
SBBW,Outono,00-06,exato,TS,0,0,,0,0,
SBBW,Outono,00-06,exato,+RA,0,0,,0,0,
SBBW,Outono,00-06,exato,+TSRA,0,0,,0,0,
SBBW,Outono,00-06,exato,TSRA,0,0,,0,0,
SBBW,Outono,00-06,sem_intensidade,TS,0,0,,0,0,
SBBW,Outono,00-06,sem_intensidade,TSRA,0,0,,0,0,
SBBW,Outono,00-06,sem_intensidade,+RA,0,0,,0,0,
SBBW,Outono,06-12,exato,TS,0,0,,0,0,
SBBW,Outono,06-12,exato,+RA,0,0,,0,0,
SBBW,Outono,06-12,exato,+TSRA,0,0,,0,0,
SBBW,Outono,06-12,exato,TSRA,0,0,,0,0,
SBBW,Outono,06-12,sem_intensidade,TS,0,0,,0,0,
SBBW,Outono,06-12,sem_intensidade,TSRA,0,0,,0,0,
SBBW,Outono,06-12,sem_intensidade,+RA,0,0,,0,0,
SBBW,Outono,12-18,exato,TS,0,0,,0,0,
SBBW,Outono,12-18,exato,+RA,0,0,,0,0,
SBBW,Outono,12-18,exato,+TSRA,0,0,,0,0,
SBBW,Outono,12-18,exato,TSRA,0,0,,0,0,
SBBW,Outono,12-18,sem_intensidade,TS,0,0,,0,0,
SBBW,Outono,12-18,sem_intensidade,TSRA,0,0,,0,0,
SBBW,Outono,12-18,sem_intensidade,+RA,0,0,,0,0,
SBBW,Outono,18-24,exato,TS,0,0,,0,0,
SBBW,Outono,18-24,exato,+RA,0,0,,0,0,
SBBW,Outono,18-24,exato,+TSRA,0,0,,0,0,
SBBW,Outono,18-24,exato,TSRA,0,0,,0,0,
SBBW,Outono,18-24,sem_intensidade,TS,0,0,,0,0,
SBBW,Outono,18-24,sem_intensidade,TSRA,0,0,,0,0,
SBBW,Outono,18-24,sem_intensidade,+RA,0,0,,0,0,
SBBW,Outono,TODOS,exato,TS,0,0,,0,0,
SBBW,Outono,TODOS,exato,+RA,0,0,,0,0,
SBBW,Outono,TODOS,exato,+TSRA,0,0,,0,0,
SBBW,Outono,TODOS,exato,TSRA,0,0,,0,0,
SBBW,Outono,TODOS,sem_intensidade,TS,0,0,,0,0,
SBBW,Outono,TODOS,sem_intensidade,TSRA,0,0,,0,0,
SBBW,Outono,TODOS,sem_intensidade,+RA,0,0,,0,0,
SBBW,Inverno,00-06,exato,TS,0,0,,0,0,
SBBW,Inverno,00-06,exato,+RA,0,0,,0,0,
SBBW,Inverno,00-06,exato,+TSRA,0,0,,0,0,
SBBW,Inverno,00-06,exato,TSRA,0,0,,0,0,
SBBW,Inverno,00-06,sem_intensidade,TS,0,0,,0,0,
SBBW,Inverno,00-06,sem_intensidade,TSRA,0,0,,0,0,
SBBW,Inverno,00-06,sem_intensidade,+RA,0,0,,0,0,
SBBW,Inverno,06-12,exato,TS,0,0,,0,0,
SBBW,Inverno,06-12,exato,+RA,0,0,,0,0,
SBBW,Inverno,06-12,exato,+TSRA,0,0,,0,0,
SBBW,Inverno,06-12,exato,TSRA,0,0,,0,0,
SBBW,Inverno,06-12,sem_intensidade,TS,0,0,,0,0,
SBBW,Inverno,06-12,sem_intensidade,TSRA,0,0,,0,0,
SBBW,Inverno,06-12,sem_intensidade,+RA,0,0,,0,0,
SBBW,Inverno,12-18,exato,TS,0,0,,0,0,
SBBW,Inverno,12-18,exato,+RA,0,0,,0,0,
SBBW,Inverno,12-18,exato,+TSRA,0,0,,0,0,
SBBW,Inverno,12-18,exato,TSRA,0,0,,0,0,
SBBW,Inverno,12-18,sem_intensidade,TS,0,0,,0,0,
SBBW,Inverno,12-18,sem_intensidade,TSRA,0,0,,0,0,
SBBW,Inverno,12-18,sem_intensidade,+RA,0,0,,0,0,
SBBW,Inverno,18-24,exato,TS,0,0,,0,0,
SBBW,Inverno,18-24,exato,+RA,0,0,,0,0,
SBBW,Inverno,18-24,exato,+TSRA,0,0,,0,0,
SBBW,Inverno,18-24,exato,TSRA,0,0,,0,0,
SBBW,Inverno,18-24,sem_intensidade,TS,0,0,,0,0,
SBBW,Inverno,18-24,sem_intensidade,TSRA,0,0,,0,0,
SBBW,Inverno,18-24,sem_intensidade,+RA,0,0,,0,0,
SBBW,Inverno,TODOS,exato,TS,0,0,,0,0,
SBBW,Inverno,TODOS,exato,+RA,0,0,,0,0,
SBBW,Inverno,TODOS,exato,+TSRA,0,0,,0,0,
SBBW,Inverno,TODOS,exato,TSRA,0,0,,0,0,
SBBW,Inverno,TODOS,sem_intensidade,TS,0,0,,0,0,
SBBW,Inverno,TODOS,sem_intensidade,TSRA,0,0,,0,0,
SBBW,Inverno,TODOS,sem_intensidade,+RA,0,0,,0,0,
SBBW,Primavera,00-06,exato,TS,0,0,,0,0,
SBBW,Primavera,00-06,exato,+RA,0,0,,0,0,
SBBW,Primavera,00-06,exato,+TSRA,0,0,,0,0,
SBBW,Primavera,00-06,exato,TSRA,0,0,,0,0,
SBBW,Primavera,00-06,sem_intensidade,TS,0,0,,0,0,
SBBW,Primavera,00-06,sem_intensidade,TSRA,0,0,,0,0,
SBBW,Primavera,00-06,sem_intensidade,+RA,0,0,,0,0,
SBBW,Primavera,06-12,exato,TS,0,0,,0,0,
SBBW,Primavera,06-12,exato,+RA,0,0,,0,0,
SBBW,Primavera,06-12,exato,+TSRA,0,0,,0,0,
SBBW,Primavera,06-12,exato,TSRA,0,0,,0,0,
SBBW,Primavera,06-12,sem_intensidade,TS,0,0,,0,0,
SBBW,Primavera,06-12,sem_intensidade,TSRA,0,0,,0,0,
SBBW,Primavera,06-12,sem_intensidade,+RA,0,0,,0,0,
SBBW,Primavera,12-18,exato,TS,0,0,,0,0,
SBBW,Primavera,12-18,exato,+RA,0,0,,0,0,
SBBW,Primavera,12-18,exato,+TSRA,0,0,,0,0,
SBBW,Primavera,12-18,exato,TSRA,0,0,,0,0,
SBBW,Primavera,12-18,sem_intensidade,TS,0,0,,0,0,
SBBW,Primavera,12-18,sem_intensidade,TSRA,0,0,,0,0,
SBBW,Primavera,12-18,sem_intensidade,+RA,0,0,,0,0,
SBBW,Primavera,18-24,exato,TS,0,0,,0,0,
SBBW,Primavera,18-24,exato,+RA,0,0,,0,0,
SBBW,Primavera,18-24,exato,+TSRA,0,0,,0,0,
SBBW,Primavera,18-24,exato,TSRA,0,0,,0,0,
SBBW,Primavera,18-24,sem_intensidade,TS,0,0,,0,0,
SBBW,Primavera,18-24,sem_intensidade,TSRA,0,0,,0,0,
SBBW,Primavera,18-24,sem_intensidade,+RA,0,0,,0,0,
SBBW,Primavera,TODOS,exato,TS,0,0,,0,0,
SBBW,Primavera,TODOS,exato,+RA,0,0,,0,0,
SBBW,Primavera,TODOS,exato,+TSRA,0,0,,0,0,
SBBW,Primavera,TODOS,exato,TSRA,0,0,,0,0,
SBBW,Primavera,TODOS,sem_intensidade,TS,0,0,,0,0,
SBBW,Primavera,TODOS,sem_intensidade,TSRA,0,0,,0,0,
SBBW,Primavera,TODOS,sem_intensidade,+RA,0,0,,0,0,
SBBW,TODAS,00-06,exato,TS,0,0,,0,0,
SBBW,TODAS,00-06,exato,+RA,0,0,,0,0,
SBBW,TODAS,00-06,exato,+TSRA,0,0,,0,0,
SBBW,TODAS,00-06,exato,TSRA,0,0,,0,0,
SBBW,TODAS,00-06,sem_intensidade,TS,0,0,,0,0,
SBBW,TODAS,00-06,sem_intensidade,TSRA,0,0,,0,0,
SBBW,TODAS,00-06,sem_intensidade,+RA,0,0,,0,0,
SBBW,TODAS,06-12,exato,TS,0,0,,0,0,
SBBW,TODAS,06-12,exato,+RA,0,0,,0,0,
SBBW,TODAS,06-12,exato,+TSRA,0,0,,0,0,
SBBW,TODAS,06-12,exato,TSRA,0,0,,0,0,
SBBW,TODAS,06-12,sem_intensidade,TS,0,0,,0,0,
SBBW,TODAS,06-12,sem_intensidade,TSRA,0,0,,0,0,
SBBW,TODAS,06-12,sem_intensidade,+RA,0,0,,0,0,
SBBW,TODAS,12-18,exato,TS,0,0,,0,0,
SBBW,TODAS,12-18,exato,+RA,0,0,,0,0,
SBBW,TODAS,12-18,exato,+TSRA,0,0,,0,0,
SBBW,TODAS,12-18,exato,TSRA,0,0,,0,0,
SBBW,TODAS,12-18,sem_intensidade,TS,0,0,,0,0,
SBBW,TODAS,12-18,sem_intensidade,TSRA,0,0,,0,0,
SBBW,TODAS,12-18,sem_intensidade,+RA,0,0,,0,0,
SBBW,TODAS,18-24,exato,TS,0,0,,0,0,
SBBW,TODAS,18-24,exato,+RA,0,0,,0,0,
SBBW,TODAS,18-24,exato,+TSRA,0,0,,0,0,
SBBW,TODAS,18-24,exato,TSRA,0,0,,0,0,
SBBW,TODAS,18-24,sem_intensidade,TS,0,0,,0,0,
SBBW,TODAS,18-24,sem_intensidade,TSRA,0,0,,0,0,
SBBW,TODAS,18-24,sem_intensidade,+RA,0,0,,0,0,
SBBW,TODAS,TODOS,exato,TS,0,0,,0,0,
SBBW,TODAS,TODOS,exato,+RA,0,0,,0,0,
SBBW,TODAS,TODOS,exato,+TSRA,0,0,,0,0,
SBBW,TODAS,TODOS,exato,TSRA,0,0,,0,0,
SBBW,TODAS,TODOS,sem_intensidade,TS,0,0,,0,0,
SBBW,TODAS,TODOS,sem_intensidade,TSRA,0,0,,0,0,
SBBW,TODAS,TODOS,sem_intensidade,+RA,0,0,,0,0,
SBCJ,Verao,00-06,exato,TS,2,0,0.0,5,0,0.0
SBCJ,Verao,00-06,exato,+RA,0,0,,0,0,
SBCJ,Verao,00-06,exato,+TSRA,0,0,,0,0,
SBCJ,Verao,00-06,exato,TSRA,0,0,,0,0,
SBCJ,Verao,00-06,sem_intensidade,TS,2,0,0.0,5,0,0.0
SBCJ,Verao,00-06,sem_intensidade,TSRA,0,0,,0,0,
SBCJ,Verao,00-06,sem_intensidade,+RA,0,0,,0,0,
SBCJ,Verao,06-12,exato,TS,5,0,0.0,5,0,0.0
SBCJ,Verao,06-12,exato,+RA,0,0,,0,0,
SBCJ,Verao,06-12,exato,+TSRA,0,0,,0,0,
SBCJ,Verao,06-12,exato,TSRA,12,0,0.0,0,0,
SBCJ,Verao,06-12,sem_intensidade,TS,5,0,0.0,5,0,0.0
SBCJ,Verao,06-12,sem_intensidade,TSRA,12,0,0.0,0,0,
SBCJ,Verao,06-12,sem_intensidade,+RA,0,0,,0,0,
SBCJ,Verao,12-18,exato,TS,5,0,0.0,0,0,
SBCJ,Verao,12-18,exato,+RA,0,0,,0,0,
SBCJ,Verao,12-18,exato,+TSRA,0,0,,0,0,
SBCJ,Verao,12-18,exato,TSRA,3,0,0.0,0,0,
SBCJ,Verao,12-18,sem_intensidade,TS,5,0,0.0,0,0,
SBCJ,Verao,12-18,sem_intensidade,TSRA,3,0,0.0,2,0,0.0
SBCJ,Verao,12-18,sem_intensidade,+RA,0,0,,0,0,
SBCJ,Verao,18-24,exato,TS,0,0,,0,0,
SBCJ,Verao,18-24,exato,+RA,0,0,,0,0,
SBCJ,Verao,18-24,exato,+TSRA,0,0,,0,0,
SBCJ,Verao,18-24,exato,TSRA,0,0,,0,0,
SBCJ,Verao,18-24,sem_intensidade,TS,0,0,,0,0,
SBCJ,Verao,18-24,sem_intensidade,TSRA,0,0,,0,0,
SBCJ,Verao,18-24,sem_intensidade,+RA,0,0,,0,0,
SBCJ,Verao,TODOS,exato,TS,12,0,0.0,10,0,0.0
SBCJ,Verao,TODOS,exato,+RA,0,0,,0,0,
SBCJ,Verao,TODOS,exato,+TSRA,0,0,,0,0,
SBCJ,Verao,TODOS,exato,TSRA,15,0,0.0,0,0,
SBCJ,Verao,TODOS,sem_intensidade,TS,12,0,0.0,10,0,0.0
SBCJ,Verao,TODOS,sem_intensidade,TSRA,15,0,0.0,2,0,0.0
SBCJ,Verao,TODOS,sem_intensidade,+RA,0,0,,0,0,
SBCJ,Outono,00-06,exato,TS,3,0,0.0,6,0,0.0
SBCJ,Outono,00-06,exato,+RA,0,0,,0,0,
SBCJ,Outono,00-06,exato,+TSRA,0,0,,0,0,
SBCJ,Outono,00-06,exato,TSRA,3,0,0.0,0,0,
SBCJ,Outono,00-06,sem_intensidade,TS,3,0,0.0,6,0,0.0
SBCJ,Outono,00-06,sem_intensidade,TSRA,3,0,0.0,1,0,0.0
SBCJ,Outono,00-06,sem_intensidade,+RA,0,0,,0,0,
SBCJ,Outono,06-12,exato,TS,0,0,,3,0,0.0
SBCJ,Outono,06-12,exato,+RA,0,0,,0,0,
SBCJ,Outono,06-12,exato,+TSRA,0,0,,0,0,
SBCJ,Outono,06-12,exato,TSRA,4,0,0.0,0,0,
SBCJ,Outono,06-12,sem_intensidade,TS,0,0,,3,0,0.0
SBCJ,Outono,06-12,sem_intensidade,TSRA,4,0,0.0,0,0,
SBCJ,Outono,06-12,sem_intensidade,+RA,0,0,,0,0,
SBCJ,Outono,12-18,exato,TS,0,0,,0,0,
SBCJ,Outono,12-18,exato,+RA,0,0,,0,0,
SBCJ,Outono,12-18,exato,+TSRA,0,0,,0,0,
SBCJ,Outono,12-18,exato,TSRA,5,0,0.0,0,0,
SBCJ,Outono,12-18,sem_intensidade,TS,0,0,,0,0,
SBCJ,Outono,12-18,sem_intensidade,TSRA,5,0,0.0,0,0,
SBCJ,Outono,12-18,sem_intensidade,+RA,0,0,,0,0,
SBCJ,Outono,18-24,exato,TS,0,0,,0,0,
SBCJ,Outono,18-24,exato,+RA,0,0,,0,0,
SBCJ,Outono,18-24,exato,+TSRA,0,0,,0,0,
SBCJ,Outono,18-24,exato,TSRA,0,0,,0,0,
SBCJ,Outono,18-24,sem_intensidade,TS,0,0,,0,0,
SBCJ,Outono,18-24,sem_intensidade,TSRA,0,0,,0,0,
SBCJ,Outono,18-24,sem_intensidade,+RA,0,0,,0,0,
SBCJ,Outono,TODOS,exato,TS,3,0,0.0,9,0,0.0
SBCJ,Outono,TODOS,exato,+RA,0,0,,0,0,
SBCJ,Outono,TODOS,exato,+TSRA,0,0,,0,0,
SBCJ,Outono,TODOS,exato,TSRA,12,0,0.0,0,0,
SBCJ,Outono,TODOS,sem_intensidade,TS,3,0,0.0,9,0,0.0
SBCJ,Outono,TODOS,sem_intensidade,TSRA,12,0,0.0,1,0,0.0
SBCJ,Outono,TODOS,sem_intensidade,+RA,0,0,,0,0,
SBCJ,Inverno,00-06,exato,TS,0,0,,0,0,
SBCJ,Inverno,00-06,exato,+RA,0,0,,4,0,0.0
SBCJ,Inverno,00-06,exato,+TSRA,0,0,,0,0,
SBCJ,Inverno,00-06,exato,TSRA,0,0,,0,0,
SBCJ,Inverno,00-06,sem_intensidade,TS,0,0,,0,0,
SBCJ,Inverno,00-06,sem_intensidade,TSRA,0,0,,0,0,
SBCJ,Inverno,00-06,sem_intensidade,+RA,0,0,,4,0,0.0
SBCJ,Inverno,06-12,exato,TS,0,0,,0,0,
SBCJ,Inverno,06-12,exato,+RA,0,0,,2,0,0.0
SBCJ,Inverno,06-12,exato,+TSRA,0,0,,0,0,
SBCJ,Inverno,06-12,exato,TSRA,0,0,,0,0,
SBCJ,Inverno,06-12,sem_intensidade,TS,0,0,,0,0,
SBCJ,Inverno,06-12,sem_intensidade,TSRA,0,0,,0,0,
SBCJ,Inverno,06-12,sem_intensidade,+RA,0,0,,2,0,0.0
SBCJ,Inverno,12-18,exato,TS,0,0,,0,0,
SBCJ,Inverno,12-18,exato,+RA,0,0,,0,0,
SBCJ,Inverno,12-18,exato,+TSRA,0,0,,0,0,
SBCJ,Inverno,12-18,exato,TSRA,0,0,,0,0,
SBCJ,Inverno,12-18,sem_intensidade,TS,0,0,,0,0,
SBCJ,Inverno,12-18,sem_intensidade,TSRA,0,0,,0,0,
SBCJ,Inverno,12-18,sem_intensidade,+RA,0,0,,0,0,
SBCJ,Inverno,18-24,exato,TS,0,0,,0,0,
SBCJ,Inverno,18-24,exato,+RA,0,0,,0,0,
SBCJ,Inverno,18-24,exato,+TSRA,0,0,,0,0,
SBCJ,Inverno,18-24,exato,TSRA,0,0,,0,0,
SBCJ,Inverno,18-24,sem_intensidade,TS,0,0,,0,0,
SBCJ,Inverno,18-24,sem_intensidade,TSRA,0,0,,0,0,
SBCJ,Inverno,18-24,sem_intensidade,+RA,0,0,,0,0,
SBCJ,Inverno,TODOS,exato,TS,0,0,,0,0,
SBCJ,Inverno,TODOS,exato,+RA,0,0,,6,0,0.0
SBCJ,Inverno,TODOS,exato,+TSRA,0,0,,0,0,
SBCJ,Inverno,TODOS,exato,TSRA,0,0,,0,0,
SBCJ,Inverno,TODOS,sem_intensidade,TS,0,0,,0,0,
SBCJ,Inverno,TODOS,sem_intensidade,TSRA,0,0,,0,0,
SBCJ,Inverno,TODOS,sem_intensidade,+RA,0,0,,6,0,0.0
SBCJ,Primavera,00-06,exato,TS,0,0,,4,0,0.0
SBCJ,Primavera,00-06,exato,+RA,0,0,,0,0,
SBCJ,Primavera,00-06,exato,+TSRA,0,0,,0,0,
SBCJ,Primavera,00-06,exato,TSRA,5,0,0.0,2,0,0.0
SBCJ,Primavera,00-06,sem_intensidade,TS,0,0,,4,0,0.0
SBCJ,Primavera,00-06,sem_intensidade,TSRA,5,0,0.0,4,0,0.0
SBCJ,Primavera,00-06,sem_intensidade,+RA,0,0,,0,0,
SBCJ,Primavera,06-12,exato,TS,0,0,,2,0,0.0
SBCJ,Primavera,06-12,exato,+RA,0,0,,0,0,
SBCJ,Primavera,06-12,exato,+TSRA,0,0,,0,0,
SBCJ,Primavera,06-12,exato,TSRA,3,0,0.0,1,0,0.0
SBCJ,Primavera,06-12,sem_intensidade,TS,0,0,,2,0,0.0
SBCJ,Primavera,06-12,sem_intensidade,TSRA,3,0,0.0,2,0,0.0
SBCJ,Primavera,06-12,sem_intensidade,+RA,0,0,,0,0,
SBCJ,Primavera,12-18,exato,TS,4,0,0.0,3,0,0.0
SBCJ,Primavera,12-18,exato,+RA,0,0,,0,0,
SBCJ,Primavera,12-18,exato,+TSRA,0,0,,0,0,
SBCJ,Primavera,12-18,exato,TSRA,4,0,0.0,0,0,
SBCJ,Primavera,12-18,sem_intensidade,TS,4,0,0.0,3,0,0.0
SBCJ,Primavera,12-18,sem_intensidade,TSRA,4,1,25.0,1,1,100.0
SBCJ,Primavera,12-18,sem_intensidade,+RA,0,0,,0,0,
SBCJ,Primavera,18-24,exato,TS,6,1,16.7,1,1,100.0
SBCJ,Primavera,18-24,exato,+RA,0,0,,0,0,
SBCJ,Primavera,18-24,exato,+TSRA,0,0,,0,0,
SBCJ,Primavera,18-24,exato,TSRA,11,0,0.0,0,0,
SBCJ,Primavera,18-24,sem_intensidade,TS,6,1,16.7,1,1,100.0
SBCJ,Primavera,18-24,sem_intensidade,TSRA,11,0,0.0,0,0,
SBCJ,Primavera,18-24,sem_intensidade,+RA,0,0,,0,0,
SBCJ,Primavera,TODOS,exato,TS,10,1,10.0,10,1,10.0
SBCJ,Primavera,TODOS,exato,+RA,0,0,,0,0,
SBCJ,Primavera,TODOS,exato,+TSRA,0,0,,0,0,
SBCJ,Primavera,TODOS,exato,TSRA,23,0,0.0,3,0,0.0
SBCJ,Primavera,TODOS,sem_intensidade,TS,10,1,10.0,10,1,10.0
SBCJ,Primavera,TODOS,sem_intensidade,TSRA,23,1,4.3,7,1,14.3
SBCJ,Primavera,TODOS,sem_intensidade,+RA,0,0,,0,0,
SBCJ,TODAS,00-06,exato,TS,5,0,0.0,15,0,0.0
SBCJ,TODAS,00-06,exato,+RA,0,0,,4,0,0.0
SBCJ,TODAS,00-06,exato,+TSRA,0,0,,0,0,
SBCJ,TODAS,00-06,exato,TSRA,8,0,0.0,2,0,0.0
SBCJ,TODAS,00-06,sem_intensidade,TS,5,0,0.0,15,0,0.0
SBCJ,TODAS,00-06,sem_intensidade,TSRA,8,0,0.0,5,0,0.0
SBCJ,TODAS,00-06,sem_intensidade,+RA,0,0,,4,0,0.0
SBCJ,TODAS,06-12,exato,TS,5,0,0.0,10,0,0.0
SBCJ,TODAS,06-12,exato,+RA,0,0,,2,0,0.0
SBCJ,TODAS,06-12,exato,+TSRA,0,0,,0,0,
SBCJ,TODAS,06-12,exato,TSRA,19,0,0.0,1,0,0.0
SBCJ,TODAS,06-12,sem_intensidade,TS,5,0,0.0,10,0,0.0
SBCJ,TODAS,06-12,sem_intensidade,TSRA,19,0,0.0,2,0,0.0
SBCJ,TODAS,06-12,sem_intensidade,+RA,0,0,,2,0,0.0
SBCJ,TODAS,12-18,exato,TS,9,0,0.0,3,0,0.0
SBCJ,TODAS,12-18,exato,+RA,0,0,,0,0,
SBCJ,TODAS,12-18,exato,+TSRA,0,0,,0,0,
SBCJ,TODAS,12-18,exato,TSRA,12,0,0.0,0,0,
SBCJ,TODAS,12-18,sem_intensidade,TS,9,0,0.0,3,0,0.0
SBCJ,TODAS,12-18,sem_intensidade,TSRA,12,1,8.3,3,1,33.3
SBCJ,TODAS,12-18,sem_intensidade,+RA,0,0,,0,0,
SBCJ,TODAS,18-24,exato,TS,6,1,16.7,1,1,100.0
SBCJ,TODAS,18-24,exato,+RA,0,0,,0,0,
SBCJ,TODAS,18-24,exato,+TSRA,0,0,,0,0,
SBCJ,TODAS,18-24,exato,TSRA,11,0,0.0,0,0,
SBCJ,TODAS,18-24,sem_intensidade,TS,6,1,16.7,1,1,100.0
SBCJ,TODAS,18-24,sem_intensidade,TSRA,11,0,0.0,0,0,
SBCJ,TODAS,18-24,sem_intensidade,+RA,0,0,,0,0,
SBCJ,TODAS,TODOS,exato,TS,25,1,4.0,29,1,3.4
SBCJ,TODAS,TODOS,exato,+RA,0,0,,6,0,0.0
SBCJ,TODAS,TODOS,exato,+TSRA,0,0,,0,0,
SBCJ,TODAS,TODOS,exato,TSRA,50,0,0.0,3,0,0.0
SBCJ,TODAS,TODOS,sem_intensidade,TS,25,1,4.0,29,1,3.4
SBCJ,TODAS,TODOS,sem_intensidade,TSRA,50,1,2.0,10,1,10.0
SBCJ,TODAS,TODOS,sem_intensidade,+RA,0,0,,6,0,0.0
SBCP,Verao,00-06,exato,TS,0,0,,0,0,
SBCP,Verao,00-06,exato,+RA,0,0,,0,0,
SBCP,Verao,00-06,exato,+TSRA,0,0,,0,0,
SBCP,Verao,00-06,exato,TSRA,0,0,,0,0,
SBCP,Verao,00-06,sem_intensidade,TS,0,0,,0,0,
SBCP,Verao,00-06,sem_intensidade,TSRA,0,0,,0,0,
SBCP,Verao,00-06,sem_intensidade,+RA,0,0,,0,0,
SBCP,Verao,06-12,exato,TS,0,0,,0,0,
SBCP,Verao,06-12,exato,+RA,0,0,,0,0,
SBCP,Verao,06-12,exato,+TSRA,0,0,,0,0,
SBCP,Verao,06-12,exato,TSRA,0,0,,0,0,
SBCP,Verao,06-12,sem_intensidade,TS,0,0,,0,0,
SBCP,Verao,06-12,sem_intensidade,TSRA,0,0,,0,0,
SBCP,Verao,06-12,sem_intensidade,+RA,0,0,,0,0,
SBCP,Verao,12-18,exato,TS,0,0,,0,0,
SBCP,Verao,12-18,exato,+RA,0,0,,0,0,
SBCP,Verao,12-18,exato,+TSRA,0,0,,0,0,
SBCP,Verao,12-18,exato,TSRA,0,0,,0,0,
SBCP,Verao,12-18,sem_intensidade,TS,0,0,,0,0,
SBCP,Verao,12-18,sem_intensidade,TSRA,0,0,,0,0,
SBCP,Verao,12-18,sem_intensidade,+RA,0,0,,0,0,
SBCP,Verao,18-24,exato,TS,0,0,,0,0,
SBCP,Verao,18-24,exato,+RA,0,0,,0,0,
SBCP,Verao,18-24,exato,+TSRA,0,0,,0,0,
SBCP,Verao,18-24,exato,TSRA,0,0,,0,0,
SBCP,Verao,18-24,sem_intensidade,TS,0,0,,0,0,
SBCP,Verao,18-24,sem_intensidade,TSRA,0,0,,0,0,
SBCP,Verao,18-24,sem_intensidade,+RA,0,0,,0,0,
SBCP,Verao,TODOS,exato,TS,0,0,,0,0,
SBCP,Verao,TODOS,exato,+RA,0,0,,0,0,
SBCP,Verao,TODOS,exato,+TSRA,0,0,,0,0,
SBCP,Verao,TODOS,exato,TSRA,0,0,,0,0,
SBCP,Verao,TODOS,sem_intensidade,TS,0,0,,0,0,
SBCP,Verao,TODOS,sem_intensidade,TSRA,0,0,,0,0,
SBCP,Verao,TODOS,sem_intensidade,+RA,0,0,,0,0,
SBCP,Outono,00-06,exato,TS,0,0,,0,0,
SBCP,Outono,00-06,exato,+RA,0,0,,0,0,
SBCP,Outono,00-06,exato,+TSRA,0,0,,0,0,
SBCP,Outono,00-06,exato,TSRA,0,0,,0,0,
SBCP,Outono,00-06,sem_intensidade,TS,0,0,,0,0,
SBCP,Outono,00-06,sem_intensidade,TSRA,0,0,,0,0,
SBCP,Outono,00-06,sem_intensidade,+RA,0,0,,0,0,
SBCP,Outono,06-12,exato,TS,0,0,,0,0,
SBCP,Outono,06-12,exato,+RA,0,0,,0,0,
SBCP,Outono,06-12,exato,+TSRA,0,0,,0,0,
SBCP,Outono,06-12,exato,TSRA,0,0,,0,0,
SBCP,Outono,06-12,sem_intensidade,TS,0,0,,0,0,
SBCP,Outono,06-12,sem_intensidade,TSRA,0,0,,0,0,
SBCP,Outono,06-12,sem_intensidade,+RA,0,0,,0,0,
SBCP,Outono,12-18,exato,TS,0,0,,0,0,
SBCP,Outono,12-18,exato,+RA,0,0,,0,0,
SBCP,Outono,12-18,exato,+TSRA,0,0,,0,0,
SBCP,Outono,12-18,exato,TSRA,0,0,,0,0,
SBCP,Outono,12-18,sem_intensidade,TS,0,0,,0,0,
SBCP,Outono,12-18,sem_intensidade,TSRA,0,0,,0,0,
SBCP,Outono,12-18,sem_intensidade,+RA,0,0,,0,0,
SBCP,Outono,18-24,exato,TS,0,0,,0,0,
SBCP,Outono,18-24,exato,+RA,0,0,,0,0,
SBCP,Outono,18-24,exato,+TSRA,0,0,,0,0,
SBCP,Outono,18-24,exato,TSRA,0,0,,0,0,
SBCP,Outono,18-24,sem_intensidade,TS,0,0,,0,0,
SBCP,Outono,18-24,sem_intensidade,TSRA,0,0,,0,0,
SBCP,Outono,18-24,sem_intensidade,+RA,0,0,,0,0,
SBCP,Outono,TODOS,exato,TS,0,0,,0,0,
SBCP,Outono,TODOS,exato,+RA,0,0,,0,0,
SBCP,Outono,TODOS,exato,+TSRA,0,0,,0,0,
SBCP,Outono,TODOS,exato,TSRA,0,0,,0,0,
SBCP,Outono,TODOS,sem_intensidade,TS,0,0,,0,0,
SBCP,Outono,TODOS,sem_intensidade,TSRA,0,0,,0,0,
SBCP,Outono,TODOS,sem_intensidade,+RA,0,0,,0,0,
SBCP,Inverno,00-06,exato,TS,0,0,,0,0,
SBCP,Inverno,00-06,exato,+RA,0,0,,0,0,
SBCP,Inverno,00-06,exato,+TSRA,0,0,,0,0,
SBCP,Inverno,00-06,exato,TSRA,0,0,,0,0,
SBCP,Inverno,00-06,sem_intensidade,TS,0,0,,0,0,
SBCP,Inverno,00-06,sem_intensidade,TSRA,0,0,,0,0,
SBCP,Inverno,00-06,sem_intensidade,+RA,0,0,,0,0,
SBCP,Inverno,06-12,exato,TS,0,0,,0,0,
SBCP,Inverno,06-12,exato,+RA,0,0,,0,0,
SBCP,Inverno,06-12,exato,+TSRA,0,0,,0,0,
SBCP,Inverno,06-12,exato,TSRA,0,0,,0,0,
SBCP,Inverno,06-12,sem_intensidade,TS,0,0,,0,0,
SBCP,Inverno,06-12,sem_intensidade,TSRA,0,0,,0,0,
SBCP,Inverno,06-12,sem_intensidade,+RA,0,0,,0,0,
SBCP,Inverno,12-18,exato,TS,0,0,,0,0,
SBCP,Inverno,12-18,exato,+RA,0,0,,0,0,
SBCP,Inverno,12-18,exato,+TSRA,0,0,,0,0,
SBCP,Inverno,12-18,exato,TSRA,0,0,,0,0,
SBCP,Inverno,12-18,sem_intensidade,TS,0,0,,0,0,
SBCP,Inverno,12-18,sem_intensidade,TSRA,0,0,,0,0,
SBCP,Inverno,12-18,sem_intensidade,+RA,0,0,,0,0,
SBCP,Inverno,18-24,exato,TS,0,0,,0,0,
SBCP,Inverno,18-24,exato,+RA,0,0,,0,0,
SBCP,Inverno,18-24,exato,+TSRA,0,0,,0,0,
SBCP,Inverno,18-24,exato,TSRA,0,0,,0,0,
SBCP,Inverno,18-24,sem_intensidade,TS,0,0,,0,0,
SBCP,Inverno,18-24,sem_intensidade,TSRA,0,0,,0,0,
SBCP,Inverno,18-24,sem_intensidade,+RA,0,0,,0,0,
SBCP,Inverno,TODOS,exato,TS,0,0,,0,0,
SBCP,Inverno,TODOS,exato,+RA,0,0,,0,0,
SBCP,Inverno,TODOS,exato,+TSRA,0,0,,0,0,
SBCP,Inverno,TODOS,exato,TSRA,0,0,,0,0,
SBCP,Inverno,TODOS,sem_intensidade,TS,0,0,,0,0,
SBCP,Inverno,TODOS,sem_intensidade,TSRA,0,0,,0,0,
SBCP,Inverno,TODOS,sem_intensidade,+RA,0,0,,0,0,
SBCP,Primavera,00-06,exato,TS,0,0,,0,0,
SBCP,Primavera,00-06,exato,+RA,0,0,,0,0,
SBCP,Primavera,00-06,exato,+TSRA,0,0,,0,0,
SBCP,Primavera,00-06,exato,TSRA,0,0,,0,0,
SBCP,Primavera,00-06,sem_intensidade,TS,0,0,,0,0,
SBCP,Primavera,00-06,sem_intensidade,TSRA,0,0,,0,0,
SBCP,Primavera,00-06,sem_intensidade,+RA,0,0,,0,0,
SBCP,Primavera,06-12,exato,TS,0,0,,0,0,
SBCP,Primavera,06-12,exato,+RA,0,0,,0,0,
SBCP,Primavera,06-12,exato,+TSRA,0,0,,0,0,
SBCP,Primavera,06-12,exato,TSRA,0,0,,0,0,
SBCP,Primavera,06-12,sem_intensidade,TS,0,0,,0,0,
SBCP,Primavera,06-12,sem_intensidade,TSRA,0,0,,0,0,
SBCP,Primavera,06-12,sem_intensidade,+RA,0,0,,0,0,
SBCP,Primavera,12-18,exato,TS,0,0,,0,0,
SBCP,Primavera,12-18,exato,+RA,0,0,,0,0,
SBCP,Primavera,12-18,exato,+TSRA,0,0,,0,0,
SBCP,Primavera,12-18,exato,TSRA,0,0,,0,0,
SBCP,Primavera,12-18,sem_intensidade,TS,0,0,,0,0,
SBCP,Primavera,12-18,sem_intensidade,TSRA,0,0,,0,0,
SBCP,Primavera,12-18,sem_intensidade,+RA,0,0,,0,0,
SBCP,Primavera,18-24,exato,TS,0,0,,0,0,
SBCP,Primavera,18-24,exato,+RA,0,0,,0,0,
SBCP,Primavera,18-24,exato,+TSRA,0,0,,0,0,
SBCP,Primavera,18-24,exato,TSRA,0,0,,0,0,
SBCP,Primavera,18-24,sem_intensidade,TS,0,0,,0,0,
SBCP,Primavera,18-24,sem_intensidade,TSRA,0,0,,0,0,
SBCP,Primavera,18-24,sem_intensidade,+RA,0,0,,0,0,
SBCP,Primavera,TODOS,exato,TS,0,0,,0,0,
SBCP,Primavera,TODOS,exato,+RA,0,0,,0,0,
SBCP,Primavera,TODOS,exato,+TSRA,0,0,,0,0,
SBCP,Primavera,TODOS,exato,TSRA,0,0,,0,0,
SBCP,Primavera,TODOS,sem_intensidade,TS,0,0,,0,0,
SBCP,Primavera,TODOS,sem_intensidade,TSRA,0,0,,0,0,
SBCP,Primavera,TODOS,sem_intensidade,+RA,0,0,,0,0,
SBCP,TODAS,00-06,exato,TS,0,0,,0,0,
SBCP,TODAS,00-06,exato,+RA,0,0,,0,0,
SBCP,TODAS,00-06,exato,+TSRA,0,0,,0,0,
SBCP,TODAS,00-06,exato,TSRA,0,0,,0,0,
SBCP,TODAS,00-06,sem_intensidade,TS,0,0,,0,0,
SBCP,TODAS,00-06,sem_intensidade,TSRA,0,0,,0,0,
SBCP,TODAS,00-06,sem_intensidade,+RA,0,0,,0,0,
SBCP,TODAS,06-12,exato,TS,0,0,,0,0,
SBCP,TODAS,06-12,exato,+RA,0,0,,0,0,
SBCP,TODAS,06-12,exato,+TSRA,0,0,,0,0,
SBCP,TODAS,06-12,exato,TSRA,0,0,,0,0,
SBCP,TODAS,06-12,sem_intensidade,TS,0,0,,0,0,
SBCP,TODAS,06-12,sem_intensidade,TSRA,0,0,,0,0,
SBCP,TODAS,06-12,sem_intensidade,+RA,0,0,,0,0,
SBCP,TODAS,12-18,exato,TS,0,0,,0,0,
SBCP,TODAS,12-18,exato,+RA,0,0,,0,0,
SBCP,TODAS,12-18,exato,+TSRA,0,0,,0,0,
SBCP,TODAS,12-18,exato,TSRA,0,0,,0,0,
SBCP,TODAS,12-18,sem_intensidade,TS,0,0,,0,0,
SBCP,TODAS,12-18,sem_intensidade,TSRA,0,0,,0,0,
SBCP,TODAS,12-18,sem_intensidade,+RA,0,0,,0,0,
SBCP,TODAS,18-24,exato,TS,0,0,,0,0,
SBCP,TODAS,18-24,exato,+RA,0,0,,0,0,
SBCP,TODAS,18-24,exato,+TSRA,0,0,,0,0,
SBCP,TODAS,18-24,exato,TSRA,0,0,,0,0,
SBCP,TODAS,18-24,sem_intensidade,TS,0,0,,0,0,
SBCP,TODAS,18-24,sem_intensidade,TSRA,0,0,,0,0,
SBCP,TODAS,18-24,sem_intensidade,+RA,0,0,,0,0,
SBCP,TODAS,TODOS,exato,TS,0,0,,0,0,
SBCP,TODAS,TODOS,exato,+RA,0,0,,0,0,
SBCP,TODAS,TODOS,exato,+TSRA,0,0,,0,0,
SBCP,TODAS,TODOS,exato,TSRA,0,0,,0,0,
SBCP,TODAS,TODOS,sem_intensidade,TS,0,0,,0,0,
SBCP,TODAS,TODOS,sem_intensidade,TSRA,0,0,,0,0,
SBCP,TODAS,TODOS,sem_intensidade,+RA,0,0,,0,0,
SBCZ,Verao,00-06,exato,TS,0,0,,0,0,
SBCZ,Verao,00-06,exato,+RA,0,0,,0,0,
SBCZ,Verao,00-06,exato,+TSRA,0,0,,0,0,
SBCZ,Verao,00-06,exato,TSRA,0,0,,0,0,
SBCZ,Verao,00-06,sem_intensidade,TS,0,0,,0,0,
SBCZ,Verao,00-06,sem_intensidade,TSRA,0,0,,0,0,
SBCZ,Verao,00-06,sem_intensidade,+RA,0,0,,0,0,
SBCZ,Verao,06-12,exato,TS,0,0,,0,0,
SBCZ,Verao,06-12,exato,+RA,0,0,,0,0,
SBCZ,Verao,06-12,exato,+TSRA,0,0,,0,0,
SBCZ,Verao,06-12,exato,TSRA,0,0,,0,0,
SBCZ,Verao,06-12,sem_intensidade,TS,0,0,,0,0,
SBCZ,Verao,06-12,sem_intensidade,TSRA,0,0,,0,0,
SBCZ,Verao,06-12,sem_intensidade,+RA,0,0,,0,0,
SBCZ,Verao,12-18,exato,TS,0,0,,0,0,
SBCZ,Verao,12-18,exato,+RA,0,0,,0,0,
SBCZ,Verao,12-18,exato,+TSRA,0,0,,0,0,
SBCZ,Verao,12-18,exato,TSRA,0,0,,0,0,
SBCZ,Verao,12-18,sem_intensidade,TS,0,0,,0,0,
SBCZ,Verao,12-18,sem_intensidade,TSRA,0,0,,0,0,
SBCZ,Verao,12-18,sem_intensidade,+RA,0,0,,0,0,
SBCZ,Verao,18-24,exato,TS,0,0,,0,0,
SBCZ,Verao,18-24,exato,+RA,0,0,,0,0,
SBCZ,Verao,18-24,exato,+TSRA,0,0,,0,0,
SBCZ,Verao,18-24,exato,TSRA,0,0,,0,0,
SBCZ,Verao,18-24,sem_intensidade,TS,0,0,,0,0,
SBCZ,Verao,18-24,sem_intensidade,TSRA,0,0,,0,0,
SBCZ,Verao,18-24,sem_intensidade,+RA,0,0,,0,0,
SBCZ,Verao,TODOS,exato,TS,0,0,,0,0,
SBCZ,Verao,TODOS,exato,+RA,0,0,,0,0,
SBCZ,Verao,TODOS,exato,+TSRA,0,0,,0,0,
SBCZ,Verao,TODOS,exato,TSRA,0,0,,0,0,
SBCZ,Verao,TODOS,sem_intensidade,TS,0,0,,0,0,
SBCZ,Verao,TODOS,sem_intensidade,TSRA,0,0,,0,0,
SBCZ,Verao,TODOS,sem_intensidade,+RA,0,0,,0,0,
SBCZ,Outono,00-06,exato,TS,0,0,,0,0,
SBCZ,Outono,00-06,exato,+RA,0,0,,0,0,
SBCZ,Outono,00-06,exato,+TSRA,0,0,,0,0,
SBCZ,Outono,00-06,exato,TSRA,0,0,,0,0,
SBCZ,Outono,00-06,sem_intensidade,TS,0,0,,0,0,
SBCZ,Outono,00-06,sem_intensidade,TSRA,0,0,,0,0,
SBCZ,Outono,00-06,sem_intensidade,+RA,0,0,,0,0,
SBCZ,Outono,06-12,exato,TS,0,0,,0,0,
SBCZ,Outono,06-12,exato,+RA,0,0,,0,0,
SBCZ,Outono,06-12,exato,+TSRA,0,0,,0,0,
SBCZ,Outono,06-12,exato,TSRA,0,0,,0,0,
SBCZ,Outono,06-12,sem_intensidade,TS,0,0,,0,0,
SBCZ,Outono,06-12,sem_intensidade,TSRA,0,0,,0,0,
SBCZ,Outono,06-12,sem_intensidade,+RA,0,0,,0,0,
SBCZ,Outono,12-18,exato,TS,0,0,,0,0,
SBCZ,Outono,12-18,exato,+RA,0,0,,0,0,
SBCZ,Outono,12-18,exato,+TSRA,0,0,,0,0,
SBCZ,Outono,12-18,exato,TSRA,0,0,,0,0,
SBCZ,Outono,12-18,sem_intensidade,TS,0,0,,0,0,
SBCZ,Outono,12-18,sem_intensidade,TSRA,0,0,,0,0,
SBCZ,Outono,12-18,sem_intensidade,+RA,0,0,,0,0,
SBCZ,Outono,18-24,exato,TS,0,0,,0,0,
SBCZ,Outono,18-24,exato,+RA,0,0,,0,0,
SBCZ,Outono,18-24,exato,+TSRA,0,0,,0,0,
SBCZ,Outono,18-24,exato,TSRA,0,0,,0,0,
SBCZ,Outono,18-24,sem_intensidade,TS,0,0,,0,0,
SBCZ,Outono,18-24,sem_intensidade,TSRA,0,0,,0,0,
SBCZ,Outono,18-24,sem_intensidade,+RA,0,0,,0,0,
SBCZ,Outono,TODOS,exato,TS,0,0,,0,0,
SBCZ,Outono,TODOS,exato,+RA,0,0,,0,0,
SBCZ,Outono,TODOS,exato,+TSRA,0,0,,0,0,
SBCZ,Outono,TODOS,exato,TSRA,0,0,,0,0,
SBCZ,Outono,TODOS,sem_intensidade,TS,0,0,,0,0,
SBCZ,Outono,TODOS,sem_intensidade,TSRA,0,0,,0,0,
SBCZ,Outono,TODOS,sem_intensidade,+RA,0,0,,0,0,
SBCZ,Inverno,00-06,exato,TS,0,0,,0,0,
SBCZ,Inverno,00-06,exato,+RA,0,0,,0,0,
SBCZ,Inverno,00-06,exato,+TSRA,0,0,,0,0,
SBCZ,Inverno,00-06,exato,TSRA,0,0,,0,0,
SBCZ,Inverno,00-06,sem_intensidade,TS,0,0,,0,0,
SBCZ,Inverno,00-06,sem_intensidade,TSRA,0,0,,0,0,
SBCZ,Inverno,00-06,sem_intensidade,+RA,0,0,,0,0,
SBCZ,Inverno,06-12,exato,TS,0,0,,0,0,
SBCZ,Inverno,06-12,exato,+RA,0,0,,0,0,
SBCZ,Inverno,06-12,exato,+TSRA,0,0,,0,0,
SBCZ,Inverno,06-12,exato,TSRA,0,0,,0,0,
SBCZ,Inverno,06-12,sem_intensidade,TS,0,0,,0,0,
SBCZ,Inverno,06-12,sem_intensidade,TSRA,0,0,,0,0,
SBCZ,Inverno,06-12,sem_intensidade,+RA,0,0,,0,0,
SBCZ,Inverno,12-18,exato,TS,0,0,,0,0,
SBCZ,Inverno,12-18,exato,+RA,0,0,,0,0,
SBCZ,Inverno,12-18,exato,+TSRA,0,0,,0,0,
SBCZ,Inverno,12-18,exato,TSRA,0,0,,0,0,
SBCZ,Inverno,12-18,sem_intensidade,TS,0,0,,0,0,
SBCZ,Inverno,12-18,sem_intensidade,TSRA,0,0,,0,0,
SBCZ,Inverno,12-18,sem_intensidade,+RA,0,0,,0,0,
SBCZ,Inverno,18-24,exato,TS,0,0,,0,0,
SBCZ,Inverno,18-24,exato,+RA,0,0,,0,0,
SBCZ,Inverno,18-24,exato,+TSRA,0,0,,0,0,
SBCZ,Inverno,18-24,exato,TSRA,0,0,,0,0,
SBCZ,Inverno,18-24,sem_intensidade,TS,0,0,,0,0,
SBCZ,Inverno,18-24,sem_intensidade,TSRA,0,0,,0,0,
SBCZ,Inverno,18-24,sem_intensidade,+RA,0,0,,0,0,
SBCZ,Inverno,TODOS,exato,TS,0,0,,0,0,
SBCZ,Inverno,TODOS,exato,+RA,0,0,,0,0,
SBCZ,Inverno,TODOS,exato,+TSRA,0,0,,0,0,
SBCZ,Inverno,TODOS,exato,TSRA,0,0,,0,0,
SBCZ,Inverno,TODOS,sem_intensidade,TS,0,0,,0,0,
SBCZ,Inverno,TODOS,sem_intensidade,TSRA,0,0,,0,0,
SBCZ,Inverno,TODOS,sem_intensidade,+RA,0,0,,0,0,
SBCZ,Primavera,00-06,exato,TS,0,0,,0,0,
SBCZ,Primavera,00-06,exato,+RA,0,0,,0,0,
SBCZ,Primavera,00-06,exato,+TSRA,0,0,,0,0,
SBCZ,Primavera,00-06,exato,TSRA,0,0,,0,0,
SBCZ,Primavera,00-06,sem_intensidade,TS,0,0,,0,0,
SBCZ,Primavera,00-06,sem_intensidade,TSRA,0,0,,0,0,
SBCZ,Primavera,00-06,sem_intensidade,+RA,0,0,,0,0,
SBCZ,Primavera,06-12,exato,TS,0,0,,0,0,
SBCZ,Primavera,06-12,exato,+RA,0,0,,0,0,
SBCZ,Primavera,06-12,exato,+TSRA,0,0,,0,0,
SBCZ,Primavera,06-12,exato,TSRA,0,0,,0,0,
SBCZ,Primavera,06-12,sem_intensidade,TS,0,0,,0,0,
SBCZ,Primavera,06-12,sem_intensidade,TSRA,0,0,,0,0,
SBCZ,Primavera,06-12,sem_intensidade,+RA,0,0,,0,0,
SBCZ,Primavera,12-18,exato,TS,0,0,,0,0,
SBCZ,Primavera,12-18,exato,+RA,0,0,,0,0,
SBCZ,Primavera,12-18,exato,+TSRA,0,0,,0,0,
SBCZ,Primavera,12-18,exato,TSRA,0,0,,0,0,
SBCZ,Primavera,12-18,sem_intensidade,TS,0,0,,0,0,
SBCZ,Primavera,12-18,sem_intensidade,TSRA,0,0,,0,0,
SBCZ,Primavera,12-18,sem_intensidade,+RA,0,0,,0,0,
SBCZ,Primavera,18-24,exato,TS,0,0,,0,0,
SBCZ,Primavera,18-24,exato,+RA,0,0,,0,0,
SBCZ,Primavera,18-24,exato,+TSRA,0,0,,0,0,
SBCZ,Primavera,18-24,exato,TSRA,0,0,,0,0,
SBCZ,Primavera,18-24,sem_intensidade,TS,0,0,,0,0,
SBCZ,Primavera,18-24,sem_intensidade,TSRA,0,0,,0,0,
SBCZ,Primavera,18-24,sem_intensidade,+RA,0,0,,0,0,
SBCZ,Primavera,TODOS,exato,TS,0,0,,0,0,
SBCZ,Primavera,TODOS,exato,+RA,0,0,,0,0,
SBCZ,Primavera,TODOS,exato,+TSRA,0,0,,0,0,
SBCZ,Primavera,TODOS,exato,TSRA,0,0,,0,0,
SBCZ,Primavera,TODOS,sem_intensidade,TS,0,0,,0,0,
SBCZ,Primavera,TODOS,sem_intensidade,TSRA,0,0,,0,0,
SBCZ,Primavera,TODOS,sem_intensidade,+RA,0,0,,0,0,
SBCZ,TODAS,00-06,exato,TS,0,0,,0,0,
SBCZ,TODAS,00-06,exato,+RA,0,0,,0,0,
SBCZ,TODAS,00-06,exato,+TSRA,0,0,,0,0,
SBCZ,TODAS,00-06,exato,TSRA,0,0,,0,0,
SBCZ,TODAS,00-06,sem_intensidade,TS,0,0,,0,0,
SBCZ,TODAS,00-06,sem_intensidade,TSRA,0,0,,0,0,
SBCZ,TODAS,00-06,sem_intensidade,+RA,0,0,,0,0,
SBCZ,TODAS,06-12,exato,TS,0,0,,0,0,
SBCZ,TODAS,06-12,exato,+RA,0,0,,0,0,
SBCZ,TODAS,06-12,exato,+TSRA,0,0,,0,0,
SBCZ,TODAS,06-12,exato,TSRA,0,0,,0,0,
SBCZ,TODAS,06-12,sem_intensidade,TS,0,0,,0,0,
SBCZ,TODAS,06-12,sem_intensidade,TSRA,0,0,,0,0,
SBCZ,TODAS,06-12,sem_intensidade,+RA,0,0,,0,0,
SBCZ,TODAS,12-18,exato,TS,0,0,,0,0,
SBCZ,TODAS,12-18,exato,+RA,0,0,,0,0,
SBCZ,TODAS,12-18,exato,+TSRA,0,0,,0,0,
SBCZ,TODAS,12-18,exato,TSRA,0,0,,0,0,
SBCZ,TODAS,12-18,sem_intensidade,TS,0,0,,0,0,
SBCZ,TODAS,12-18,sem_intensidade,TSRA,0,0,,0,0,
SBCZ,TODAS,12-18,sem_intensidade,+RA,0,0,,0,0,
SBCZ,TODAS,18-24,exato,TS,0,0,,0,0,
SBCZ,TODAS,18-24,exato,+RA,0,0,,0,0,
SBCZ,TODAS,18-24,exato,+TSRA,0,0,,0,0,
SBCZ,TODAS,18-24,exato,TSRA,0,0,,0,0,
SBCZ,TODAS,18-24,sem_intensidade,TS,0,0,,0,0,
SBCZ,TODAS,18-24,sem_intensidade,TSRA,0,0,,0,0,
SBCZ,TODAS,18-24,sem_intensidade,+RA,0,0,,0,0,
SBCZ,TODAS,TODOS,exato,TS,0,0,,0,0,
SBCZ,TODAS,TODOS,exato,+RA,0,0,,0,0,
SBCZ,TODAS,TODOS,exato,+TSRA,0,0,,0,0,
SBCZ,TODAS,TODOS,exato,TSRA,0,0,,0,0,
SBCZ,TODAS,TODOS,sem_intensidade,TS,0,0,,0,0,
SBCZ,TODAS,TODOS,sem_intensidade,TSRA,0,0,,0,0,
SBCZ,TODAS,TODOS,sem_intensidade,+RA,0,0,,0,0,
SBGO,Verao,00-06,exato,TS,1,0,0.0,6,0,0.0
SBGO,Verao,00-06,exato,+RA,0,0,,3,0,0.0
SBGO,Verao,00-06,exato,+TSRA,0,0,,0,0,
SBGO,Verao,00-06,exato,TSRA,45,0,0.0,2,0,0.0
SBGO,Verao,00-06,sem_intensidade,TS,1,0,0.0,6,0,0.0
SBGO,Verao,00-06,sem_intensidade,TSRA,45,0,0.0,13,0,0.0
SBGO,Verao,00-06,sem_intensidade,+RA,0,0,,3,0,0.0
SBGO,Verao,06-12,exato,TS,0,0,,1,0,0.0
SBGO,Verao,06-12,exato,+RA,0,0,,0,0,
SBGO,Verao,06-12,exato,+TSRA,0,0,,0,0,
SBGO,Verao,06-12,exato,TSRA,0,0,,0,0,
SBGO,Verao,06-12,sem_intensidade,TS,0,0,,1,0,0.0
SBGO,Verao,06-12,sem_intensidade,TSRA,0,0,,3,0,0.0
SBGO,Verao,06-12,sem_intensidade,+RA,0,0,,0,0,
SBGO,Verao,12-18,exato,TS,2,0,0.0,3,0,0.0
SBGO,Verao,12-18,exato,+RA,0,0,,2,0,0.0
SBGO,Verao,12-18,exato,+TSRA,0,0,,0,0,
SBGO,Verao,12-18,exato,TSRA,4,0,0.0,0,0,
SBGO,Verao,12-18,sem_intensidade,TS,2,0,0.0,3,0,0.0
SBGO,Verao,12-18,sem_intensidade,TSRA,4,0,0.0,4,0,0.0
SBGO,Verao,12-18,sem_intensidade,+RA,0,0,,2,0,0.0
SBGO,Verao,18-24,exato,TS,29,0,0.0,13,0,0.0
SBGO,Verao,18-24,exato,+RA,0,0,,0,0,
SBGO,Verao,18-24,exato,+TSRA,0,0,,2,0,0.0
SBGO,Verao,18-24,exato,TSRA,265,3,1.1,5,3,60.0
SBGO,Verao,18-24,sem_intensidade,TS,29,0,0.0,13,0,0.0
SBGO,Verao,18-24,sem_intensidade,TSRA,265,15,5.7,30,15,50.0
SBGO,Verao,18-24,sem_intensidade,+RA,0,0,,0,0,
SBGO,Verao,TODOS,exato,TS,32,0,0.0,23,0,0.0
SBGO,Verao,TODOS,exato,+RA,0,0,,5,0,0.0
SBGO,Verao,TODOS,exato,+TSRA,0,0,,2,0,0.0
SBGO,Verao,TODOS,exato,TSRA,314,3,1.0,7,3,42.9
SBGO,Verao,TODOS,sem_intensidade,TS,32,0,0.0,23,0,0.0
SBGO,Verao,TODOS,sem_intensidade,TSRA,314,15,4.8,50,15,30.0
SBGO,Verao,TODOS,sem_intensidade,+RA,0,0,,5,0,0.0
SBGO,Outono,00-06,exato,TS,0,0,,2,0,0.0
SBGO,Outono,00-06,exato,+RA,0,0,,1,0,0.0
SBGO,Outono,00-06,exato,+TSRA,0,0,,1,0,0.0
SBGO,Outono,00-06,exato,TSRA,4,0,0.0,0,0,
SBGO,Outono,00-06,sem_intensidade,TS,0,0,,2,0,0.0
SBGO,Outono,00-06,sem_intensidade,TSRA,4,0,0.0,2,0,0.0
SBGO,Outono,00-06,sem_intensidade,+RA,0,0,,1,0,0.0
SBGO,Outono,06-12,exato,TS,0,0,,0,0,
SBGO,Outono,06-12,exato,+RA,0,0,,0,0,
SBGO,Outono,06-12,exato,+TSRA,0,0,,0,0,
SBGO,Outono,06-12,exato,TSRA,0,0,,0,0,
SBGO,Outono,06-12,sem_intensidade,TS,0,0,,0,0,
SBGO,Outono,06-12,sem_intensidade,TSRA,0,0,,0,0,
SBGO,Outono,06-12,sem_intensidade,+RA,0,0,,0,0,
SBGO,Outono,12-18,exato,TS,0,0,,1,0,0.0
SBGO,Outono,12-18,exato,+RA,0,0,,0,0,
SBGO,Outono,12-18,exato,+TSRA,0,0,,1,0,0.0
SBGO,Outono,12-18,exato,TSRA,0,0,,0,0,
SBGO,Outono,12-18,sem_intensidade,TS,0,0,,1,0,0.0
SBGO,Outono,12-18,sem_intensidade,TSRA,0,0,,2,0,0.0
SBGO,Outono,12-18,sem_intensidade,+RA,0,0,,0,0,
SBGO,Outono,18-24,exato,TS,2,0,0.0,9,0,0.0
SBGO,Outono,18-24,exato,+RA,0,0,,0,0,
SBGO,Outono,18-24,exato,+TSRA,0,0,,1,0,0.0
SBGO,Outono,18-24,exato,TSRA,70,0,0.0,0,0,
SBGO,Outono,18-24,sem_intensidade,TS,2,0,0.0,9,0,0.0
SBGO,Outono,18-24,sem_intensidade,TSRA,70,6,8.6,8,6,75.0
SBGO,Outono,18-24,sem_intensidade,+RA,0,0,,0,0,
SBGO,Outono,TODOS,exato,TS,2,0,0.0,12,0,0.0
SBGO,Outono,TODOS,exato,+RA,0,0,,1,0,0.0
SBGO,Outono,TODOS,exato,+TSRA,0,0,,3,0,0.0
SBGO,Outono,TODOS,exato,TSRA,74,0,0.0,0,0,
SBGO,Outono,TODOS,sem_intensidade,TS,2,0,0.0,12,0,0.0
SBGO,Outono,TODOS,sem_intensidade,TSRA,74,6,8.1,12,6,50.0
SBGO,Outono,TODOS,sem_intensidade,+RA,0,0,,1,0,0.0
SBGO,Inverno,00-06,exato,TS,0,0,,0,0,
SBGO,Inverno,00-06,exato,+RA,0,0,,0,0,
SBGO,Inverno,00-06,exato,+TSRA,0,0,,0,0,
SBGO,Inverno,00-06,exato,TSRA,0,0,,0,0,
SBGO,Inverno,00-06,sem_intensidade,TS,0,0,,0,0,
SBGO,Inverno,00-06,sem_intensidade,TSRA,0,0,,2,0,0.0
SBGO,Inverno,00-06,sem_intensidade,+RA,0,0,,0,0,
SBGO,Inverno,06-12,exato,TS,0,0,,0,0,
SBGO,Inverno,06-12,exato,+RA,0,0,,0,0,
SBGO,Inverno,06-12,exato,+TSRA,0,0,,0,0,
SBGO,Inverno,06-12,exato,TSRA,0,0,,0,0,
SBGO,Inverno,06-12,sem_intensidade,TS,0,0,,0,0,
SBGO,Inverno,06-12,sem_intensidade,TSRA,0,0,,0,0,
SBGO,Inverno,06-12,sem_intensidade,+RA,0,0,,0,0,
SBGO,Inverno,12-18,exato,TS,0,0,,0,0,
SBGO,Inverno,12-18,exato,+RA,0,0,,0,0,
SBGO,Inverno,12-18,exato,+TSRA,0,0,,0,0,
SBGO,Inverno,12-18,exato,TSRA,0,0,,0,0,
SBGO,Inverno,12-18,sem_intensidade,TS,0,0,,0,0,
SBGO,Inverno,12-18,sem_intensidade,TSRA,0,0,,0,0,
SBGO,Inverno,12-18,sem_intensidade,+RA,0,0,,0,0,
SBGO,Inverno,18-24,exato,TS,9,1,11.1,1,1,100.0
SBGO,Inverno,18-24,exato,+RA,0,0,,0,0,
SBGO,Inverno,18-24,exato,+TSRA,0,0,,0,0,
SBGO,Inverno,18-24,exato,TSRA,0,0,,0,0,
SBGO,Inverno,18-24,sem_intensidade,TS,9,1,11.1,1,1,100.0
SBGO,Inverno,18-24,sem_intensidade,TSRA,0,0,,5,0,0.0
SBGO,Inverno,18-24,sem_intensidade,+RA,0,0,,0,0,
SBGO,Inverno,TODOS,exato,TS,9,1,11.1,1,1,100.0
SBGO,Inverno,TODOS,exato,+RA,0,0,,0,0,
SBGO,Inverno,TODOS,exato,+TSRA,0,0,,0,0,
SBGO,Inverno,TODOS,exato,TSRA,0,0,,0,0,
SBGO,Inverno,TODOS,sem_intensidade,TS,9,1,11.1,1,1,100.0
SBGO,Inverno,TODOS,sem_intensidade,TSRA,0,0,,7,0,0.0
SBGO,Inverno,TODOS,sem_intensidade,+RA,0,0,,0,0,
SBGO,Primavera,00-06,exato,TS,12,0,0.0,12,0,0.0
SBGO,Primavera,00-06,exato,+RA,0,0,,0,0,
SBGO,Primavera,00-06,exato,+TSRA,0,0,,1,0,0.0
SBGO,Primavera,00-06,exato,TSRA,32,0,0.0,3,0,0.0
SBGO,Primavera,00-06,sem_intensidade,TS,12,0,0.0,12,0,0.0
SBGO,Primavera,00-06,sem_intensidade,TSRA,32,2,6.2,15,2,13.3
SBGO,Primavera,00-06,sem_intensidade,+RA,0,0,,0,0,
SBGO,Primavera,06-12,exato,TS,1,0,0.0,0,0,
SBGO,Primavera,06-12,exato,+RA,0,0,,0,0,
SBGO,Primavera,06-12,exato,+TSRA,0,0,,0,0,
SBGO,Primavera,06-12,exato,TSRA,7,0,0.0,0,0,
SBGO,Primavera,06-12,sem_intensidade,TS,1,0,0.0,0,0,
SBGO,Primavera,06-12,sem_intensidade,TSRA,7,0,0.0,1,0,0.0
SBGO,Primavera,06-12,sem_intensidade,+RA,0,0,,0,0,
SBGO,Primavera,12-18,exato,TS,0,0,,0,0,
SBGO,Primavera,12-18,exato,+RA,0,0,,0,0,
SBGO,Primavera,12-18,exato,+TSRA,0,0,,0,0,
SBGO,Primavera,12-18,exato,TSRA,14,0,0.0,0,0,
SBGO,Primavera,12-18,sem_intensidade,TS,0,0,,0,0,
SBGO,Primavera,12-18,sem_intensidade,TSRA,14,0,0.0,0,0,
SBGO,Primavera,12-18,sem_intensidade,+RA,0,0,,0,0,
SBGO,Primavera,18-24,exato,TS,35,11,31.4,24,11,45.8
SBGO,Primavera,18-24,exato,+RA,0,0,,0,0,
SBGO,Primavera,18-24,exato,+TSRA,0,0,,0,0,
SBGO,Primavera,18-24,exato,TSRA,173,0,0.0,0,0,
SBGO,Primavera,18-24,sem_intensidade,TS,35,11,31.4,24,11,45.8
SBGO,Primavera,18-24,sem_intensidade,TSRA,173,11,6.4,16,11,68.8
SBGO,Primavera,18-24,sem_intensidade,+RA,0,0,,0,0,
SBGO,Primavera,TODOS,exato,TS,48,11,22.9,36,11,30.6
SBGO,Primavera,TODOS,exato,+RA,0,0,,0,0,
SBGO,Primavera,TODOS,exato,+TSRA,0,0,,1,0,0.0
SBGO,Primavera,TODOS,exato,TSRA,226,0,0.0,3,0,0.0
SBGO,Primavera,TODOS,sem_intensidade,TS,48,11,22.9,36,11,30.6
SBGO,Primavera,TODOS,sem_intensidade,TSRA,226,13,5.8,32,13,40.6
SBGO,Primavera,TODOS,sem_intensidade,+RA,0,0,,0,0,
SBGO,TODAS,00-06,exato,TS,13,0,0.0,20,0,0.0
SBGO,TODAS,00-06,exato,+RA,0,0,,4,0,0.0
SBGO,TODAS,00-06,exato,+TSRA,0,0,,2,0,0.0
SBGO,TODAS,00-06,exato,TSRA,81,0,0.0,5,0,0.0
SBGO,TODAS,00-06,sem_intensidade,TS,13,0,0.0,20,0,0.0
SBGO,TODAS,00-06,sem_intensidade,TSRA,81,2,2.5,32,2,6.2
SBGO,TODAS,00-06,sem_intensidade,+RA,0,0,,4,0,0.0
SBGO,TODAS,06-12,exato,TS,1,0,0.0,1,0,0.0
SBGO,TODAS,06-12,exato,+RA,0,0,,0,0,
SBGO,TODAS,06-12,exato,+TSRA,0,0,,0,0,
SBGO,TODAS,06-12,exato,TSRA,7,0,0.0,0,0,
SBGO,TODAS,06-12,sem_intensidade,TS,1,0,0.0,1,0,0.0
SBGO,TODAS,06-12,sem_intensidade,TSRA,7,0,0.0,4,0,0.0
SBGO,TODAS,06-12,sem_intensidade,+RA,0,0,,0,0,
SBGO,TODAS,12-18,exato,TS,2,0,0.0,4,0,0.0
SBGO,TODAS,12-18,exato,+RA,0,0,,2,0,0.0
SBGO,TODAS,12-18,exato,+TSRA,0,0,,1,0,0.0
SBGO,TODAS,12-18,exato,TSRA,18,0,0.0,0,0,
SBGO,TODAS,12-18,sem_intensidade,TS,2,0,0.0,4,0,0.0
SBGO,TODAS,12-18,sem_intensidade,TSRA,18,0,0.0,6,0,0.0
SBGO,TODAS,12-18,sem_intensidade,+RA,0,0,,2,0,0.0
SBGO,TODAS,18-24,exato,TS,75,12,16.0,47,12,25.5
SBGO,TODAS,18-24,exato,+RA,0,0,,0,0,
SBGO,TODAS,18-24,exato,+TSRA,0,0,,3,0,0.0
SBGO,TODAS,18-24,exato,TSRA,508,3,0.6,5,3,60.0
SBGO,TODAS,18-24,sem_intensidade,TS,75,12,16.0,47,12,25.5
SBGO,TODAS,18-24,sem_intensidade,TSRA,508,32,6.3,59,32,54.2
SBGO,TODAS,18-24,sem_intensidade,+RA,0,0,,0,0,
SBGO,TODAS,TODOS,exato,TS,91,12,13.2,72,12,16.7
SBGO,TODAS,TODOS,exato,+RA,0,0,,6,0,0.0
SBGO,TODAS,TODOS,exato,+TSRA,0,0,,6,0,0.0
SBGO,TODAS,TODOS,exato,TSRA,614,3,0.5,10,3,30.0
SBGO,TODAS,TODOS,sem_intensidade,TS,91,12,13.2,72,12,16.7
SBGO,TODAS,TODOS,sem_intensidade,TSRA,614,34,5.5,101,34,33.7
SBGO,TODAS,TODOS,sem_intensidade,+RA,0,0,,6,0,0.0
SBGR,Verao,00-06,exato,TS,8,0,0.0,2,0,0.0
SBGR,Verao,00-06,exato,+RA,0,0,,1,0,0.0
SBGR,Verao,00-06,exato,+TSRA,0,0,,3,0,0.0
SBGR,Verao,00-06,exato,TSRA,0,0,,2,0,0.0
SBGR,Verao,00-06,sem_intensidade,TS,8,0,0.0,2,0,0.0
SBGR,Verao,00-06,sem_intensidade,TSRA,0,0,,11,0,0.0
SBGR,Verao,00-06,sem_intensidade,+RA,0,0,,1,0,0.0
SBGR,Verao,06-12,exato,TS,0,0,,0,0,
SBGR,Verao,06-12,exato,+RA,0,0,,0,0,
SBGR,Verao,06-12,exato,+TSRA,0,0,,0,0,
SBGR,Verao,06-12,exato,TSRA,0,0,,0,0,
SBGR,Verao,06-12,sem_intensidade,TS,0,0,,0,0,
SBGR,Verao,06-12,sem_intensidade,TSRA,0,0,,1,0,0.0
SBGR,Verao,06-12,sem_intensidade,+RA,0,0,,0,0,
SBGR,Verao,12-18,exato,TS,1,0,0.0,0,0,
SBGR,Verao,12-18,exato,+RA,0,0,,0,0,
SBGR,Verao,12-18,exato,+TSRA,0,0,,0,0,
SBGR,Verao,12-18,exato,TSRA,4,0,0.0,3,0,0.0
SBGR,Verao,12-18,sem_intensidade,TS,1,0,0.0,0,0,
SBGR,Verao,12-18,sem_intensidade,TSRA,4,0,0.0,6,0,0.0
SBGR,Verao,12-18,sem_intensidade,+RA,0,0,,0,0,
SBGR,Verao,18-24,exato,TS,6,0,0.0,7,0,0.0
SBGR,Verao,18-24,exato,+RA,0,0,,0,0,
SBGR,Verao,18-24,exato,+TSRA,0,0,,1,0,0.0
SBGR,Verao,18-24,exato,TSRA,48,1,2.1,4,1,25.0
SBGR,Verao,18-24,sem_intensidade,TS,6,0,0.0,7,0,0.0
SBGR,Verao,18-24,sem_intensidade,TSRA,48,4,8.3,17,4,23.5
SBGR,Verao,18-24,sem_intensidade,+RA,0,0,,0,0,
SBGR,Verao,TODOS,exato,TS,15,0,0.0,9,0,0.0
SBGR,Verao,TODOS,exato,+RA,0,0,,1,0,0.0
SBGR,Verao,TODOS,exato,+TSRA,0,0,,4,0,0.0
SBGR,Verao,TODOS,exato,TSRA,52,1,1.9,9,1,11.1
SBGR,Verao,TODOS,sem_intensidade,TS,15,0,0.0,9,0,0.0
SBGR,Verao,TODOS,sem_intensidade,TSRA,52,4,7.7,35,4,11.4
SBGR,Verao,TODOS,sem_intensidade,+RA,0,0,,1,0,0.0
SBGR,Outono,00-06,exato,TS,0,0,,0,0,
SBGR,Outono,00-06,exato,+RA,0,0,,2,0,0.0
SBGR,Outono,00-06,exato,+TSRA,0,0,,0,0,
SBGR,Outono,00-06,exato,TSRA,0,0,,1,0,0.0
SBGR,Outono,00-06,sem_intensidade,TS,0,0,,0,0,
SBGR,Outono,00-06,sem_intensidade,TSRA,0,0,,1,0,0.0
SBGR,Outono,00-06,sem_intensidade,+RA,0,0,,2,0,0.0
SBGR,Outono,06-12,exato,TS,0,0,,0,0,
SBGR,Outono,06-12,exato,+RA,0,0,,0,0,
SBGR,Outono,06-12,exato,+TSRA,0,0,,0,0,
SBGR,Outono,06-12,exato,TSRA,0,0,,0,0,
SBGR,Outono,06-12,sem_intensidade,TS,0,0,,0,0,
SBGR,Outono,06-12,sem_intensidade,TSRA,0,0,,0,0,
SBGR,Outono,06-12,sem_intensidade,+RA,0,0,,0,0,
SBGR,Outono,12-18,exato,TS,0,0,,0,0,
SBGR,Outono,12-18,exato,+RA,0,0,,0,0,
SBGR,Outono,12-18,exato,+TSRA,0,0,,0,0,
SBGR,Outono,12-18,exato,TSRA,3,0,0.0,0,0,
SBGR,Outono,12-18,sem_intensidade,TS,0,0,,0,0,
SBGR,Outono,12-18,sem_intensidade,TSRA,3,0,0.0,0,0,
SBGR,Outono,12-18,sem_intensidade,+RA,0,0,,0,0,
SBGR,Outono,18-24,exato,TS,2,0,0.0,0,0,
SBGR,Outono,18-24,exato,+RA,0,0,,0,0,
SBGR,Outono,18-24,exato,+TSRA,0,0,,0,0,
SBGR,Outono,18-24,exato,TSRA,15,0,0.0,0,0,
SBGR,Outono,18-24,sem_intensidade,TS,2,0,0.0,0,0,
SBGR,Outono,18-24,sem_intensidade,TSRA,15,0,0.0,1,0,0.0
SBGR,Outono,18-24,sem_intensidade,+RA,0,0,,0,0,
SBGR,Outono,TODOS,exato,TS,2,0,0.0,0,0,
SBGR,Outono,TODOS,exato,+RA,0,0,,2,0,0.0
SBGR,Outono,TODOS,exato,+TSRA,0,0,,0,0,
SBGR,Outono,TODOS,exato,TSRA,18,0,0.0,1,0,0.0
SBGR,Outono,TODOS,sem_intensidade,TS,2,0,0.0,0,0,
SBGR,Outono,TODOS,sem_intensidade,TSRA,18,0,0.0,2,0,0.0
SBGR,Outono,TODOS,sem_intensidade,+RA,0,0,,2,0,0.0
SBGR,Inverno,00-06,exato,TS,0,0,,0,0,
SBGR,Inverno,00-06,exato,+RA,0,0,,0,0,
SBGR,Inverno,00-06,exato,+TSRA,0,0,,2,0,0.0
SBGR,Inverno,00-06,exato,TSRA,3,1,33.3,1,1,100.0
SBGR,Inverno,00-06,sem_intensidade,TS,0,0,,0,0,
SBGR,Inverno,00-06,sem_intensidade,TSRA,3,3,100.0,3,3,100.0
SBGR,Inverno,00-06,sem_intensidade,+RA,0,0,,0,0,
SBGR,Inverno,06-12,exato,TS,0,0,,0,0,
SBGR,Inverno,06-12,exato,+RA,0,0,,0,0,
SBGR,Inverno,06-12,exato,+TSRA,0,0,,0,0,
SBGR,Inverno,06-12,exato,TSRA,2,0,0.0,0,0,
SBGR,Inverno,06-12,sem_intensidade,TS,0,0,,0,0,
SBGR,Inverno,06-12,sem_intensidade,TSRA,2,0,0.0,0,0,
SBGR,Inverno,06-12,sem_intensidade,+RA,0,0,,0,0,
SBGR,Inverno,12-18,exato,TS,0,0,,0,0,
SBGR,Inverno,12-18,exato,+RA,0,0,,0,0,
SBGR,Inverno,12-18,exato,+TSRA,0,0,,0,0,
SBGR,Inverno,12-18,exato,TSRA,0,0,,0,0,
SBGR,Inverno,12-18,sem_intensidade,TS,0,0,,0,0,
SBGR,Inverno,12-18,sem_intensidade,TSRA,0,0,,0,0,
SBGR,Inverno,12-18,sem_intensidade,+RA,0,0,,0,0,
SBGR,Inverno,18-24,exato,TS,0,0,,1,0,0.0
SBGR,Inverno,18-24,exato,+RA,0,0,,0,0,
SBGR,Inverno,18-24,exato,+TSRA,0,0,,0,0,
SBGR,Inverno,18-24,exato,TSRA,4,0,0.0,1,0,0.0
SBGR,Inverno,18-24,sem_intensidade,TS,0,0,,1,0,0.0
SBGR,Inverno,18-24,sem_intensidade,TSRA,4,0,0.0,2,0,0.0
SBGR,Inverno,18-24,sem_intensidade,+RA,0,0,,0,0,
SBGR,Inverno,TODOS,exato,TS,0,0,,1,0,0.0
SBGR,Inverno,TODOS,exato,+RA,0,0,,0,0,
SBGR,Inverno,TODOS,exato,+TSRA,0,0,,2,0,0.0
SBGR,Inverno,TODOS,exato,TSRA,9,1,11.1,2,1,50.0
SBGR,Inverno,TODOS,sem_intensidade,TS,0,0,,1,0,0.0
SBGR,Inverno,TODOS,sem_intensidade,TSRA,9,3,33.3,5,3,60.0
SBGR,Inverno,TODOS,sem_intensidade,+RA,0,0,,0,0,
SBGR,Primavera,00-06,exato,TS,0,0,,0,0,
SBGR,Primavera,00-06,exato,+RA,0,0,,0,0,
SBGR,Primavera,00-06,exato,+TSRA,0,0,,1,0,0.0
SBGR,Primavera,00-06,exato,TSRA,4,1,25.0,4,1,25.0
SBGR,Primavera,00-06,sem_intensidade,TS,0,0,,0,0,
SBGR,Primavera,00-06,sem_intensidade,TSRA,4,1,25.0,6,1,16.7
SBGR,Primavera,00-06,sem_intensidade,+RA,0,0,,0,0,
SBGR,Primavera,06-12,exato,TS,0,0,,0,0,
SBGR,Primavera,06-12,exato,+RA,0,0,,0,0,
SBGR,Primavera,06-12,exato,+TSRA,0,0,,0,0,
SBGR,Primavera,06-12,exato,TSRA,3,0,0.0,0,0,
SBGR,Primavera,06-12,sem_intensidade,TS,0,0,,0,0,
SBGR,Primavera,06-12,sem_intensidade,TSRA,3,0,0.0,3,0,0.0
SBGR,Primavera,06-12,sem_intensidade,+RA,0,0,,0,0,
SBGR,Primavera,12-18,exato,TS,0,0,,0,0,
SBGR,Primavera,12-18,exato,+RA,0,0,,1,0,0.0
SBGR,Primavera,12-18,exato,+TSRA,0,0,,0,0,
SBGR,Primavera,12-18,exato,TSRA,7,0,0.0,0,0,
SBGR,Primavera,12-18,sem_intensidade,TS,0,0,,0,0,
SBGR,Primavera,12-18,sem_intensidade,TSRA,7,0,0.0,1,0,0.0
SBGR,Primavera,12-18,sem_intensidade,+RA,0,0,,1,0,0.0
SBGR,Primavera,18-24,exato,TS,0,0,,2,0,0.0
SBGR,Primavera,18-24,exato,+RA,0,0,,0,0,
SBGR,Primavera,18-24,exato,+TSRA,0,0,,2,0,0.0
SBGR,Primavera,18-24,exato,TSRA,45,3,6.7,5,3,60.0
SBGR,Primavera,18-24,sem_intensidade,TS,0,0,,2,0,0.0
SBGR,Primavera,18-24,sem_intensidade,TSRA,45,3,6.7,10,3,30.0
SBGR,Primavera,18-24,sem_intensidade,+RA,0,0,,0,0,
SBGR,Primavera,TODOS,exato,TS,0,0,,2,0,0.0
SBGR,Primavera,TODOS,exato,+RA,0,0,,1,0,0.0
SBGR,Primavera,TODOS,exato,+TSRA,0,0,,3,0,0.0
SBGR,Primavera,TODOS,exato,TSRA,59,4,6.8,9,4,44.4
SBGR,Primavera,TODOS,sem_intensidade,TS,0,0,,2,0,0.0
SBGR,Primavera,TODOS,sem_intensidade,TSRA,59,4,6.8,20,4,20.0
SBGR,Primavera,TODOS,sem_intensidade,+RA,0,0,,1,0,0.0
SBGR,TODAS,00-06,exato,TS,8,0,0.0,2,0,0.0
SBGR,TODAS,00-06,exato,+RA,0,0,,3,0,0.0
SBGR,TODAS,00-06,exato,+TSRA,0,0,,6,0,0.0
SBGR,TODAS,00-06,exato,TSRA,7,2,28.6,8,2,25.0
SBGR,TODAS,00-06,sem_intensidade,TS,8,0,0.0,2,0,0.0
SBGR,TODAS,00-06,sem_intensidade,TSRA,7,4,57.1,21,4,19.0
SBGR,TODAS,00-06,sem_intensidade,+RA,0,0,,3,0,0.0
SBGR,TODAS,06-12,exato,TS,0,0,,0,0,
SBGR,TODAS,06-12,exato,+RA,0,0,,0,0,
SBGR,TODAS,06-12,exato,+TSRA,0,0,,0,0,
SBGR,TODAS,06-12,exato,TSRA,5,0,0.0,0,0,
SBGR,TODAS,06-12,sem_intensidade,TS,0,0,,0,0,
SBGR,TODAS,06-12,sem_intensidade,TSRA,5,0,0.0,4,0,0.0
SBGR,TODAS,06-12,sem_intensidade,+RA,0,0,,0,0,
SBGR,TODAS,12-18,exato,TS,1,0,0.0,0,0,
SBGR,TODAS,12-18,exato,+RA,0,0,,1,0,0.0
SBGR,TODAS,12-18,exato,+TSRA,0,0,,0,0,
SBGR,TODAS,12-18,exato,TSRA,14,0,0.0,3,0,0.0
SBGR,TODAS,12-18,sem_intensidade,TS,1,0,0.0,0,0,
SBGR,TODAS,12-18,sem_intensidade,TSRA,14,0,0.0,7,0,0.0
SBGR,TODAS,12-18,sem_intensidade,+RA,0,0,,1,0,0.0
SBGR,TODAS,18-24,exato,TS,8,0,0.0,10,0,0.0
SBGR,TODAS,18-24,exato,+RA,0,0,,0,0,
SBGR,TODAS,18-24,exato,+TSRA,0,0,,3,0,0.0
SBGR,TODAS,18-24,exato,TSRA,112,4,3.6,10,4,40.0
SBGR,TODAS,18-24,sem_intensidade,TS,8,0,0.0,10,0,0.0
SBGR,TODAS,18-24,sem_intensidade,TSRA,112,7,6.2,30,7,23.3
SBGR,TODAS,18-24,sem_intensidade,+RA,0,0,,0,0,
SBGR,TODAS,TODOS,exato,TS,17,0,0.0,12,0,0.0
SBGR,TODAS,TODOS,exato,+RA,0,0,,4,0,0.0
SBGR,TODAS,TODOS,exato,+TSRA,0,0,,9,0,0.0
SBGR,TODAS,TODOS,exato,TSRA,138,6,4.3,21,6,28.6
SBGR,TODAS,TODOS,sem_intensidade,TS,17,0,0.0,12,0,0.0
SBGR,TODAS,TODOS,sem_intensidade,TSRA,138,11,8.0,62,11,17.7
SBGR,TODAS,TODOS,sem_intensidade,+RA,0,0,,4,0,0.0
SBHT,Verao,00-06,exato,TS,0,0,,0,0,
SBHT,Verao,00-06,exato,+RA,0,0,,0,0,
SBHT,Verao,00-06,exato,+TSRA,0,0,,0,0,
SBHT,Verao,00-06,exato,TSRA,0,0,,0,0,
SBHT,Verao,00-06,sem_intensidade,TS,0,0,,0,0,
SBHT,Verao,00-06,sem_intensidade,TSRA,0,0,,0,0,
SBHT,Verao,00-06,sem_intensidade,+RA,0,0,,0,0,
SBHT,Verao,06-12,exato,TS,1,0,0.0,0,0,
SBHT,Verao,06-12,exato,+RA,0,0,,0,0,
SBHT,Verao,06-12,exato,+TSRA,0,0,,0,0,
SBHT,Verao,06-12,exato,TSRA,5,0,0.0,0,0,
SBHT,Verao,06-12,sem_intensidade,TS,1,0,0.0,0,0,
SBHT,Verao,06-12,sem_intensidade,TSRA,5,0,0.0,0,0,
SBHT,Verao,06-12,sem_intensidade,+RA,0,0,,0,0,
SBHT,Verao,12-18,exato,TS,3,0,0.0,0,0,
SBHT,Verao,12-18,exato,+RA,0,0,,0,0,
SBHT,Verao,12-18,exato,+TSRA,0,0,,0,0,
SBHT,Verao,12-18,exato,TSRA,4,0,0.0,0,0,
SBHT,Verao,12-18,sem_intensidade,TS,3,0,0.0,0,0,
SBHT,Verao,12-18,sem_intensidade,TSRA,4,0,0.0,0,0,
SBHT,Verao,12-18,sem_intensidade,+RA,0,0,,0,0,
SBHT,Verao,18-24,exato,TS,4,0,0.0,0,0,
SBHT,Verao,18-24,exato,+RA,0,0,,0,0,
SBHT,Verao,18-24,exato,+TSRA,0,0,,0,0,
SBHT,Verao,18-24,exato,TSRA,9,0,0.0,0,0,
SBHT,Verao,18-24,sem_intensidade,TS,4,0,0.0,0,0,
SBHT,Verao,18-24,sem_intensidade,TSRA,9,0,0.0,1,0,0.0
SBHT,Verao,18-24,sem_intensidade,+RA,0,0,,0,0,
SBHT,Verao,TODOS,exato,TS,8,0,0.0,0,0,
SBHT,Verao,TODOS,exato,+RA,0,0,,0,0,
SBHT,Verao,TODOS,exato,+TSRA,0,0,,0,0,
SBHT,Verao,TODOS,exato,TSRA,18,0,0.0,0,0,
SBHT,Verao,TODOS,sem_intensidade,TS,8,0,0.0,0,0,
SBHT,Verao,TODOS,sem_intensidade,TSRA,18,0,0.0,1,0,0.0
SBHT,Verao,TODOS,sem_intensidade,+RA,0,0,,0,0,
SBHT,Outono,00-06,exato,TS,0,0,,0,0,
SBHT,Outono,00-06,exato,+RA,0,0,,0,0,
SBHT,Outono,00-06,exato,+TSRA,0,0,,0,0,
SBHT,Outono,00-06,exato,TSRA,0,0,,0,0,
SBHT,Outono,00-06,sem_intensidade,TS,0,0,,0,0,
SBHT,Outono,00-06,sem_intensidade,TSRA,0,0,,0,0,
SBHT,Outono,00-06,sem_intensidade,+RA,0,0,,0,0,
SBHT,Outono,06-12,exato,TS,0,0,,1,0,0.0
SBHT,Outono,06-12,exato,+RA,0,0,,0,0,
SBHT,Outono,06-12,exato,+TSRA,0,0,,0,0,
SBHT,Outono,06-12,exato,TSRA,4,0,0.0,0,0,
SBHT,Outono,06-12,sem_intensidade,TS,0,0,,1,0,0.0
SBHT,Outono,06-12,sem_intensidade,TSRA,4,0,0.0,1,0,0.0
SBHT,Outono,06-12,sem_intensidade,+RA,0,0,,0,0,
SBHT,Outono,12-18,exato,TS,0,0,,0,0,
SBHT,Outono,12-18,exato,+RA,0,0,,0,0,
SBHT,Outono,12-18,exato,+TSRA,0,0,,0,0,
SBHT,Outono,12-18,exato,TSRA,0,0,,0,0,
SBHT,Outono,12-18,sem_intensidade,TS,0,0,,0,0,
SBHT,Outono,12-18,sem_intensidade,TSRA,0,0,,0,0,
SBHT,Outono,12-18,sem_intensidade,+RA,0,0,,0,0,
SBHT,Outono,18-24,exato,TS,12,0,0.0,1,0,0.0
SBHT,Outono,18-24,exato,+RA,0,0,,0,0,
SBHT,Outono,18-24,exato,+TSRA,0,0,,0,0,
SBHT,Outono,18-24,exato,TSRA,11,0,0.0,1,0,0.0
SBHT,Outono,18-24,sem_intensidade,TS,12,0,0.0,1,0,0.0
SBHT,Outono,18-24,sem_intensidade,TSRA,11,0,0.0,1,0,0.0
SBHT,Outono,18-24,sem_intensidade,+RA,0,0,,0,0,
SBHT,Outono,TODOS,exato,TS,12,0,0.0,2,0,0.0
SBHT,Outono,TODOS,exato,+RA,0,0,,0,0,
SBHT,Outono,TODOS,exato,+TSRA,0,0,,0,0,
SBHT,Outono,TODOS,exato,TSRA,15,0,0.0,1,0,0.0
SBHT,Outono,TODOS,sem_intensidade,TS,12,0,0.0,2,0,0.0
SBHT,Outono,TODOS,sem_intensidade,TSRA,15,0,0.0,2,0,0.0
SBHT,Outono,TODOS,sem_intensidade,+RA,0,0,,0,0,
SBHT,Inverno,00-06,exato,TS,0,0,,0,0,
SBHT,Inverno,00-06,exato,+RA,0,0,,0,0,
SBHT,Inverno,00-06,exato,+TSRA,0,0,,0,0,
SBHT,Inverno,00-06,exato,TSRA,0,0,,0,0,
SBHT,Inverno,00-06,sem_intensidade,TS,0,0,,0,0,
SBHT,Inverno,00-06,sem_intensidade,TSRA,0,0,,0,0,
SBHT,Inverno,00-06,sem_intensidade,+RA,0,0,,0,0,
SBHT,Inverno,06-12,exato,TS,0,0,,1,0,0.0
SBHT,Inverno,06-12,exato,+RA,0,0,,0,0,
SBHT,Inverno,06-12,exato,+TSRA,0,0,,0,0,
SBHT,Inverno,06-12,exato,TSRA,0,0,,0,0,
SBHT,Inverno,06-12,sem_intensidade,TS,0,0,,1,0,0.0
SBHT,Inverno,06-12,sem_intensidade,TSRA,0,0,,0,0,
SBHT,Inverno,06-12,sem_intensidade,+RA,0,0,,0,0,
SBHT,Inverno,12-18,exato,TS,0,0,,1,0,0.0
SBHT,Inverno,12-18,exato,+RA,0,0,,0,0,
SBHT,Inverno,12-18,exato,+TSRA,0,0,,0,0,
SBHT,Inverno,12-18,exato,TSRA,0,0,,0,0,
SBHT,Inverno,12-18,sem_intensidade,TS,0,0,,1,0,0.0
SBHT,Inverno,12-18,sem_intensidade,TSRA,0,0,,0,0,
SBHT,Inverno,12-18,sem_intensidade,+RA,0,0,,0,0,
SBHT,Inverno,18-24,exato,TS,1,0,0.0,0,0,
SBHT,Inverno,18-24,exato,+RA,0,0,,0,0,
SBHT,Inverno,18-24,exato,+TSRA,0,0,,0,0,
SBHT,Inverno,18-24,exato,TSRA,0,0,,0,0,
SBHT,Inverno,18-24,sem_intensidade,TS,1,0,0.0,0,0,
SBHT,Inverno,18-24,sem_intensidade,TSRA,0,0,,0,0,
SBHT,Inverno,18-24,sem_intensidade,+RA,0,0,,0,0,
SBHT,Inverno,TODOS,exato,TS,1,0,0.0,2,0,0.0
SBHT,Inverno,TODOS,exato,+RA,0,0,,0,0,
SBHT,Inverno,TODOS,exato,+TSRA,0,0,,0,0,
SBHT,Inverno,TODOS,exato,TSRA,0,0,,0,0,
SBHT,Inverno,TODOS,sem_intensidade,TS,1,0,0.0,2,0,0.0
SBHT,Inverno,TODOS,sem_intensidade,TSRA,0,0,,0,0,
SBHT,Inverno,TODOS,sem_intensidade,+RA,0,0,,0,0,
SBHT,Primavera,00-06,exato,TS,0,0,,0,0,
SBHT,Primavera,00-06,exato,+RA,0,0,,0,0,
SBHT,Primavera,00-06,exato,+TSRA,0,0,,0,0,
SBHT,Primavera,00-06,exato,TSRA,0,0,,0,0,
SBHT,Primavera,00-06,sem_intensidade,TS,0,0,,0,0,
SBHT,Primavera,00-06,sem_intensidade,TSRA,0,0,,0,0,
SBHT,Primavera,00-06,sem_intensidade,+RA,0,0,,0,0,
SBHT,Primavera,06-12,exato,TS,0,0,,0,0,
SBHT,Primavera,06-12,exato,+RA,0,0,,0,0,
SBHT,Primavera,06-12,exato,+TSRA,0,0,,1,0,0.0
SBHT,Primavera,06-12,exato,TSRA,0,0,,0,0,
SBHT,Primavera,06-12,sem_intensidade,TS,0,0,,0,0,
SBHT,Primavera,06-12,sem_intensidade,TSRA,0,0,,2,0,0.0
SBHT,Primavera,06-12,sem_intensidade,+RA,0,0,,0,0,
SBHT,Primavera,12-18,exato,TS,1,0,0.0,0,0,
SBHT,Primavera,12-18,exato,+RA,0,0,,0,0,
SBHT,Primavera,12-18,exato,+TSRA,0,0,,0,0,
SBHT,Primavera,12-18,exato,TSRA,0,0,,0,0,
SBHT,Primavera,12-18,sem_intensidade,TS,1,0,0.0,0,0,
SBHT,Primavera,12-18,sem_intensidade,TSRA,0,0,,1,0,0.0
SBHT,Primavera,12-18,sem_intensidade,+RA,0,0,,0,0,
SBHT,Primavera,18-24,exato,TS,3,0,0.0,1,0,0.0
SBHT,Primavera,18-24,exato,+RA,0,0,,0,0,
SBHT,Primavera,18-24,exato,+TSRA,0,0,,0,0,
SBHT,Primavera,18-24,exato,TSRA,3,0,0.0,0,0,
SBHT,Primavera,18-24,sem_intensidade,TS,3,0,0.0,1,0,0.0
SBHT,Primavera,18-24,sem_intensidade,TSRA,3,0,0.0,0,0,
SBHT,Primavera,18-24,sem_intensidade,+RA,0,0,,0,0,
SBHT,Primavera,TODOS,exato,TS,4,0,0.0,1,0,0.0
SBHT,Primavera,TODOS,exato,+RA,0,0,,0,0,
SBHT,Primavera,TODOS,exato,+TSRA,0,0,,1,0,0.0
SBHT,Primavera,TODOS,exato,TSRA,3,0,0.0,0,0,
SBHT,Primavera,TODOS,sem_intensidade,TS,4,0,0.0,1,0,0.0
SBHT,Primavera,TODOS,sem_intensidade,TSRA,3,0,0.0,3,0,0.0
SBHT,Primavera,TODOS,sem_intensidade,+RA,0,0,,0,0,
SBHT,TODAS,00-06,exato,TS,0,0,,0,0,
SBHT,TODAS,00-06,exato,+RA,0,0,,0,0,
SBHT,TODAS,00-06,exato,+TSRA,0,0,,0,0,
SBHT,TODAS,00-06,exato,TSRA,0,0,,0,0,
SBHT,TODAS,00-06,sem_intensidade,TS,0,0,,0,0,
SBHT,TODAS,00-06,sem_intensidade,TSRA,0,0,,0,0,
SBHT,TODAS,00-06,sem_intensidade,+RA,0,0,,0,0,
SBHT,TODAS,06-12,exato,TS,1,0,0.0,2,0,0.0
SBHT,TODAS,06-12,exato,+RA,0,0,,0,0,
SBHT,TODAS,06-12,exato,+TSRA,0,0,,1,0,0.0
SBHT,TODAS,06-12,exato,TSRA,9,0,0.0,0,0,
SBHT,TODAS,06-12,sem_intensidade,TS,1,0,0.0,2,0,0.0
SBHT,TODAS,06-12,sem_intensidade,TSRA,9,0,0.0,3,0,0.0
SBHT,TODAS,06-12,sem_intensidade,+RA,0,0,,0,0,
SBHT,TODAS,12-18,exato,TS,4,0,0.0,1,0,0.0
SBHT,TODAS,12-18,exato,+RA,0,0,,0,0,
SBHT,TODAS,12-18,exato,+TSRA,0,0,,0,0,
SBHT,TODAS,12-18,exato,TSRA,4,0,0.0,0,0,
SBHT,TODAS,12-18,sem_intensidade,TS,4,0,0.0,1,0,0.0
SBHT,TODAS,12-18,sem_intensidade,TSRA,4,0,0.0,1,0,0.0
SBHT,TODAS,12-18,sem_intensidade,+RA,0,0,,0,0,
SBHT,TODAS,18-24,exato,TS,20,0,0.0,2,0,0.0
SBHT,TODAS,18-24,exato,+RA,0,0,,0,0,
SBHT,TODAS,18-24,exato,+TSRA,0,0,,0,0,
SBHT,TODAS,18-24,exato,TSRA,23,0,0.0,1,0,0.0
SBHT,TODAS,18-24,sem_intensidade,TS,20,0,0.0,2,0,0.0
SBHT,TODAS,18-24,sem_intensidade,TSRA,23,0,0.0,2,0,0.0
SBHT,TODAS,18-24,sem_intensidade,+RA,0,0,,0,0,
SBHT,TODAS,TODOS,exato,TS,25,0,0.0,5,0,0.0
SBHT,TODAS,TODOS,exato,+RA,0,0,,0,0,
SBHT,TODAS,TODOS,exato,+TSRA,0,0,,1,0,0.0
SBHT,TODAS,TODOS,exato,TSRA,36,0,0.0,1,0,0.0
SBHT,TODAS,TODOS,sem_intensidade,TS,25,0,0.0,5,0,0.0
SBHT,TODAS,TODOS,sem_intensidade,TSRA,36,0,0.0,6,0,0.0
SBHT,TODAS,TODOS,sem_intensidade,+RA,0,0,,0,0,
SBIL,Verao,00-06,exato,TS,0,0,,0,0,
SBIL,Verao,00-06,exato,+RA,0,0,,0,0,
SBIL,Verao,00-06,exato,+TSRA,0,0,,0,0,
SBIL,Verao,00-06,exato,TSRA,0,0,,0,0,
SBIL,Verao,00-06,sem_intensidade,TS,0,0,,0,0,
SBIL,Verao,00-06,sem_intensidade,TSRA,0,0,,0,0,
SBIL,Verao,00-06,sem_intensidade,+RA,0,0,,0,0,
SBIL,Verao,06-12,exato,TS,0,0,,0,0,
SBIL,Verao,06-12,exato,+RA,0,0,,0,0,
SBIL,Verao,06-12,exato,+TSRA,0,0,,0,0,
SBIL,Verao,06-12,exato,TSRA,0,0,,0,0,
SBIL,Verao,06-12,sem_intensidade,TS,0,0,,0,0,
SBIL,Verao,06-12,sem_intensidade,TSRA,0,0,,0,0,
SBIL,Verao,06-12,sem_intensidade,+RA,0,0,,0,0,
SBIL,Verao,12-18,exato,TS,0,0,,0,0,
SBIL,Verao,12-18,exato,+RA,0,0,,0,0,
SBIL,Verao,12-18,exato,+TSRA,0,0,,0,0,
SBIL,Verao,12-18,exato,TSRA,0,0,,0,0,
SBIL,Verao,12-18,sem_intensidade,TS,0,0,,0,0,
SBIL,Verao,12-18,sem_intensidade,TSRA,0,0,,0,0,
SBIL,Verao,12-18,sem_intensidade,+RA,0,0,,0,0,
SBIL,Verao,18-24,exato,TS,0,0,,0,0,
SBIL,Verao,18-24,exato,+RA,0,0,,0,0,
SBIL,Verao,18-24,exato,+TSRA,0,0,,0,0,
SBIL,Verao,18-24,exato,TSRA,0,0,,0,0,
SBIL,Verao,18-24,sem_intensidade,TS,0,0,,0,0,
SBIL,Verao,18-24,sem_intensidade,TSRA,0,0,,0,0,
SBIL,Verao,18-24,sem_intensidade,+RA,0,0,,0,0,
SBIL,Verao,TODOS,exato,TS,0,0,,0,0,
SBIL,Verao,TODOS,exato,+RA,0,0,,0,0,
SBIL,Verao,TODOS,exato,+TSRA,0,0,,0,0,
SBIL,Verao,TODOS,exato,TSRA,0,0,,0,0,
SBIL,Verao,TODOS,sem_intensidade,TS,0,0,,0,0,
SBIL,Verao,TODOS,sem_intensidade,TSRA,0,0,,0,0,
SBIL,Verao,TODOS,sem_intensidade,+RA,0,0,,0,0,
SBIL,Outono,00-06,exato,TS,0,0,,0,0,
SBIL,Outono,00-06,exato,+RA,0,0,,0,0,
SBIL,Outono,00-06,exato,+TSRA,0,0,,0,0,
SBIL,Outono,00-06,exato,TSRA,0,0,,0,0,
SBIL,Outono,00-06,sem_intensidade,TS,0,0,,0,0,
SBIL,Outono,00-06,sem_intensidade,TSRA,0,0,,0,0,
SBIL,Outono,00-06,sem_intensidade,+RA,0,0,,0,0,
SBIL,Outono,06-12,exato,TS,0,0,,0,0,
SBIL,Outono,06-12,exato,+RA,0,0,,0,0,
SBIL,Outono,06-12,exato,+TSRA,0,0,,0,0,
SBIL,Outono,06-12,exato,TSRA,0,0,,0,0,
SBIL,Outono,06-12,sem_intensidade,TS,0,0,,0,0,
SBIL,Outono,06-12,sem_intensidade,TSRA,0,0,,0,0,
SBIL,Outono,06-12,sem_intensidade,+RA,0,0,,0,0,
SBIL,Outono,12-18,exato,TS,0,0,,0,0,
SBIL,Outono,12-18,exato,+RA,0,0,,0,0,
SBIL,Outono,12-18,exato,+TSRA,0,0,,0,0,
SBIL,Outono,12-18,exato,TSRA,0,0,,0,0,
SBIL,Outono,12-18,sem_intensidade,TS,0,0,,0,0,
SBIL,Outono,12-18,sem_intensidade,TSRA,0,0,,0,0,
SBIL,Outono,12-18,sem_intensidade,+RA,0,0,,0,0,
SBIL,Outono,18-24,exato,TS,0,0,,0,0,
SBIL,Outono,18-24,exato,+RA,0,0,,0,0,
SBIL,Outono,18-24,exato,+TSRA,0,0,,0,0,
SBIL,Outono,18-24,exato,TSRA,0,0,,0,0,
SBIL,Outono,18-24,sem_intensidade,TS,0,0,,0,0,
SBIL,Outono,18-24,sem_intensidade,TSRA,0,0,,0,0,
SBIL,Outono,18-24,sem_intensidade,+RA,0,0,,0,0,
SBIL,Outono,TODOS,exato,TS,0,0,,0,0,
SBIL,Outono,TODOS,exato,+RA,0,0,,0,0,
SBIL,Outono,TODOS,exato,+TSRA,0,0,,0,0,
SBIL,Outono,TODOS,exato,TSRA,0,0,,0,0,
SBIL,Outono,TODOS,sem_intensidade,TS,0,0,,0,0,
SBIL,Outono,TODOS,sem_intensidade,TSRA,0,0,,0,0,
SBIL,Outono,TODOS,sem_intensidade,+RA,0,0,,0,0,
SBIL,Inverno,00-06,exato,TS,0,0,,0,0,
SBIL,Inverno,00-06,exato,+RA,0,0,,0,0,
SBIL,Inverno,00-06,exato,+TSRA,0,0,,0,0,
SBIL,Inverno,00-06,exato,TSRA,0,0,,0,0,
SBIL,Inverno,00-06,sem_intensidade,TS,0,0,,0,0,
SBIL,Inverno,00-06,sem_intensidade,TSRA,0,0,,0,0,
SBIL,Inverno,00-06,sem_intensidade,+RA,0,0,,0,0,
SBIL,Inverno,06-12,exato,TS,0,0,,0,0,
SBIL,Inverno,06-12,exato,+RA,0,0,,0,0,
SBIL,Inverno,06-12,exato,+TSRA,0,0,,0,0,
SBIL,Inverno,06-12,exato,TSRA,0,0,,0,0,
SBIL,Inverno,06-12,sem_intensidade,TS,0,0,,0,0,
SBIL,Inverno,06-12,sem_intensidade,TSRA,0,0,,0,0,
SBIL,Inverno,06-12,sem_intensidade,+RA,0,0,,0,0,
SBIL,Inverno,12-18,exato,TS,0,0,,0,0,
SBIL,Inverno,12-18,exato,+RA,0,0,,0,0,
SBIL,Inverno,12-18,exato,+TSRA,0,0,,0,0,
SBIL,Inverno,12-18,exato,TSRA,0,0,,0,0,
SBIL,Inverno,12-18,sem_intensidade,TS,0,0,,0,0,
SBIL,Inverno,12-18,sem_intensidade,TSRA,0,0,,0,0,
SBIL,Inverno,12-18,sem_intensidade,+RA,0,0,,0,0,
SBIL,Inverno,18-24,exato,TS,0,0,,0,0,
SBIL,Inverno,18-24,exato,+RA,0,0,,0,0,
SBIL,Inverno,18-24,exato,+TSRA,0,0,,0,0,
SBIL,Inverno,18-24,exato,TSRA,0,0,,0,0,
SBIL,Inverno,18-24,sem_intensidade,TS,0,0,,0,0,
SBIL,Inverno,18-24,sem_intensidade,TSRA,0,0,,0,0,
SBIL,Inverno,18-24,sem_intensidade,+RA,0,0,,0,0,
SBIL,Inverno,TODOS,exato,TS,0,0,,0,0,
SBIL,Inverno,TODOS,exato,+RA,0,0,,0,0,
SBIL,Inverno,TODOS,exato,+TSRA,0,0,,0,0,
SBIL,Inverno,TODOS,exato,TSRA,0,0,,0,0,
SBIL,Inverno,TODOS,sem_intensidade,TS,0,0,,0,0,
SBIL,Inverno,TODOS,sem_intensidade,TSRA,0,0,,0,0,
SBIL,Inverno,TODOS,sem_intensidade,+RA,0,0,,0,0,
SBIL,Primavera,00-06,exato,TS,0,0,,0,0,
SBIL,Primavera,00-06,exato,+RA,0,0,,0,0,
SBIL,Primavera,00-06,exato,+TSRA,0,0,,0,0,
SBIL,Primavera,00-06,exato,TSRA,0,0,,0,0,
SBIL,Primavera,00-06,sem_intensidade,TS,0,0,,0,0,
SBIL,Primavera,00-06,sem_intensidade,TSRA,0,0,,0,0,
SBIL,Primavera,00-06,sem_intensidade,+RA,0,0,,0,0,
SBIL,Primavera,06-12,exato,TS,0,0,,0,0,
SBIL,Primavera,06-12,exato,+RA,0,0,,0,0,
SBIL,Primavera,06-12,exato,+TSRA,0,0,,0,0,
SBIL,Primavera,06-12,exato,TSRA,0,0,,0,0,
SBIL,Primavera,06-12,sem_intensidade,TS,0,0,,0,0,
SBIL,Primavera,06-12,sem_intensidade,TSRA,0,0,,0,0,
SBIL,Primavera,06-12,sem_intensidade,+RA,0,0,,0,0,
SBIL,Primavera,12-18,exato,TS,0,0,,0,0,
SBIL,Primavera,12-18,exato,+RA,0,0,,0,0,
SBIL,Primavera,12-18,exato,+TSRA,0,0,,0,0,
SBIL,Primavera,12-18,exato,TSRA,0,0,,0,0,
SBIL,Primavera,12-18,sem_intensidade,TS,0,0,,0,0,
SBIL,Primavera,12-18,sem_intensidade,TSRA,0,0,,0,0,
SBIL,Primavera,12-18,sem_intensidade,+RA,0,0,,0,0,
SBIL,Primavera,18-24,exato,TS,0,0,,0,0,
SBIL,Primavera,18-24,exato,+RA,0,0,,0,0,
SBIL,Primavera,18-24,exato,+TSRA,0,0,,0,0,
SBIL,Primavera,18-24,exato,TSRA,0,0,,0,0,
SBIL,Primavera,18-24,sem_intensidade,TS,0,0,,0,0,
SBIL,Primavera,18-24,sem_intensidade,TSRA,0,0,,0,0,
SBIL,Primavera,18-24,sem_intensidade,+RA,0,0,,0,0,
SBIL,Primavera,TODOS,exato,TS,0,0,,0,0,
SBIL,Primavera,TODOS,exato,+RA,0,0,,0,0,
SBIL,Primavera,TODOS,exato,+TSRA,0,0,,0,0,
SBIL,Primavera,TODOS,exato,TSRA,0,0,,0,0,
SBIL,Primavera,TODOS,sem_intensidade,TS,0,0,,0,0,
SBIL,Primavera,TODOS,sem_intensidade,TSRA,0,0,,0,0,
SBIL,Primavera,TODOS,sem_intensidade,+RA,0,0,,0,0,
SBIL,TODAS,00-06,exato,TS,0,0,,0,0,
SBIL,TODAS,00-06,exato,+RA,0,0,,0,0,
SBIL,TODAS,00-06,exato,+TSRA,0,0,,0,0,
SBIL,TODAS,00-06,exato,TSRA,0,0,,0,0,
SBIL,TODAS,00-06,sem_intensidade,TS,0,0,,0,0,
SBIL,TODAS,00-06,sem_intensidade,TSRA,0,0,,0,0,
SBIL,TODAS,00-06,sem_intensidade,+RA,0,0,,0,0,
SBIL,TODAS,06-12,exato,TS,0,0,,0,0,
SBIL,TODAS,06-12,exato,+RA,0,0,,0,0,
SBIL,TODAS,06-12,exato,+TSRA,0,0,,0,0,
SBIL,TODAS,06-12,exato,TSRA,0,0,,0,0,
SBIL,TODAS,06-12,sem_intensidade,TS,0,0,,0,0,
SBIL,TODAS,06-12,sem_intensidade,TSRA,0,0,,0,0,
SBIL,TODAS,06-12,sem_intensidade,+RA,0,0,,0,0,
SBIL,TODAS,12-18,exato,TS,0,0,,0,0,
SBIL,TODAS,12-18,exato,+RA,0,0,,0,0,
SBIL,TODAS,12-18,exato,+TSRA,0,0,,0,0,
SBIL,TODAS,12-18,exato,TSRA,0,0,,0,0,
SBIL,TODAS,12-18,sem_intensidade,TS,0,0,,0,0,
SBIL,TODAS,12-18,sem_intensidade,TSRA,0,0,,0,0,
SBIL,TODAS,12-18,sem_intensidade,+RA,0,0,,0,0,
SBIL,TODAS,18-24,exato,TS,0,0,,0,0,
SBIL,TODAS,18-24,exato,+RA,0,0,,0,0,
SBIL,TODAS,18-24,exato,+TSRA,0,0,,0,0,
SBIL,TODAS,18-24,exato,TSRA,0,0,,0,0,
SBIL,TODAS,18-24,sem_intensidade,TS,0,0,,0,0,
SBIL,TODAS,18-24,sem_intensidade,TSRA,0,0,,0,0,
SBIL,TODAS,18-24,sem_intensidade,+RA,0,0,,0,0,
SBIL,TODAS,TODOS,exato,TS,0,0,,0,0,
SBIL,TODAS,TODOS,exato,+RA,0,0,,0,0,
SBIL,TODAS,TODOS,exato,+TSRA,0,0,,0,0,
SBIL,TODAS,TODOS,exato,TSRA,0,0,,0,0,
SBIL,TODAS,TODOS,sem_intensidade,TS,0,0,,0,0,
SBIL,TODAS,TODOS,sem_intensidade,TSRA,0,0,,0,0,
SBIL,TODAS,TODOS,sem_intensidade,+RA,0,0,,0,0,
SBIZ,Verao,00-06,exato,TS,0,0,,0,0,
SBIZ,Verao,00-06,exato,+RA,0,0,,0,0,
SBIZ,Verao,00-06,exato,+TSRA,0,0,,0,0,
SBIZ,Verao,00-06,exato,TSRA,0,0,,0,0,
SBIZ,Verao,00-06,sem_intensidade,TS,0,0,,0,0,
SBIZ,Verao,00-06,sem_intensidade,TSRA,0,0,,0,0,
SBIZ,Verao,00-06,sem_intensidade,+RA,0,0,,0,0,
SBIZ,Verao,06-12,exato,TS,0,0,,0,0,
SBIZ,Verao,06-12,exato,+RA,0,0,,0,0,
SBIZ,Verao,06-12,exato,+TSRA,0,0,,0,0,
SBIZ,Verao,06-12,exato,TSRA,0,0,,0,0,
SBIZ,Verao,06-12,sem_intensidade,TS,0,0,,0,0,
SBIZ,Verao,06-12,sem_intensidade,TSRA,0,0,,0,0,
SBIZ,Verao,06-12,sem_intensidade,+RA,0,0,,0,0,
SBIZ,Verao,12-18,exato,TS,2,0,0.0,0,0,
SBIZ,Verao,12-18,exato,+RA,0,0,,0,0,
SBIZ,Verao,12-18,exato,+TSRA,0,0,,0,0,
SBIZ,Verao,12-18,exato,TSRA,2,0,0.0,1,0,0.0
SBIZ,Verao,12-18,sem_intensidade,TS,2,0,0.0,0,0,
SBIZ,Verao,12-18,sem_intensidade,TSRA,2,0,0.0,1,0,0.0
SBIZ,Verao,12-18,sem_intensidade,+RA,0,0,,0,0,
SBIZ,Verao,18-24,exato,TS,13,0,0.0,1,0,0.0
SBIZ,Verao,18-24,exato,+RA,0,0,,0,0,
SBIZ,Verao,18-24,exato,+TSRA,0,0,,0,0,
SBIZ,Verao,18-24,exato,TSRA,3,0,0.0,0,0,
SBIZ,Verao,18-24,sem_intensidade,TS,13,0,0.0,1,0,0.0
SBIZ,Verao,18-24,sem_intensidade,TSRA,3,0,0.0,0,0,
SBIZ,Verao,18-24,sem_intensidade,+RA,0,0,,0,0,
SBIZ,Verao,TODOS,exato,TS,15,0,0.0,1,0,0.0
SBIZ,Verao,TODOS,exato,+RA,0,0,,0,0,
SBIZ,Verao,TODOS,exato,+TSRA,0,0,,0,0,
SBIZ,Verao,TODOS,exato,TSRA,5,0,0.0,1,0,0.0
SBIZ,Verao,TODOS,sem_intensidade,TS,15,0,0.0,1,0,0.0
SBIZ,Verao,TODOS,sem_intensidade,TSRA,5,0,0.0,1,0,0.0
SBIZ,Verao,TODOS,sem_intensidade,+RA,0,0,,0,0,
SBIZ,Outono,00-06,exato,TS,0,0,,0,0,
SBIZ,Outono,00-06,exato,+RA,0,0,,0,0,
SBIZ,Outono,00-06,exato,+TSRA,0,0,,0,0,
SBIZ,Outono,00-06,exato,TSRA,0,0,,0,0,
SBIZ,Outono,00-06,sem_intensidade,TS,0,0,,0,0,
SBIZ,Outono,00-06,sem_intensidade,TSRA,0,0,,0,0,
SBIZ,Outono,00-06,sem_intensidade,+RA,0,0,,0,0,
SBIZ,Outono,06-12,exato,TS,0,0,,0,0,
SBIZ,Outono,06-12,exato,+RA,0,0,,0,0,
SBIZ,Outono,06-12,exato,+TSRA,0,0,,0,0,
SBIZ,Outono,06-12,exato,TSRA,0,0,,0,0,
SBIZ,Outono,06-12,sem_intensidade,TS,0,0,,0,0,
SBIZ,Outono,06-12,sem_intensidade,TSRA,0,0,,0,0,
SBIZ,Outono,06-12,sem_intensidade,+RA,0,0,,0,0,
SBIZ,Outono,12-18,exato,TS,0,0,,1,0,0.0
SBIZ,Outono,12-18,exato,+RA,0,0,,0,0,
SBIZ,Outono,12-18,exato,+TSRA,0,0,,0,0,
SBIZ,Outono,12-18,exato,TSRA,1,0,0.0,0,0,
SBIZ,Outono,12-18,sem_intensidade,TS,0,0,,1,0,0.0
SBIZ,Outono,12-18,sem_intensidade,TSRA,1,0,0.0,0,0,
SBIZ,Outono,12-18,sem_intensidade,+RA,0,0,,0,0,
SBIZ,Outono,18-24,exato,TS,2,0,0.0,0,0,
SBIZ,Outono,18-24,exato,+RA,0,0,,0,0,
SBIZ,Outono,18-24,exato,+TSRA,0,0,,0,0,
SBIZ,Outono,18-24,exato,TSRA,3,0,0.0,0,0,
SBIZ,Outono,18-24,sem_intensidade,TS,2,0,0.0,0,0,
SBIZ,Outono,18-24,sem_intensidade,TSRA,3,0,0.0,0,0,
SBIZ,Outono,18-24,sem_intensidade,+RA,0,0,,0,0,
SBIZ,Outono,TODOS,exato,TS,2,0,0.0,1,0,0.0
SBIZ,Outono,TODOS,exato,+RA,0,0,,0,0,
SBIZ,Outono,TODOS,exato,+TSRA,0,0,,0,0,
SBIZ,Outono,TODOS,exato,TSRA,4,0,0.0,0,0,
SBIZ,Outono,TODOS,sem_intensidade,TS,2,0,0.0,1,0,0.0
SBIZ,Outono,TODOS,sem_intensidade,TSRA,4,0,0.0,0,0,
SBIZ,Outono,TODOS,sem_intensidade,+RA,0,0,,0,0,
SBIZ,Inverno,00-06,exato,TS,0,0,,0,0,
SBIZ,Inverno,00-06,exato,+RA,0,0,,0,0,
SBIZ,Inverno,00-06,exato,+TSRA,0,0,,0,0,
SBIZ,Inverno,00-06,exato,TSRA,0,0,,0,0,
SBIZ,Inverno,00-06,sem_intensidade,TS,0,0,,0,0,
SBIZ,Inverno,00-06,sem_intensidade,TSRA,0,0,,0,0,
SBIZ,Inverno,00-06,sem_intensidade,+RA,0,0,,0,0,
SBIZ,Inverno,06-12,exato,TS,0,0,,0,0,
SBIZ,Inverno,06-12,exato,+RA,0,0,,0,0,
SBIZ,Inverno,06-12,exato,+TSRA,0,0,,0,0,
SBIZ,Inverno,06-12,exato,TSRA,0,0,,0,0,
SBIZ,Inverno,06-12,sem_intensidade,TS,0,0,,0,0,
SBIZ,Inverno,06-12,sem_intensidade,TSRA,0,0,,0,0,
SBIZ,Inverno,06-12,sem_intensidade,+RA,0,0,,0,0,
SBIZ,Inverno,12-18,exato,TS,1,0,0.0,0,0,
SBIZ,Inverno,12-18,exato,+RA,0,0,,0,0,
SBIZ,Inverno,12-18,exato,+TSRA,0,0,,0,0,
SBIZ,Inverno,12-18,exato,TSRA,0,0,,0,0,
SBIZ,Inverno,12-18,sem_intensidade,TS,1,0,0.0,0,0,
SBIZ,Inverno,12-18,sem_intensidade,TSRA,0,0,,0,0,
SBIZ,Inverno,12-18,sem_intensidade,+RA,0,0,,0,0,
SBIZ,Inverno,18-24,exato,TS,0,0,,0,0,
SBIZ,Inverno,18-24,exato,+RA,0,0,,0,0,
SBIZ,Inverno,18-24,exato,+TSRA,0,0,,0,0,
SBIZ,Inverno,18-24,exato,TSRA,0,0,,0,0,
SBIZ,Inverno,18-24,sem_intensidade,TS,0,0,,0,0,
SBIZ,Inverno,18-24,sem_intensidade,TSRA,0,0,,0,0,
SBIZ,Inverno,18-24,sem_intensidade,+RA,0,0,,0,0,
SBIZ,Inverno,TODOS,exato,TS,1,0,0.0,0,0,
SBIZ,Inverno,TODOS,exato,+RA,0,0,,0,0,
SBIZ,Inverno,TODOS,exato,+TSRA,0,0,,0,0,
SBIZ,Inverno,TODOS,exato,TSRA,0,0,,0,0,
SBIZ,Inverno,TODOS,sem_intensidade,TS,1,0,0.0,0,0,
SBIZ,Inverno,TODOS,sem_intensidade,TSRA,0,0,,0,0,
SBIZ,Inverno,TODOS,sem_intensidade,+RA,0,0,,0,0,
SBIZ,Primavera,00-06,exato,TS,0,0,,0,0,
SBIZ,Primavera,00-06,exato,+RA,0,0,,0,0,
SBIZ,Primavera,00-06,exato,+TSRA,0,0,,0,0,
SBIZ,Primavera,00-06,exato,TSRA,0,0,,0,0,
SBIZ,Primavera,00-06,sem_intensidade,TS,0,0,,0,0,
SBIZ,Primavera,00-06,sem_intensidade,TSRA,0,0,,0,0,
SBIZ,Primavera,00-06,sem_intensidade,+RA,0,0,,0,0,
SBIZ,Primavera,06-12,exato,TS,0,0,,0,0,
SBIZ,Primavera,06-12,exato,+RA,0,0,,0,0,
SBIZ,Primavera,06-12,exato,+TSRA,0,0,,0,0,
SBIZ,Primavera,06-12,exato,TSRA,0,0,,0,0,
SBIZ,Primavera,06-12,sem_intensidade,TS,0,0,,0,0,
SBIZ,Primavera,06-12,sem_intensidade,TSRA,0,0,,0,0,
SBIZ,Primavera,06-12,sem_intensidade,+RA,0,0,,0,0,
SBIZ,Primavera,12-18,exato,TS,1,0,0.0,0,0,
SBIZ,Primavera,12-18,exato,+RA,0,0,,0,0,
SBIZ,Primavera,12-18,exato,+TSRA,0,0,,0,0,
SBIZ,Primavera,12-18,exato,TSRA,0,0,,0,0,
SBIZ,Primavera,12-18,sem_intensidade,TS,1,0,0.0,0,0,
SBIZ,Primavera,12-18,sem_intensidade,TSRA,0,0,,0,0,
SBIZ,Primavera,12-18,sem_intensidade,+RA,0,0,,0,0,
SBIZ,Primavera,18-24,exato,TS,7,0,0.0,0,0,
SBIZ,Primavera,18-24,exato,+RA,0,0,,0,0,
SBIZ,Primavera,18-24,exato,+TSRA,0,0,,0,0,
SBIZ,Primavera,18-24,exato,TSRA,4,0,0.0,1,0,0.0
SBIZ,Primavera,18-24,sem_intensidade,TS,7,0,0.0,0,0,
SBIZ,Primavera,18-24,sem_intensidade,TSRA,4,0,0.0,1,0,0.0
SBIZ,Primavera,18-24,sem_intensidade,+RA,0,0,,0,0,
SBIZ,Primavera,TODOS,exato,TS,8,0,0.0,0,0,
SBIZ,Primavera,TODOS,exato,+RA,0,0,,0,0,
SBIZ,Primavera,TODOS,exato,+TSRA,0,0,,0,0,
SBIZ,Primavera,TODOS,exato,TSRA,4,0,0.0,1,0,0.0
SBIZ,Primavera,TODOS,sem_intensidade,TS,8,0,0.0,0,0,
SBIZ,Primavera,TODOS,sem_intensidade,TSRA,4,0,0.0,1,0,0.0
SBIZ,Primavera,TODOS,sem_intensidade,+RA,0,0,,0,0,
SBIZ,TODAS,00-06,exato,TS,0,0,,0,0,
SBIZ,TODAS,00-06,exato,+RA,0,0,,0,0,
SBIZ,TODAS,00-06,exato,+TSRA,0,0,,0,0,
SBIZ,TODAS,00-06,exato,TSRA,0,0,,0,0,
SBIZ,TODAS,00-06,sem_intensidade,TS,0,0,,0,0,
SBIZ,TODAS,00-06,sem_intensidade,TSRA,0,0,,0,0,
SBIZ,TODAS,00-06,sem_intensidade,+RA,0,0,,0,0,
SBIZ,TODAS,06-12,exato,TS,0,0,,0,0,
SBIZ,TODAS,06-12,exato,+RA,0,0,,0,0,
SBIZ,TODAS,06-12,exato,+TSRA,0,0,,0,0,
SBIZ,TODAS,06-12,exato,TSRA,0,0,,0,0,
SBIZ,TODAS,06-12,sem_intensidade,TS,0,0,,0,0,
SBIZ,TODAS,06-12,sem_intensidade,TSRA,0,0,,0,0,
SBIZ,TODAS,06-12,sem_intensidade,+RA,0,0,,0,0,
SBIZ,TODAS,12-18,exato,TS,4,0,0.0,1,0,0.0
SBIZ,TODAS,12-18,exato,+RA,0,0,,0,0,
SBIZ,TODAS,12-18,exato,+TSRA,0,0,,0,0,
SBIZ,TODAS,12-18,exato,TSRA,3,0,0.0,1,0,0.0
SBIZ,TODAS,12-18,sem_intensidade,TS,4,0,0.0,1,0,0.0
SBIZ,TODAS,12-18,sem_intensidade,TSRA,3,0,0.0,1,0,0.0
SBIZ,TODAS,12-18,sem_intensidade,+RA,0,0,,0,0,
SBIZ,TODAS,18-24,exato,TS,22,0,0.0,1,0,0.0
SBIZ,TODAS,18-24,exato,+RA,0,0,,0,0,
SBIZ,TODAS,18-24,exato,+TSRA,0,0,,0,0,
SBIZ,TODAS,18-24,exato,TSRA,10,0,0.0,1,0,0.0
SBIZ,TODAS,18-24,sem_intensidade,TS,22,0,0.0,1,0,0.0
SBIZ,TODAS,18-24,sem_intensidade,TSRA,10,0,0.0,1,0,0.0
SBIZ,TODAS,18-24,sem_intensidade,+RA,0,0,,0,0,
SBIZ,TODAS,TODOS,exato,TS,26,0,0.0,2,0,0.0
SBIZ,TODAS,TODOS,exato,+RA,0,0,,0,0,
SBIZ,TODAS,TODOS,exato,+TSRA,0,0,,0,0,
SBIZ,TODAS,TODOS,exato,TSRA,13,0,0.0,2,0,0.0
SBIZ,TODAS,TODOS,sem_intensidade,TS,26,0,0.0,2,0,0.0
SBIZ,TODAS,TODOS,sem_intensidade,TSRA,13,0,0.0,2,0,0.0
SBIZ,TODAS,TODOS,sem_intensidade,+RA,0,0,,0,0,
SBJP,Verao,00-06,exato,TS,0,0,,2,0,0.0
SBJP,Verao,00-06,exato,+RA,0,0,,0,0,
SBJP,Verao,00-06,exato,+TSRA,0,0,,0,0,
SBJP,Verao,00-06,exato,TSRA,0,0,,0,0,
SBJP,Verao,00-06,sem_intensidade,TS,0,0,,2,0,0.0
SBJP,Verao,00-06,sem_intensidade,TSRA,0,0,,3,0,0.0
SBJP,Verao,00-06,sem_intensidade,+RA,0,0,,0,0,
SBJP,Verao,06-12,exato,TS,0,0,,8,0,0.0
SBJP,Verao,06-12,exato,+RA,0,0,,0,0,
SBJP,Verao,06-12,exato,+TSRA,0,0,,0,0,
SBJP,Verao,06-12,exato,TSRA,12,0,0.0,0,0,
SBJP,Verao,06-12,sem_intensidade,TS,0,0,,8,0,0.0
SBJP,Verao,06-12,sem_intensidade,TSRA,12,0,0.0,0,0,
SBJP,Verao,06-12,sem_intensidade,+RA,0,0,,0,0,
SBJP,Verao,12-18,exato,TS,0,0,,3,0,0.0
SBJP,Verao,12-18,exato,+RA,0,0,,8,0,0.0
SBJP,Verao,12-18,exato,+TSRA,0,0,,0,0,
SBJP,Verao,12-18,exato,TSRA,9,0,0.0,1,0,0.0
SBJP,Verao,12-18,sem_intensidade,TS,0,0,,3,0,0.0
SBJP,Verao,12-18,sem_intensidade,TSRA,9,0,0.0,7,0,0.0
SBJP,Verao,12-18,sem_intensidade,+RA,0,0,,8,0,0.0
SBJP,Verao,18-24,exato,TS,18,0,0.0,6,0,0.0
SBJP,Verao,18-24,exato,+RA,0,0,,0,0,
SBJP,Verao,18-24,exato,+TSRA,0,0,,0,0,
SBJP,Verao,18-24,exato,TSRA,36,0,0.0,0,0,
SBJP,Verao,18-24,sem_intensidade,TS,18,0,0.0,6,0,0.0
SBJP,Verao,18-24,sem_intensidade,TSRA,36,4,11.1,4,4,100.0
SBJP,Verao,18-24,sem_intensidade,+RA,0,0,,0,0,
SBJP,Verao,TODOS,exato,TS,18,0,0.0,19,0,0.0
SBJP,Verao,TODOS,exato,+RA,0,0,,8,0,0.0
SBJP,Verao,TODOS,exato,+TSRA,0,0,,0,0,
SBJP,Verao,TODOS,exato,TSRA,57,0,0.0,1,0,0.0
SBJP,Verao,TODOS,sem_intensidade,TS,18,0,0.0,19,0,0.0
SBJP,Verao,TODOS,sem_intensidade,TSRA,57,4,7.0,14,4,28.6
SBJP,Verao,TODOS,sem_intensidade,+RA,0,0,,8,0,0.0
SBJP,Outono,00-06,exato,TS,0,0,,0,0,
SBJP,Outono,00-06,exato,+RA,0,0,,5,0,0.0
SBJP,Outono,00-06,exato,+TSRA,0,0,,0,0,
SBJP,Outono,00-06,exato,TSRA,42,0,0.0,0,0,
SBJP,Outono,00-06,sem_intensidade,TS,0,0,,0,0,
SBJP,Outono,00-06,sem_intensidade,TSRA,42,0,0.0,5,0,0.0
SBJP,Outono,00-06,sem_intensidade,+RA,0,0,,5,0,0.0
SBJP,Outono,06-12,exato,TS,0,0,,0,0,
SBJP,Outono,06-12,exato,+RA,0,0,,2,0,0.0
SBJP,Outono,06-12,exato,+TSRA,0,0,,0,0,
SBJP,Outono,06-12,exato,TSRA,23,0,0.0,0,0,
SBJP,Outono,06-12,sem_intensidade,TS,0,0,,0,0,
SBJP,Outono,06-12,sem_intensidade,TSRA,23,0,0.0,0,0,
SBJP,Outono,06-12,sem_intensidade,+RA,0,0,,2,0,0.0
SBJP,Outono,12-18,exato,TS,7,0,0.0,0,0,
SBJP,Outono,12-18,exato,+RA,0,0,,8,0,0.0
SBJP,Outono,12-18,exato,+TSRA,0,0,,0,0,
SBJP,Outono,12-18,exato,TSRA,37,1,2.7,1,1,100.0
SBJP,Outono,12-18,sem_intensidade,TS,7,0,0.0,0,0,
SBJP,Outono,12-18,sem_intensidade,TSRA,37,1,2.7,1,1,100.0
SBJP,Outono,12-18,sem_intensidade,+RA,0,0,,8,0,0.0
SBJP,Outono,18-24,exato,TS,0,0,,0,0,
SBJP,Outono,18-24,exato,+RA,0,0,,0,0,
SBJP,Outono,18-24,exato,+TSRA,0,0,,0,0,
SBJP,Outono,18-24,exato,TSRA,77,0,0.0,0,0,
SBJP,Outono,18-24,sem_intensidade,TS,0,0,,0,0,
SBJP,Outono,18-24,sem_intensidade,TSRA,77,0,0.0,0,0,
SBJP,Outono,18-24,sem_intensidade,+RA,0,0,,0,0,
SBJP,Outono,TODOS,exato,TS,7,0,0.0,0,0,
SBJP,Outono,TODOS,exato,+RA,0,0,,15,0,0.0
SBJP,Outono,TODOS,exato,+TSRA,0,0,,0,0,
SBJP,Outono,TODOS,exato,TSRA,179,1,0.6,1,1,100.0
SBJP,Outono,TODOS,sem_intensidade,TS,7,0,0.0,0,0,
SBJP,Outono,TODOS,sem_intensidade,TSRA,179,1,0.6,6,1,16.7
SBJP,Outono,TODOS,sem_intensidade,+RA,0,0,,15,0,0.0
SBJP,Inverno,00-06,exato,TS,0,0,,0,0,
SBJP,Inverno,00-06,exato,+RA,0,0,,1,0,0.0
SBJP,Inverno,00-06,exato,+TSRA,0,0,,0,0,
SBJP,Inverno,00-06,exato,TSRA,0,0,,0,0,
SBJP,Inverno,00-06,sem_intensidade,TS,0,0,,0,0,
SBJP,Inverno,00-06,sem_intensidade,TSRA,0,0,,0,0,
SBJP,Inverno,00-06,sem_intensidade,+RA,0,0,,1,0,0.0
SBJP,Inverno,06-12,exato,TS,0,0,,0,0,
SBJP,Inverno,06-12,exato,+RA,0,0,,10,0,0.0
SBJP,Inverno,06-12,exato,+TSRA,0,0,,0,0,
SBJP,Inverno,06-12,exato,TSRA,0,0,,0,0,
SBJP,Inverno,06-12,sem_intensidade,TS,0,0,,0,0,
SBJP,Inverno,06-12,sem_intensidade,TSRA,0,0,,0,0,
SBJP,Inverno,06-12,sem_intensidade,+RA,0,0,,10,0,0.0
SBJP,Inverno,12-18,exato,TS,0,0,,0,0,
SBJP,Inverno,12-18,exato,+RA,0,0,,0,0,
SBJP,Inverno,12-18,exato,+TSRA,0,0,,0,0,
SBJP,Inverno,12-18,exato,TSRA,0,0,,0,0,
SBJP,Inverno,12-18,sem_intensidade,TS,0,0,,0,0,
SBJP,Inverno,12-18,sem_intensidade,TSRA,0,0,,0,0,
SBJP,Inverno,12-18,sem_intensidade,+RA,0,0,,0,0,
SBJP,Inverno,18-24,exato,TS,0,0,,0,0,
SBJP,Inverno,18-24,exato,+RA,0,0,,0,0,
SBJP,Inverno,18-24,exato,+TSRA,0,0,,0,0,
SBJP,Inverno,18-24,exato,TSRA,0,0,,0,0,
SBJP,Inverno,18-24,sem_intensidade,TS,0,0,,0,0,
SBJP,Inverno,18-24,sem_intensidade,TSRA,0,0,,0,0,
SBJP,Inverno,18-24,sem_intensidade,+RA,0,0,,0,0,
SBJP,Inverno,TODOS,exato,TS,0,0,,0,0,
SBJP,Inverno,TODOS,exato,+RA,0,0,,11,0,0.0
SBJP,Inverno,TODOS,exato,+TSRA,0,0,,0,0,
SBJP,Inverno,TODOS,exato,TSRA,0,0,,0,0,
SBJP,Inverno,TODOS,sem_intensidade,TS,0,0,,0,0,
SBJP,Inverno,TODOS,sem_intensidade,TSRA,0,0,,0,0,
SBJP,Inverno,TODOS,sem_intensidade,+RA,0,0,,11,0,0.0
SBJP,Primavera,00-06,exato,TS,0,0,,0,0,
SBJP,Primavera,00-06,exato,+RA,0,0,,0,0,
SBJP,Primavera,00-06,exato,+TSRA,0,0,,0,0,
SBJP,Primavera,00-06,exato,TSRA,0,0,,0,0,
SBJP,Primavera,00-06,sem_intensidade,TS,0,0,,0,0,
SBJP,Primavera,00-06,sem_intensidade,TSRA,0,0,,0,0,
SBJP,Primavera,00-06,sem_intensidade,+RA,0,0,,0,0,
SBJP,Primavera,06-12,exato,TS,0,0,,0,0,
SBJP,Primavera,06-12,exato,+RA,0,0,,0,0,
SBJP,Primavera,06-12,exato,+TSRA,0,0,,0,0,
SBJP,Primavera,06-12,exato,TSRA,0,0,,0,0,
SBJP,Primavera,06-12,sem_intensidade,TS,0,0,,0,0,
SBJP,Primavera,06-12,sem_intensidade,TSRA,0,0,,0,0,
SBJP,Primavera,06-12,sem_intensidade,+RA,0,0,,0,0,
SBJP,Primavera,12-18,exato,TS,0,0,,0,0,
SBJP,Primavera,12-18,exato,+RA,0,0,,0,0,
SBJP,Primavera,12-18,exato,+TSRA,0,0,,0,0,
SBJP,Primavera,12-18,exato,TSRA,0,0,,0,0,
SBJP,Primavera,12-18,sem_intensidade,TS,0,0,,0,0,
SBJP,Primavera,12-18,sem_intensidade,TSRA,0,0,,0,0,
SBJP,Primavera,12-18,sem_intensidade,+RA,0,0,,0,0,
SBJP,Primavera,18-24,exato,TS,0,0,,0,0,
SBJP,Primavera,18-24,exato,+RA,0,0,,0,0,
SBJP,Primavera,18-24,exato,+TSRA,0,0,,0,0,
SBJP,Primavera,18-24,exato,TSRA,14,0,0.0,0,0,
SBJP,Primavera,18-24,sem_intensidade,TS,0,0,,0,0,
SBJP,Primavera,18-24,sem_intensidade,TSRA,14,0,0.0,0,0,
SBJP,Primavera,18-24,sem_intensidade,+RA,0,0,,0,0,
SBJP,Primavera,TODOS,exato,TS,0,0,,0,0,
SBJP,Primavera,TODOS,exato,+RA,0,0,,0,0,
SBJP,Primavera,TODOS,exato,+TSRA,0,0,,0,0,
SBJP,Primavera,TODOS,exato,TSRA,14,0,0.0,0,0,
SBJP,Primavera,TODOS,sem_intensidade,TS,0,0,,0,0,
SBJP,Primavera,TODOS,sem_intensidade,TSRA,14,0,0.0,0,0,
SBJP,Primavera,TODOS,sem_intensidade,+RA,0,0,,0,0,
SBJP,TODAS,00-06,exato,TS,0,0,,2,0,0.0
SBJP,TODAS,00-06,exato,+RA,0,0,,6,0,0.0
SBJP,TODAS,00-06,exato,+TSRA,0,0,,0,0,
SBJP,TODAS,00-06,exato,TSRA,42,0,0.0,0,0,
SBJP,TODAS,00-06,sem_intensidade,TS,0,0,,2,0,0.0
SBJP,TODAS,00-06,sem_intensidade,TSRA,42,0,0.0,8,0,0.0
SBJP,TODAS,00-06,sem_intensidade,+RA,0,0,,6,0,0.0
SBJP,TODAS,06-12,exato,TS,0,0,,8,0,0.0
SBJP,TODAS,06-12,exato,+RA,0,0,,12,0,0.0
SBJP,TODAS,06-12,exato,+TSRA,0,0,,0,0,
SBJP,TODAS,06-12,exato,TSRA,35,0,0.0,0,0,
SBJP,TODAS,06-12,sem_intensidade,TS,0,0,,8,0,0.0
SBJP,TODAS,06-12,sem_intensidade,TSRA,35,0,0.0,0,0,
SBJP,TODAS,06-12,sem_intensidade,+RA,0,0,,12,0,0.0
SBJP,TODAS,12-18,exato,TS,7,0,0.0,3,0,0.0
SBJP,TODAS,12-18,exato,+RA,0,0,,16,0,0.0
SBJP,TODAS,12-18,exato,+TSRA,0,0,,0,0,
SBJP,TODAS,12-18,exato,TSRA,46,1,2.2,2,1,50.0
SBJP,TODAS,12-18,sem_intensidade,TS,7,0,0.0,3,0,0.0
SBJP,TODAS,12-18,sem_intensidade,TSRA,46,1,2.2,8,1,12.5
SBJP,TODAS,12-18,sem_intensidade,+RA,0,0,,16,0,0.0
SBJP,TODAS,18-24,exato,TS,18,0,0.0,6,0,0.0
SBJP,TODAS,18-24,exato,+RA,0,0,,0,0,
SBJP,TODAS,18-24,exato,+TSRA,0,0,,0,0,
SBJP,TODAS,18-24,exato,TSRA,127,0,0.0,0,0,
SBJP,TODAS,18-24,sem_intensidade,TS,18,0,0.0,6,0,0.0
SBJP,TODAS,18-24,sem_intensidade,TSRA,127,4,3.1,4,4,100.0
SBJP,TODAS,18-24,sem_intensidade,+RA,0,0,,0,0,
SBJP,TODAS,TODOS,exato,TS,25,0,0.0,19,0,0.0
SBJP,TODAS,TODOS,exato,+RA,0,0,,34,0,0.0
SBJP,TODAS,TODOS,exato,+TSRA,0,0,,0,0,
SBJP,TODAS,TODOS,exato,TSRA,250,1,0.4,2,1,50.0
SBJP,TODAS,TODOS,sem_intensidade,TS,25,0,0.0,19,0,0.0
SBJP,TODAS,TODOS,sem_intensidade,TSRA,250,5,2.0,20,5,25.0
SBJP,TODAS,TODOS,sem_intensidade,+RA,0,0,,34,0,0.0
SBJV,Verao,00-06,exato,TS,0,0,,0,0,
SBJV,Verao,00-06,exato,+RA,0,0,,0,0,
SBJV,Verao,00-06,exato,+TSRA,0,0,,0,0,
SBJV,Verao,00-06,exato,TSRA,4,0,0.0,0,0,
SBJV,Verao,00-06,sem_intensidade,TS,0,0,,0,0,
SBJV,Verao,00-06,sem_intensidade,TSRA,4,0,0.0,0,0,
SBJV,Verao,00-06,sem_intensidade,+RA,0,0,,0,0,
SBJV,Verao,06-12,exato,TS,0,0,,1,0,0.0
SBJV,Verao,06-12,exato,+RA,0,0,,0,0,
SBJV,Verao,06-12,exato,+TSRA,0,0,,0,0,
SBJV,Verao,06-12,exato,TSRA,0,0,,0,0,
SBJV,Verao,06-12,sem_intensidade,TS,0,0,,1,0,0.0
SBJV,Verao,06-12,sem_intensidade,TSRA,0,0,,0,0,
SBJV,Verao,06-12,sem_intensidade,+RA,0,0,,0,0,
SBJV,Verao,12-18,exato,TS,0,0,,2,0,0.0
SBJV,Verao,12-18,exato,+RA,0,0,,0,0,
SBJV,Verao,12-18,exato,+TSRA,0,0,,0,0,
SBJV,Verao,12-18,exato,TSRA,0,0,,0,0,
SBJV,Verao,12-18,sem_intensidade,TS,0,0,,2,0,0.0
SBJV,Verao,12-18,sem_intensidade,TSRA,0,0,,0,0,
SBJV,Verao,12-18,sem_intensidade,+RA,0,0,,0,0,
SBJV,Verao,18-24,exato,TS,8,1,12.5,3,1,33.3
SBJV,Verao,18-24,exato,+RA,0,0,,0,0,
SBJV,Verao,18-24,exato,+TSRA,0,0,,1,0,0.0
SBJV,Verao,18-24,exato,TSRA,27,1,3.7,4,1,25.0
SBJV,Verao,18-24,sem_intensidade,TS,8,1,12.5,3,1,33.3
SBJV,Verao,18-24,sem_intensidade,TSRA,29,6,20.7,18,6,33.3
SBJV,Verao,18-24,sem_intensidade,+RA,0,0,,0,0,
SBJV,Verao,TODOS,exato,TS,8,1,12.5,6,1,16.7
SBJV,Verao,TODOS,exato,+RA,0,0,,0,0,
SBJV,Verao,TODOS,exato,+TSRA,0,0,,1,0,0.0
SBJV,Verao,TODOS,exato,TSRA,31,1,3.2,4,1,25.0
SBJV,Verao,TODOS,sem_intensidade,TS,8,1,12.5,6,1,16.7
SBJV,Verao,TODOS,sem_intensidade,TSRA,33,6,18.2,18,6,33.3
SBJV,Verao,TODOS,sem_intensidade,+RA,0,0,,0,0,
SBJV,Outono,00-06,exato,TS,0,0,,0,0,
SBJV,Outono,00-06,exato,+RA,0,0,,0,0,
SBJV,Outono,00-06,exato,+TSRA,0,0,,0,0,
SBJV,Outono,00-06,exato,TSRA,0,0,,0,0,
SBJV,Outono,00-06,sem_intensidade,TS,0,0,,0,0,
SBJV,Outono,00-06,sem_intensidade,TSRA,0,0,,0,0,
SBJV,Outono,00-06,sem_intensidade,+RA,0,0,,0,0,
SBJV,Outono,06-12,exato,TS,0,0,,0,0,
SBJV,Outono,06-12,exato,+RA,0,0,,0,0,
SBJV,Outono,06-12,exato,+TSRA,0,0,,0,0,
SBJV,Outono,06-12,exato,TSRA,0,0,,0,0,
SBJV,Outono,06-12,sem_intensidade,TS,0,0,,0,0,
SBJV,Outono,06-12,sem_intensidade,TSRA,0,0,,0,0,
SBJV,Outono,06-12,sem_intensidade,+RA,0,0,,0,0,
SBJV,Outono,12-18,exato,TS,0,0,,0,0,
SBJV,Outono,12-18,exato,+RA,0,0,,0,0,
SBJV,Outono,12-18,exato,+TSRA,0,0,,0,0,
SBJV,Outono,12-18,exato,TSRA,2,0,0.0,0,0,
SBJV,Outono,12-18,sem_intensidade,TS,0,0,,0,0,
SBJV,Outono,12-18,sem_intensidade,TSRA,2,1,50.0,1,1,100.0
SBJV,Outono,12-18,sem_intensidade,+RA,0,0,,0,0,
SBJV,Outono,18-24,exato,TS,2,0,0.0,0,0,
SBJV,Outono,18-24,exato,+RA,0,0,,1,0,0.0
SBJV,Outono,18-24,exato,+TSRA,0,0,,0,0,
SBJV,Outono,18-24,exato,TSRA,7,0,0.0,0,0,
SBJV,Outono,18-24,sem_intensidade,TS,2,0,0.0,0,0,
SBJV,Outono,18-24,sem_intensidade,TSRA,7,0,0.0,0,0,
SBJV,Outono,18-24,sem_intensidade,+RA,0,0,,1,0,0.0
SBJV,Outono,TODOS,exato,TS,2,0,0.0,0,0,
SBJV,Outono,TODOS,exato,+RA,0,0,,1,0,0.0
SBJV,Outono,TODOS,exato,+TSRA,0,0,,0,0,
SBJV,Outono,TODOS,exato,TSRA,9,0,0.0,0,0,
SBJV,Outono,TODOS,sem_intensidade,TS,2,0,0.0,0,0,
SBJV,Outono,TODOS,sem_intensidade,TSRA,9,1,11.1,1,1,100.0
SBJV,Outono,TODOS,sem_intensidade,+RA,0,0,,1,0,0.0
SBJV,Inverno,00-06,exato,TS,0,0,,0,0,
SBJV,Inverno,00-06,exato,+RA,0,0,,0,0,
SBJV,Inverno,00-06,exato,+TSRA,0,0,,0,0,
SBJV,Inverno,00-06,exato,TSRA,0,0,,0,0,
SBJV,Inverno,00-06,sem_intensidade,TS,0,0,,0,0,
SBJV,Inverno,00-06,sem_intensidade,TSRA,0,0,,1,0,0.0
SBJV,Inverno,00-06,sem_intensidade,+RA,0,0,,0,0,
SBJV,Inverno,06-12,exato,TS,0,0,,0,0,
SBJV,Inverno,06-12,exato,+RA,0,0,,0,0,
SBJV,Inverno,06-12,exato,+TSRA,0,0,,0,0,
SBJV,Inverno,06-12,exato,TSRA,0,0,,0,0,
SBJV,Inverno,06-12,sem_intensidade,TS,0,0,,0,0,
SBJV,Inverno,06-12,sem_intensidade,TSRA,0,0,,0,0,
SBJV,Inverno,06-12,sem_intensidade,+RA,0,0,,0,0,
SBJV,Inverno,12-18,exato,TS,0,0,,0,0,
SBJV,Inverno,12-18,exato,+RA,0,0,,0,0,
SBJV,Inverno,12-18,exato,+TSRA,0,0,,0,0,
SBJV,Inverno,12-18,exato,TSRA,2,1,50.0,1,1,100.0
SBJV,Inverno,12-18,sem_intensidade,TS,0,0,,0,0,
SBJV,Inverno,12-18,sem_intensidade,TSRA,2,1,50.0,1,1,100.0
SBJV,Inverno,12-18,sem_intensidade,+RA,0,0,,0,0,
SBJV,Inverno,18-24,exato,TS,0,0,,1,0,0.0
SBJV,Inverno,18-24,exato,+RA,0,0,,0,0,
SBJV,Inverno,18-24,exato,+TSRA,0,0,,0,0,
SBJV,Inverno,18-24,exato,TSRA,1,0,0.0,1,0,0.0
SBJV,Inverno,18-24,sem_intensidade,TS,0,0,,1,0,0.0
SBJV,Inverno,18-24,sem_intensidade,TSRA,1,0,0.0,3,0,0.0
SBJV,Inverno,18-24,sem_intensidade,+RA,0,0,,0,0,
SBJV,Inverno,TODOS,exato,TS,0,0,,1,0,0.0
SBJV,Inverno,TODOS,exato,+RA,0,0,,0,0,
SBJV,Inverno,TODOS,exato,+TSRA,0,0,,0,0,
SBJV,Inverno,TODOS,exato,TSRA,3,1,33.3,2,1,50.0
SBJV,Inverno,TODOS,sem_intensidade,TS,0,0,,1,0,0.0
SBJV,Inverno,TODOS,sem_intensidade,TSRA,3,1,33.3,5,1,20.0
SBJV,Inverno,TODOS,sem_intensidade,+RA,0,0,,0,0,
SBJV,Primavera,00-06,exato,TS,0,0,,0,0,
SBJV,Primavera,00-06,exato,+RA,0,0,,0,0,
SBJV,Primavera,00-06,exato,+TSRA,0,0,,0,0,
SBJV,Primavera,00-06,exato,TSRA,0,0,,0,0,
SBJV,Primavera,00-06,sem_intensidade,TS,0,0,,0,0,
SBJV,Primavera,00-06,sem_intensidade,TSRA,0,0,,0,0,
SBJV,Primavera,00-06,sem_intensidade,+RA,0,0,,0,0,
SBJV,Primavera,06-12,exato,TS,0,0,,0,0,
SBJV,Primavera,06-12,exato,+RA,1,0,0.0,0,0,
SBJV,Primavera,06-12,exato,+TSRA,0,0,,0,0,
SBJV,Primavera,06-12,exato,TSRA,1,0,0.0,0,0,
SBJV,Primavera,06-12,sem_intensidade,TS,0,0,,0,0,
SBJV,Primavera,06-12,sem_intensidade,TSRA,1,0,0.0,0,0,
SBJV,Primavera,06-12,sem_intensidade,+RA,1,0,0.0,0,0,
SBJV,Primavera,12-18,exato,TS,0,0,,0,0,
SBJV,Primavera,12-18,exato,+RA,0,0,,0,0,
SBJV,Primavera,12-18,exato,+TSRA,0,0,,0,0,
SBJV,Primavera,12-18,exato,TSRA,2,0,0.0,0,0,
SBJV,Primavera,12-18,sem_intensidade,TS,0,0,,0,0,
SBJV,Primavera,12-18,sem_intensidade,TSRA,2,0,0.0,1,0,0.0
SBJV,Primavera,12-18,sem_intensidade,+RA,0,0,,0,0,
SBJV,Primavera,18-24,exato,TS,1,0,0.0,0,0,
SBJV,Primavera,18-24,exato,+RA,0,0,,0,0,
SBJV,Primavera,18-24,exato,+TSRA,0,0,,0,0,
SBJV,Primavera,18-24,exato,TSRA,7,0,0.0,1,0,0.0
SBJV,Primavera,18-24,sem_intensidade,TS,1,0,0.0,0,0,
SBJV,Primavera,18-24,sem_intensidade,TSRA,7,0,0.0,5,0,0.0
SBJV,Primavera,18-24,sem_intensidade,+RA,0,0,,0,0,
SBJV,Primavera,TODOS,exato,TS,1,0,0.0,0,0,
SBJV,Primavera,TODOS,exato,+RA,1,0,0.0,0,0,
SBJV,Primavera,TODOS,exato,+TSRA,0,0,,0,0,
SBJV,Primavera,TODOS,exato,TSRA,10,0,0.0,1,0,0.0
SBJV,Primavera,TODOS,sem_intensidade,TS,1,0,0.0,0,0,
SBJV,Primavera,TODOS,sem_intensidade,TSRA,10,0,0.0,6,0,0.0
SBJV,Primavera,TODOS,sem_intensidade,+RA,1,0,0.0,0,0,
SBJV,TODAS,00-06,exato,TS,0,0,,0,0,
SBJV,TODAS,00-06,exato,+RA,0,0,,0,0,
SBJV,TODAS,00-06,exato,+TSRA,0,0,,0,0,
SBJV,TODAS,00-06,exato,TSRA,4,0,0.0,0,0,
SBJV,TODAS,00-06,sem_intensidade,TS,0,0,,0,0,
SBJV,TODAS,00-06,sem_intensidade,TSRA,4,0,0.0,1,0,0.0
SBJV,TODAS,00-06,sem_intensidade,+RA,0,0,,0,0,
SBJV,TODAS,06-12,exato,TS,0,0,,1,0,0.0
SBJV,TODAS,06-12,exato,+RA,1,0,0.0,0,0,
SBJV,TODAS,06-12,exato,+TSRA,0,0,,0,0,
SBJV,TODAS,06-12,exato,TSRA,1,0,0.0,0,0,
SBJV,TODAS,06-12,sem_intensidade,TS,0,0,,1,0,0.0
SBJV,TODAS,06-12,sem_intensidade,TSRA,1,0,0.0,0,0,
SBJV,TODAS,06-12,sem_intensidade,+RA,1,0,0.0,0,0,
SBJV,TODAS,12-18,exato,TS,0,0,,2,0,0.0
SBJV,TODAS,12-18,exato,+RA,0,0,,0,0,
SBJV,TODAS,12-18,exato,+TSRA,0,0,,0,0,
SBJV,TODAS,12-18,exato,TSRA,6,1,16.7,1,1,100.0
SBJV,TODAS,12-18,sem_intensidade,TS,0,0,,2,0,0.0
SBJV,TODAS,12-18,sem_intensidade,TSRA,6,2,33.3,3,2,66.7
SBJV,TODAS,12-18,sem_intensidade,+RA,0,0,,0,0,
SBJV,TODAS,18-24,exato,TS,11,1,9.1,4,1,25.0
SBJV,TODAS,18-24,exato,+RA,0,0,,1,0,0.0
SBJV,TODAS,18-24,exato,+TSRA,0,0,,1,0,0.0
SBJV,TODAS,18-24,exato,TSRA,42,1,2.4,6,1,16.7
SBJV,TODAS,18-24,sem_intensidade,TS,11,1,9.1,4,1,25.0
SBJV,TODAS,18-24,sem_intensidade,TSRA,44,6,13.6,26,6,23.1
SBJV,TODAS,18-24,sem_intensidade,+RA,0,0,,1,0,0.0
SBJV,TODAS,TODOS,exato,TS,11,1,9.1,7,1,14.3
SBJV,TODAS,TODOS,exato,+RA,1,0,0.0,1,0,0.0
SBJV,TODAS,TODOS,exato,+TSRA,0,0,,1,0,0.0
SBJV,TODAS,TODOS,exato,TSRA,53,2,3.8,7,2,28.6
SBJV,TODAS,TODOS,sem_intensidade,TS,11,1,9.1,7,1,14.3
SBJV,TODAS,TODOS,sem_intensidade,TSRA,55,8,14.5,30,8,26.7
SBJV,TODAS,TODOS,sem_intensidade,+RA,1,0,0.0,1,0,0.0
SBKG,Verao,00-06,exato,TS,0,0,,0,0,
SBKG,Verao,00-06,exato,+RA,0,0,,0,0,
SBKG,Verao,00-06,exato,+TSRA,0,0,,0,0,
SBKG,Verao,00-06,exato,TSRA,0,0,,0,0,
SBKG,Verao,00-06,sem_intensidade,TS,0,0,,0,0,
SBKG,Verao,00-06,sem_intensidade,TSRA,0,0,,0,0,
SBKG,Verao,00-06,sem_intensidade,+RA,0,0,,0,0,
SBKG,Verao,06-12,exato,TS,0,0,,0,0,
SBKG,Verao,06-12,exato,+RA,0,0,,0,0,
SBKG,Verao,06-12,exato,+TSRA,0,0,,0,0,
SBKG,Verao,06-12,exato,TSRA,0,0,,0,0,
SBKG,Verao,06-12,sem_intensidade,TS,0,0,,0,0,
SBKG,Verao,06-12,sem_intensidade,TSRA,0,0,,0,0,
SBKG,Verao,06-12,sem_intensidade,+RA,0,0,,0,0,
SBKG,Verao,12-18,exato,TS,0,0,,0,0,
SBKG,Verao,12-18,exato,+RA,0,0,,0,0,
SBKG,Verao,12-18,exato,+TSRA,0,0,,0,0,
SBKG,Verao,12-18,exato,TSRA,1,0,0.0,0,0,
SBKG,Verao,12-18,sem_intensidade,TS,0,0,,0,0,
SBKG,Verao,12-18,sem_intensidade,TSRA,1,0,0.0,0,0,
SBKG,Verao,12-18,sem_intensidade,+RA,0,0,,0,0,
SBKG,Verao,18-24,exato,TS,2,0,0.0,0,0,
SBKG,Verao,18-24,exato,+RA,0,0,,0,0,
SBKG,Verao,18-24,exato,+TSRA,0,0,,0,0,
SBKG,Verao,18-24,exato,TSRA,6,0,0.0,0,0,
SBKG,Verao,18-24,sem_intensidade,TS,2,0,0.0,0,0,
SBKG,Verao,18-24,sem_intensidade,TSRA,6,0,0.0,0,0,
SBKG,Verao,18-24,sem_intensidade,+RA,0,0,,0,0,
SBKG,Verao,TODOS,exato,TS,2,0,0.0,0,0,
SBKG,Verao,TODOS,exato,+RA,0,0,,0,0,
SBKG,Verao,TODOS,exato,+TSRA,0,0,,0,0,
SBKG,Verao,TODOS,exato,TSRA,7,0,0.0,0,0,
SBKG,Verao,TODOS,sem_intensidade,TS,2,0,0.0,0,0,
SBKG,Verao,TODOS,sem_intensidade,TSRA,7,0,0.0,0,0,
SBKG,Verao,TODOS,sem_intensidade,+RA,0,0,,0,0,
SBKG,Outono,00-06,exato,TS,0,0,,0,0,
SBKG,Outono,00-06,exato,+RA,0,0,,0,0,
SBKG,Outono,00-06,exato,+TSRA,0,0,,0,0,
SBKG,Outono,00-06,exato,TSRA,0,0,,0,0,
SBKG,Outono,00-06,sem_intensidade,TS,0,0,,0,0,
SBKG,Outono,00-06,sem_intensidade,TSRA,0,0,,0,0,
SBKG,Outono,00-06,sem_intensidade,+RA,0,0,,0,0,
SBKG,Outono,06-12,exato,TS,0,0,,0,0,
SBKG,Outono,06-12,exato,+RA,0,0,,0,0,
SBKG,Outono,06-12,exato,+TSRA,0,0,,0,0,
SBKG,Outono,06-12,exato,TSRA,0,0,,0,0,
SBKG,Outono,06-12,sem_intensidade,TS,0,0,,0,0,
SBKG,Outono,06-12,sem_intensidade,TSRA,0,0,,0,0,
SBKG,Outono,06-12,sem_intensidade,+RA,0,0,,0,0,
SBKG,Outono,12-18,exato,TS,0,0,,0,0,
SBKG,Outono,12-18,exato,+RA,0,0,,0,0,
SBKG,Outono,12-18,exato,+TSRA,0,0,,0,0,
SBKG,Outono,12-18,exato,TSRA,0,0,,0,0,
SBKG,Outono,12-18,sem_intensidade,TS,0,0,,0,0,
SBKG,Outono,12-18,sem_intensidade,TSRA,0,0,,0,0,
SBKG,Outono,12-18,sem_intensidade,+RA,0,0,,0,0,
SBKG,Outono,18-24,exato,TS,2,0,0.0,0,0,
SBKG,Outono,18-24,exato,+RA,0,0,,0,0,
SBKG,Outono,18-24,exato,+TSRA,0,0,,0,0,
SBKG,Outono,18-24,exato,TSRA,6,0,0.0,0,0,
SBKG,Outono,18-24,sem_intensidade,TS,2,0,0.0,0,0,
SBKG,Outono,18-24,sem_intensidade,TSRA,6,0,0.0,0,0,
SBKG,Outono,18-24,sem_intensidade,+RA,0,0,,0,0,
SBKG,Outono,TODOS,exato,TS,2,0,0.0,0,0,
SBKG,Outono,TODOS,exato,+RA,0,0,,0,0,
SBKG,Outono,TODOS,exato,+TSRA,0,0,,0,0,
SBKG,Outono,TODOS,exato,TSRA,6,0,0.0,0,0,
SBKG,Outono,TODOS,sem_intensidade,TS,2,0,0.0,0,0,
SBKG,Outono,TODOS,sem_intensidade,TSRA,6,0,0.0,0,0,
SBKG,Outono,TODOS,sem_intensidade,+RA,0,0,,0,0,
SBKG,Inverno,00-06,exato,TS,0,0,,0,0,
SBKG,Inverno,00-06,exato,+RA,0,0,,0,0,
SBKG,Inverno,00-06,exato,+TSRA,0,0,,0,0,
SBKG,Inverno,00-06,exato,TSRA,0,0,,0,0,
SBKG,Inverno,00-06,sem_intensidade,TS,0,0,,0,0,
SBKG,Inverno,00-06,sem_intensidade,TSRA,0,0,,0,0,
SBKG,Inverno,00-06,sem_intensidade,+RA,0,0,,0,0,
SBKG,Inverno,06-12,exato,TS,0,0,,0,0,
SBKG,Inverno,06-12,exato,+RA,0,0,,0,0,
SBKG,Inverno,06-12,exato,+TSRA,0,0,,0,0,
SBKG,Inverno,06-12,exato,TSRA,0,0,,0,0,
SBKG,Inverno,06-12,sem_intensidade,TS,0,0,,0,0,
SBKG,Inverno,06-12,sem_intensidade,TSRA,0,0,,0,0,
SBKG,Inverno,06-12,sem_intensidade,+RA,0,0,,0,0,
SBKG,Inverno,12-18,exato,TS,0,0,,0,0,
SBKG,Inverno,12-18,exato,+RA,0,0,,0,0,
SBKG,Inverno,12-18,exato,+TSRA,0,0,,0,0,
SBKG,Inverno,12-18,exato,TSRA,0,0,,0,0,
SBKG,Inverno,12-18,sem_intensidade,TS,0,0,,0,0,
SBKG,Inverno,12-18,sem_intensidade,TSRA,0,0,,0,0,
SBKG,Inverno,12-18,sem_intensidade,+RA,0,0,,0,0,
SBKG,Inverno,18-24,exato,TS,1,0,0.0,0,0,
SBKG,Inverno,18-24,exato,+RA,0,0,,0,0,
SBKG,Inverno,18-24,exato,+TSRA,0,0,,0,0,
SBKG,Inverno,18-24,exato,TSRA,0,0,,0,0,
SBKG,Inverno,18-24,sem_intensidade,TS,1,0,0.0,0,0,
SBKG,Inverno,18-24,sem_intensidade,TSRA,0,0,,0,0,
SBKG,Inverno,18-24,sem_intensidade,+RA,0,0,,0,0,
SBKG,Inverno,TODOS,exato,TS,1,0,0.0,0,0,
SBKG,Inverno,TODOS,exato,+RA,0,0,,0,0,
SBKG,Inverno,TODOS,exato,+TSRA,0,0,,0,0,
SBKG,Inverno,TODOS,exato,TSRA,0,0,,0,0,
SBKG,Inverno,TODOS,sem_intensidade,TS,1,0,0.0,0,0,
SBKG,Inverno,TODOS,sem_intensidade,TSRA,0,0,,0,0,
SBKG,Inverno,TODOS,sem_intensidade,+RA,0,0,,0,0,
SBKG,Primavera,00-06,exato,TS,0,0,,0,0,
SBKG,Primavera,00-06,exato,+RA,0,0,,0,0,
SBKG,Primavera,00-06,exato,+TSRA,0,0,,0,0,
SBKG,Primavera,00-06,exato,TSRA,0,0,,0,0,
SBKG,Primavera,00-06,sem_intensidade,TS,0,0,,0,0,
SBKG,Primavera,00-06,sem_intensidade,TSRA,0,0,,0,0,
SBKG,Primavera,00-06,sem_intensidade,+RA,0,0,,0,0,
SBKG,Primavera,06-12,exato,TS,0,0,,0,0,
SBKG,Primavera,06-12,exato,+RA,0,0,,0,0,
SBKG,Primavera,06-12,exato,+TSRA,0,0,,0,0,
SBKG,Primavera,06-12,exato,TSRA,0,0,,0,0,
SBKG,Primavera,06-12,sem_intensidade,TS,0,0,,0,0,
SBKG,Primavera,06-12,sem_intensidade,TSRA,0,0,,0,0,
SBKG,Primavera,06-12,sem_intensidade,+RA,0,0,,0,0,
SBKG,Primavera,12-18,exato,TS,0,0,,0,0,
SBKG,Primavera,12-18,exato,+RA,0,0,,0,0,
SBKG,Primavera,12-18,exato,+TSRA,0,0,,0,0,
SBKG,Primavera,12-18,exato,TSRA,0,0,,0,0,
SBKG,Primavera,12-18,sem_intensidade,TS,0,0,,0,0,
SBKG,Primavera,12-18,sem_intensidade,TSRA,0,0,,0,0,
SBKG,Primavera,12-18,sem_intensidade,+RA,0,0,,0,0,
SBKG,Primavera,18-24,exato,TS,0,0,,0,0,
SBKG,Primavera,18-24,exato,+RA,0,0,,0,0,
SBKG,Primavera,18-24,exato,+TSRA,0,0,,0,0,
SBKG,Primavera,18-24,exato,TSRA,0,0,,0,0,
SBKG,Primavera,18-24,sem_intensidade,TS,0,0,,0,0,
SBKG,Primavera,18-24,sem_intensidade,TSRA,0,0,,0,0,
SBKG,Primavera,18-24,sem_intensidade,+RA,0,0,,0,0,
SBKG,Primavera,TODOS,exato,TS,0,0,,0,0,
SBKG,Primavera,TODOS,exato,+RA,0,0,,0,0,
SBKG,Primavera,TODOS,exato,+TSRA,0,0,,0,0,
SBKG,Primavera,TODOS,exato,TSRA,0,0,,0,0,
SBKG,Primavera,TODOS,sem_intensidade,TS,0,0,,0,0,
SBKG,Primavera,TODOS,sem_intensidade,TSRA,0,0,,0,0,
SBKG,Primavera,TODOS,sem_intensidade,+RA,0,0,,0,0,
SBKG,TODAS,00-06,exato,TS,0,0,,0,0,
SBKG,TODAS,00-06,exato,+RA,0,0,,0,0,
SBKG,TODAS,00-06,exato,+TSRA,0,0,,0,0,
SBKG,TODAS,00-06,exato,TSRA,0,0,,0,0,
SBKG,TODAS,00-06,sem_intensidade,TS,0,0,,0,0,
SBKG,TODAS,00-06,sem_intensidade,TSRA,0,0,,0,0,
SBKG,TODAS,00-06,sem_intensidade,+RA,0,0,,0,0,
SBKG,TODAS,06-12,exato,TS,0,0,,0,0,
SBKG,TODAS,06-12,exato,+RA,0,0,,0,0,
SBKG,TODAS,06-12,exato,+TSRA,0,0,,0,0,
SBKG,TODAS,06-12,exato,TSRA,0,0,,0,0,
SBKG,TODAS,06-12,sem_intensidade,TS,0,0,,0,0,
SBKG,TODAS,06-12,sem_intensidade,TSRA,0,0,,0,0,
SBKG,TODAS,06-12,sem_intensidade,+RA,0,0,,0,0,
SBKG,TODAS,12-18,exato,TS,0,0,,0,0,
SBKG,TODAS,12-18,exato,+RA,0,0,,0,0,
SBKG,TODAS,12-18,exato,+TSRA,0,0,,0,0,
SBKG,TODAS,12-18,exato,TSRA,1,0,0.0,0,0,
SBKG,TODAS,12-18,sem_intensidade,TS,0,0,,0,0,
SBKG,TODAS,12-18,sem_intensidade,TSRA,1,0,0.0,0,0,
SBKG,TODAS,12-18,sem_intensidade,+RA,0,0,,0,0,
SBKG,TODAS,18-24,exato,TS,5,0,0.0,0,0,
SBKG,TODAS,18-24,exato,+RA,0,0,,0,0,
SBKG,TODAS,18-24,exato,+TSRA,0,0,,0,0,
SBKG,TODAS,18-24,exato,TSRA,12,0,0.0,0,0,
SBKG,TODAS,18-24,sem_intensidade,TS,5,0,0.0,0,0,
SBKG,TODAS,18-24,sem_intensidade,TSRA,12,0,0.0,0,0,
SBKG,TODAS,18-24,sem_intensidade,+RA,0,0,,0,0,
SBKG,TODAS,TODOS,exato,TS,5,0,0.0,0,0,
SBKG,TODAS,TODOS,exato,+RA,0,0,,0,0,
SBKG,TODAS,TODOS,exato,+TSRA,0,0,,0,0,
SBKG,TODAS,TODOS,exato,TSRA,13,0,0.0,0,0,
SBKG,TODAS,TODOS,sem_intensidade,TS,5,0,0.0,0,0,
SBKG,TODAS,TODOS,sem_intensidade,TSRA,13,0,0.0,0,0,
SBKG,TODAS,TODOS,sem_intensidade,+RA,0,0,,0,0,
SBKP,Verao,00-06,exato,TS,4,0,0.0,21,0,0.0
SBKP,Verao,00-06,exato,+RA,0,0,,0,0,
SBKP,Verao,00-06,exato,+TSRA,0,0,,5,0,0.0
SBKP,Verao,00-06,exato,TSRA,13,0,0.0,24,0,0.0
SBKP,Verao,00-06,sem_intensidade,TS,4,0,0.0,21,0,0.0
SBKP,Verao,00-06,sem_intensidade,TSRA,13,0,0.0,67,0,0.0
SBKP,Verao,00-06,sem_intensidade,+RA,0,0,,0,0,
SBKP,Verao,06-12,exato,TS,0,0,,0,0,
SBKP,Verao,06-12,exato,+RA,0,0,,2,0,0.0
SBKP,Verao,06-12,exato,+TSRA,0,0,,0,0,
SBKP,Verao,06-12,exato,TSRA,10,0,0.0,1,0,0.0
SBKP,Verao,06-12,sem_intensidade,TS,0,0,,0,0,
SBKP,Verao,06-12,sem_intensidade,TSRA,10,0,0.0,2,0,0.0
SBKP,Verao,06-12,sem_intensidade,+RA,0,0,,2,0,0.0
SBKP,Verao,12-18,exato,TS,0,0,,2,0,0.0
SBKP,Verao,12-18,exato,+RA,0,0,,0,0,
SBKP,Verao,12-18,exato,+TSRA,0,0,,0,0,
SBKP,Verao,12-18,exato,TSRA,0,0,,5,0,0.0
SBKP,Verao,12-18,sem_intensidade,TS,0,0,,2,0,0.0
SBKP,Verao,12-18,sem_intensidade,TSRA,0,0,,8,0,0.0
SBKP,Verao,12-18,sem_intensidade,+RA,0,0,,0,0,
SBKP,Verao,18-24,exato,TS,155,0,0.0,35,0,0.0
SBKP,Verao,18-24,exato,+RA,0,0,,3,0,0.0
SBKP,Verao,18-24,exato,+TSRA,0,0,,31,0,0.0
SBKP,Verao,18-24,exato,TSRA,434,3,0.7,13,3,23.1
SBKP,Verao,18-24,sem_intensidade,TS,155,0,0.0,35,0,0.0
SBKP,Verao,18-24,sem_intensidade,TSRA,434,27,6.2,133,27,20.3
SBKP,Verao,18-24,sem_intensidade,+RA,0,0,,3,0,0.0
SBKP,Verao,TODOS,exato,TS,159,0,0.0,58,0,0.0
SBKP,Verao,TODOS,exato,+RA,0,0,,5,0,0.0
SBKP,Verao,TODOS,exato,+TSRA,0,0,,36,0,0.0
SBKP,Verao,TODOS,exato,TSRA,457,3,0.7,43,3,7.0
SBKP,Verao,TODOS,sem_intensidade,TS,159,0,0.0,58,0,0.0
SBKP,Verao,TODOS,sem_intensidade,TSRA,457,27,5.9,210,27,12.9
SBKP,Verao,TODOS,sem_intensidade,+RA,0,0,,5,0,0.0
SBKP,Outono,00-06,exato,TS,0,0,,3,0,0.0
SBKP,Outono,00-06,exato,+RA,0,0,,0,0,
SBKP,Outono,00-06,exato,+TSRA,0,0,,0,0,
SBKP,Outono,00-06,exato,TSRA,0,0,,3,0,0.0
SBKP,Outono,00-06,sem_intensidade,TS,0,0,,3,0,0.0
SBKP,Outono,00-06,sem_intensidade,TSRA,0,0,,7,0,0.0
SBKP,Outono,00-06,sem_intensidade,+RA,0,0,,0,0,
SBKP,Outono,06-12,exato,TS,0,0,,1,0,0.0
SBKP,Outono,06-12,exato,+RA,0,0,,0,0,
SBKP,Outono,06-12,exato,+TSRA,0,0,,1,0,0.0
SBKP,Outono,06-12,exato,TSRA,6,0,0.0,0,0,
SBKP,Outono,06-12,sem_intensidade,TS,0,0,,1,0,0.0
SBKP,Outono,06-12,sem_intensidade,TSRA,6,0,0.0,2,0,0.0
SBKP,Outono,06-12,sem_intensidade,+RA,0,0,,0,0,
SBKP,Outono,12-18,exato,TS,0,0,,3,0,0.0
SBKP,Outono,12-18,exato,+RA,0,0,,0,0,
SBKP,Outono,12-18,exato,+TSRA,0,0,,1,0,0.0
SBKP,Outono,12-18,exato,TSRA,24,0,0.0,0,0,
SBKP,Outono,12-18,sem_intensidade,TS,0,0,,3,0,0.0
SBKP,Outono,12-18,sem_intensidade,TSRA,24,0,0.0,1,0,0.0
SBKP,Outono,12-18,sem_intensidade,+RA,0,0,,0,0,
SBKP,Outono,18-24,exato,TS,0,0,,6,0,0.0
SBKP,Outono,18-24,exato,+RA,0,0,,0,0,
SBKP,Outono,18-24,exato,+TSRA,0,0,,4,0,0.0
SBKP,Outono,18-24,exato,TSRA,113,3,2.7,6,3,50.0
SBKP,Outono,18-24,sem_intensidade,TS,0,0,,6,0,0.0
SBKP,Outono,18-24,sem_intensidade,TSRA,113,3,2.7,17,3,17.6
SBKP,Outono,18-24,sem_intensidade,+RA,0,0,,0,0,
SBKP,Outono,TODOS,exato,TS,0,0,,13,0,0.0
SBKP,Outono,TODOS,exato,+RA,0,0,,0,0,
SBKP,Outono,TODOS,exato,+TSRA,0,0,,6,0,0.0
SBKP,Outono,TODOS,exato,TSRA,143,3,2.1,9,3,33.3
SBKP,Outono,TODOS,sem_intensidade,TS,0,0,,13,0,0.0
SBKP,Outono,TODOS,sem_intensidade,TSRA,143,3,2.1,27,3,11.1
SBKP,Outono,TODOS,sem_intensidade,+RA,0,0,,0,0,
SBKP,Inverno,00-06,exato,TS,0,0,,0,0,
SBKP,Inverno,00-06,exato,+RA,0,0,,0,0,
SBKP,Inverno,00-06,exato,+TSRA,0,0,,0,0,
SBKP,Inverno,00-06,exato,TSRA,0,0,,1,0,0.0
SBKP,Inverno,00-06,sem_intensidade,TS,0,0,,0,0,
SBKP,Inverno,00-06,sem_intensidade,TSRA,0,0,,2,0,0.0
SBKP,Inverno,00-06,sem_intensidade,+RA,0,0,,0,0,
SBKP,Inverno,06-12,exato,TS,0,0,,0,0,
SBKP,Inverno,06-12,exato,+RA,0,0,,0,0,
SBKP,Inverno,06-12,exato,+TSRA,0,0,,0,0,
SBKP,Inverno,06-12,exato,TSRA,15,0,0.0,0,0,
SBKP,Inverno,06-12,sem_intensidade,TS,0,0,,0,0,
SBKP,Inverno,06-12,sem_intensidade,TSRA,15,0,0.0,0,0,
SBKP,Inverno,06-12,sem_intensidade,+RA,0,0,,0,0,
SBKP,Inverno,12-18,exato,TS,0,0,,0,0,
SBKP,Inverno,12-18,exato,+RA,0,0,,0,0,
SBKP,Inverno,12-18,exato,+TSRA,0,0,,0,0,
SBKP,Inverno,12-18,exato,TSRA,53,2,3.8,2,2,100.0
SBKP,Inverno,12-18,sem_intensidade,TS,0,0,,0,0,
SBKP,Inverno,12-18,sem_intensidade,TSRA,53,10,18.9,10,10,100.0
SBKP,Inverno,12-18,sem_intensidade,+RA,0,0,,0,0,
SBKP,Inverno,18-24,exato,TS,0,0,,0,0,
SBKP,Inverno,18-24,exato,+RA,0,0,,3,0,0.0
SBKP,Inverno,18-24,exato,+TSRA,0,0,,0,0,
SBKP,Inverno,18-24,exato,TSRA,50,0,0.0,0,0,
SBKP,Inverno,18-24,sem_intensidade,TS,0,0,,0,0,
SBKP,Inverno,18-24,sem_intensidade,TSRA,50,0,0.0,0,0,
SBKP,Inverno,18-24,sem_intensidade,+RA,0,0,,3,0,0.0
SBKP,Inverno,TODOS,exato,TS,0,0,,0,0,
SBKP,Inverno,TODOS,exato,+RA,0,0,,3,0,0.0
SBKP,Inverno,TODOS,exato,+TSRA,0,0,,0,0,
SBKP,Inverno,TODOS,exato,TSRA,118,2,1.7,3,2,66.7
SBKP,Inverno,TODOS,sem_intensidade,TS,0,0,,0,0,
SBKP,Inverno,TODOS,sem_intensidade,TSRA,118,10,8.5,12,10,83.3
SBKP,Inverno,TODOS,sem_intensidade,+RA,0,0,,3,0,0.0
SBKP,Primavera,00-06,exato,TS,0,0,,11,0,0.0
SBKP,Primavera,00-06,exato,+RA,0,0,,0,0,
SBKP,Primavera,00-06,exato,+TSRA,0,0,,0,0,
SBKP,Primavera,00-06,exato,TSRA,1,0,0.0,8,0,0.0
SBKP,Primavera,00-06,sem_intensidade,TS,0,0,,11,0,0.0
SBKP,Primavera,00-06,sem_intensidade,TSRA,1,0,0.0,12,0,0.0
SBKP,Primavera,00-06,sem_intensidade,+RA,0,0,,0,0,
SBKP,Primavera,06-12,exato,TS,0,0,,1,0,0.0
SBKP,Primavera,06-12,exato,+RA,0,0,,0,0,
SBKP,Primavera,06-12,exato,+TSRA,0,0,,5,0,0.0
SBKP,Primavera,06-12,exato,TSRA,0,0,,10,0,0.0
SBKP,Primavera,06-12,sem_intensidade,TS,0,0,,1,0,0.0
SBKP,Primavera,06-12,sem_intensidade,TSRA,0,0,,29,0,0.0
SBKP,Primavera,06-12,sem_intensidade,+RA,0,0,,0,0,
SBKP,Primavera,12-18,exato,TS,0,0,,12,0,0.0
SBKP,Primavera,12-18,exato,+RA,0,0,,5,0,0.0
SBKP,Primavera,12-18,exato,+TSRA,0,0,,4,0,0.0
SBKP,Primavera,12-18,exato,TSRA,36,0,0.0,9,0,0.0
SBKP,Primavera,12-18,sem_intensidade,TS,0,0,,12,0,0.0
SBKP,Primavera,12-18,sem_intensidade,TSRA,36,0,0.0,22,0,0.0
SBKP,Primavera,12-18,sem_intensidade,+RA,0,0,,5,0,0.0
SBKP,Primavera,18-24,exato,TS,26,0,0.0,9,0,0.0
SBKP,Primavera,18-24,exato,+RA,0,0,,0,0,
SBKP,Primavera,18-24,exato,+TSRA,0,0,,5,0,0.0
SBKP,Primavera,18-24,exato,TSRA,291,9,3.1,13,9,69.2
SBKP,Primavera,18-24,sem_intensidade,TS,26,0,0.0,9,0,0.0
SBKP,Primavera,18-24,sem_intensidade,TSRA,291,23,7.9,69,23,33.3
SBKP,Primavera,18-24,sem_intensidade,+RA,0,0,,0,0,
SBKP,Primavera,TODOS,exato,TS,26,0,0.0,33,0,0.0
SBKP,Primavera,TODOS,exato,+RA,0,0,,5,0,0.0
SBKP,Primavera,TODOS,exato,+TSRA,0,0,,14,0,0.0
SBKP,Primavera,TODOS,exato,TSRA,328,9,2.7,40,9,22.5
SBKP,Primavera,TODOS,sem_intensidade,TS,26,0,0.0,33,0,0.0
SBKP,Primavera,TODOS,sem_intensidade,TSRA,328,23,7.0,132,23,17.4
SBKP,Primavera,TODOS,sem_intensidade,+RA,0,0,,5,0,0.0
SBKP,TODAS,00-06,exato,TS,4,0,0.0,35,0,0.0
SBKP,TODAS,00-06,exato,+RA,0,0,,0,0,
SBKP,TODAS,00-06,exato,+TSRA,0,0,,5,0,0.0
SBKP,TODAS,00-06,exato,TSRA,14,0,0.0,36,0,0.0
SBKP,TODAS,00-06,sem_intensidade,TS,4,0,0.0,35,0,0.0
SBKP,TODAS,00-06,sem_intensidade,TSRA,14,0,0.0,88,0,0.0
SBKP,TODAS,00-06,sem_intensidade,+RA,0,0,,0,0,
SBKP,TODAS,06-12,exato,TS,0,0,,2,0,0.0
SBKP,TODAS,06-12,exato,+RA,0,0,,2,0,0.0
SBKP,TODAS,06-12,exato,+TSRA,0,0,,6,0,0.0
SBKP,TODAS,06-12,exato,TSRA,31,0,0.0,11,0,0.0
SBKP,TODAS,06-12,sem_intensidade,TS,0,0,,2,0,0.0
SBKP,TODAS,06-12,sem_intensidade,TSRA,31,0,0.0,33,0,0.0
SBKP,TODAS,06-12,sem_intensidade,+RA,0,0,,2,0,0.0
SBKP,TODAS,12-18,exato,TS,0,0,,17,0,0.0
SBKP,TODAS,12-18,exato,+RA,0,0,,5,0,0.0
SBKP,TODAS,12-18,exato,+TSRA,0,0,,5,0,0.0
SBKP,TODAS,12-18,exato,TSRA,113,2,1.8,16,2,12.5
SBKP,TODAS,12-18,sem_intensidade,TS,0,0,,17,0,0.0
SBKP,TODAS,12-18,sem_intensidade,TSRA,113,10,8.8,41,10,24.4
SBKP,TODAS,12-18,sem_intensidade,+RA,0,0,,5,0,0.0
SBKP,TODAS,18-24,exato,TS,181,0,0.0,50,0,0.0
SBKP,TODAS,18-24,exato,+RA,0,0,,6,0,0.0
SBKP,TODAS,18-24,exato,+TSRA,0,0,,40,0,0.0
SBKP,TODAS,18-24,exato,TSRA,888,15,1.7,32,15,46.9
SBKP,TODAS,18-24,sem_intensidade,TS,181,0,0.0,50,0,0.0
SBKP,TODAS,18-24,sem_intensidade,TSRA,888,53,6.0,219,53,24.2
SBKP,TODAS,18-24,sem_intensidade,+RA,0,0,,6,0,0.0
SBKP,TODAS,TODOS,exato,TS,185,0,0.0,104,0,0.0
SBKP,TODAS,TODOS,exato,+RA,0,0,,13,0,0.0
SBKP,TODAS,TODOS,exato,+TSRA,0,0,,56,0,0.0
SBKP,TODAS,TODOS,exato,TSRA,1046,17,1.6,95,17,17.9
SBKP,TODAS,TODOS,sem_intensidade,TS,185,0,0.0,104,0,0.0
SBKP,TODAS,TODOS,sem_intensidade,TSRA,1046,63,6.0,381,63,16.5
SBKP,TODAS,TODOS,sem_intensidade,+RA,0,0,,13,0,0.0
SBLO,Verao,00-06,exato,TS,0,0,,0,0,
SBLO,Verao,00-06,exato,+RA,0,0,,0,0,
SBLO,Verao,00-06,exato,+TSRA,0,0,,1,0,0.0
SBLO,Verao,00-06,exato,TSRA,1,0,0.0,3,0,0.0
SBLO,Verao,00-06,sem_intensidade,TS,0,0,,0,0,
SBLO,Verao,00-06,sem_intensidade,TSRA,1,0,0.0,7,0,0.0
SBLO,Verao,00-06,sem_intensidade,+RA,0,0,,0,0,
SBLO,Verao,06-12,exato,TS,0,0,,0,0,
SBLO,Verao,06-12,exato,+RA,0,0,,0,0,
SBLO,Verao,06-12,exato,+TSRA,0,0,,0,0,
SBLO,Verao,06-12,exato,TSRA,0,0,,0,0,
SBLO,Verao,06-12,sem_intensidade,TS,0,0,,0,0,
SBLO,Verao,06-12,sem_intensidade,TSRA,0,0,,0,0,
SBLO,Verao,06-12,sem_intensidade,+RA,0,0,,0,0,
SBLO,Verao,12-18,exato,TS,0,0,,0,0,
SBLO,Verao,12-18,exato,+RA,0,0,,0,0,
SBLO,Verao,12-18,exato,+TSRA,0,0,,0,0,
SBLO,Verao,12-18,exato,TSRA,0,0,,0,0,
SBLO,Verao,12-18,sem_intensidade,TS,0,0,,0,0,
SBLO,Verao,12-18,sem_intensidade,TSRA,0,0,,0,0,
SBLO,Verao,12-18,sem_intensidade,+RA,0,0,,0,0,
SBLO,Verao,18-24,exato,TS,6,1,16.7,3,1,33.3
SBLO,Verao,18-24,exato,+RA,0,0,,1,0,0.0
SBLO,Verao,18-24,exato,+TSRA,0,0,,0,0,
SBLO,Verao,18-24,exato,TSRA,17,0,0.0,1,0,0.0
SBLO,Verao,18-24,sem_intensidade,TS,6,1,16.7,3,1,33.3
SBLO,Verao,18-24,sem_intensidade,TSRA,17,0,0.0,4,0,0.0
SBLO,Verao,18-24,sem_intensidade,+RA,0,0,,1,0,0.0
SBLO,Verao,TODOS,exato,TS,6,1,16.7,3,1,33.3
SBLO,Verao,TODOS,exato,+RA,0,0,,1,0,0.0
SBLO,Verao,TODOS,exato,+TSRA,0,0,,1,0,0.0
SBLO,Verao,TODOS,exato,TSRA,18,0,0.0,4,0,0.0
SBLO,Verao,TODOS,sem_intensidade,TS,6,1,16.7,3,1,33.3
SBLO,Verao,TODOS,sem_intensidade,TSRA,18,0,0.0,11,0,0.0
SBLO,Verao,TODOS,sem_intensidade,+RA,0,0,,1,0,0.0
SBLO,Outono,00-06,exato,TS,0,0,,0,0,
SBLO,Outono,00-06,exato,+RA,0,0,,0,0,
SBLO,Outono,00-06,exato,+TSRA,0,0,,0,0,
SBLO,Outono,00-06,exato,TSRA,2,0,0.0,0,0,
SBLO,Outono,00-06,sem_intensidade,TS,0,0,,0,0,
SBLO,Outono,00-06,sem_intensidade,TSRA,2,0,0.0,1,0,0.0
SBLO,Outono,00-06,sem_intensidade,+RA,0,0,,0,0,
SBLO,Outono,06-12,exato,TS,0,0,,0,0,
SBLO,Outono,06-12,exato,+RA,0,0,,0,0,
SBLO,Outono,06-12,exato,+TSRA,0,0,,0,0,
SBLO,Outono,06-12,exato,TSRA,0,0,,0,0,
SBLO,Outono,06-12,sem_intensidade,TS,0,0,,0,0,
SBLO,Outono,06-12,sem_intensidade,TSRA,0,0,,0,0,
SBLO,Outono,06-12,sem_intensidade,+RA,0,0,,0,0,
SBLO,Outono,12-18,exato,TS,0,0,,0,0,
SBLO,Outono,12-18,exato,+RA,0,0,,0,0,
SBLO,Outono,12-18,exato,+TSRA,0,0,,0,0,
SBLO,Outono,12-18,exato,TSRA,2,0,0.0,0,0,
SBLO,Outono,12-18,sem_intensidade,TS,0,0,,0,0,
SBLO,Outono,12-18,sem_intensidade,TSRA,2,0,0.0,0,0,
SBLO,Outono,12-18,sem_intensidade,+RA,0,0,,0,0,
SBLO,Outono,18-24,exato,TS,2,0,0.0,1,0,0.0
SBLO,Outono,18-24,exato,+RA,0,0,,0,0,
SBLO,Outono,18-24,exato,+TSRA,0,0,,0,0,
SBLO,Outono,18-24,exato,TSRA,19,1,5.3,1,1,100.0
SBLO,Outono,18-24,sem_intensidade,TS,2,0,0.0,1,0,0.0
SBLO,Outono,18-24,sem_intensidade,TSRA,19,1,5.3,1,1,100.0
SBLO,Outono,18-24,sem_intensidade,+RA,0,0,,0,0,
SBLO,Outono,TODOS,exato,TS,2,0,0.0,1,0,0.0
SBLO,Outono,TODOS,exato,+RA,0,0,,0,0,
SBLO,Outono,TODOS,exato,+TSRA,0,0,,0,0,
SBLO,Outono,TODOS,exato,TSRA,23,1,4.3,1,1,100.0
SBLO,Outono,TODOS,sem_intensidade,TS,2,0,0.0,1,0,0.0
SBLO,Outono,TODOS,sem_intensidade,TSRA,23,1,4.3,2,1,50.0
SBLO,Outono,TODOS,sem_intensidade,+RA,0,0,,0,0,
SBLO,Inverno,00-06,exato,TS,0,0,,2,0,0.0
SBLO,Inverno,00-06,exato,+RA,0,0,,0,0,
SBLO,Inverno,00-06,exato,+TSRA,0,0,,0,0,
SBLO,Inverno,00-06,exato,TSRA,0,0,,0,0,
SBLO,Inverno,00-06,sem_intensidade,TS,0,0,,2,0,0.0
SBLO,Inverno,00-06,sem_intensidade,TSRA,0,0,,0,0,
SBLO,Inverno,00-06,sem_intensidade,+RA,0,0,,0,0,
SBLO,Inverno,06-12,exato,TS,0,0,,0,0,
SBLO,Inverno,06-12,exato,+RA,0,0,,0,0,
SBLO,Inverno,06-12,exato,+TSRA,0,0,,0,0,
SBLO,Inverno,06-12,exato,TSRA,0,0,,0,0,
SBLO,Inverno,06-12,sem_intensidade,TS,0,0,,0,0,
SBLO,Inverno,06-12,sem_intensidade,TSRA,0,0,,0,0,
SBLO,Inverno,06-12,sem_intensidade,+RA,0,0,,0,0,
SBLO,Inverno,12-18,exato,TS,0,0,,0,0,
SBLO,Inverno,12-18,exato,+RA,0,0,,0,0,
SBLO,Inverno,12-18,exato,+TSRA,0,0,,0,0,
SBLO,Inverno,12-18,exato,TSRA,0,0,,0,0,
SBLO,Inverno,12-18,sem_intensidade,TS,0,0,,0,0,
SBLO,Inverno,12-18,sem_intensidade,TSRA,0,0,,1,0,0.0
SBLO,Inverno,12-18,sem_intensidade,+RA,0,0,,0,0,
SBLO,Inverno,18-24,exato,TS,2,0,0.0,0,0,
SBLO,Inverno,18-24,exato,+RA,0,0,,0,0,
SBLO,Inverno,18-24,exato,+TSRA,0,0,,0,0,
SBLO,Inverno,18-24,exato,TSRA,6,1,16.7,1,1,100.0
SBLO,Inverno,18-24,sem_intensidade,TS,2,0,0.0,0,0,
SBLO,Inverno,18-24,sem_intensidade,TSRA,6,1,16.7,2,1,50.0
SBLO,Inverno,18-24,sem_intensidade,+RA,0,0,,0,0,
SBLO,Inverno,TODOS,exato,TS,2,0,0.0,2,0,0.0
SBLO,Inverno,TODOS,exato,+RA,0,0,,0,0,
SBLO,Inverno,TODOS,exato,+TSRA,0,0,,0,0,
SBLO,Inverno,TODOS,exato,TSRA,6,1,16.7,1,1,100.0
SBLO,Inverno,TODOS,sem_intensidade,TS,2,0,0.0,2,0,0.0
SBLO,Inverno,TODOS,sem_intensidade,TSRA,6,1,16.7,3,1,33.3
SBLO,Inverno,TODOS,sem_intensidade,+RA,0,0,,0,0,
SBLO,Primavera,00-06,exato,TS,0,0,,0,0,
SBLO,Primavera,00-06,exato,+RA,0,0,,0,0,
SBLO,Primavera,00-06,exato,+TSRA,0,0,,2,0,0.0
SBLO,Primavera,00-06,exato,TSRA,8,0,0.0,0,0,
SBLO,Primavera,00-06,sem_intensidade,TS,0,0,,0,0,
SBLO,Primavera,00-06,sem_intensidade,TSRA,8,0,0.0,4,0,0.0
SBLO,Primavera,00-06,sem_intensidade,+RA,0,0,,0,0,
SBLO,Primavera,06-12,exato,TS,0,0,,0,0,
SBLO,Primavera,06-12,exato,+RA,0,0,,0,0,
SBLO,Primavera,06-12,exato,+TSRA,0,0,,0,0,
SBLO,Primavera,06-12,exato,TSRA,0,0,,0,0,
SBLO,Primavera,06-12,sem_intensidade,TS,0,0,,0,0,
SBLO,Primavera,06-12,sem_intensidade,TSRA,0,0,,0,0,
SBLO,Primavera,06-12,sem_intensidade,+RA,0,0,,0,0,
SBLO,Primavera,12-18,exato,TS,3,0,0.0,0,0,
SBLO,Primavera,12-18,exato,+RA,0,0,,0,0,
SBLO,Primavera,12-18,exato,+TSRA,0,0,,0,0,
SBLO,Primavera,12-18,exato,TSRA,7,0,0.0,2,0,0.0
SBLO,Primavera,12-18,sem_intensidade,TS,3,0,0.0,0,0,
SBLO,Primavera,12-18,sem_intensidade,TSRA,7,2,28.6,4,2,50.0
SBLO,Primavera,12-18,sem_intensidade,+RA,0,0,,0,0,
SBLO,Primavera,18-24,exato,TS,0,0,,0,0,
SBLO,Primavera,18-24,exato,+RA,0,0,,0,0,
SBLO,Primavera,18-24,exato,+TSRA,0,0,,1,0,0.0
SBLO,Primavera,18-24,exato,TSRA,21,1,4.8,1,1,100.0
SBLO,Primavera,18-24,sem_intensidade,TS,0,0,,0,0,
SBLO,Primavera,18-24,sem_intensidade,TSRA,21,3,14.3,4,3,75.0
SBLO,Primavera,18-24,sem_intensidade,+RA,0,0,,0,0,
SBLO,Primavera,TODOS,exato,TS,3,0,0.0,0,0,
SBLO,Primavera,TODOS,exato,+RA,0,0,,0,0,
SBLO,Primavera,TODOS,exato,+TSRA,0,0,,3,0,0.0
SBLO,Primavera,TODOS,exato,TSRA,36,1,2.8,3,1,33.3
SBLO,Primavera,TODOS,sem_intensidade,TS,3,0,0.0,0,0,
SBLO,Primavera,TODOS,sem_intensidade,TSRA,36,5,13.9,12,5,41.7
SBLO,Primavera,TODOS,sem_intensidade,+RA,0,0,,0,0,
SBLO,TODAS,00-06,exato,TS,0,0,,2,0,0.0
SBLO,TODAS,00-06,exato,+RA,0,0,,0,0,
SBLO,TODAS,00-06,exato,+TSRA,0,0,,3,0,0.0
SBLO,TODAS,00-06,exato,TSRA,11,0,0.0,3,0,0.0
SBLO,TODAS,00-06,sem_intensidade,TS,0,0,,2,0,0.0
SBLO,TODAS,00-06,sem_intensidade,TSRA,11,0,0.0,12,0,0.0
SBLO,TODAS,00-06,sem_intensidade,+RA,0,0,,0,0,
SBLO,TODAS,06-12,exato,TS,0,0,,0,0,
SBLO,TODAS,06-12,exato,+RA,0,0,,0,0,
SBLO,TODAS,06-12,exato,+TSRA,0,0,,0,0,
SBLO,TODAS,06-12,exato,TSRA,0,0,,0,0,
SBLO,TODAS,06-12,sem_intensidade,TS,0,0,,0,0,
SBLO,TODAS,06-12,sem_intensidade,TSRA,0,0,,0,0,
SBLO,TODAS,06-12,sem_intensidade,+RA,0,0,,0,0,
SBLO,TODAS,12-18,exato,TS,3,0,0.0,0,0,
SBLO,TODAS,12-18,exato,+RA,0,0,,0,0,
SBLO,TODAS,12-18,exato,+TSRA,0,0,,0,0,
SBLO,TODAS,12-18,exato,TSRA,9,0,0.0,2,0,0.0
SBLO,TODAS,12-18,sem_intensidade,TS,3,0,0.0,0,0,
SBLO,TODAS,12-18,sem_intensidade,TSRA,9,2,22.2,5,2,40.0
SBLO,TODAS,12-18,sem_intensidade,+RA,0,0,,0,0,
SBLO,TODAS,18-24,exato,TS,10,1,10.0,4,1,25.0
SBLO,TODAS,18-24,exato,+RA,0,0,,1,0,0.0
SBLO,TODAS,18-24,exato,+TSRA,0,0,,1,0,0.0
SBLO,TODAS,18-24,exato,TSRA,63,3,4.8,4,3,75.0
SBLO,TODAS,18-24,sem_intensidade,TS,10,1,10.0,4,1,25.0
SBLO,TODAS,18-24,sem_intensidade,TSRA,63,5,7.9,11,5,45.5
SBLO,TODAS,18-24,sem_intensidade,+RA,0,0,,1,0,0.0
SBLO,TODAS,TODOS,exato,TS,13,1,7.7,6,1,16.7
SBLO,TODAS,TODOS,exato,+RA,0,0,,1,0,0.0
SBLO,TODAS,TODOS,exato,+TSRA,0,0,,4,0,0.0
SBLO,TODAS,TODOS,exato,TSRA,83,3,3.6,9,3,33.3
SBLO,TODAS,TODOS,sem_intensidade,TS,13,1,7.7,6,1,16.7
SBLO,TODAS,TODOS,sem_intensidade,TSRA,83,7,8.4,28,7,25.0
SBLO,TODAS,TODOS,sem_intensidade,+RA,0,0,,1,0,0.0
SBMA,Verao,00-06,exato,TS,4,0,0.0,1,0,0.0
SBMA,Verao,00-06,exato,+RA,0,0,,1,0,0.0
SBMA,Verao,00-06,exato,+TSRA,0,0,,0,0,
SBMA,Verao,00-06,exato,TSRA,15,0,0.0,0,0,
SBMA,Verao,00-06,sem_intensidade,TS,4,0,0.0,1,0,0.0
SBMA,Verao,00-06,sem_intensidade,TSRA,15,0,0.0,7,0,0.0
SBMA,Verao,00-06,sem_intensidade,+RA,0,0,,1,0,0.0
SBMA,Verao,06-12,exato,TS,0,0,,0,0,
SBMA,Verao,06-12,exato,+RA,0,0,,0,0,
SBMA,Verao,06-12,exato,+TSRA,0,0,,0,0,
SBMA,Verao,06-12,exato,TSRA,0,0,,0,0,
SBMA,Verao,06-12,sem_intensidade,TS,0,0,,0,0,
SBMA,Verao,06-12,sem_intensidade,TSRA,0,0,,0,0,
SBMA,Verao,06-12,sem_intensidade,+RA,0,0,,0,0,
SBMA,Verao,12-18,exato,TS,1,0,0.0,0,0,
SBMA,Verao,12-18,exato,+RA,0,0,,0,0,
SBMA,Verao,12-18,exato,+TSRA,0,0,,0,0,
SBMA,Verao,12-18,exato,TSRA,2,0,0.0,0,0,
SBMA,Verao,12-18,sem_intensidade,TS,1,0,0.0,0,0,
SBMA,Verao,12-18,sem_intensidade,TSRA,2,0,0.0,0,0,
SBMA,Verao,12-18,sem_intensidade,+RA,0,0,,0,0,
SBMA,Verao,18-24,exato,TS,21,0,0.0,1,0,0.0
SBMA,Verao,18-24,exato,+RA,0,0,,0,0,
SBMA,Verao,18-24,exato,+TSRA,0,0,,0,0,
SBMA,Verao,18-24,exato,TSRA,14,0,0.0,0,0,
SBMA,Verao,18-24,sem_intensidade,TS,21,0,0.0,1,0,0.0
SBMA,Verao,18-24,sem_intensidade,TSRA,14,0,0.0,0,0,
SBMA,Verao,18-24,sem_intensidade,+RA,0,0,,0,0,
SBMA,Verao,TODOS,exato,TS,26,0,0.0,2,0,0.0
SBMA,Verao,TODOS,exato,+RA,0,0,,1,0,0.0
SBMA,Verao,TODOS,exato,+TSRA,0,0,,0,0,
SBMA,Verao,TODOS,exato,TSRA,31,0,0.0,0,0,
SBMA,Verao,TODOS,sem_intensidade,TS,26,0,0.0,2,0,0.0
SBMA,Verao,TODOS,sem_intensidade,TSRA,31,0,0.0,7,0,0.0
SBMA,Verao,TODOS,sem_intensidade,+RA,0,0,,1,0,0.0
SBMA,Outono,00-06,exato,TS,4,0,0.0,1,0,0.0
SBMA,Outono,00-06,exato,+RA,0,0,,0,0,
SBMA,Outono,00-06,exato,+TSRA,0,0,,0,0,
SBMA,Outono,00-06,exato,TSRA,6,0,0.0,0,0,
SBMA,Outono,00-06,sem_intensidade,TS,4,0,0.0,1,0,0.0
SBMA,Outono,00-06,sem_intensidade,TSRA,6,0,0.0,2,0,0.0
SBMA,Outono,00-06,sem_intensidade,+RA,0,0,,0,0,
SBMA,Outono,06-12,exato,TS,0,0,,0,0,
SBMA,Outono,06-12,exato,+RA,0,0,,0,0,
SBMA,Outono,06-12,exato,+TSRA,0,0,,0,0,
SBMA,Outono,06-12,exato,TSRA,0,0,,0,0,
SBMA,Outono,06-12,sem_intensidade,TS,0,0,,0,0,
SBMA,Outono,06-12,sem_intensidade,TSRA,0,0,,0,0,
SBMA,Outono,06-12,sem_intensidade,+RA,0,0,,0,0,
SBMA,Outono,12-18,exato,TS,2,0,0.0,0,0,
SBMA,Outono,12-18,exato,+RA,0,0,,0,0,
SBMA,Outono,12-18,exato,+TSRA,0,0,,0,0,
SBMA,Outono,12-18,exato,TSRA,1,0,0.0,0,0,
SBMA,Outono,12-18,sem_intensidade,TS,2,0,0.0,0,0,
SBMA,Outono,12-18,sem_intensidade,TSRA,1,0,0.0,0,0,
SBMA,Outono,12-18,sem_intensidade,+RA,0,0,,0,0,
SBMA,Outono,18-24,exato,TS,14,0,0.0,1,0,0.0
SBMA,Outono,18-24,exato,+RA,0,0,,0,0,
SBMA,Outono,18-24,exato,+TSRA,0,0,,0,0,
SBMA,Outono,18-24,exato,TSRA,15,0,0.0,0,0,
SBMA,Outono,18-24,sem_intensidade,TS,14,0,0.0,1,0,0.0
SBMA,Outono,18-24,sem_intensidade,TSRA,15,1,6.7,2,1,50.0
SBMA,Outono,18-24,sem_intensidade,+RA,0,0,,0,0,
SBMA,Outono,TODOS,exato,TS,20,0,0.0,2,0,0.0
SBMA,Outono,TODOS,exato,+RA,0,0,,0,0,
SBMA,Outono,TODOS,exato,+TSRA,0,0,,0,0,
SBMA,Outono,TODOS,exato,TSRA,22,0,0.0,0,0,
SBMA,Outono,TODOS,sem_intensidade,TS,20,0,0.0,2,0,0.0
SBMA,Outono,TODOS,sem_intensidade,TSRA,22,1,4.5,4,1,25.0
SBMA,Outono,TODOS,sem_intensidade,+RA,0,0,,0,0,
SBMA,Inverno,00-06,exato,TS,0,0,,0,0,
SBMA,Inverno,00-06,exato,+RA,0,0,,0,0,
SBMA,Inverno,00-06,exato,+TSRA,0,0,,0,0,
SBMA,Inverno,00-06,exato,TSRA,0,0,,0,0,
SBMA,Inverno,00-06,sem_intensidade,TS,0,0,,0,0,
SBMA,Inverno,00-06,sem_intensidade,TSRA,0,0,,0,0,
SBMA,Inverno,00-06,sem_intensidade,+RA,0,0,,0,0,
SBMA,Inverno,06-12,exato,TS,0,0,,0,0,
SBMA,Inverno,06-12,exato,+RA,0,0,,0,0,
SBMA,Inverno,06-12,exato,+TSRA,0,0,,0,0,
SBMA,Inverno,06-12,exato,TSRA,0,0,,0,0,
SBMA,Inverno,06-12,sem_intensidade,TS,0,0,,0,0,
SBMA,Inverno,06-12,sem_intensidade,TSRA,0,0,,0,0,
SBMA,Inverno,06-12,sem_intensidade,+RA,0,0,,0,0,
SBMA,Inverno,12-18,exato,TS,0,0,,0,0,
SBMA,Inverno,12-18,exato,+RA,0,0,,0,0,
SBMA,Inverno,12-18,exato,+TSRA,0,0,,0,0,
SBMA,Inverno,12-18,exato,TSRA,1,0,0.0,0,0,
SBMA,Inverno,12-18,sem_intensidade,TS,0,0,,0,0,
SBMA,Inverno,12-18,sem_intensidade,TSRA,1,0,0.0,0,0,
SBMA,Inverno,12-18,sem_intensidade,+RA,0,0,,0,0,
SBMA,Inverno,18-24,exato,TS,3,0,0.0,0,0,
SBMA,Inverno,18-24,exato,+RA,0,0,,0,0,
SBMA,Inverno,18-24,exato,+TSRA,0,0,,0,0,
SBMA,Inverno,18-24,exato,TSRA,0,0,,0,0,
SBMA,Inverno,18-24,sem_intensidade,TS,3,0,0.0,0,0,
SBMA,Inverno,18-24,sem_intensidade,TSRA,0,0,,0,0,
SBMA,Inverno,18-24,sem_intensidade,+RA,0,0,,0,0,
SBMA,Inverno,TODOS,exato,TS,3,0,0.0,0,0,
SBMA,Inverno,TODOS,exato,+RA,0,0,,0,0,
SBMA,Inverno,TODOS,exato,+TSRA,0,0,,0,0,
SBMA,Inverno,TODOS,exato,TSRA,1,0,0.0,0,0,
SBMA,Inverno,TODOS,sem_intensidade,TS,3,0,0.0,0,0,
SBMA,Inverno,TODOS,sem_intensidade,TSRA,1,0,0.0,0,0,
SBMA,Inverno,TODOS,sem_intensidade,+RA,0,0,,0,0,
SBMA,Primavera,00-06,exato,TS,2,0,0.0,1,0,0.0
SBMA,Primavera,00-06,exato,+RA,0,0,,0,0,
SBMA,Primavera,00-06,exato,+TSRA,0,0,,0,0,
SBMA,Primavera,00-06,exato,TSRA,9,0,0.0,0,0,
SBMA,Primavera,00-06,sem_intensidade,TS,2,0,0.0,1,0,0.0
SBMA,Primavera,00-06,sem_intensidade,TSRA,9,0,0.0,0,0,
SBMA,Primavera,00-06,sem_intensidade,+RA,0,0,,0,0,
SBMA,Primavera,06-12,exato,TS,0,0,,0,0,
SBMA,Primavera,06-12,exato,+RA,0,0,,0,0,
SBMA,Primavera,06-12,exato,+TSRA,0,0,,0,0,
SBMA,Primavera,06-12,exato,TSRA,0,0,,0,0,
SBMA,Primavera,06-12,sem_intensidade,TS,0,0,,0,0,
SBMA,Primavera,06-12,sem_intensidade,TSRA,0,0,,0,0,
SBMA,Primavera,06-12,sem_intensidade,+RA,0,0,,0,0,
SBMA,Primavera,12-18,exato,TS,2,0,0.0,0,0,
SBMA,Primavera,12-18,exato,+RA,0,0,,0,0,
SBMA,Primavera,12-18,exato,+TSRA,0,0,,0,0,
SBMA,Primavera,12-18,exato,TSRA,1,0,0.0,0,0,
SBMA,Primavera,12-18,sem_intensidade,TS,2,0,0.0,0,0,
SBMA,Primavera,12-18,sem_intensidade,TSRA,1,0,0.0,0,0,
SBMA,Primavera,12-18,sem_intensidade,+RA,0,0,,0,0,
SBMA,Primavera,18-24,exato,TS,10,0,0.0,0,0,
SBMA,Primavera,18-24,exato,+RA,0,0,,0,0,
SBMA,Primavera,18-24,exato,+TSRA,0,0,,0,0,
SBMA,Primavera,18-24,exato,TSRA,11,0,0.0,0,0,
SBMA,Primavera,18-24,sem_intensidade,TS,10,0,0.0,0,0,
SBMA,Primavera,18-24,sem_intensidade,TSRA,11,0,0.0,0,0,
SBMA,Primavera,18-24,sem_intensidade,+RA,0,0,,0,0,
SBMA,Primavera,TODOS,exato,TS,14,0,0.0,1,0,0.0
SBMA,Primavera,TODOS,exato,+RA,0,0,,0,0,
SBMA,Primavera,TODOS,exato,+TSRA,0,0,,0,0,
SBMA,Primavera,TODOS,exato,TSRA,21,0,0.0,0,0,
SBMA,Primavera,TODOS,sem_intensidade,TS,14,0,0.0,1,0,0.0
SBMA,Primavera,TODOS,sem_intensidade,TSRA,21,0,0.0,0,0,
SBMA,Primavera,TODOS,sem_intensidade,+RA,0,0,,0,0,
SBMA,TODAS,00-06,exato,TS,10,0,0.0,3,0,0.0
SBMA,TODAS,00-06,exato,+RA,0,0,,1,0,0.0
SBMA,TODAS,00-06,exato,+TSRA,0,0,,0,0,
SBMA,TODAS,00-06,exato,TSRA,30,0,0.0,0,0,
SBMA,TODAS,00-06,sem_intensidade,TS,10,0,0.0,3,0,0.0
SBMA,TODAS,00-06,sem_intensidade,TSRA,30,0,0.0,9,0,0.0
SBMA,TODAS,00-06,sem_intensidade,+RA,0,0,,1,0,0.0
SBMA,TODAS,06-12,exato,TS,0,0,,0,0,
SBMA,TODAS,06-12,exato,+RA,0,0,,0,0,
SBMA,TODAS,06-12,exato,+TSRA,0,0,,0,0,
SBMA,TODAS,06-12,exato,TSRA,0,0,,0,0,
SBMA,TODAS,06-12,sem_intensidade,TS,0,0,,0,0,
SBMA,TODAS,06-12,sem_intensidade,TSRA,0,0,,0,0,
SBMA,TODAS,06-12,sem_intensidade,+RA,0,0,,0,0,
SBMA,TODAS,12-18,exato,TS,5,0,0.0,0,0,
SBMA,TODAS,12-18,exato,+RA,0,0,,0,0,
SBMA,TODAS,12-18,exato,+TSRA,0,0,,0,0,
SBMA,TODAS,12-18,exato,TSRA,5,0,0.0,0,0,
SBMA,TODAS,12-18,sem_intensidade,TS,5,0,0.0,0,0,
SBMA,TODAS,12-18,sem_intensidade,TSRA,5,0,0.0,0,0,
SBMA,TODAS,12-18,sem_intensidade,+RA,0,0,,0,0,
SBMA,TODAS,18-24,exato,TS,48,0,0.0,2,0,0.0
SBMA,TODAS,18-24,exato,+RA,0,0,,0,0,
SBMA,TODAS,18-24,exato,+TSRA,0,0,,0,0,
SBMA,TODAS,18-24,exato,TSRA,40,0,0.0,0,0,
SBMA,TODAS,18-24,sem_intensidade,TS,48,0,0.0,2,0,0.0
SBMA,TODAS,18-24,sem_intensidade,TSRA,40,1,2.5,2,1,50.0
SBMA,TODAS,18-24,sem_intensidade,+RA,0,0,,0,0,
SBMA,TODAS,TODOS,exato,TS,63,0,0.0,5,0,0.0
SBMA,TODAS,TODOS,exato,+RA,0,0,,1,0,0.0
SBMA,TODAS,TODOS,exato,+TSRA,0,0,,0,0,
SBMA,TODAS,TODOS,exato,TSRA,75,0,0.0,0,0,
SBMA,TODAS,TODOS,sem_intensidade,TS,63,0,0.0,5,0,0.0
SBMA,TODAS,TODOS,sem_intensidade,TSRA,75,1,1.3,11,1,9.1
SBMA,TODAS,TODOS,sem_intensidade,+RA,0,0,,1,0,0.0
SBMK,Verao,00-06,exato,TS,0,0,,0,0,
SBMK,Verao,00-06,exato,+RA,0,0,,0,0,
SBMK,Verao,00-06,exato,+TSRA,0,0,,0,0,
SBMK,Verao,00-06,exato,TSRA,0,0,,0,0,
SBMK,Verao,00-06,sem_intensidade,TS,0,0,,0,0,
SBMK,Verao,00-06,sem_intensidade,TSRA,0,0,,0,0,
SBMK,Verao,00-06,sem_intensidade,+RA,0,0,,0,0,
SBMK,Verao,06-12,exato,TS,0,0,,0,0,
SBMK,Verao,06-12,exato,+RA,0,0,,0,0,
SBMK,Verao,06-12,exato,+TSRA,0,0,,0,0,
SBMK,Verao,06-12,exato,TSRA,0,0,,0,0,
SBMK,Verao,06-12,sem_intensidade,TS,0,0,,0,0,
SBMK,Verao,06-12,sem_intensidade,TSRA,0,0,,0,0,
SBMK,Verao,06-12,sem_intensidade,+RA,0,0,,0,0,
SBMK,Verao,12-18,exato,TS,1,0,0.0,0,0,
SBMK,Verao,12-18,exato,+RA,0,0,,0,0,
SBMK,Verao,12-18,exato,+TSRA,0,0,,0,0,
SBMK,Verao,12-18,exato,TSRA,2,0,0.0,0,0,
SBMK,Verao,12-18,sem_intensidade,TS,1,0,0.0,0,0,
SBMK,Verao,12-18,sem_intensidade,TSRA,2,0,0.0,1,0,0.0
SBMK,Verao,12-18,sem_intensidade,+RA,0,0,,0,0,
SBMK,Verao,18-24,exato,TS,0,0,,0,0,
SBMK,Verao,18-24,exato,+RA,0,0,,0,0,
SBMK,Verao,18-24,exato,+TSRA,0,0,,0,0,
SBMK,Verao,18-24,exato,TSRA,9,0,0.0,0,0,
SBMK,Verao,18-24,sem_intensidade,TS,0,0,,0,0,
SBMK,Verao,18-24,sem_intensidade,TSRA,9,0,0.0,1,0,0.0
SBMK,Verao,18-24,sem_intensidade,+RA,0,0,,0,0,
SBMK,Verao,TODOS,exato,TS,1,0,0.0,0,0,
SBMK,Verao,TODOS,exato,+RA,0,0,,0,0,
SBMK,Verao,TODOS,exato,+TSRA,0,0,,0,0,
SBMK,Verao,TODOS,exato,TSRA,11,0,0.0,0,0,
SBMK,Verao,TODOS,sem_intensidade,TS,1,0,0.0,0,0,
SBMK,Verao,TODOS,sem_intensidade,TSRA,11,0,0.0,2,0,0.0
SBMK,Verao,TODOS,sem_intensidade,+RA,0,0,,0,0,
SBMK,Outono,00-06,exato,TS,0,0,,0,0,
SBMK,Outono,00-06,exato,+RA,0,0,,0,0,
SBMK,Outono,00-06,exato,+TSRA,0,0,,0,0,
SBMK,Outono,00-06,exato,TSRA,0,0,,0,0,
SBMK,Outono,00-06,sem_intensidade,TS,0,0,,0,0,
SBMK,Outono,00-06,sem_intensidade,TSRA,0,0,,0,0,
SBMK,Outono,00-06,sem_intensidade,+RA,0,0,,0,0,
SBMK,Outono,06-12,exato,TS,0,0,,0,0,
SBMK,Outono,06-12,exato,+RA,0,0,,0,0,
SBMK,Outono,06-12,exato,+TSRA,0,0,,0,0,
SBMK,Outono,06-12,exato,TSRA,0,0,,0,0,
SBMK,Outono,06-12,sem_intensidade,TS,0,0,,0,0,
SBMK,Outono,06-12,sem_intensidade,TSRA,0,0,,0,0,
SBMK,Outono,06-12,sem_intensidade,+RA,0,0,,0,0,
SBMK,Outono,12-18,exato,TS,0,0,,0,0,
SBMK,Outono,12-18,exato,+RA,0,0,,0,0,
SBMK,Outono,12-18,exato,+TSRA,0,0,,0,0,
SBMK,Outono,12-18,exato,TSRA,0,0,,0,0,
SBMK,Outono,12-18,sem_intensidade,TS,0,0,,0,0,
SBMK,Outono,12-18,sem_intensidade,TSRA,0,0,,0,0,
SBMK,Outono,12-18,sem_intensidade,+RA,0,0,,0,0,
SBMK,Outono,18-24,exato,TS,0,0,,0,0,
SBMK,Outono,18-24,exato,+RA,0,0,,0,0,
SBMK,Outono,18-24,exato,+TSRA,0,0,,0,0,
SBMK,Outono,18-24,exato,TSRA,2,0,0.0,0,0,
SBMK,Outono,18-24,sem_intensidade,TS,0,0,,0,0,
SBMK,Outono,18-24,sem_intensidade,TSRA,2,0,0.0,0,0,
SBMK,Outono,18-24,sem_intensidade,+RA,0,0,,0,0,
SBMK,Outono,TODOS,exato,TS,0,0,,0,0,
SBMK,Outono,TODOS,exato,+RA,0,0,,0,0,
SBMK,Outono,TODOS,exato,+TSRA,0,0,,0,0,
SBMK,Outono,TODOS,exato,TSRA,2,0,0.0,0,0,
SBMK,Outono,TODOS,sem_intensidade,TS,0,0,,0,0,
SBMK,Outono,TODOS,sem_intensidade,TSRA,2,0,0.0,0,0,
SBMK,Outono,TODOS,sem_intensidade,+RA,0,0,,0,0,
SBMK,Inverno,00-06,exato,TS,0,0,,0,0,
SBMK,Inverno,00-06,exato,+RA,0,0,,0,0,
SBMK,Inverno,00-06,exato,+TSRA,0,0,,0,0,
SBMK,Inverno,00-06,exato,TSRA,0,0,,0,0,
SBMK,Inverno,00-06,sem_intensidade,TS,0,0,,0,0,
SBMK,Inverno,00-06,sem_intensidade,TSRA,0,0,,0,0,
SBMK,Inverno,00-06,sem_intensidade,+RA,0,0,,0,0,
SBMK,Inverno,06-12,exato,TS,0,0,,0,0,
SBMK,Inverno,06-12,exato,+RA,0,0,,0,0,
SBMK,Inverno,06-12,exato,+TSRA,0,0,,0,0,
SBMK,Inverno,06-12,exato,TSRA,0,0,,0,0,
SBMK,Inverno,06-12,sem_intensidade,TS,0,0,,0,0,
SBMK,Inverno,06-12,sem_intensidade,TSRA,0,0,,0,0,
SBMK,Inverno,06-12,sem_intensidade,+RA,0,0,,0,0,
SBMK,Inverno,12-18,exato,TS,0,0,,0,0,
SBMK,Inverno,12-18,exato,+RA,0,0,,0,0,
SBMK,Inverno,12-18,exato,+TSRA,0,0,,0,0,
SBMK,Inverno,12-18,exato,TSRA,0,0,,0,0,
SBMK,Inverno,12-18,sem_intensidade,TS,0,0,,0,0,
SBMK,Inverno,12-18,sem_intensidade,TSRA,0,0,,0,0,
SBMK,Inverno,12-18,sem_intensidade,+RA,0,0,,0,0,
SBMK,Inverno,18-24,exato,TS,0,0,,0,0,
SBMK,Inverno,18-24,exato,+RA,0,0,,0,0,
SBMK,Inverno,18-24,exato,+TSRA,0,0,,0,0,
SBMK,Inverno,18-24,exato,TSRA,0,0,,0,0,
SBMK,Inverno,18-24,sem_intensidade,TS,0,0,,0,0,
SBMK,Inverno,18-24,sem_intensidade,TSRA,0,0,,0,0,
SBMK,Inverno,18-24,sem_intensidade,+RA,0,0,,0,0,
SBMK,Inverno,TODOS,exato,TS,0,0,,0,0,
SBMK,Inverno,TODOS,exato,+RA,0,0,,0,0,
SBMK,Inverno,TODOS,exato,+TSRA,0,0,,0,0,
SBMK,Inverno,TODOS,exato,TSRA,0,0,,0,0,
SBMK,Inverno,TODOS,sem_intensidade,TS,0,0,,0,0,
SBMK,Inverno,TODOS,sem_intensidade,TSRA,0,0,,0,0,
SBMK,Inverno,TODOS,sem_intensidade,+RA,0,0,,0,0,
SBMK,Primavera,00-06,exato,TS,0,0,,0,0,
SBMK,Primavera,00-06,exato,+RA,0,0,,0,0,
SBMK,Primavera,00-06,exato,+TSRA,0,0,,0,0,
SBMK,Primavera,00-06,exato,TSRA,0,0,,0,0,
SBMK,Primavera,00-06,sem_intensidade,TS,0,0,,0,0,
SBMK,Primavera,00-06,sem_intensidade,TSRA,0,0,,0,0,
SBMK,Primavera,00-06,sem_intensidade,+RA,0,0,,0,0,
SBMK,Primavera,06-12,exato,TS,0,0,,0,0,
SBMK,Primavera,06-12,exato,+RA,0,0,,0,0,
SBMK,Primavera,06-12,exato,+TSRA,0,0,,0,0,
SBMK,Primavera,06-12,exato,TSRA,0,0,,0,0,
SBMK,Primavera,06-12,sem_intensidade,TS,0,0,,0,0,
SBMK,Primavera,06-12,sem_intensidade,TSRA,0,0,,0,0,
SBMK,Primavera,06-12,sem_intensidade,+RA,0,0,,0,0,
SBMK,Primavera,12-18,exato,TS,0,0,,0,0,
SBMK,Primavera,12-18,exato,+RA,0,0,,0,0,
SBMK,Primavera,12-18,exato,+TSRA,0,0,,0,0,
SBMK,Primavera,12-18,exato,TSRA,1,0,0.0,0,0,
SBMK,Primavera,12-18,sem_intensidade,TS,0,0,,0,0,
SBMK,Primavera,12-18,sem_intensidade,TSRA,1,0,0.0,1,0,0.0
SBMK,Primavera,12-18,sem_intensidade,+RA,0,0,,0,0,
SBMK,Primavera,18-24,exato,TS,0,0,,0,0,
SBMK,Primavera,18-24,exato,+RA,0,0,,0,0,
SBMK,Primavera,18-24,exato,+TSRA,0,0,,0,0,
SBMK,Primavera,18-24,exato,TSRA,4,0,0.0,0,0,
SBMK,Primavera,18-24,sem_intensidade,TS,0,0,,0,0,
SBMK,Primavera,18-24,sem_intensidade,TSRA,4,0,0.0,0,0,
SBMK,Primavera,18-24,sem_intensidade,+RA,0,0,,0,0,
SBMK,Primavera,TODOS,exato,TS,0,0,,0,0,
SBMK,Primavera,TODOS,exato,+RA,0,0,,0,0,
SBMK,Primavera,TODOS,exato,+TSRA,0,0,,0,0,
SBMK,Primavera,TODOS,exato,TSRA,5,0,0.0,0,0,
SBMK,Primavera,TODOS,sem_intensidade,TS,0,0,,0,0,
SBMK,Primavera,TODOS,sem_intensidade,TSRA,5,0,0.0,1,0,0.0
SBMK,Primavera,TODOS,sem_intensidade,+RA,0,0,,0,0,
SBMK,TODAS,00-06,exato,TS,0,0,,0,0,
SBMK,TODAS,00-06,exato,+RA,0,0,,0,0,
SBMK,TODAS,00-06,exato,+TSRA,0,0,,0,0,
SBMK,TODAS,00-06,exato,TSRA,0,0,,0,0,
SBMK,TODAS,00-06,sem_intensidade,TS,0,0,,0,0,
SBMK,TODAS,00-06,sem_intensidade,TSRA,0,0,,0,0,
SBMK,TODAS,00-06,sem_intensidade,+RA,0,0,,0,0,
SBMK,TODAS,06-12,exato,TS,0,0,,0,0,
SBMK,TODAS,06-12,exato,+RA,0,0,,0,0,
SBMK,TODAS,06-12,exato,+TSRA,0,0,,0,0,
SBMK,TODAS,06-12,exato,TSRA,0,0,,0,0,
SBMK,TODAS,06-12,sem_intensidade,TS,0,0,,0,0,
SBMK,TODAS,06-12,sem_intensidade,TSRA,0,0,,0,0,
SBMK,TODAS,06-12,sem_intensidade,+RA,0,0,,0,0,
SBMK,TODAS,12-18,exato,TS,1,0,0.0,0,0,
SBMK,TODAS,12-18,exato,+RA,0,0,,0,0,
SBMK,TODAS,12-18,exato,+TSRA,0,0,,0,0,
SBMK,TODAS,12-18,exato,TSRA,3,0,0.0,0,0,
SBMK,TODAS,12-18,sem_intensidade,TS,1,0,0.0,0,0,
SBMK,TODAS,12-18,sem_intensidade,TSRA,3,0,0.0,2,0,0.0
SBMK,TODAS,12-18,sem_intensidade,+RA,0,0,,0,0,
SBMK,TODAS,18-24,exato,TS,0,0,,0,0,
SBMK,TODAS,18-24,exato,+RA,0,0,,0,0,
SBMK,TODAS,18-24,exato,+TSRA,0,0,,0,0,
SBMK,TODAS,18-24,exato,TSRA,15,0,0.0,0,0,
SBMK,TODAS,18-24,sem_intensidade,TS,0,0,,0,0,
SBMK,TODAS,18-24,sem_intensidade,TSRA,15,0,0.0,1,0,0.0
SBMK,TODAS,18-24,sem_intensidade,+RA,0,0,,0,0,
SBMK,TODAS,TODOS,exato,TS,1,0,0.0,0,0,
SBMK,TODAS,TODOS,exato,+RA,0,0,,0,0,
SBMK,TODAS,TODOS,exato,+TSRA,0,0,,0,0,
SBMK,TODAS,TODOS,exato,TSRA,18,0,0.0,0,0,
SBMK,TODAS,TODOS,sem_intensidade,TS,1,0,0.0,0,0,
SBMK,TODAS,TODOS,sem_intensidade,TSRA,18,0,0.0,3,0,0.0
SBMK,TODAS,TODOS,sem_intensidade,+RA,0,0,,0,0,
SBMQ,Verao,00-06,exato,TS,0,0,,1,0,0.0
SBMQ,Verao,00-06,exato,+RA,0,0,,0,0,
SBMQ,Verao,00-06,exato,+TSRA,0,0,,0,0,
SBMQ,Verao,00-06,exato,TSRA,4,0,0.0,4,0,0.0
SBMQ,Verao,00-06,sem_intensidade,TS,0,0,,1,0,0.0
SBMQ,Verao,00-06,sem_intensidade,TSRA,4,0,0.0,10,0,0.0
SBMQ,Verao,00-06,sem_intensidade,+RA,0,0,,0,0,
SBMQ,Verao,06-12,exato,TS,0,0,,3,0,0.0
SBMQ,Verao,06-12,exato,+RA,0,0,,1,0,0.0
SBMQ,Verao,06-12,exato,+TSRA,0,0,,0,0,
SBMQ,Verao,06-12,exato,TSRA,11,0,0.0,0,0,
SBMQ,Verao,06-12,sem_intensidade,TS,0,0,,3,0,0.0
SBMQ,Verao,06-12,sem_intensidade,TSRA,11,0,0.0,1,0,0.0
SBMQ,Verao,06-12,sem_intensidade,+RA,0,0,,1,0,0.0
SBMQ,Verao,12-18,exato,TS,21,2,9.5,8,2,25.0
SBMQ,Verao,12-18,exato,+RA,0,0,,0,0,
SBMQ,Verao,12-18,exato,+TSRA,0,0,,3,0,0.0
SBMQ,Verao,12-18,exato,TSRA,43,0,0.0,4,0,0.0
SBMQ,Verao,12-18,sem_intensidade,TS,21,2,9.5,8,2,25.0
SBMQ,Verao,12-18,sem_intensidade,TSRA,43,5,11.6,16,5,31.2
SBMQ,Verao,12-18,sem_intensidade,+RA,0,0,,0,0,
SBMQ,Verao,18-24,exato,TS,150,0,0.0,21,0,0.0
SBMQ,Verao,18-24,exato,+RA,0,0,,1,0,0.0
SBMQ,Verao,18-24,exato,+TSRA,0,0,,1,0,0.0
SBMQ,Verao,18-24,exato,TSRA,183,1,0.5,1,1,100.0
SBMQ,Verao,18-24,sem_intensidade,TS,150,0,0.0,21,0,0.0
SBMQ,Verao,18-24,sem_intensidade,TSRA,183,4,2.2,8,4,50.0
SBMQ,Verao,18-24,sem_intensidade,+RA,0,0,,1,0,0.0
SBMQ,Verao,TODOS,exato,TS,171,2,1.2,33,2,6.1
SBMQ,Verao,TODOS,exato,+RA,0,0,,2,0,0.0
SBMQ,Verao,TODOS,exato,+TSRA,0,0,,4,0,0.0
SBMQ,Verao,TODOS,exato,TSRA,241,1,0.4,9,1,11.1
SBMQ,Verao,TODOS,sem_intensidade,TS,171,2,1.2,33,2,6.1
SBMQ,Verao,TODOS,sem_intensidade,TSRA,241,9,3.7,35,9,25.7
SBMQ,Verao,TODOS,sem_intensidade,+RA,0,0,,2,0,0.0
SBMQ,Outono,00-06,exato,TS,11,0,0.0,3,0,0.0
SBMQ,Outono,00-06,exato,+RA,0,0,,5,0,0.0
SBMQ,Outono,00-06,exato,+TSRA,0,0,,0,0,
SBMQ,Outono,00-06,exato,TSRA,28,0,0.0,2,0,0.0
SBMQ,Outono,00-06,sem_intensidade,TS,11,0,0.0,3,0,0.0
SBMQ,Outono,00-06,sem_intensidade,TSRA,28,0,0.0,11,0,0.0
SBMQ,Outono,00-06,sem_intensidade,+RA,0,0,,5,0,0.0
SBMQ,Outono,06-12,exato,TS,0,0,,0,0,
SBMQ,Outono,06-12,exato,+RA,0,0,,4,0,0.0
SBMQ,Outono,06-12,exato,+TSRA,0,0,,0,0,
SBMQ,Outono,06-12,exato,TSRA,6,0,0.0,0,0,
SBMQ,Outono,06-12,sem_intensidade,TS,0,0,,0,0,
SBMQ,Outono,06-12,sem_intensidade,TSRA,6,0,0.0,3,0,0.0
SBMQ,Outono,06-12,sem_intensidade,+RA,0,0,,4,0,0.0
SBMQ,Outono,12-18,exato,TS,0,0,,1,0,0.0
SBMQ,Outono,12-18,exato,+RA,0,0,,0,0,
SBMQ,Outono,12-18,exato,+TSRA,0,0,,0,0,
SBMQ,Outono,12-18,exato,TSRA,47,0,0.0,0,0,
SBMQ,Outono,12-18,sem_intensidade,TS,0,0,,1,0,0.0
SBMQ,Outono,12-18,sem_intensidade,TSRA,47,4,8.5,8,4,50.0
SBMQ,Outono,12-18,sem_intensidade,+RA,0,0,,0,0,
SBMQ,Outono,18-24,exato,TS,198,5,2.5,15,5,33.3
SBMQ,Outono,18-24,exato,+RA,0,0,,0,0,
SBMQ,Outono,18-24,exato,+TSRA,0,0,,2,0,0.0
SBMQ,Outono,18-24,exato,TSRA,201,0,0.0,1,0,0.0
SBMQ,Outono,18-24,sem_intensidade,TS,198,5,2.5,15,5,33.3
SBMQ,Outono,18-24,sem_intensidade,TSRA,201,5,2.5,10,5,50.0
SBMQ,Outono,18-24,sem_intensidade,+RA,0,0,,0,0,
SBMQ,Outono,TODOS,exato,TS,209,5,2.4,19,5,26.3
SBMQ,Outono,TODOS,exato,+RA,0,0,,9,0,0.0
SBMQ,Outono,TODOS,exato,+TSRA,0,0,,2,0,0.0
SBMQ,Outono,TODOS,exato,TSRA,282,0,0.0,3,0,0.0
SBMQ,Outono,TODOS,sem_intensidade,TS,209,5,2.4,19,5,26.3
SBMQ,Outono,TODOS,sem_intensidade,TSRA,282,9,3.2,32,9,28.1
SBMQ,Outono,TODOS,sem_intensidade,+RA,0,0,,9,0,0.0
SBMQ,Inverno,00-06,exato,TS,8,1,12.5,2,1,50.0
SBMQ,Inverno,00-06,exato,+RA,0,0,,0,0,
SBMQ,Inverno,00-06,exato,+TSRA,0,0,,0,0,
SBMQ,Inverno,00-06,exato,TSRA,18,0,0.0,1,0,0.0
SBMQ,Inverno,00-06,sem_intensidade,TS,8,1,12.5,2,1,50.0
SBMQ,Inverno,00-06,sem_intensidade,TSRA,18,0,0.0,3,0,0.0
SBMQ,Inverno,00-06,sem_intensidade,+RA,0,0,,0,0,
SBMQ,Inverno,06-12,exato,TS,7,0,0.0,2,0,0.0
SBMQ,Inverno,06-12,exato,+RA,0,0,,0,0,
SBMQ,Inverno,06-12,exato,+TSRA,0,0,,0,0,
SBMQ,Inverno,06-12,exato,TSRA,10,0,0.0,0,0,
SBMQ,Inverno,06-12,sem_intensidade,TS,7,0,0.0,2,0,0.0
SBMQ,Inverno,06-12,sem_intensidade,TSRA,10,0,0.0,1,0,0.0
SBMQ,Inverno,06-12,sem_intensidade,+RA,0,0,,0,0,
SBMQ,Inverno,12-18,exato,TS,0,0,,3,0,0.0
SBMQ,Inverno,12-18,exato,+RA,0,0,,0,0,
SBMQ,Inverno,12-18,exato,+TSRA,0,0,,0,0,
SBMQ,Inverno,12-18,exato,TSRA,11,0,0.0,0,0,
SBMQ,Inverno,12-18,sem_intensidade,TS,0,0,,3,0,0.0
SBMQ,Inverno,12-18,sem_intensidade,TSRA,11,0,0.0,0,0,
SBMQ,Inverno,12-18,sem_intensidade,+RA,0,0,,0,0,
SBMQ,Inverno,18-24,exato,TS,55,3,5.5,23,3,13.0
SBMQ,Inverno,18-24,exato,+RA,0,0,,0,0,
SBMQ,Inverno,18-24,exato,+TSRA,0,0,,1,0,0.0
SBMQ,Inverno,18-24,exato,TSRA,63,0,0.0,2,0,0.0
SBMQ,Inverno,18-24,sem_intensidade,TS,55,3,5.5,23,3,13.0
SBMQ,Inverno,18-24,sem_intensidade,TSRA,63,7,11.1,13,7,53.8
SBMQ,Inverno,18-24,sem_intensidade,+RA,0,0,,0,0,
SBMQ,Inverno,TODOS,exato,TS,70,4,5.7,30,4,13.3
SBMQ,Inverno,TODOS,exato,+RA,0,0,,0,0,
SBMQ,Inverno,TODOS,exato,+TSRA,0,0,,1,0,0.0
SBMQ,Inverno,TODOS,exato,TSRA,102,0,0.0,3,0,0.0
SBMQ,Inverno,TODOS,sem_intensidade,TS,70,4,5.7,30,4,13.3
SBMQ,Inverno,TODOS,sem_intensidade,TSRA,102,7,6.9,17,7,41.2
SBMQ,Inverno,TODOS,sem_intensidade,+RA,0,0,,0,0,
SBMQ,Primavera,00-06,exato,TS,1,0,0.0,0,0,
SBMQ,Primavera,00-06,exato,+RA,0,0,,0,0,
SBMQ,Primavera,00-06,exato,+TSRA,0,0,,0,0,
SBMQ,Primavera,00-06,exato,TSRA,0,0,,0,0,
SBMQ,Primavera,00-06,sem_intensidade,TS,1,0,0.0,0,0,
SBMQ,Primavera,00-06,sem_intensidade,TSRA,0,0,,0,0,
SBMQ,Primavera,00-06,sem_intensidade,+RA,0,0,,0,0,
SBMQ,Primavera,06-12,exato,TS,4,0,0.0,0,0,
SBMQ,Primavera,06-12,exato,+RA,0,0,,0,0,
SBMQ,Primavera,06-12,exato,+TSRA,0,0,,0,0,
SBMQ,Primavera,06-12,exato,TSRA,0,0,,0,0,
SBMQ,Primavera,06-12,sem_intensidade,TS,4,0,0.0,0,0,
SBMQ,Primavera,06-12,sem_intensidade,TSRA,0,0,,1,0,0.0
SBMQ,Primavera,06-12,sem_intensidade,+RA,0,0,,0,0,
SBMQ,Primavera,12-18,exato,TS,0,0,,4,0,0.0
SBMQ,Primavera,12-18,exato,+RA,0,0,,0,0,
SBMQ,Primavera,12-18,exato,+TSRA,0,0,,0,0,
SBMQ,Primavera,12-18,exato,TSRA,0,0,,0,0,
SBMQ,Primavera,12-18,sem_intensidade,TS,0,0,,4,0,0.0
SBMQ,Primavera,12-18,sem_intensidade,TSRA,0,0,,0,0,
SBMQ,Primavera,12-18,sem_intensidade,+RA,0,0,,0,0,
SBMQ,Primavera,18-24,exato,TS,66,6,9.1,11,6,54.5
SBMQ,Primavera,18-24,exato,+RA,0,0,,0,0,
SBMQ,Primavera,18-24,exato,+TSRA,0,0,,0,0,
SBMQ,Primavera,18-24,exato,TSRA,40,0,0.0,0,0,
SBMQ,Primavera,18-24,sem_intensidade,TS,66,6,9.1,11,6,54.5
SBMQ,Primavera,18-24,sem_intensidade,TSRA,40,0,0.0,0,0,
SBMQ,Primavera,18-24,sem_intensidade,+RA,0,0,,0,0,
SBMQ,Primavera,TODOS,exato,TS,71,6,8.5,15,6,40.0
SBMQ,Primavera,TODOS,exato,+RA,0,0,,0,0,
SBMQ,Primavera,TODOS,exato,+TSRA,0,0,,0,0,
SBMQ,Primavera,TODOS,exato,TSRA,40,0,0.0,0,0,
SBMQ,Primavera,TODOS,sem_intensidade,TS,71,6,8.5,15,6,40.0
SBMQ,Primavera,TODOS,sem_intensidade,TSRA,40,0,0.0,1,0,0.0
SBMQ,Primavera,TODOS,sem_intensidade,+RA,0,0,,0,0,
SBMQ,TODAS,00-06,exato,TS,20,1,5.0,6,1,16.7
SBMQ,TODAS,00-06,exato,+RA,0,0,,5,0,0.0
SBMQ,TODAS,00-06,exato,+TSRA,0,0,,0,0,
SBMQ,TODAS,00-06,exato,TSRA,50,0,0.0,7,0,0.0
SBMQ,TODAS,00-06,sem_intensidade,TS,20,1,5.0,6,1,16.7
SBMQ,TODAS,00-06,sem_intensidade,TSRA,50,0,0.0,24,0,0.0
SBMQ,TODAS,00-06,sem_intensidade,+RA,0,0,,5,0,0.0
SBMQ,TODAS,06-12,exato,TS,11,0,0.0,5,0,0.0
SBMQ,TODAS,06-12,exato,+RA,0,0,,5,0,0.0
SBMQ,TODAS,06-12,exato,+TSRA,0,0,,0,0,
SBMQ,TODAS,06-12,exato,TSRA,27,0,0.0,0,0,
SBMQ,TODAS,06-12,sem_intensidade,TS,11,0,0.0,5,0,0.0
SBMQ,TODAS,06-12,sem_intensidade,TSRA,27,0,0.0,6,0,0.0
SBMQ,TODAS,06-12,sem_intensidade,+RA,0,0,,5,0,0.0
SBMQ,TODAS,12-18,exato,TS,21,2,9.5,16,2,12.5
SBMQ,TODAS,12-18,exato,+RA,0,0,,0,0,
SBMQ,TODAS,12-18,exato,+TSRA,0,0,,3,0,0.0
SBMQ,TODAS,12-18,exato,TSRA,101,0,0.0,4,0,0.0
SBMQ,TODAS,12-18,sem_intensidade,TS,21,2,9.5,16,2,12.5
SBMQ,TODAS,12-18,sem_intensidade,TSRA,101,9,8.9,24,9,37.5
SBMQ,TODAS,12-18,sem_intensidade,+RA,0,0,,0,0,
SBMQ,TODAS,18-24,exato,TS,469,14,3.0,70,14,20.0
SBMQ,TODAS,18-24,exato,+RA,0,0,,1,0,0.0
SBMQ,TODAS,18-24,exato,+TSRA,0,0,,4,0,0.0
SBMQ,TODAS,18-24,exato,TSRA,487,1,0.2,4,1,25.0
SBMQ,TODAS,18-24,sem_intensidade,TS,469,14,3.0,70,14,20.0
SBMQ,TODAS,18-24,sem_intensidade,TSRA,487,16,3.3,31,16,51.6
SBMQ,TODAS,18-24,sem_intensidade,+RA,0,0,,1,0,0.0
SBMQ,TODAS,TODOS,exato,TS,521,17,3.3,97,17,17.5
SBMQ,TODAS,TODOS,exato,+RA,0,0,,11,0,0.0
SBMQ,TODAS,TODOS,exato,+TSRA,0,0,,7,0,0.0
SBMQ,TODAS,TODOS,exato,TSRA,665,1,0.2,15,1,6.7
SBMQ,TODAS,TODOS,sem_intensidade,TS,521,17,3.3,97,17,17.5
SBMQ,TODAS,TODOS,sem_intensidade,TSRA,665,25,3.8,85,25,29.4
SBMQ,TODAS,TODOS,sem_intensidade,+RA,0,0,,11,0,0.0
SBMS,Verao,00-06,exato,TS,0,0,,0,0,
SBMS,Verao,00-06,exato,+RA,0,0,,0,0,
SBMS,Verao,00-06,exato,+TSRA,0,0,,0,0,
SBMS,Verao,00-06,exato,TSRA,0,0,,0,0,
SBMS,Verao,00-06,sem_intensidade,TS,0,0,,0,0,
SBMS,Verao,00-06,sem_intensidade,TSRA,0,0,,0,0,
SBMS,Verao,00-06,sem_intensidade,+RA,0,0,,0,0,
SBMS,Verao,06-12,exato,TS,0,0,,0,0,
SBMS,Verao,06-12,exato,+RA,0,0,,0,0,
SBMS,Verao,06-12,exato,+TSRA,0,0,,0,0,
SBMS,Verao,06-12,exato,TSRA,0,0,,0,0,
SBMS,Verao,06-12,sem_intensidade,TS,0,0,,0,0,
SBMS,Verao,06-12,sem_intensidade,TSRA,0,0,,0,0,
SBMS,Verao,06-12,sem_intensidade,+RA,0,0,,0,0,
SBMS,Verao,12-18,exato,TS,0,0,,0,0,
SBMS,Verao,12-18,exato,+RA,0,0,,0,0,
SBMS,Verao,12-18,exato,+TSRA,0,0,,0,0,
SBMS,Verao,12-18,exato,TSRA,0,0,,0,0,
SBMS,Verao,12-18,sem_intensidade,TS,0,0,,0,0,
SBMS,Verao,12-18,sem_intensidade,TSRA,0,0,,0,0,
SBMS,Verao,12-18,sem_intensidade,+RA,0,0,,0,0,
SBMS,Verao,18-24,exato,TS,0,0,,0,0,
SBMS,Verao,18-24,exato,+RA,0,0,,0,0,
SBMS,Verao,18-24,exato,+TSRA,0,0,,0,0,
SBMS,Verao,18-24,exato,TSRA,0,0,,0,0,
SBMS,Verao,18-24,sem_intensidade,TS,0,0,,0,0,
SBMS,Verao,18-24,sem_intensidade,TSRA,0,0,,0,0,
SBMS,Verao,18-24,sem_intensidade,+RA,0,0,,0,0,
SBMS,Verao,TODOS,exato,TS,0,0,,0,0,
SBMS,Verao,TODOS,exato,+RA,0,0,,0,0,
SBMS,Verao,TODOS,exato,+TSRA,0,0,,0,0,
SBMS,Verao,TODOS,exato,TSRA,0,0,,0,0,
SBMS,Verao,TODOS,sem_intensidade,TS,0,0,,0,0,
SBMS,Verao,TODOS,sem_intensidade,TSRA,0,0,,0,0,
SBMS,Verao,TODOS,sem_intensidade,+RA,0,0,,0,0,
SBMS,Outono,00-06,exato,TS,0,0,,0,0,
SBMS,Outono,00-06,exato,+RA,0,0,,0,0,
SBMS,Outono,00-06,exato,+TSRA,0,0,,0,0,
SBMS,Outono,00-06,exato,TSRA,0,0,,0,0,
SBMS,Outono,00-06,sem_intensidade,TS,0,0,,0,0,
SBMS,Outono,00-06,sem_intensidade,TSRA,0,0,,0,0,
SBMS,Outono,00-06,sem_intensidade,+RA,0,0,,0,0,
SBMS,Outono,06-12,exato,TS,0,0,,0,0,
SBMS,Outono,06-12,exato,+RA,0,0,,0,0,
SBMS,Outono,06-12,exato,+TSRA,0,0,,0,0,
SBMS,Outono,06-12,exato,TSRA,0,0,,0,0,
SBMS,Outono,06-12,sem_intensidade,TS,0,0,,0,0,
SBMS,Outono,06-12,sem_intensidade,TSRA,0,0,,0,0,
SBMS,Outono,06-12,sem_intensidade,+RA,0,0,,0,0,
SBMS,Outono,12-18,exato,TS,0,0,,0,0,
SBMS,Outono,12-18,exato,+RA,0,0,,0,0,
SBMS,Outono,12-18,exato,+TSRA,0,0,,0,0,
SBMS,Outono,12-18,exato,TSRA,0,0,,0,0,
SBMS,Outono,12-18,sem_intensidade,TS,0,0,,0,0,
SBMS,Outono,12-18,sem_intensidade,TSRA,0,0,,0,0,
SBMS,Outono,12-18,sem_intensidade,+RA,0,0,,0,0,
SBMS,Outono,18-24,exato,TS,0,0,,0,0,
SBMS,Outono,18-24,exato,+RA,0,0,,0,0,
SBMS,Outono,18-24,exato,+TSRA,0,0,,0,0,
SBMS,Outono,18-24,exato,TSRA,0,0,,0,0,
SBMS,Outono,18-24,sem_intensidade,TS,0,0,,0,0,
SBMS,Outono,18-24,sem_intensidade,TSRA,0,0,,0,0,
SBMS,Outono,18-24,sem_intensidade,+RA,0,0,,0,0,
SBMS,Outono,TODOS,exato,TS,0,0,,0,0,
SBMS,Outono,TODOS,exato,+RA,0,0,,0,0,
SBMS,Outono,TODOS,exato,+TSRA,0,0,,0,0,
SBMS,Outono,TODOS,exato,TSRA,0,0,,0,0,
SBMS,Outono,TODOS,sem_intensidade,TS,0,0,,0,0,
SBMS,Outono,TODOS,sem_intensidade,TSRA,0,0,,0,0,
SBMS,Outono,TODOS,sem_intensidade,+RA,0,0,,0,0,
SBMS,Inverno,00-06,exato,TS,0,0,,0,0,
SBMS,Inverno,00-06,exato,+RA,0,0,,0,0,
SBMS,Inverno,00-06,exato,+TSRA,0,0,,0,0,
SBMS,Inverno,00-06,exato,TSRA,0,0,,0,0,
SBMS,Inverno,00-06,sem_intensidade,TS,0,0,,0,0,
SBMS,Inverno,00-06,sem_intensidade,TSRA,0,0,,0,0,
SBMS,Inverno,00-06,sem_intensidade,+RA,0,0,,0,0,
SBMS,Inverno,06-12,exato,TS,0,0,,0,0,
SBMS,Inverno,06-12,exato,+RA,0,0,,0,0,
SBMS,Inverno,06-12,exato,+TSRA,0,0,,0,0,
SBMS,Inverno,06-12,exato,TSRA,0,0,,0,0,
SBMS,Inverno,06-12,sem_intensidade,TS,0,0,,0,0,
SBMS,Inverno,06-12,sem_intensidade,TSRA,0,0,,0,0,
SBMS,Inverno,06-12,sem_intensidade,+RA,0,0,,0,0,
SBMS,Inverno,12-18,exato,TS,0,0,,0,0,
SBMS,Inverno,12-18,exato,+RA,0,0,,0,0,
SBMS,Inverno,12-18,exato,+TSRA,0,0,,0,0,
SBMS,Inverno,12-18,exato,TSRA,0,0,,0,0,
SBMS,Inverno,12-18,sem_intensidade,TS,0,0,,0,0,
SBMS,Inverno,12-18,sem_intensidade,TSRA,0,0,,0,0,
SBMS,Inverno,12-18,sem_intensidade,+RA,0,0,,0,0,
SBMS,Inverno,18-24,exato,TS,0,0,,0,0,
SBMS,Inverno,18-24,exato,+RA,0,0,,0,0,
SBMS,Inverno,18-24,exato,+TSRA,0,0,,0,0,
SBMS,Inverno,18-24,exato,TSRA,0,0,,0,0,
SBMS,Inverno,18-24,sem_intensidade,TS,0,0,,0,0,
SBMS,Inverno,18-24,sem_intensidade,TSRA,0,0,,0,0,
SBMS,Inverno,18-24,sem_intensidade,+RA,0,0,,0,0,
SBMS,Inverno,TODOS,exato,TS,0,0,,0,0,
SBMS,Inverno,TODOS,exato,+RA,0,0,,0,0,
SBMS,Inverno,TODOS,exato,+TSRA,0,0,,0,0,
SBMS,Inverno,TODOS,exato,TSRA,0,0,,0,0,
SBMS,Inverno,TODOS,sem_intensidade,TS,0,0,,0,0,
SBMS,Inverno,TODOS,sem_intensidade,TSRA,0,0,,0,0,
SBMS,Inverno,TODOS,sem_intensidade,+RA,0,0,,0,0,
SBMS,Primavera,00-06,exato,TS,0,0,,0,0,
SBMS,Primavera,00-06,exato,+RA,0,0,,0,0,
SBMS,Primavera,00-06,exato,+TSRA,0,0,,0,0,
SBMS,Primavera,00-06,exato,TSRA,0,0,,0,0,
SBMS,Primavera,00-06,sem_intensidade,TS,0,0,,0,0,
SBMS,Primavera,00-06,sem_intensidade,TSRA,0,0,,0,0,
SBMS,Primavera,00-06,sem_intensidade,+RA,0,0,,0,0,
SBMS,Primavera,06-12,exato,TS,0,0,,0,0,
SBMS,Primavera,06-12,exato,+RA,0,0,,0,0,
SBMS,Primavera,06-12,exato,+TSRA,0,0,,0,0,
SBMS,Primavera,06-12,exato,TSRA,0,0,,0,0,
SBMS,Primavera,06-12,sem_intensidade,TS,0,0,,0,0,
SBMS,Primavera,06-12,sem_intensidade,TSRA,0,0,,0,0,
SBMS,Primavera,06-12,sem_intensidade,+RA,0,0,,0,0,
SBMS,Primavera,12-18,exato,TS,0,0,,0,0,
SBMS,Primavera,12-18,exato,+RA,0,0,,0,0,
SBMS,Primavera,12-18,exato,+TSRA,0,0,,0,0,
SBMS,Primavera,12-18,exato,TSRA,0,0,,0,0,
SBMS,Primavera,12-18,sem_intensidade,TS,0,0,,0,0,
SBMS,Primavera,12-18,sem_intensidade,TSRA,0,0,,0,0,
SBMS,Primavera,12-18,sem_intensidade,+RA,0,0,,0,0,
SBMS,Primavera,18-24,exato,TS,0,0,,0,0,
SBMS,Primavera,18-24,exato,+RA,0,0,,0,0,
SBMS,Primavera,18-24,exato,+TSRA,0,0,,0,0,
SBMS,Primavera,18-24,exato,TSRA,0,0,,0,0,
SBMS,Primavera,18-24,sem_intensidade,TS,0,0,,0,0,
SBMS,Primavera,18-24,sem_intensidade,TSRA,0,0,,0,0,
SBMS,Primavera,18-24,sem_intensidade,+RA,0,0,,0,0,
SBMS,Primavera,TODOS,exato,TS,0,0,,0,0,
SBMS,Primavera,TODOS,exato,+RA,0,0,,0,0,
SBMS,Primavera,TODOS,exato,+TSRA,0,0,,0,0,
SBMS,Primavera,TODOS,exato,TSRA,0,0,,0,0,
SBMS,Primavera,TODOS,sem_intensidade,TS,0,0,,0,0,
SBMS,Primavera,TODOS,sem_intensidade,TSRA,0,0,,0,0,
SBMS,Primavera,TODOS,sem_intensidade,+RA,0,0,,0,0,
SBMS,TODAS,00-06,exato,TS,0,0,,0,0,
SBMS,TODAS,00-06,exato,+RA,0,0,,0,0,
SBMS,TODAS,00-06,exato,+TSRA,0,0,,0,0,
SBMS,TODAS,00-06,exato,TSRA,0,0,,0,0,
SBMS,TODAS,00-06,sem_intensidade,TS,0,0,,0,0,
SBMS,TODAS,00-06,sem_intensidade,TSRA,0,0,,0,0,
SBMS,TODAS,00-06,sem_intensidade,+RA,0,0,,0,0,
SBMS,TODAS,06-12,exato,TS,0,0,,0,0,
SBMS,TODAS,06-12,exato,+RA,0,0,,0,0,
SBMS,TODAS,06-12,exato,+TSRA,0,0,,0,0,
SBMS,TODAS,06-12,exato,TSRA,0,0,,0,0,
SBMS,TODAS,06-12,sem_intensidade,TS,0,0,,0,0,
SBMS,TODAS,06-12,sem_intensidade,TSRA,0,0,,0,0,
SBMS,TODAS,06-12,sem_intensidade,+RA,0,0,,0,0,
SBMS,TODAS,12-18,exato,TS,0,0,,0,0,
SBMS,TODAS,12-18,exato,+RA,0,0,,0,0,
SBMS,TODAS,12-18,exato,+TSRA,0,0,,0,0,
SBMS,TODAS,12-18,exato,TSRA,0,0,,0,0,
SBMS,TODAS,12-18,sem_intensidade,TS,0,0,,0,0,
SBMS,TODAS,12-18,sem_intensidade,TSRA,0,0,,0,0,
SBMS,TODAS,12-18,sem_intensidade,+RA,0,0,,0,0,
SBMS,TODAS,18-24,exato,TS,0,0,,0,0,
SBMS,TODAS,18-24,exato,+RA,0,0,,0,0,
SBMS,TODAS,18-24,exato,+TSRA,0,0,,0,0,
SBMS,TODAS,18-24,exato,TSRA,0,0,,0,0,
SBMS,TODAS,18-24,sem_intensidade,TS,0,0,,0,0,
SBMS,TODAS,18-24,sem_intensidade,TSRA,0,0,,0,0,
SBMS,TODAS,18-24,sem_intensidade,+RA,0,0,,0,0,
SBMS,TODAS,TODOS,exato,TS,0,0,,0,0,
SBMS,TODAS,TODOS,exato,+RA,0,0,,0,0,
SBMS,TODAS,TODOS,exato,+TSRA,0,0,,0,0,
SBMS,TODAS,TODOS,exato,TSRA,0,0,,0,0,
SBMS,TODAS,TODOS,sem_intensidade,TS,0,0,,0,0,
SBMS,TODAS,TODOS,sem_intensidade,TSRA,0,0,,0,0,
SBMS,TODAS,TODOS,sem_intensidade,+RA,0,0,,0,0,
SBNF,Verao,00-06,exato,TS,0,0,,7,0,0.0
SBNF,Verao,00-06,exato,+RA,0,0,,2,0,0.0
SBNF,Verao,00-06,exato,+TSRA,0,0,,0,0,
SBNF,Verao,00-06,exato,TSRA,13,1,7.7,5,1,20.0
SBNF,Verao,00-06,sem_intensidade,TS,0,0,,7,0,0.0
SBNF,Verao,00-06,sem_intensidade,TSRA,13,1,7.7,11,1,9.1
SBNF,Verao,00-06,sem_intensidade,+RA,0,0,,2,0,0.0
SBNF,Verao,06-12,exato,TS,0,0,,0,0,
SBNF,Verao,06-12,exato,+RA,0,0,,0,0,
SBNF,Verao,06-12,exato,+TSRA,0,0,,0,0,
SBNF,Verao,06-12,exato,TSRA,2,0,0.0,0,0,
SBNF,Verao,06-12,sem_intensidade,TS,0,0,,0,0,
SBNF,Verao,06-12,sem_intensidade,TSRA,2,0,0.0,0,0,
SBNF,Verao,06-12,sem_intensidade,+RA,0,0,,0,0,
SBNF,Verao,12-18,exato,TS,1,0,0.0,2,0,0.0
SBNF,Verao,12-18,exato,+RA,0,0,,0,0,
SBNF,Verao,12-18,exato,+TSRA,0,0,,0,0,
SBNF,Verao,12-18,exato,TSRA,10,0,0.0,0,0,
SBNF,Verao,12-18,sem_intensidade,TS,1,0,0.0,2,0,0.0
SBNF,Verao,12-18,sem_intensidade,TSRA,10,0,0.0,1,0,0.0
SBNF,Verao,12-18,sem_intensidade,+RA,0,0,,0,0,
SBNF,Verao,18-24,exato,TS,4,0,0.0,15,0,0.0
SBNF,Verao,18-24,exato,+RA,0,0,,0,0,
SBNF,Verao,18-24,exato,+TSRA,0,0,,0,0,
SBNF,Verao,18-24,exato,TSRA,66,1,1.5,4,1,25.0
SBNF,Verao,18-24,sem_intensidade,TS,4,0,0.0,15,0,0.0
SBNF,Verao,18-24,sem_intensidade,TSRA,72,13,18.1,35,13,37.1
SBNF,Verao,18-24,sem_intensidade,+RA,0,0,,0,0,
SBNF,Verao,TODOS,exato,TS,5,0,0.0,24,0,0.0
SBNF,Verao,TODOS,exato,+RA,0,0,,2,0,0.0
SBNF,Verao,TODOS,exato,+TSRA,0,0,,0,0,
SBNF,Verao,TODOS,exato,TSRA,91,2,2.2,9,2,22.2
SBNF,Verao,TODOS,sem_intensidade,TS,5,0,0.0,24,0,0.0
SBNF,Verao,TODOS,sem_intensidade,TSRA,97,14,14.4,47,14,29.8
SBNF,Verao,TODOS,sem_intensidade,+RA,0,0,,2,0,0.0
SBNF,Outono,00-06,exato,TS,0,0,,0,0,
SBNF,Outono,00-06,exato,+RA,0,0,,0,0,
SBNF,Outono,00-06,exato,+TSRA,0,0,,0,0,
SBNF,Outono,00-06,exato,TSRA,2,0,0.0,2,0,0.0
SBNF,Outono,00-06,sem_intensidade,TS,0,0,,0,0,
SBNF,Outono,00-06,sem_intensidade,TSRA,8,0,0.0,6,0,0.0
SBNF,Outono,00-06,sem_intensidade,+RA,0,0,,0,0,
SBNF,Outono,06-12,exato,TS,0,0,,0,0,
SBNF,Outono,06-12,exato,+RA,0,0,,0,0,
SBNF,Outono,06-12,exato,+TSRA,0,0,,1,0,0.0
SBNF,Outono,06-12,exato,TSRA,0,0,,2,0,0.0
SBNF,Outono,06-12,sem_intensidade,TS,0,0,,0,0,
SBNF,Outono,06-12,sem_intensidade,TSRA,0,0,,3,0,0.0
SBNF,Outono,06-12,sem_intensidade,+RA,0,0,,0,0,
SBNF,Outono,12-18,exato,TS,0,0,,0,0,
SBNF,Outono,12-18,exato,+RA,0,0,,0,0,
SBNF,Outono,12-18,exato,+TSRA,0,0,,0,0,
SBNF,Outono,12-18,exato,TSRA,6,0,0.0,0,0,
SBNF,Outono,12-18,sem_intensidade,TS,0,0,,0,0,
SBNF,Outono,12-18,sem_intensidade,TSRA,6,0,0.0,0,0,
SBNF,Outono,12-18,sem_intensidade,+RA,0,0,,0,0,
SBNF,Outono,18-24,exato,TS,3,0,0.0,0,0,
SBNF,Outono,18-24,exato,+RA,0,0,,0,0,
SBNF,Outono,18-24,exato,+TSRA,0,0,,0,0,
SBNF,Outono,18-24,exato,TSRA,15,0,0.0,0,0,
SBNF,Outono,18-24,sem_intensidade,TS,3,0,0.0,0,0,
SBNF,Outono,18-24,sem_intensidade,TSRA,15,0,0.0,0,0,
SBNF,Outono,18-24,sem_intensidade,+RA,0,0,,0,0,
SBNF,Outono,TODOS,exato,TS,3,0,0.0,0,0,
SBNF,Outono,TODOS,exato,+RA,0,0,,0,0,
SBNF,Outono,TODOS,exato,+TSRA,0,0,,1,0,0.0
SBNF,Outono,TODOS,exato,TSRA,23,0,0.0,4,0,0.0
SBNF,Outono,TODOS,sem_intensidade,TS,3,0,0.0,0,0,
SBNF,Outono,TODOS,sem_intensidade,TSRA,29,0,0.0,9,0,0.0
SBNF,Outono,TODOS,sem_intensidade,+RA,0,0,,0,0,
SBNF,Inverno,00-06,exato,TS,0,0,,0,0,
SBNF,Inverno,00-06,exato,+RA,0,0,,0,0,
SBNF,Inverno,00-06,exato,+TSRA,0,0,,0,0,
SBNF,Inverno,00-06,exato,TSRA,4,0,0.0,4,0,0.0
SBNF,Inverno,00-06,sem_intensidade,TS,0,0,,0,0,
SBNF,Inverno,00-06,sem_intensidade,TSRA,10,0,0.0,9,0,0.0
SBNF,Inverno,00-06,sem_intensidade,+RA,0,0,,0,0,
SBNF,Inverno,06-12,exato,TS,0,0,,1,0,0.0
SBNF,Inverno,06-12,exato,+RA,0,0,,0,0,
SBNF,Inverno,06-12,exato,+TSRA,0,0,,0,0,
SBNF,Inverno,06-12,exato,TSRA,1,0,0.0,0,0,
SBNF,Inverno,06-12,sem_intensidade,TS,0,0,,1,0,0.0
SBNF,Inverno,06-12,sem_intensidade,TSRA,1,1,100.0,3,1,33.3
SBNF,Inverno,06-12,sem_intensidade,+RA,0,0,,0,0,
SBNF,Inverno,12-18,exato,TS,0,0,,3,0,0.0
SBNF,Inverno,12-18,exato,+RA,0,0,,0,0,
SBNF,Inverno,12-18,exato,+TSRA,0,0,,0,0,
SBNF,Inverno,12-18,exato,TSRA,18,0,0.0,0,0,
SBNF,Inverno,12-18,sem_intensidade,TS,0,0,,3,0,0.0
SBNF,Inverno,12-18,sem_intensidade,TSRA,18,0,0.0,0,0,
SBNF,Inverno,12-18,sem_intensidade,+RA,0,0,,0,0,
SBNF,Inverno,18-24,exato,TS,0,0,,3,0,0.0
SBNF,Inverno,18-24,exato,+RA,0,0,,0,0,
SBNF,Inverno,18-24,exato,+TSRA,0,0,,0,0,
SBNF,Inverno,18-24,exato,TSRA,10,0,0.0,2,0,0.0
SBNF,Inverno,18-24,sem_intensidade,TS,0,0,,3,0,0.0
SBNF,Inverno,18-24,sem_intensidade,TSRA,10,4,40.0,11,4,36.4
SBNF,Inverno,18-24,sem_intensidade,+RA,0,0,,0,0,
SBNF,Inverno,TODOS,exato,TS,0,0,,7,0,0.0
SBNF,Inverno,TODOS,exato,+RA,0,0,,0,0,
SBNF,Inverno,TODOS,exato,+TSRA,0,0,,0,0,
SBNF,Inverno,TODOS,exato,TSRA,33,0,0.0,6,0,0.0
SBNF,Inverno,TODOS,sem_intensidade,TS,0,0,,7,0,0.0
SBNF,Inverno,TODOS,sem_intensidade,TSRA,39,5,12.8,23,5,21.7
SBNF,Inverno,TODOS,sem_intensidade,+RA,0,0,,0,0,
SBNF,Primavera,00-06,exato,TS,2,0,0.0,5,0,0.0
SBNF,Primavera,00-06,exato,+RA,0,0,,0,0,
SBNF,Primavera,00-06,exato,+TSRA,0,0,,0,0,
SBNF,Primavera,00-06,exato,TSRA,15,0,0.0,1,0,0.0
SBNF,Primavera,00-06,sem_intensidade,TS,2,0,0.0,5,0,0.0
SBNF,Primavera,00-06,sem_intensidade,TSRA,15,0,0.0,2,0,0.0
SBNF,Primavera,00-06,sem_intensidade,+RA,0,0,,0,0,
SBNF,Primavera,06-12,exato,TS,0,0,,0,0,
SBNF,Primavera,06-12,exato,+RA,0,0,,1,0,0.0
SBNF,Primavera,06-12,exato,+TSRA,0,0,,0,0,
SBNF,Primavera,06-12,exato,TSRA,4,0,0.0,0,0,
SBNF,Primavera,06-12,sem_intensidade,TS,0,0,,0,0,
SBNF,Primavera,06-12,sem_intensidade,TSRA,4,0,0.0,0,0,
SBNF,Primavera,06-12,sem_intensidade,+RA,0,0,,1,0,0.0
SBNF,Primavera,12-18,exato,TS,0,0,,0,0,
SBNF,Primavera,12-18,exato,+RA,0,0,,0,0,
SBNF,Primavera,12-18,exato,+TSRA,0,0,,0,0,
SBNF,Primavera,12-18,exato,TSRA,13,0,0.0,0,0,
SBNF,Primavera,12-18,sem_intensidade,TS,0,0,,0,0,
SBNF,Primavera,12-18,sem_intensidade,TSRA,13,0,0.0,0,0,
SBNF,Primavera,12-18,sem_intensidade,+RA,0,0,,0,0,
SBNF,Primavera,18-24,exato,TS,0,0,,6,0,0.0
SBNF,Primavera,18-24,exato,+RA,0,0,,0,0,
SBNF,Primavera,18-24,exato,+TSRA,0,0,,1,0,0.0
SBNF,Primavera,18-24,exato,TSRA,17,0,0.0,4,0,0.0
SBNF,Primavera,18-24,sem_intensidade,TS,0,0,,6,0,0.0
SBNF,Primavera,18-24,sem_intensidade,TSRA,17,2,11.8,10,2,20.0
SBNF,Primavera,18-24,sem_intensidade,+RA,0,0,,0,0,
SBNF,Primavera,TODOS,exato,TS,2,0,0.0,11,0,0.0
SBNF,Primavera,TODOS,exato,+RA,0,0,,1,0,0.0
SBNF,Primavera,TODOS,exato,+TSRA,0,0,,1,0,0.0
SBNF,Primavera,TODOS,exato,TSRA,49,0,0.0,5,0,0.0
SBNF,Primavera,TODOS,sem_intensidade,TS,2,0,0.0,11,0,0.0
SBNF,Primavera,TODOS,sem_intensidade,TSRA,49,2,4.1,12,2,16.7
SBNF,Primavera,TODOS,sem_intensidade,+RA,0,0,,1,0,0.0
SBNF,TODAS,00-06,exato,TS,2,0,0.0,12,0,0.0
SBNF,TODAS,00-06,exato,+RA,0,0,,2,0,0.0
SBNF,TODAS,00-06,exato,+TSRA,0,0,,0,0,
SBNF,TODAS,00-06,exato,TSRA,34,1,2.9,12,1,8.3
SBNF,TODAS,00-06,sem_intensidade,TS,2,0,0.0,12,0,0.0
SBNF,TODAS,00-06,sem_intensidade,TSRA,46,1,2.2,28,1,3.6
SBNF,TODAS,00-06,sem_intensidade,+RA,0,0,,2,0,0.0
SBNF,TODAS,06-12,exato,TS,0,0,,1,0,0.0
SBNF,TODAS,06-12,exato,+RA,0,0,,1,0,0.0
SBNF,TODAS,06-12,exato,+TSRA,0,0,,1,0,0.0
SBNF,TODAS,06-12,exato,TSRA,7,0,0.0,2,0,0.0
SBNF,TODAS,06-12,sem_intensidade,TS,0,0,,1,0,0.0
SBNF,TODAS,06-12,sem_intensidade,TSRA,7,1,14.3,6,1,16.7
SBNF,TODAS,06-12,sem_intensidade,+RA,0,0,,1,0,0.0
SBNF,TODAS,12-18,exato,TS,1,0,0.0,5,0,0.0
SBNF,TODAS,12-18,exato,+RA,0,0,,0,0,
SBNF,TODAS,12-18,exato,+TSRA,0,0,,0,0,
SBNF,TODAS,12-18,exato,TSRA,47,0,0.0,0,0,
SBNF,TODAS,12-18,sem_intensidade,TS,1,0,0.0,5,0,0.0
SBNF,TODAS,12-18,sem_intensidade,TSRA,47,0,0.0,1,0,0.0
SBNF,TODAS,12-18,sem_intensidade,+RA,0,0,,0,0,
SBNF,TODAS,18-24,exato,TS,7,0,0.0,24,0,0.0
SBNF,TODAS,18-24,exato,+RA,0,0,,0,0,
SBNF,TODAS,18-24,exato,+TSRA,0,0,,1,0,0.0
SBNF,TODAS,18-24,exato,TSRA,108,1,0.9,10,1,10.0
SBNF,TODAS,18-24,sem_intensidade,TS,7,0,0.0,24,0,0.0
SBNF,TODAS,18-24,sem_intensidade,TSRA,114,19,16.7,56,19,33.9
SBNF,TODAS,18-24,sem_intensidade,+RA,0,0,,0,0,
SBNF,TODAS,TODOS,exato,TS,10,0,0.0,42,0,0.0
SBNF,TODAS,TODOS,exato,+RA,0,0,,3,0,0.0
SBNF,TODAS,TODOS,exato,+TSRA,0,0,,2,0,0.0
SBNF,TODAS,TODOS,exato,TSRA,196,2,1.0,24,2,8.3
SBNF,TODAS,TODOS,sem_intensidade,TS,10,0,0.0,42,0,0.0
SBNF,TODAS,TODOS,sem_intensidade,TSRA,214,21,9.8,91,21,23.1
SBNF,TODAS,TODOS,sem_intensidade,+RA,0,0,,3,0,0.0
SBPB,Verao,00-06,exato,TS,0,0,,0,0,
SBPB,Verao,00-06,exato,+RA,0,0,,0,0,
SBPB,Verao,00-06,exato,+TSRA,0,0,,0,0,
SBPB,Verao,00-06,exato,TSRA,0,0,,0,0,
SBPB,Verao,00-06,sem_intensidade,TS,0,0,,0,0,
SBPB,Verao,00-06,sem_intensidade,TSRA,0,0,,0,0,
SBPB,Verao,00-06,sem_intensidade,+RA,0,0,,0,0,
SBPB,Verao,06-12,exato,TS,0,0,,0,0,
SBPB,Verao,06-12,exato,+RA,0,0,,0,0,
SBPB,Verao,06-12,exato,+TSRA,0,0,,0,0,
SBPB,Verao,06-12,exato,TSRA,0,0,,0,0,
SBPB,Verao,06-12,sem_intensidade,TS,0,0,,0,0,
SBPB,Verao,06-12,sem_intensidade,TSRA,0,0,,0,0,
SBPB,Verao,06-12,sem_intensidade,+RA,0,0,,0,0,
SBPB,Verao,12-18,exato,TS,0,0,,0,0,
SBPB,Verao,12-18,exato,+RA,0,0,,0,0,
SBPB,Verao,12-18,exato,+TSRA,0,0,,0,0,
SBPB,Verao,12-18,exato,TSRA,0,0,,0,0,
SBPB,Verao,12-18,sem_intensidade,TS,0,0,,0,0,
SBPB,Verao,12-18,sem_intensidade,TSRA,0,0,,0,0,
SBPB,Verao,12-18,sem_intensidade,+RA,0,0,,0,0,
SBPB,Verao,18-24,exato,TS,0,0,,0,0,
SBPB,Verao,18-24,exato,+RA,0,0,,0,0,
SBPB,Verao,18-24,exato,+TSRA,0,0,,0,0,
SBPB,Verao,18-24,exato,TSRA,0,0,,0,0,
SBPB,Verao,18-24,sem_intensidade,TS,0,0,,0,0,
SBPB,Verao,18-24,sem_intensidade,TSRA,0,0,,0,0,
SBPB,Verao,18-24,sem_intensidade,+RA,0,0,,0,0,
SBPB,Verao,TODOS,exato,TS,0,0,,0,0,
SBPB,Verao,TODOS,exato,+RA,0,0,,0,0,
SBPB,Verao,TODOS,exato,+TSRA,0,0,,0,0,
SBPB,Verao,TODOS,exato,TSRA,0,0,,0,0,
SBPB,Verao,TODOS,sem_intensidade,TS,0,0,,0,0,
SBPB,Verao,TODOS,sem_intensidade,TSRA,0,0,,0,0,
SBPB,Verao,TODOS,sem_intensidade,+RA,0,0,,0,0,
SBPB,Outono,00-06,exato,TS,0,0,,0,0,
SBPB,Outono,00-06,exato,+RA,0,0,,0,0,
SBPB,Outono,00-06,exato,+TSRA,0,0,,0,0,
SBPB,Outono,00-06,exato,TSRA,0,0,,0,0,
SBPB,Outono,00-06,sem_intensidade,TS,0,0,,0,0,
SBPB,Outono,00-06,sem_intensidade,TSRA,0,0,,0,0,
SBPB,Outono,00-06,sem_intensidade,+RA,0,0,,0,0,
SBPB,Outono,06-12,exato,TS,0,0,,0,0,
SBPB,Outono,06-12,exato,+RA,0,0,,0,0,
SBPB,Outono,06-12,exato,+TSRA,0,0,,0,0,
SBPB,Outono,06-12,exato,TSRA,0,0,,0,0,
SBPB,Outono,06-12,sem_intensidade,TS,0,0,,0,0,
SBPB,Outono,06-12,sem_intensidade,TSRA,0,0,,0,0,
SBPB,Outono,06-12,sem_intensidade,+RA,0,0,,0,0,
SBPB,Outono,12-18,exato,TS,0,0,,0,0,
SBPB,Outono,12-18,exato,+RA,0,0,,0,0,
SBPB,Outono,12-18,exato,+TSRA,0,0,,0,0,
SBPB,Outono,12-18,exato,TSRA,0,0,,0,0,
SBPB,Outono,12-18,sem_intensidade,TS,0,0,,0,0,
SBPB,Outono,12-18,sem_intensidade,TSRA,0,0,,0,0,
SBPB,Outono,12-18,sem_intensidade,+RA,0,0,,0,0,
SBPB,Outono,18-24,exato,TS,0,0,,0,0,
SBPB,Outono,18-24,exato,+RA,0,0,,0,0,
SBPB,Outono,18-24,exato,+TSRA,0,0,,0,0,
SBPB,Outono,18-24,exato,TSRA,0,0,,0,0,
SBPB,Outono,18-24,sem_intensidade,TS,0,0,,0,0,
SBPB,Outono,18-24,sem_intensidade,TSRA,0,0,,0,0,
SBPB,Outono,18-24,sem_intensidade,+RA,0,0,,0,0,
SBPB,Outono,TODOS,exato,TS,0,0,,0,0,
SBPB,Outono,TODOS,exato,+RA,0,0,,0,0,
SBPB,Outono,TODOS,exato,+TSRA,0,0,,0,0,
SBPB,Outono,TODOS,exato,TSRA,0,0,,0,0,
SBPB,Outono,TODOS,sem_intensidade,TS,0,0,,0,0,
SBPB,Outono,TODOS,sem_intensidade,TSRA,0,0,,0,0,
SBPB,Outono,TODOS,sem_intensidade,+RA,0,0,,0,0,
SBPB,Inverno,00-06,exato,TS,0,0,,0,0,
SBPB,Inverno,00-06,exato,+RA,0,0,,0,0,
SBPB,Inverno,00-06,exato,+TSRA,0,0,,0,0,
SBPB,Inverno,00-06,exato,TSRA,0,0,,0,0,
SBPB,Inverno,00-06,sem_intensidade,TS,0,0,,0,0,
SBPB,Inverno,00-06,sem_intensidade,TSRA,0,0,,0,0,
SBPB,Inverno,00-06,sem_intensidade,+RA,0,0,,0,0,
SBPB,Inverno,06-12,exato,TS,0,0,,0,0,
SBPB,Inverno,06-12,exato,+RA,0,0,,0,0,
SBPB,Inverno,06-12,exato,+TSRA,0,0,,0,0,
SBPB,Inverno,06-12,exato,TSRA,0,0,,0,0,
SBPB,Inverno,06-12,sem_intensidade,TS,0,0,,0,0,
SBPB,Inverno,06-12,sem_intensidade,TSRA,0,0,,0,0,
SBPB,Inverno,06-12,sem_intensidade,+RA,0,0,,0,0,
SBPB,Inverno,12-18,exato,TS,0,0,,0,0,
SBPB,Inverno,12-18,exato,+RA,0,0,,0,0,
SBPB,Inverno,12-18,exato,+TSRA,0,0,,0,0,
SBPB,Inverno,12-18,exato,TSRA,0,0,,0,0,
SBPB,Inverno,12-18,sem_intensidade,TS,0,0,,0,0,
SBPB,Inverno,12-18,sem_intensidade,TSRA,0,0,,0,0,
SBPB,Inverno,12-18,sem_intensidade,+RA,0,0,,0,0,
SBPB,Inverno,18-24,exato,TS,0,0,,0,0,
SBPB,Inverno,18-24,exato,+RA,0,0,,0,0,
SBPB,Inverno,18-24,exato,+TSRA,0,0,,0,0,
SBPB,Inverno,18-24,exato,TSRA,0,0,,0,0,
SBPB,Inverno,18-24,sem_intensidade,TS,0,0,,0,0,
SBPB,Inverno,18-24,sem_intensidade,TSRA,0,0,,0,0,
SBPB,Inverno,18-24,sem_intensidade,+RA,0,0,,0,0,
SBPB,Inverno,TODOS,exato,TS,0,0,,0,0,
SBPB,Inverno,TODOS,exato,+RA,0,0,,0,0,
SBPB,Inverno,TODOS,exato,+TSRA,0,0,,0,0,
SBPB,Inverno,TODOS,exato,TSRA,0,0,,0,0,
SBPB,Inverno,TODOS,sem_intensidade,TS,0,0,,0,0,
SBPB,Inverno,TODOS,sem_intensidade,TSRA,0,0,,0,0,
SBPB,Inverno,TODOS,sem_intensidade,+RA,0,0,,0,0,
SBPB,Primavera,00-06,exato,TS,0,0,,0,0,
SBPB,Primavera,00-06,exato,+RA,0,0,,0,0,
SBPB,Primavera,00-06,exato,+TSRA,0,0,,0,0,
SBPB,Primavera,00-06,exato,TSRA,0,0,,0,0,
SBPB,Primavera,00-06,sem_intensidade,TS,0,0,,0,0,
SBPB,Primavera,00-06,sem_intensidade,TSRA,0,0,,0,0,
SBPB,Primavera,00-06,sem_intensidade,+RA,0,0,,0,0,
SBPB,Primavera,06-12,exato,TS,0,0,,0,0,
SBPB,Primavera,06-12,exato,+RA,0,0,,0,0,
SBPB,Primavera,06-12,exato,+TSRA,0,0,,0,0,
SBPB,Primavera,06-12,exato,TSRA,0,0,,0,0,
SBPB,Primavera,06-12,sem_intensidade,TS,0,0,,0,0,
SBPB,Primavera,06-12,sem_intensidade,TSRA,0,0,,0,0,
SBPB,Primavera,06-12,sem_intensidade,+RA,0,0,,0,0,
SBPB,Primavera,12-18,exato,TS,0,0,,0,0,
SBPB,Primavera,12-18,exato,+RA,0,0,,0,0,
SBPB,Primavera,12-18,exato,+TSRA,0,0,,0,0,
SBPB,Primavera,12-18,exato,TSRA,0,0,,0,0,
SBPB,Primavera,12-18,sem_intensidade,TS,0,0,,0,0,
SBPB,Primavera,12-18,sem_intensidade,TSRA,0,0,,0,0,
SBPB,Primavera,12-18,sem_intensidade,+RA,0,0,,0,0,
SBPB,Primavera,18-24,exato,TS,0,0,,0,0,
SBPB,Primavera,18-24,exato,+RA,0,0,,0,0,
SBPB,Primavera,18-24,exato,+TSRA,0,0,,0,0,
SBPB,Primavera,18-24,exato,TSRA,0,0,,0,0,
SBPB,Primavera,18-24,sem_intensidade,TS,0,0,,0,0,
SBPB,Primavera,18-24,sem_intensidade,TSRA,0,0,,0,0,
SBPB,Primavera,18-24,sem_intensidade,+RA,0,0,,0,0,
SBPB,Primavera,TODOS,exato,TS,0,0,,0,0,
SBPB,Primavera,TODOS,exato,+RA,0,0,,0,0,
SBPB,Primavera,TODOS,exato,+TSRA,0,0,,0,0,
SBPB,Primavera,TODOS,exato,TSRA,0,0,,0,0,
SBPB,Primavera,TODOS,sem_intensidade,TS,0,0,,0,0,
SBPB,Primavera,TODOS,sem_intensidade,TSRA,0,0,,0,0,
SBPB,Primavera,TODOS,sem_intensidade,+RA,0,0,,0,0,
SBPB,TODAS,00-06,exato,TS,0,0,,0,0,
SBPB,TODAS,00-06,exato,+RA,0,0,,0,0,
SBPB,TODAS,00-06,exato,+TSRA,0,0,,0,0,
SBPB,TODAS,00-06,exato,TSRA,0,0,,0,0,
SBPB,TODAS,00-06,sem_intensidade,TS,0,0,,0,0,
SBPB,TODAS,00-06,sem_intensidade,TSRA,0,0,,0,0,
SBPB,TODAS,00-06,sem_intensidade,+RA,0,0,,0,0,
SBPB,TODAS,06-12,exato,TS,0,0,,0,0,
SBPB,TODAS,06-12,exato,+RA,0,0,,0,0,
SBPB,TODAS,06-12,exato,+TSRA,0,0,,0,0,
SBPB,TODAS,06-12,exato,TSRA,0,0,,0,0,
SBPB,TODAS,06-12,sem_intensidade,TS,0,0,,0,0,
SBPB,TODAS,06-12,sem_intensidade,TSRA,0,0,,0,0,
SBPB,TODAS,06-12,sem_intensidade,+RA,0,0,,0,0,
SBPB,TODAS,12-18,exato,TS,0,0,,0,0,
SBPB,TODAS,12-18,exato,+RA,0,0,,0,0,
SBPB,TODAS,12-18,exato,+TSRA,0,0,,0,0,
SBPB,TODAS,12-18,exato,TSRA,0,0,,0,0,
SBPB,TODAS,12-18,sem_intensidade,TS,0,0,,0,0,
SBPB,TODAS,12-18,sem_intensidade,TSRA,0,0,,0,0,
SBPB,TODAS,12-18,sem_intensidade,+RA,0,0,,0,0,
SBPB,TODAS,18-24,exato,TS,0,0,,0,0,
SBPB,TODAS,18-24,exato,+RA,0,0,,0,0,
SBPB,TODAS,18-24,exato,+TSRA,0,0,,0,0,
SBPB,TODAS,18-24,exato,TSRA,0,0,,0,0,
SBPB,TODAS,18-24,sem_intensidade,TS,0,0,,0,0,
SBPB,TODAS,18-24,sem_intensidade,TSRA,0,0,,0,0,
SBPB,TODAS,18-24,sem_intensidade,+RA,0,0,,0,0,
SBPB,TODAS,TODOS,exato,TS,0,0,,0,0,
SBPB,TODAS,TODOS,exato,+RA,0,0,,0,0,
SBPB,TODAS,TODOS,exato,+TSRA,0,0,,0,0,
SBPB,TODAS,TODOS,exato,TSRA,0,0,,0,0,
SBPB,TODAS,TODOS,sem_intensidade,TS,0,0,,0,0,
SBPB,TODAS,TODOS,sem_intensidade,TSRA,0,0,,0,0,
SBPB,TODAS,TODOS,sem_intensidade,+RA,0,0,,0,0,
SBPJ,Verao,00-06,exato,TS,0,0,,0,0,
SBPJ,Verao,00-06,exato,+RA,0,0,,0,0,
SBPJ,Verao,00-06,exato,+TSRA,0,0,,0,0,
SBPJ,Verao,00-06,exato,TSRA,0,0,,0,0,
SBPJ,Verao,00-06,sem_intensidade,TS,0,0,,0,0,
SBPJ,Verao,00-06,sem_intensidade,TSRA,0,0,,0,0,
SBPJ,Verao,00-06,sem_intensidade,+RA,0,0,,0,0,
SBPJ,Verao,06-12,exato,TS,0,0,,0,0,
SBPJ,Verao,06-12,exato,+RA,0,0,,0,0,
SBPJ,Verao,06-12,exato,+TSRA,0,0,,0,0,
SBPJ,Verao,06-12,exato,TSRA,0,0,,0,0,
SBPJ,Verao,06-12,sem_intensidade,TS,0,0,,0,0,
SBPJ,Verao,06-12,sem_intensidade,TSRA,0,0,,0,0,
SBPJ,Verao,06-12,sem_intensidade,+RA,0,0,,0,0,
SBPJ,Verao,12-18,exato,TS,0,0,,0,0,
SBPJ,Verao,12-18,exato,+RA,0,0,,0,0,
SBPJ,Verao,12-18,exato,+TSRA,0,0,,0,0,
SBPJ,Verao,12-18,exato,TSRA,0,0,,0,0,
SBPJ,Verao,12-18,sem_intensidade,TS,0,0,,0,0,
SBPJ,Verao,12-18,sem_intensidade,TSRA,0,0,,0,0,
SBPJ,Verao,12-18,sem_intensidade,+RA,0,0,,0,0,
SBPJ,Verao,18-24,exato,TS,0,0,,0,0,
SBPJ,Verao,18-24,exato,+RA,0,0,,0,0,
SBPJ,Verao,18-24,exato,+TSRA,0,0,,0,0,
SBPJ,Verao,18-24,exato,TSRA,0,0,,0,0,
SBPJ,Verao,18-24,sem_intensidade,TS,0,0,,0,0,
SBPJ,Verao,18-24,sem_intensidade,TSRA,0,0,,0,0,
SBPJ,Verao,18-24,sem_intensidade,+RA,0,0,,0,0,
SBPJ,Verao,TODOS,exato,TS,0,0,,0,0,
SBPJ,Verao,TODOS,exato,+RA,0,0,,0,0,
SBPJ,Verao,TODOS,exato,+TSRA,0,0,,0,0,
SBPJ,Verao,TODOS,exato,TSRA,0,0,,0,0,
SBPJ,Verao,TODOS,sem_intensidade,TS,0,0,,0,0,
SBPJ,Verao,TODOS,sem_intensidade,TSRA,0,0,,0,0,
SBPJ,Verao,TODOS,sem_intensidade,+RA,0,0,,0,0,
SBPJ,Outono,00-06,exato,TS,0,0,,0,0,
SBPJ,Outono,00-06,exato,+RA,0,0,,0,0,
SBPJ,Outono,00-06,exato,+TSRA,0,0,,0,0,
SBPJ,Outono,00-06,exato,TSRA,0,0,,0,0,
SBPJ,Outono,00-06,sem_intensidade,TS,0,0,,0,0,
SBPJ,Outono,00-06,sem_intensidade,TSRA,0,0,,0,0,
SBPJ,Outono,00-06,sem_intensidade,+RA,0,0,,0,0,
SBPJ,Outono,06-12,exato,TS,0,0,,0,0,
SBPJ,Outono,06-12,exato,+RA,0,0,,0,0,
SBPJ,Outono,06-12,exato,+TSRA,0,0,,0,0,
SBPJ,Outono,06-12,exato,TSRA,0,0,,0,0,
SBPJ,Outono,06-12,sem_intensidade,TS,0,0,,0,0,
SBPJ,Outono,06-12,sem_intensidade,TSRA,0,0,,0,0,
SBPJ,Outono,06-12,sem_intensidade,+RA,0,0,,0,0,
SBPJ,Outono,12-18,exato,TS,0,0,,0,0,
SBPJ,Outono,12-18,exato,+RA,0,0,,0,0,
SBPJ,Outono,12-18,exato,+TSRA,0,0,,0,0,
SBPJ,Outono,12-18,exato,TSRA,0,0,,0,0,
SBPJ,Outono,12-18,sem_intensidade,TS,0,0,,0,0,
SBPJ,Outono,12-18,sem_intensidade,TSRA,0,0,,0,0,
SBPJ,Outono,12-18,sem_intensidade,+RA,0,0,,0,0,
SBPJ,Outono,18-24,exato,TS,0,0,,0,0,
SBPJ,Outono,18-24,exato,+RA,0,0,,0,0,
SBPJ,Outono,18-24,exato,+TSRA,0,0,,0,0,
SBPJ,Outono,18-24,exato,TSRA,0,0,,0,0,
SBPJ,Outono,18-24,sem_intensidade,TS,0,0,,0,0,
SBPJ,Outono,18-24,sem_intensidade,TSRA,0,0,,0,0,
SBPJ,Outono,18-24,sem_intensidade,+RA,0,0,,0,0,
SBPJ,Outono,TODOS,exato,TS,0,0,,0,0,
SBPJ,Outono,TODOS,exato,+RA,0,0,,0,0,
SBPJ,Outono,TODOS,exato,+TSRA,0,0,,0,0,
SBPJ,Outono,TODOS,exato,TSRA,0,0,,0,0,
SBPJ,Outono,TODOS,sem_intensidade,TS,0,0,,0,0,
SBPJ,Outono,TODOS,sem_intensidade,TSRA,0,0,,0,0,
SBPJ,Outono,TODOS,sem_intensidade,+RA,0,0,,0,0,
SBPJ,Inverno,00-06,exato,TS,0,0,,0,0,
SBPJ,Inverno,00-06,exato,+RA,0,0,,0,0,
SBPJ,Inverno,00-06,exato,+TSRA,0,0,,0,0,
SBPJ,Inverno,00-06,exato,TSRA,0,0,,0,0,
SBPJ,Inverno,00-06,sem_intensidade,TS,0,0,,0,0,
SBPJ,Inverno,00-06,sem_intensidade,TSRA,0,0,,0,0,
SBPJ,Inverno,00-06,sem_intensidade,+RA,0,0,,0,0,
SBPJ,Inverno,06-12,exato,TS,0,0,,0,0,
SBPJ,Inverno,06-12,exato,+RA,0,0,,0,0,
SBPJ,Inverno,06-12,exato,+TSRA,0,0,,0,0,
SBPJ,Inverno,06-12,exato,TSRA,0,0,,0,0,
SBPJ,Inverno,06-12,sem_intensidade,TS,0,0,,0,0,
SBPJ,Inverno,06-12,sem_intensidade,TSRA,0,0,,0,0,
SBPJ,Inverno,06-12,sem_intensidade,+RA,0,0,,0,0,
SBPJ,Inverno,12-18,exato,TS,0,0,,0,0,
SBPJ,Inverno,12-18,exato,+RA,0,0,,0,0,
SBPJ,Inverno,12-18,exato,+TSRA,0,0,,0,0,
SBPJ,Inverno,12-18,exato,TSRA,0,0,,0,0,
SBPJ,Inverno,12-18,sem_intensidade,TS,0,0,,0,0,
SBPJ,Inverno,12-18,sem_intensidade,TSRA,0,0,,0,0,
SBPJ,Inverno,12-18,sem_intensidade,+RA,0,0,,0,0,
SBPJ,Inverno,18-24,exato,TS,0,0,,0,0,
SBPJ,Inverno,18-24,exato,+RA,0,0,,0,0,
SBPJ,Inverno,18-24,exato,+TSRA,0,0,,0,0,
SBPJ,Inverno,18-24,exato,TSRA,0,0,,0,0,
SBPJ,Inverno,18-24,sem_intensidade,TS,0,0,,0,0,
SBPJ,Inverno,18-24,sem_intensidade,TSRA,0,0,,0,0,
SBPJ,Inverno,18-24,sem_intensidade,+RA,0,0,,0,0,
SBPJ,Inverno,TODOS,exato,TS,0,0,,0,0,
SBPJ,Inverno,TODOS,exato,+RA,0,0,,0,0,
SBPJ,Inverno,TODOS,exato,+TSRA,0,0,,0,0,
SBPJ,Inverno,TODOS,exato,TSRA,0,0,,0,0,
SBPJ,Inverno,TODOS,sem_intensidade,TS,0,0,,0,0,
SBPJ,Inverno,TODOS,sem_intensidade,TSRA,0,0,,0,0,
SBPJ,Inverno,TODOS,sem_intensidade,+RA,0,0,,0,0,
SBPJ,Primavera,00-06,exato,TS,0,0,,0,0,
SBPJ,Primavera,00-06,exato,+RA,0,0,,0,0,
SBPJ,Primavera,00-06,exato,+TSRA,0,0,,0,0,
SBPJ,Primavera,00-06,exato,TSRA,0,0,,0,0,
SBPJ,Primavera,00-06,sem_intensidade,TS,0,0,,0,0,
SBPJ,Primavera,00-06,sem_intensidade,TSRA,0,0,,0,0,
SBPJ,Primavera,00-06,sem_intensidade,+RA,0,0,,0,0,
SBPJ,Primavera,06-12,exato,TS,0,0,,0,0,
SBPJ,Primavera,06-12,exato,+RA,0,0,,0,0,
SBPJ,Primavera,06-12,exato,+TSRA,0,0,,0,0,
SBPJ,Primavera,06-12,exato,TSRA,0,0,,0,0,
SBPJ,Primavera,06-12,sem_intensidade,TS,0,0,,0,0,
SBPJ,Primavera,06-12,sem_intensidade,TSRA,0,0,,0,0,
SBPJ,Primavera,06-12,sem_intensidade,+RA,0,0,,0,0,
SBPJ,Primavera,12-18,exato,TS,0,0,,0,0,
SBPJ,Primavera,12-18,exato,+RA,0,0,,0,0,
SBPJ,Primavera,12-18,exato,+TSRA,0,0,,0,0,
SBPJ,Primavera,12-18,exato,TSRA,0,0,,0,0,
SBPJ,Primavera,12-18,sem_intensidade,TS,0,0,,0,0,
SBPJ,Primavera,12-18,sem_intensidade,TSRA,0,0,,0,0,
SBPJ,Primavera,12-18,sem_intensidade,+RA,0,0,,0,0,
SBPJ,Primavera,18-24,exato,TS,0,0,,0,0,
SBPJ,Primavera,18-24,exato,+RA,0,0,,0,0,
SBPJ,Primavera,18-24,exato,+TSRA,0,0,,0,0,
SBPJ,Primavera,18-24,exato,TSRA,0,0,,0,0,
SBPJ,Primavera,18-24,sem_intensidade,TS,0,0,,0,0,
SBPJ,Primavera,18-24,sem_intensidade,TSRA,0,0,,0,0,
SBPJ,Primavera,18-24,sem_intensidade,+RA,0,0,,0,0,
SBPJ,Primavera,TODOS,exato,TS,0,0,,0,0,
SBPJ,Primavera,TODOS,exato,+RA,0,0,,0,0,
SBPJ,Primavera,TODOS,exato,+TSRA,0,0,,0,0,
SBPJ,Primavera,TODOS,exato,TSRA,0,0,,0,0,
SBPJ,Primavera,TODOS,sem_intensidade,TS,0,0,,0,0,
SBPJ,Primavera,TODOS,sem_intensidade,TSRA,0,0,,0,0,
SBPJ,Primavera,TODOS,sem_intensidade,+RA,0,0,,0,0,
SBPJ,TODAS,00-06,exato,TS,0,0,,0,0,
SBPJ,TODAS,00-06,exato,+RA,0,0,,0,0,
SBPJ,TODAS,00-06,exato,+TSRA,0,0,,0,0,
SBPJ,TODAS,00-06,exato,TSRA,0,0,,0,0,
SBPJ,TODAS,00-06,sem_intensidade,TS,0,0,,0,0,
SBPJ,TODAS,00-06,sem_intensidade,TSRA,0,0,,0,0,
SBPJ,TODAS,00-06,sem_intensidade,+RA,0,0,,0,0,
SBPJ,TODAS,06-12,exato,TS,0,0,,0,0,
SBPJ,TODAS,06-12,exato,+RA,0,0,,0,0,
SBPJ,TODAS,06-12,exato,+TSRA,0,0,,0,0,
SBPJ,TODAS,06-12,exato,TSRA,0,0,,0,0,
SBPJ,TODAS,06-12,sem_intensidade,TS,0,0,,0,0,
SBPJ,TODAS,06-12,sem_intensidade,TSRA,0,0,,0,0,
SBPJ,TODAS,06-12,sem_intensidade,+RA,0,0,,0,0,
SBPJ,TODAS,12-18,exato,TS,0,0,,0,0,
SBPJ,TODAS,12-18,exato,+RA,0,0,,0,0,
SBPJ,TODAS,12-18,exato,+TSRA,0,0,,0,0,
SBPJ,TODAS,12-18,exato,TSRA,0,0,,0,0,
SBPJ,TODAS,12-18,sem_intensidade,TS,0,0,,0,0,
SBPJ,TODAS,12-18,sem_intensidade,TSRA,0,0,,0,0,
SBPJ,TODAS,12-18,sem_intensidade,+RA,0,0,,0,0,
SBPJ,TODAS,18-24,exato,TS,0,0,,0,0,
SBPJ,TODAS,18-24,exato,+RA,0,0,,0,0,
SBPJ,TODAS,18-24,exato,+TSRA,0,0,,0,0,
SBPJ,TODAS,18-24,exato,TSRA,0,0,,0,0,
SBPJ,TODAS,18-24,sem_intensidade,TS,0,0,,0,0,
SBPJ,TODAS,18-24,sem_intensidade,TSRA,0,0,,0,0,
SBPJ,TODAS,18-24,sem_intensidade,+RA,0,0,,0,0,
SBPJ,TODAS,TODOS,exato,TS,0,0,,0,0,
SBPJ,TODAS,TODOS,exato,+RA,0,0,,0,0,
SBPJ,TODAS,TODOS,exato,+TSRA,0,0,,0,0,
SBPJ,TODAS,TODOS,exato,TSRA,0,0,,0,0,
SBPJ,TODAS,TODOS,sem_intensidade,TS,0,0,,0,0,
SBPJ,TODAS,TODOS,sem_intensidade,TSRA,0,0,,0,0,
SBPJ,TODAS,TODOS,sem_intensidade,+RA,0,0,,0,0,
SBPK,Verao,00-06,exato,TS,0,0,,0,0,
SBPK,Verao,00-06,exato,+RA,0,0,,0,0,
SBPK,Verao,00-06,exato,+TSRA,0,0,,0,0,
SBPK,Verao,00-06,exato,TSRA,0,0,,0,0,
SBPK,Verao,00-06,sem_intensidade,TS,0,0,,0,0,
SBPK,Verao,00-06,sem_intensidade,TSRA,0,0,,0,0,
SBPK,Verao,00-06,sem_intensidade,+RA,0,0,,0,0,
SBPK,Verao,06-12,exato,TS,0,0,,0,0,
SBPK,Verao,06-12,exato,+RA,0,0,,0,0,
SBPK,Verao,06-12,exato,+TSRA,0,0,,0,0,
SBPK,Verao,06-12,exato,TSRA,0,0,,0,0,
SBPK,Verao,06-12,sem_intensidade,TS,0,0,,0,0,
SBPK,Verao,06-12,sem_intensidade,TSRA,0,0,,0,0,
SBPK,Verao,06-12,sem_intensidade,+RA,0,0,,0,0,
SBPK,Verao,12-18,exato,TS,0,0,,0,0,
SBPK,Verao,12-18,exato,+RA,0,0,,0,0,
SBPK,Verao,12-18,exato,+TSRA,0,0,,0,0,
SBPK,Verao,12-18,exato,TSRA,0,0,,0,0,
SBPK,Verao,12-18,sem_intensidade,TS,0,0,,0,0,
SBPK,Verao,12-18,sem_intensidade,TSRA,0,0,,0,0,
SBPK,Verao,12-18,sem_intensidade,+RA,0,0,,0,0,
SBPK,Verao,18-24,exato,TS,0,0,,0,0,
SBPK,Verao,18-24,exato,+RA,0,0,,0,0,
SBPK,Verao,18-24,exato,+TSRA,0,0,,0,0,
SBPK,Verao,18-24,exato,TSRA,0,0,,0,0,
SBPK,Verao,18-24,sem_intensidade,TS,0,0,,0,0,
SBPK,Verao,18-24,sem_intensidade,TSRA,0,0,,0,0,
SBPK,Verao,18-24,sem_intensidade,+RA,0,0,,0,0,
SBPK,Verao,TODOS,exato,TS,0,0,,0,0,
SBPK,Verao,TODOS,exato,+RA,0,0,,0,0,
SBPK,Verao,TODOS,exato,+TSRA,0,0,,0,0,
SBPK,Verao,TODOS,exato,TSRA,0,0,,0,0,
SBPK,Verao,TODOS,sem_intensidade,TS,0,0,,0,0,
SBPK,Verao,TODOS,sem_intensidade,TSRA,0,0,,0,0,
SBPK,Verao,TODOS,sem_intensidade,+RA,0,0,,0,0,
SBPK,Outono,00-06,exato,TS,0,0,,0,0,
SBPK,Outono,00-06,exato,+RA,0,0,,0,0,
SBPK,Outono,00-06,exato,+TSRA,0,0,,0,0,
SBPK,Outono,00-06,exato,TSRA,0,0,,0,0,
SBPK,Outono,00-06,sem_intensidade,TS,0,0,,0,0,
SBPK,Outono,00-06,sem_intensidade,TSRA,0,0,,0,0,
SBPK,Outono,00-06,sem_intensidade,+RA,0,0,,0,0,
SBPK,Outono,06-12,exato,TS,0,0,,0,0,
SBPK,Outono,06-12,exato,+RA,0,0,,0,0,
SBPK,Outono,06-12,exato,+TSRA,0,0,,0,0,
SBPK,Outono,06-12,exato,TSRA,0,0,,0,0,
SBPK,Outono,06-12,sem_intensidade,TS,0,0,,0,0,
SBPK,Outono,06-12,sem_intensidade,TSRA,0,0,,0,0,
SBPK,Outono,06-12,sem_intensidade,+RA,0,0,,0,0,
SBPK,Outono,12-18,exato,TS,0,0,,0,0,
SBPK,Outono,12-18,exato,+RA,0,0,,0,0,
SBPK,Outono,12-18,exato,+TSRA,0,0,,0,0,
SBPK,Outono,12-18,exato,TSRA,0,0,,0,0,
SBPK,Outono,12-18,sem_intensidade,TS,0,0,,0,0,
SBPK,Outono,12-18,sem_intensidade,TSRA,0,0,,0,0,
SBPK,Outono,12-18,sem_intensidade,+RA,0,0,,0,0,
SBPK,Outono,18-24,exato,TS,0,0,,0,0,
SBPK,Outono,18-24,exato,+RA,0,0,,0,0,
SBPK,Outono,18-24,exato,+TSRA,0,0,,0,0,
SBPK,Outono,18-24,exato,TSRA,0,0,,0,0,
SBPK,Outono,18-24,sem_intensidade,TS,0,0,,0,0,
SBPK,Outono,18-24,sem_intensidade,TSRA,0,0,,0,0,
SBPK,Outono,18-24,sem_intensidade,+RA,0,0,,0,0,
SBPK,Outono,TODOS,exato,TS,0,0,,0,0,
SBPK,Outono,TODOS,exato,+RA,0,0,,0,0,
SBPK,Outono,TODOS,exato,+TSRA,0,0,,0,0,
SBPK,Outono,TODOS,exato,TSRA,0,0,,0,0,
SBPK,Outono,TODOS,sem_intensidade,TS,0,0,,0,0,
SBPK,Outono,TODOS,sem_intensidade,TSRA,0,0,,0,0,
SBPK,Outono,TODOS,sem_intensidade,+RA,0,0,,0,0,
SBPK,Inverno,00-06,exato,TS,0,0,,0,0,
SBPK,Inverno,00-06,exato,+RA,0,0,,0,0,
SBPK,Inverno,00-06,exato,+TSRA,0,0,,0,0,
SBPK,Inverno,00-06,exato,TSRA,0,0,,0,0,
SBPK,Inverno,00-06,sem_intensidade,TS,0,0,,0,0,
SBPK,Inverno,00-06,sem_intensidade,TSRA,0,0,,0,0,
SBPK,Inverno,00-06,sem_intensidade,+RA,0,0,,0,0,
SBPK,Inverno,06-12,exato,TS,0,0,,0,0,
SBPK,Inverno,06-12,exato,+RA,0,0,,0,0,
SBPK,Inverno,06-12,exato,+TSRA,0,0,,0,0,
SBPK,Inverno,06-12,exato,TSRA,0,0,,0,0,
SBPK,Inverno,06-12,sem_intensidade,TS,0,0,,0,0,
SBPK,Inverno,06-12,sem_intensidade,TSRA,0,0,,0,0,
SBPK,Inverno,06-12,sem_intensidade,+RA,0,0,,0,0,
SBPK,Inverno,12-18,exato,TS,0,0,,0,0,
SBPK,Inverno,12-18,exato,+RA,0,0,,0,0,
SBPK,Inverno,12-18,exato,+TSRA,0,0,,0,0,
SBPK,Inverno,12-18,exato,TSRA,0,0,,0,0,
SBPK,Inverno,12-18,sem_intensidade,TS,0,0,,0,0,
SBPK,Inverno,12-18,sem_intensidade,TSRA,0,0,,0,0,
SBPK,Inverno,12-18,sem_intensidade,+RA,0,0,,0,0,
SBPK,Inverno,18-24,exato,TS,0,0,,0,0,
SBPK,Inverno,18-24,exato,+RA,0,0,,0,0,
SBPK,Inverno,18-24,exato,+TSRA,0,0,,0,0,
SBPK,Inverno,18-24,exato,TSRA,0,0,,0,0,
SBPK,Inverno,18-24,sem_intensidade,TS,0,0,,0,0,
SBPK,Inverno,18-24,sem_intensidade,TSRA,0,0,,0,0,
SBPK,Inverno,18-24,sem_intensidade,+RA,0,0,,0,0,
SBPK,Inverno,TODOS,exato,TS,0,0,,0,0,
SBPK,Inverno,TODOS,exato,+RA,0,0,,0,0,
SBPK,Inverno,TODOS,exato,+TSRA,0,0,,0,0,
SBPK,Inverno,TODOS,exato,TSRA,0,0,,0,0,
SBPK,Inverno,TODOS,sem_intensidade,TS,0,0,,0,0,
SBPK,Inverno,TODOS,sem_intensidade,TSRA,0,0,,0,0,
SBPK,Inverno,TODOS,sem_intensidade,+RA,0,0,,0,0,
SBPK,Primavera,00-06,exato,TS,0,0,,0,0,
SBPK,Primavera,00-06,exato,+RA,0,0,,0,0,
SBPK,Primavera,00-06,exato,+TSRA,0,0,,0,0,
SBPK,Primavera,00-06,exato,TSRA,0,0,,0,0,
SBPK,Primavera,00-06,sem_intensidade,TS,0,0,,0,0,
SBPK,Primavera,00-06,sem_intensidade,TSRA,0,0,,0,0,
SBPK,Primavera,00-06,sem_intensidade,+RA,0,0,,0,0,
SBPK,Primavera,06-12,exato,TS,0,0,,0,0,
SBPK,Primavera,06-12,exato,+RA,0,0,,0,0,
SBPK,Primavera,06-12,exato,+TSRA,0,0,,0,0,
SBPK,Primavera,06-12,exato,TSRA,0,0,,0,0,
SBPK,Primavera,06-12,sem_intensidade,TS,0,0,,0,0,
SBPK,Primavera,06-12,sem_intensidade,TSRA,0,0,,0,0,
SBPK,Primavera,06-12,sem_intensidade,+RA,0,0,,0,0,
SBPK,Primavera,12-18,exato,TS,0,0,,0,0,
SBPK,Primavera,12-18,exato,+RA,0,0,,0,0,
SBPK,Primavera,12-18,exato,+TSRA,0,0,,0,0,
SBPK,Primavera,12-18,exato,TSRA,0,0,,0,0,
SBPK,Primavera,12-18,sem_intensidade,TS,0,0,,0,0,
SBPK,Primavera,12-18,sem_intensidade,TSRA,0,0,,0,0,
SBPK,Primavera,12-18,sem_intensidade,+RA,0,0,,0,0,
SBPK,Primavera,18-24,exato,TS,0,0,,0,0,
SBPK,Primavera,18-24,exato,+RA,0,0,,0,0,
SBPK,Primavera,18-24,exato,+TSRA,0,0,,0,0,
SBPK,Primavera,18-24,exato,TSRA,0,0,,0,0,
SBPK,Primavera,18-24,sem_intensidade,TS,0,0,,0,0,
SBPK,Primavera,18-24,sem_intensidade,TSRA,0,0,,0,0,
SBPK,Primavera,18-24,sem_intensidade,+RA,0,0,,0,0,
SBPK,Primavera,TODOS,exato,TS,0,0,,0,0,
SBPK,Primavera,TODOS,exato,+RA,0,0,,0,0,
SBPK,Primavera,TODOS,exato,+TSRA,0,0,,0,0,
SBPK,Primavera,TODOS,exato,TSRA,0,0,,0,0,
SBPK,Primavera,TODOS,sem_intensidade,TS,0,0,,0,0,
SBPK,Primavera,TODOS,sem_intensidade,TSRA,0,0,,0,0,
SBPK,Primavera,TODOS,sem_intensidade,+RA,0,0,,0,0,
SBPK,TODAS,00-06,exato,TS,0,0,,0,0,
SBPK,TODAS,00-06,exato,+RA,0,0,,0,0,
SBPK,TODAS,00-06,exato,+TSRA,0,0,,0,0,
SBPK,TODAS,00-06,exato,TSRA,0,0,,0,0,
SBPK,TODAS,00-06,sem_intensidade,TS,0,0,,0,0,
SBPK,TODAS,00-06,sem_intensidade,TSRA,0,0,,0,0,
SBPK,TODAS,00-06,sem_intensidade,+RA,0,0,,0,0,
SBPK,TODAS,06-12,exato,TS,0,0,,0,0,
SBPK,TODAS,06-12,exato,+RA,0,0,,0,0,
SBPK,TODAS,06-12,exato,+TSRA,0,0,,0,0,
SBPK,TODAS,06-12,exato,TSRA,0,0,,0,0,
SBPK,TODAS,06-12,sem_intensidade,TS,0,0,,0,0,
SBPK,TODAS,06-12,sem_intensidade,TSRA,0,0,,0,0,
SBPK,TODAS,06-12,sem_intensidade,+RA,0,0,,0,0,
SBPK,TODAS,12-18,exato,TS,0,0,,0,0,
SBPK,TODAS,12-18,exato,+RA,0,0,,0,0,
SBPK,TODAS,12-18,exato,+TSRA,0,0,,0,0,
SBPK,TODAS,12-18,exato,TSRA,0,0,,0,0,
SBPK,TODAS,12-18,sem_intensidade,TS,0,0,,0,0,
SBPK,TODAS,12-18,sem_intensidade,TSRA,0,0,,0,0,
SBPK,TODAS,12-18,sem_intensidade,+RA,0,0,,0,0,
SBPK,TODAS,18-24,exato,TS,0,0,,0,0,
SBPK,TODAS,18-24,exato,+RA,0,0,,0,0,
SBPK,TODAS,18-24,exato,+TSRA,0,0,,0,0,
SBPK,TODAS,18-24,exato,TSRA,0,0,,0,0,
SBPK,TODAS,18-24,sem_intensidade,TS,0,0,,0,0,
SBPK,TODAS,18-24,sem_intensidade,TSRA,0,0,,0,0,
SBPK,TODAS,18-24,sem_intensidade,+RA,0,0,,0,0,
SBPK,TODAS,TODOS,exato,TS,0,0,,0,0,
SBPK,TODAS,TODOS,exato,+RA,0,0,,0,0,
SBPK,TODAS,TODOS,exato,+TSRA,0,0,,0,0,
SBPK,TODAS,TODOS,exato,TSRA,0,0,,0,0,
SBPK,TODAS,TODOS,sem_intensidade,TS,0,0,,0,0,
SBPK,TODAS,TODOS,sem_intensidade,TSRA,0,0,,0,0,
SBPK,TODAS,TODOS,sem_intensidade,+RA,0,0,,0,0,
SBPL,Verao,00-06,exato,TS,1,0,0.0,0,0,
SBPL,Verao,00-06,exato,+RA,0,0,,0,0,
SBPL,Verao,00-06,exato,+TSRA,0,0,,0,0,
SBPL,Verao,00-06,exato,TSRA,2,0,0.0,0,0,
SBPL,Verao,00-06,sem_intensidade,TS,1,0,0.0,0,0,
SBPL,Verao,00-06,sem_intensidade,TSRA,2,1,50.0,1,1,100.0
SBPL,Verao,00-06,sem_intensidade,+RA,0,0,,0,0,
SBPL,Verao,06-12,exato,TS,0,0,,0,0,
SBPL,Verao,06-12,exato,+RA,0,0,,0,0,
SBPL,Verao,06-12,exato,+TSRA,0,0,,0,0,
SBPL,Verao,06-12,exato,TSRA,0,0,,0,0,
SBPL,Verao,06-12,sem_intensidade,TS,0,0,,0,0,
SBPL,Verao,06-12,sem_intensidade,TSRA,0,0,,0,0,
SBPL,Verao,06-12,sem_intensidade,+RA,0,0,,0,0,
SBPL,Verao,12-18,exato,TS,0,0,,0,0,
SBPL,Verao,12-18,exato,+RA,0,0,,0,0,
SBPL,Verao,12-18,exato,+TSRA,0,0,,0,0,
SBPL,Verao,12-18,exato,TSRA,1,0,0.0,0,0,
SBPL,Verao,12-18,sem_intensidade,TS,0,0,,0,0,
SBPL,Verao,12-18,sem_intensidade,TSRA,1,0,0.0,0,0,
SBPL,Verao,12-18,sem_intensidade,+RA,0,0,,0,0,
SBPL,Verao,18-24,exato,TS,0,0,,0,0,
SBPL,Verao,18-24,exato,+RA,0,0,,0,0,
SBPL,Verao,18-24,exato,+TSRA,0,0,,0,0,
SBPL,Verao,18-24,exato,TSRA,0,0,,0,0,
SBPL,Verao,18-24,sem_intensidade,TS,0,0,,0,0,
SBPL,Verao,18-24,sem_intensidade,TSRA,0,0,,0,0,
SBPL,Verao,18-24,sem_intensidade,+RA,0,0,,0,0,
SBPL,Verao,TODOS,exato,TS,1,0,0.0,0,0,
SBPL,Verao,TODOS,exato,+RA,0,0,,0,0,
SBPL,Verao,TODOS,exato,+TSRA,0,0,,0,0,
SBPL,Verao,TODOS,exato,TSRA,3,0,0.0,0,0,
SBPL,Verao,TODOS,sem_intensidade,TS,1,0,0.0,0,0,
SBPL,Verao,TODOS,sem_intensidade,TSRA,3,1,33.3,1,1,100.0
SBPL,Verao,TODOS,sem_intensidade,+RA,0,0,,0,0,
SBPL,Outono,00-06,exato,TS,0,0,,1,0,0.0
SBPL,Outono,00-06,exato,+RA,0,0,,0,0,
SBPL,Outono,00-06,exato,+TSRA,0,0,,0,0,
SBPL,Outono,00-06,exato,TSRA,2,0,0.0,0,0,
SBPL,Outono,00-06,sem_intensidade,TS,0,0,,1,0,0.0
SBPL,Outono,00-06,sem_intensidade,TSRA,2,0,0.0,0,0,
SBPL,Outono,00-06,sem_intensidade,+RA,0,0,,0,0,
SBPL,Outono,06-12,exato,TS,0,0,,0,0,
SBPL,Outono,06-12,exato,+RA,0,0,,0,0,
SBPL,Outono,06-12,exato,+TSRA,0,0,,0,0,
SBPL,Outono,06-12,exato,TSRA,1,0,0.0,0,0,
SBPL,Outono,06-12,sem_intensidade,TS,0,0,,0,0,
SBPL,Outono,06-12,sem_intensidade,TSRA,1,0,0.0,0,0,
SBPL,Outono,06-12,sem_intensidade,+RA,0,0,,0,0,
SBPL,Outono,12-18,exato,TS,1,0,0.0,0,0,
SBPL,Outono,12-18,exato,+RA,0,0,,0,0,
SBPL,Outono,12-18,exato,+TSRA,0,0,,0,0,
SBPL,Outono,12-18,exato,TSRA,0,0,,0,0,
SBPL,Outono,12-18,sem_intensidade,TS,1,0,0.0,0,0,
SBPL,Outono,12-18,sem_intensidade,TSRA,0,0,,0,0,
SBPL,Outono,12-18,sem_intensidade,+RA,0,0,,0,0,
SBPL,Outono,18-24,exato,TS,0,0,,0,0,
SBPL,Outono,18-24,exato,+RA,0,0,,0,0,
SBPL,Outono,18-24,exato,+TSRA,0,0,,0,0,
SBPL,Outono,18-24,exato,TSRA,0,0,,0,0,
SBPL,Outono,18-24,sem_intensidade,TS,0,0,,0,0,
SBPL,Outono,18-24,sem_intensidade,TSRA,0,0,,0,0,
SBPL,Outono,18-24,sem_intensidade,+RA,0,0,,0,0,
SBPL,Outono,TODOS,exato,TS,1,0,0.0,1,0,0.0
SBPL,Outono,TODOS,exato,+RA,0,0,,0,0,
SBPL,Outono,TODOS,exato,+TSRA,0,0,,0,0,
SBPL,Outono,TODOS,exato,TSRA,3,0,0.0,0,0,
SBPL,Outono,TODOS,sem_intensidade,TS,1,0,0.0,1,0,0.0
SBPL,Outono,TODOS,sem_intensidade,TSRA,3,0,0.0,0,0,
SBPL,Outono,TODOS,sem_intensidade,+RA,0,0,,0,0,
SBPL,Inverno,00-06,exato,TS,0,0,,0,0,
SBPL,Inverno,00-06,exato,+RA,0,0,,0,0,
SBPL,Inverno,00-06,exato,+TSRA,0,0,,0,0,
SBPL,Inverno,00-06,exato,TSRA,0,0,,0,0,
SBPL,Inverno,00-06,sem_intensidade,TS,0,0,,0,0,
SBPL,Inverno,00-06,sem_intensidade,TSRA,0,0,,0,0,
SBPL,Inverno,00-06,sem_intensidade,+RA,0,0,,0,0,
SBPL,Inverno,06-12,exato,TS,0,0,,0,0,
SBPL,Inverno,06-12,exato,+RA,0,0,,0,0,
SBPL,Inverno,06-12,exato,+TSRA,0,0,,0,0,
SBPL,Inverno,06-12,exato,TSRA,0,0,,0,0,
SBPL,Inverno,06-12,sem_intensidade,TS,0,0,,0,0,
SBPL,Inverno,06-12,sem_intensidade,TSRA,0,0,,0,0,
SBPL,Inverno,06-12,sem_intensidade,+RA,0,0,,0,0,
SBPL,Inverno,12-18,exato,TS,0,0,,0,0,
SBPL,Inverno,12-18,exato,+RA,0,0,,0,0,
SBPL,Inverno,12-18,exato,+TSRA,0,0,,0,0,
SBPL,Inverno,12-18,exato,TSRA,0,0,,0,0,
SBPL,Inverno,12-18,sem_intensidade,TS,0,0,,0,0,
SBPL,Inverno,12-18,sem_intensidade,TSRA,0,0,,0,0,
SBPL,Inverno,12-18,sem_intensidade,+RA,0,0,,0,0,
SBPL,Inverno,18-24,exato,TS,0,0,,0,0,
SBPL,Inverno,18-24,exato,+RA,0,0,,0,0,
SBPL,Inverno,18-24,exato,+TSRA,0,0,,0,0,
SBPL,Inverno,18-24,exato,TSRA,0,0,,0,0,
SBPL,Inverno,18-24,sem_intensidade,TS,0,0,,0,0,
SBPL,Inverno,18-24,sem_intensidade,TSRA,0,0,,0,0,
SBPL,Inverno,18-24,sem_intensidade,+RA,0,0,,0,0,
SBPL,Inverno,TODOS,exato,TS,0,0,,0,0,
SBPL,Inverno,TODOS,exato,+RA,0,0,,0,0,
SBPL,Inverno,TODOS,exato,+TSRA,0,0,,0,0,
SBPL,Inverno,TODOS,exato,TSRA,0,0,,0,0,
SBPL,Inverno,TODOS,sem_intensidade,TS,0,0,,0,0,
SBPL,Inverno,TODOS,sem_intensidade,TSRA,0,0,,0,0,
SBPL,Inverno,TODOS,sem_intensidade,+RA,0,0,,0,0,
SBPL,Primavera,00-06,exato,TS,0,0,,0,0,
SBPL,Primavera,00-06,exato,+RA,0,0,,0,0,
SBPL,Primavera,00-06,exato,+TSRA,0,0,,0,0,
SBPL,Primavera,00-06,exato,TSRA,1,0,0.0,0,0,
SBPL,Primavera,00-06,sem_intensidade,TS,0,0,,0,0,
SBPL,Primavera,00-06,sem_intensidade,TSRA,1,0,0.0,0,0,
SBPL,Primavera,00-06,sem_intensidade,+RA,0,0,,0,0,
SBPL,Primavera,06-12,exato,TS,0,0,,0,0,
SBPL,Primavera,06-12,exato,+RA,0,0,,0,0,
SBPL,Primavera,06-12,exato,+TSRA,0,0,,0,0,
SBPL,Primavera,06-12,exato,TSRA,0,0,,0,0,
SBPL,Primavera,06-12,sem_intensidade,TS,0,0,,0,0,
SBPL,Primavera,06-12,sem_intensidade,TSRA,0,0,,0,0,
SBPL,Primavera,06-12,sem_intensidade,+RA,0,0,,0,0,
SBPL,Primavera,12-18,exato,TS,0,0,,0,0,
SBPL,Primavera,12-18,exato,+RA,0,0,,0,0,
SBPL,Primavera,12-18,exato,+TSRA,0,0,,0,0,
SBPL,Primavera,12-18,exato,TSRA,0,0,,0,0,
SBPL,Primavera,12-18,sem_intensidade,TS,0,0,,0,0,
SBPL,Primavera,12-18,sem_intensidade,TSRA,0,0,,0,0,
SBPL,Primavera,12-18,sem_intensidade,+RA,0,0,,0,0,
SBPL,Primavera,18-24,exato,TS,0,0,,0,0,
SBPL,Primavera,18-24,exato,+RA,0,0,,0,0,
SBPL,Primavera,18-24,exato,+TSRA,0,0,,0,0,
SBPL,Primavera,18-24,exato,TSRA,0,0,,0,0,
SBPL,Primavera,18-24,sem_intensidade,TS,0,0,,0,0,
SBPL,Primavera,18-24,sem_intensidade,TSRA,0,0,,0,0,
SBPL,Primavera,18-24,sem_intensidade,+RA,0,0,,0,0,
SBPL,Primavera,TODOS,exato,TS,0,0,,0,0,
SBPL,Primavera,TODOS,exato,+RA,0,0,,0,0,
SBPL,Primavera,TODOS,exato,+TSRA,0,0,,0,0,
SBPL,Primavera,TODOS,exato,TSRA,1,0,0.0,0,0,
SBPL,Primavera,TODOS,sem_intensidade,TS,0,0,,0,0,
SBPL,Primavera,TODOS,sem_intensidade,TSRA,1,0,0.0,0,0,
SBPL,Primavera,TODOS,sem_intensidade,+RA,0,0,,0,0,
SBPL,TODAS,00-06,exato,TS,1,0,0.0,1,0,0.0
SBPL,TODAS,00-06,exato,+RA,0,0,,0,0,
SBPL,TODAS,00-06,exato,+TSRA,0,0,,0,0,
SBPL,TODAS,00-06,exato,TSRA,5,0,0.0,0,0,
SBPL,TODAS,00-06,sem_intensidade,TS,1,0,0.0,1,0,0.0
SBPL,TODAS,00-06,sem_intensidade,TSRA,5,1,20.0,1,1,100.0
SBPL,TODAS,00-06,sem_intensidade,+RA,0,0,,0,0,
SBPL,TODAS,06-12,exato,TS,0,0,,0,0,
SBPL,TODAS,06-12,exato,+RA,0,0,,0,0,
SBPL,TODAS,06-12,exato,+TSRA,0,0,,0,0,
SBPL,TODAS,06-12,exato,TSRA,1,0,0.0,0,0,
SBPL,TODAS,06-12,sem_intensidade,TS,0,0,,0,0,
SBPL,TODAS,06-12,sem_intensidade,TSRA,1,0,0.0,0,0,
SBPL,TODAS,06-12,sem_intensidade,+RA,0,0,,0,0,
SBPL,TODAS,12-18,exato,TS,1,0,0.0,0,0,
SBPL,TODAS,12-18,exato,+RA,0,0,,0,0,
SBPL,TODAS,12-18,exato,+TSRA,0,0,,0,0,
SBPL,TODAS,12-18,exato,TSRA,1,0,0.0,0,0,
SBPL,TODAS,12-18,sem_intensidade,TS,1,0,0.0,0,0,
SBPL,TODAS,12-18,sem_intensidade,TSRA,1,0,0.0,0,0,
SBPL,TODAS,12-18,sem_intensidade,+RA,0,0,,0,0,
SBPL,TODAS,18-24,exato,TS,0,0,,0,0,
SBPL,TODAS,18-24,exato,+RA,0,0,,0,0,
SBPL,TODAS,18-24,exato,+TSRA,0,0,,0,0,
SBPL,TODAS,18-24,exato,TSRA,0,0,,0,0,
SBPL,TODAS,18-24,sem_intensidade,TS,0,0,,0,0,
SBPL,TODAS,18-24,sem_intensidade,TSRA,0,0,,0,0,
SBPL,TODAS,18-24,sem_intensidade,+RA,0,0,,0,0,
SBPL,TODAS,TODOS,exato,TS,2,0,0.0,1,0,0.0
SBPL,TODAS,TODOS,exato,+RA,0,0,,0,0,
SBPL,TODAS,TODOS,exato,+TSRA,0,0,,0,0,
SBPL,TODAS,TODOS,exato,TSRA,7,0,0.0,0,0,
SBPL,TODAS,TODOS,sem_intensidade,TS,2,0,0.0,1,0,0.0
SBPL,TODAS,TODOS,sem_intensidade,TSRA,7,1,14.3,1,1,100.0
SBPL,TODAS,TODOS,sem_intensidade,+RA,0,0,,0,0,
SBPP,Verao,00-06,exato,TS,0,0,,0,0,
SBPP,Verao,00-06,exato,+RA,0,0,,0,0,
SBPP,Verao,00-06,exato,+TSRA,0,0,,0,0,
SBPP,Verao,00-06,exato,TSRA,0,0,,0,0,
SBPP,Verao,00-06,sem_intensidade,TS,0,0,,0,0,
SBPP,Verao,00-06,sem_intensidade,TSRA,0,0,,0,0,
SBPP,Verao,00-06,sem_intensidade,+RA,0,0,,0,0,
SBPP,Verao,06-12,exato,TS,0,0,,0,0,
SBPP,Verao,06-12,exato,+RA,0,0,,0,0,
SBPP,Verao,06-12,exato,+TSRA,0,0,,0,0,
SBPP,Verao,06-12,exato,TSRA,0,0,,0,0,
SBPP,Verao,06-12,sem_intensidade,TS,0,0,,0,0,
SBPP,Verao,06-12,sem_intensidade,TSRA,0,0,,0,0,
SBPP,Verao,06-12,sem_intensidade,+RA,0,0,,0,0,
SBPP,Verao,12-18,exato,TS,0,0,,0,0,
SBPP,Verao,12-18,exato,+RA,0,0,,0,0,
SBPP,Verao,12-18,exato,+TSRA,0,0,,0,0,
SBPP,Verao,12-18,exato,TSRA,0,0,,0,0,
SBPP,Verao,12-18,sem_intensidade,TS,0,0,,0,0,
SBPP,Verao,12-18,sem_intensidade,TSRA,0,0,,0,0,
SBPP,Verao,12-18,sem_intensidade,+RA,0,0,,0,0,
SBPP,Verao,18-24,exato,TS,0,0,,0,0,
SBPP,Verao,18-24,exato,+RA,0,0,,0,0,
SBPP,Verao,18-24,exato,+TSRA,0,0,,0,0,
SBPP,Verao,18-24,exato,TSRA,0,0,,0,0,
SBPP,Verao,18-24,sem_intensidade,TS,0,0,,0,0,
SBPP,Verao,18-24,sem_intensidade,TSRA,0,0,,0,0,
SBPP,Verao,18-24,sem_intensidade,+RA,0,0,,0,0,
SBPP,Verao,TODOS,exato,TS,0,0,,0,0,
SBPP,Verao,TODOS,exato,+RA,0,0,,0,0,
SBPP,Verao,TODOS,exato,+TSRA,0,0,,0,0,
SBPP,Verao,TODOS,exato,TSRA,0,0,,0,0,
SBPP,Verao,TODOS,sem_intensidade,TS,0,0,,0,0,
SBPP,Verao,TODOS,sem_intensidade,TSRA,0,0,,0,0,
SBPP,Verao,TODOS,sem_intensidade,+RA,0,0,,0,0,
SBPP,Outono,00-06,exato,TS,0,0,,0,0,
SBPP,Outono,00-06,exato,+RA,0,0,,0,0,
SBPP,Outono,00-06,exato,+TSRA,0,0,,0,0,
SBPP,Outono,00-06,exato,TSRA,0,0,,0,0,
SBPP,Outono,00-06,sem_intensidade,TS,0,0,,0,0,
SBPP,Outono,00-06,sem_intensidade,TSRA,0,0,,0,0,
SBPP,Outono,00-06,sem_intensidade,+RA,0,0,,0,0,
SBPP,Outono,06-12,exato,TS,0,0,,0,0,
SBPP,Outono,06-12,exato,+RA,0,0,,0,0,
SBPP,Outono,06-12,exato,+TSRA,0,0,,0,0,
SBPP,Outono,06-12,exato,TSRA,0,0,,0,0,
SBPP,Outono,06-12,sem_intensidade,TS,0,0,,0,0,
SBPP,Outono,06-12,sem_intensidade,TSRA,0,0,,0,0,
SBPP,Outono,06-12,sem_intensidade,+RA,0,0,,0,0,
SBPP,Outono,12-18,exato,TS,0,0,,0,0,
SBPP,Outono,12-18,exato,+RA,0,0,,0,0,
SBPP,Outono,12-18,exato,+TSRA,0,0,,0,0,
SBPP,Outono,12-18,exato,TSRA,0,0,,0,0,
SBPP,Outono,12-18,sem_intensidade,TS,0,0,,0,0,
SBPP,Outono,12-18,sem_intensidade,TSRA,0,0,,0,0,
SBPP,Outono,12-18,sem_intensidade,+RA,0,0,,0,0,
SBPP,Outono,18-24,exato,TS,0,0,,0,0,
SBPP,Outono,18-24,exato,+RA,0,0,,0,0,
SBPP,Outono,18-24,exato,+TSRA,0,0,,0,0,
SBPP,Outono,18-24,exato,TSRA,0,0,,0,0,
SBPP,Outono,18-24,sem_intensidade,TS,0,0,,0,0,
SBPP,Outono,18-24,sem_intensidade,TSRA,0,0,,0,0,
SBPP,Outono,18-24,sem_intensidade,+RA,0,0,,0,0,
SBPP,Outono,TODOS,exato,TS,0,0,,0,0,
SBPP,Outono,TODOS,exato,+RA,0,0,,0,0,
SBPP,Outono,TODOS,exato,+TSRA,0,0,,0,0,
SBPP,Outono,TODOS,exato,TSRA,0,0,,0,0,
SBPP,Outono,TODOS,sem_intensidade,TS,0,0,,0,0,
SBPP,Outono,TODOS,sem_intensidade,TSRA,0,0,,0,0,
SBPP,Outono,TODOS,sem_intensidade,+RA,0,0,,0,0,
SBPP,Inverno,00-06,exato,TS,0,0,,0,0,
SBPP,Inverno,00-06,exato,+RA,0,0,,0,0,
SBPP,Inverno,00-06,exato,+TSRA,0,0,,0,0,
SBPP,Inverno,00-06,exato,TSRA,0,0,,0,0,
SBPP,Inverno,00-06,sem_intensidade,TS,0,0,,0,0,
SBPP,Inverno,00-06,sem_intensidade,TSRA,0,0,,0,0,
SBPP,Inverno,00-06,sem_intensidade,+RA,0,0,,0,0,
SBPP,Inverno,06-12,exato,TS,0,0,,0,0,
SBPP,Inverno,06-12,exato,+RA,0,0,,0,0,
SBPP,Inverno,06-12,exato,+TSRA,0,0,,0,0,
SBPP,Inverno,06-12,exato,TSRA,0,0,,0,0,
SBPP,Inverno,06-12,sem_intensidade,TS,0,0,,0,0,
SBPP,Inverno,06-12,sem_intensidade,TSRA,0,0,,0,0,
SBPP,Inverno,06-12,sem_intensidade,+RA,0,0,,0,0,
SBPP,Inverno,12-18,exato,TS,0,0,,0,0,
SBPP,Inverno,12-18,exato,+RA,0,0,,0,0,
SBPP,Inverno,12-18,exato,+TSRA,0,0,,0,0,
SBPP,Inverno,12-18,exato,TSRA,0,0,,0,0,
SBPP,Inverno,12-18,sem_intensidade,TS,0,0,,0,0,
SBPP,Inverno,12-18,sem_intensidade,TSRA,0,0,,0,0,
SBPP,Inverno,12-18,sem_intensidade,+RA,0,0,,0,0,
SBPP,Inverno,18-24,exato,TS,0,0,,0,0,
SBPP,Inverno,18-24,exato,+RA,0,0,,0,0,
SBPP,Inverno,18-24,exato,+TSRA,0,0,,0,0,
SBPP,Inverno,18-24,exato,TSRA,0,0,,0,0,
SBPP,Inverno,18-24,sem_intensidade,TS,0,0,,0,0,
SBPP,Inverno,18-24,sem_intensidade,TSRA,0,0,,0,0,
SBPP,Inverno,18-24,sem_intensidade,+RA,0,0,,0,0,
SBPP,Inverno,TODOS,exato,TS,0,0,,0,0,
SBPP,Inverno,TODOS,exato,+RA,0,0,,0,0,
SBPP,Inverno,TODOS,exato,+TSRA,0,0,,0,0,
SBPP,Inverno,TODOS,exato,TSRA,0,0,,0,0,
SBPP,Inverno,TODOS,sem_intensidade,TS,0,0,,0,0,
SBPP,Inverno,TODOS,sem_intensidade,TSRA,0,0,,0,0,
SBPP,Inverno,TODOS,sem_intensidade,+RA,0,0,,0,0,
SBPP,Primavera,00-06,exato,TS,0,0,,0,0,
SBPP,Primavera,00-06,exato,+RA,0,0,,0,0,
SBPP,Primavera,00-06,exato,+TSRA,0,0,,0,0,
SBPP,Primavera,00-06,exato,TSRA,0,0,,0,0,
SBPP,Primavera,00-06,sem_intensidade,TS,0,0,,0,0,
SBPP,Primavera,00-06,sem_intensidade,TSRA,0,0,,0,0,
SBPP,Primavera,00-06,sem_intensidade,+RA,0,0,,0,0,
SBPP,Primavera,06-12,exato,TS,0,0,,0,0,
SBPP,Primavera,06-12,exato,+RA,0,0,,0,0,
SBPP,Primavera,06-12,exato,+TSRA,0,0,,0,0,
SBPP,Primavera,06-12,exato,TSRA,0,0,,0,0,
SBPP,Primavera,06-12,sem_intensidade,TS,0,0,,0,0,
SBPP,Primavera,06-12,sem_intensidade,TSRA,0,0,,0,0,
SBPP,Primavera,06-12,sem_intensidade,+RA,0,0,,0,0,
SBPP,Primavera,12-18,exato,TS,0,0,,0,0,
SBPP,Primavera,12-18,exato,+RA,0,0,,0,0,
SBPP,Primavera,12-18,exato,+TSRA,0,0,,0,0,
SBPP,Primavera,12-18,exato,TSRA,0,0,,0,0,
SBPP,Primavera,12-18,sem_intensidade,TS,0,0,,0,0,
SBPP,Primavera,12-18,sem_intensidade,TSRA,0,0,,0,0,
SBPP,Primavera,12-18,sem_intensidade,+RA,0,0,,0,0,
SBPP,Primavera,18-24,exato,TS,0,0,,0,0,
SBPP,Primavera,18-24,exato,+RA,0,0,,0,0,
SBPP,Primavera,18-24,exato,+TSRA,0,0,,0,0,
SBPP,Primavera,18-24,exato,TSRA,0,0,,0,0,
SBPP,Primavera,18-24,sem_intensidade,TS,0,0,,0,0,
SBPP,Primavera,18-24,sem_intensidade,TSRA,0,0,,0,0,
SBPP,Primavera,18-24,sem_intensidade,+RA,0,0,,0,0,
SBPP,Primavera,TODOS,exato,TS,0,0,,0,0,
SBPP,Primavera,TODOS,exato,+RA,0,0,,0,0,
SBPP,Primavera,TODOS,exato,+TSRA,0,0,,0,0,
SBPP,Primavera,TODOS,exato,TSRA,0,0,,0,0,
SBPP,Primavera,TODOS,sem_intensidade,TS,0,0,,0,0,
SBPP,Primavera,TODOS,sem_intensidade,TSRA,0,0,,0,0,
SBPP,Primavera,TODOS,sem_intensidade,+RA,0,0,,0,0,
SBPP,TODAS,00-06,exato,TS,0,0,,0,0,
SBPP,TODAS,00-06,exato,+RA,0,0,,0,0,
SBPP,TODAS,00-06,exato,+TSRA,0,0,,0,0,
SBPP,TODAS,00-06,exato,TSRA,0,0,,0,0,
SBPP,TODAS,00-06,sem_intensidade,TS,0,0,,0,0,
SBPP,TODAS,00-06,sem_intensidade,TSRA,0,0,,0,0,
SBPP,TODAS,00-06,sem_intensidade,+RA,0,0,,0,0,
SBPP,TODAS,06-12,exato,TS,0,0,,0,0,
SBPP,TODAS,06-12,exato,+RA,0,0,,0,0,
SBPP,TODAS,06-12,exato,+TSRA,0,0,,0,0,
SBPP,TODAS,06-12,exato,TSRA,0,0,,0,0,
SBPP,TODAS,06-12,sem_intensidade,TS,0,0,,0,0,
SBPP,TODAS,06-12,sem_intensidade,TSRA,0,0,,0,0,
SBPP,TODAS,06-12,sem_intensidade,+RA,0,0,,0,0,
SBPP,TODAS,12-18,exato,TS,0,0,,0,0,
SBPP,TODAS,12-18,exato,+RA,0,0,,0,0,
SBPP,TODAS,12-18,exato,+TSRA,0,0,,0,0,
SBPP,TODAS,12-18,exato,TSRA,0,0,,0,0,
SBPP,TODAS,12-18,sem_intensidade,TS,0,0,,0,0,
SBPP,TODAS,12-18,sem_intensidade,TSRA,0,0,,0,0,
SBPP,TODAS,12-18,sem_intensidade,+RA,0,0,,0,0,
SBPP,TODAS,18-24,exato,TS,0,0,,0,0,
SBPP,TODAS,18-24,exato,+RA,0,0,,0,0,
SBPP,TODAS,18-24,exato,+TSRA,0,0,,0,0,
SBPP,TODAS,18-24,exato,TSRA,0,0,,0,0,
SBPP,TODAS,18-24,sem_intensidade,TS,0,0,,0,0,
SBPP,TODAS,18-24,sem_intensidade,TSRA,0,0,,0,0,
SBPP,TODAS,18-24,sem_intensidade,+RA,0,0,,0,0,
SBPP,TODAS,TODOS,exato,TS,0,0,,0,0,
SBPP,TODAS,TODOS,exato,+RA,0,0,,0,0,
SBPP,TODAS,TODOS,exato,+TSRA,0,0,,0,0,
SBPP,TODAS,TODOS,exato,TSRA,0,0,,0,0,
SBPP,TODAS,TODOS,sem_intensidade,TS,0,0,,0,0,
SBPP,TODAS,TODOS,sem_intensidade,TSRA,0,0,,0,0,
SBPP,TODAS,TODOS,sem_intensidade,+RA,0,0,,0,0,
SBRJ,Verao,00-06,exato,TS,0,0,,0,0,
SBRJ,Verao,00-06,exato,+RA,0,0,,0,0,
SBRJ,Verao,00-06,exato,+TSRA,0,0,,0,0,
SBRJ,Verao,00-06,exato,TSRA,0,0,,0,0,
SBRJ,Verao,00-06,sem_intensidade,TS,0,0,,0,0,
SBRJ,Verao,00-06,sem_intensidade,TSRA,0,0,,0,0,
SBRJ,Verao,00-06,sem_intensidade,+RA,0,0,,0,0,
SBRJ,Verao,06-12,exato,TS,0,0,,0,0,
SBRJ,Verao,06-12,exato,+RA,0,0,,0,0,
SBRJ,Verao,06-12,exato,+TSRA,0,0,,0,0,
SBRJ,Verao,06-12,exato,TSRA,0,0,,0,0,
SBRJ,Verao,06-12,sem_intensidade,TS,0,0,,0,0,
SBRJ,Verao,06-12,sem_intensidade,TSRA,0,0,,0,0,
SBRJ,Verao,06-12,sem_intensidade,+RA,0,0,,0,0,
SBRJ,Verao,12-18,exato,TS,0,0,,0,0,
SBRJ,Verao,12-18,exato,+RA,0,0,,0,0,
SBRJ,Verao,12-18,exato,+TSRA,0,0,,0,0,
SBRJ,Verao,12-18,exato,TSRA,0,0,,0,0,
SBRJ,Verao,12-18,sem_intensidade,TS,0,0,,0,0,
SBRJ,Verao,12-18,sem_intensidade,TSRA,0,0,,0,0,
SBRJ,Verao,12-18,sem_intensidade,+RA,0,0,,0,0,
SBRJ,Verao,18-24,exato,TS,0,0,,0,0,
SBRJ,Verao,18-24,exato,+RA,0,0,,0,0,
SBRJ,Verao,18-24,exato,+TSRA,0,0,,0,0,
SBRJ,Verao,18-24,exato,TSRA,0,0,,0,0,
SBRJ,Verao,18-24,sem_intensidade,TS,0,0,,0,0,
SBRJ,Verao,18-24,sem_intensidade,TSRA,0,0,,0,0,
SBRJ,Verao,18-24,sem_intensidade,+RA,0,0,,0,0,
SBRJ,Verao,TODOS,exato,TS,0,0,,0,0,
SBRJ,Verao,TODOS,exato,+RA,0,0,,0,0,
SBRJ,Verao,TODOS,exato,+TSRA,0,0,,0,0,
SBRJ,Verao,TODOS,exato,TSRA,0,0,,0,0,
SBRJ,Verao,TODOS,sem_intensidade,TS,0,0,,0,0,
SBRJ,Verao,TODOS,sem_intensidade,TSRA,0,0,,0,0,
SBRJ,Verao,TODOS,sem_intensidade,+RA,0,0,,0,0,
SBRJ,Outono,00-06,exato,TS,0,0,,0,0,
SBRJ,Outono,00-06,exato,+RA,0,0,,0,0,
SBRJ,Outono,00-06,exato,+TSRA,0,0,,0,0,
SBRJ,Outono,00-06,exato,TSRA,0,0,,0,0,
SBRJ,Outono,00-06,sem_intensidade,TS,0,0,,0,0,
SBRJ,Outono,00-06,sem_intensidade,TSRA,0,0,,0,0,
SBRJ,Outono,00-06,sem_intensidade,+RA,0,0,,0,0,
SBRJ,Outono,06-12,exato,TS,0,0,,0,0,
SBRJ,Outono,06-12,exato,+RA,0,0,,0,0,
SBRJ,Outono,06-12,exato,+TSRA,0,0,,0,0,
SBRJ,Outono,06-12,exato,TSRA,0,0,,0,0,
SBRJ,Outono,06-12,sem_intensidade,TS,0,0,,0,0,
SBRJ,Outono,06-12,sem_intensidade,TSRA,0,0,,0,0,
SBRJ,Outono,06-12,sem_intensidade,+RA,0,0,,0,0,
SBRJ,Outono,12-18,exato,TS,0,0,,0,0,
SBRJ,Outono,12-18,exato,+RA,0,0,,0,0,
SBRJ,Outono,12-18,exato,+TSRA,0,0,,0,0,
SBRJ,Outono,12-18,exato,TSRA,0,0,,0,0,
SBRJ,Outono,12-18,sem_intensidade,TS,0,0,,0,0,
SBRJ,Outono,12-18,sem_intensidade,TSRA,0,0,,0,0,
SBRJ,Outono,12-18,sem_intensidade,+RA,0,0,,0,0,
SBRJ,Outono,18-24,exato,TS,0,0,,0,0,
SBRJ,Outono,18-24,exato,+RA,0,0,,0,0,
SBRJ,Outono,18-24,exato,+TSRA,0,0,,0,0,
SBRJ,Outono,18-24,exato,TSRA,0,0,,0,0,
SBRJ,Outono,18-24,sem_intensidade,TS,0,0,,0,0,
SBRJ,Outono,18-24,sem_intensidade,TSRA,0,0,,0,0,
SBRJ,Outono,18-24,sem_intensidade,+RA,0,0,,0,0,
SBRJ,Outono,TODOS,exato,TS,0,0,,0,0,
SBRJ,Outono,TODOS,exato,+RA,0,0,,0,0,
SBRJ,Outono,TODOS,exato,+TSRA,0,0,,0,0,
SBRJ,Outono,TODOS,exato,TSRA,0,0,,0,0,
SBRJ,Outono,TODOS,sem_intensidade,TS,0,0,,0,0,
SBRJ,Outono,TODOS,sem_intensidade,TSRA,0,0,,0,0,
SBRJ,Outono,TODOS,sem_intensidade,+RA,0,0,,0,0,
SBRJ,Inverno,00-06,exato,TS,0,0,,0,0,
SBRJ,Inverno,00-06,exato,+RA,0,0,,0,0,
SBRJ,Inverno,00-06,exato,+TSRA,0,0,,0,0,
SBRJ,Inverno,00-06,exato,TSRA,0,0,,0,0,
SBRJ,Inverno,00-06,sem_intensidade,TS,0,0,,0,0,
SBRJ,Inverno,00-06,sem_intensidade,TSRA,0,0,,0,0,
SBRJ,Inverno,00-06,sem_intensidade,+RA,0,0,,0,0,
SBRJ,Inverno,06-12,exato,TS,0,0,,0,0,
SBRJ,Inverno,06-12,exato,+RA,0,0,,0,0,
SBRJ,Inverno,06-12,exato,+TSRA,0,0,,0,0,
SBRJ,Inverno,06-12,exato,TSRA,0,0,,0,0,
SBRJ,Inverno,06-12,sem_intensidade,TS,0,0,,0,0,
SBRJ,Inverno,06-12,sem_intensidade,TSRA,0,0,,0,0,
SBRJ,Inverno,06-12,sem_intensidade,+RA,0,0,,0,0,
SBRJ,Inverno,12-18,exato,TS,0,0,,0,0,
SBRJ,Inverno,12-18,exato,+RA,0,0,,0,0,
SBRJ,Inverno,12-18,exato,+TSRA,0,0,,0,0,
SBRJ,Inverno,12-18,exato,TSRA,0,0,,0,0,
SBRJ,Inverno,12-18,sem_intensidade,TS,0,0,,0,0,
SBRJ,Inverno,12-18,sem_intensidade,TSRA,0,0,,0,0,
SBRJ,Inverno,12-18,sem_intensidade,+RA,0,0,,0,0,
SBRJ,Inverno,18-24,exato,TS,0,0,,0,0,
SBRJ,Inverno,18-24,exato,+RA,0,0,,0,0,
SBRJ,Inverno,18-24,exato,+TSRA,0,0,,0,0,
SBRJ,Inverno,18-24,exato,TSRA,0,0,,0,0,
SBRJ,Inverno,18-24,sem_intensidade,TS,0,0,,0,0,
SBRJ,Inverno,18-24,sem_intensidade,TSRA,0,0,,0,0,
SBRJ,Inverno,18-24,sem_intensidade,+RA,0,0,,0,0,
SBRJ,Inverno,TODOS,exato,TS,0,0,,0,0,
SBRJ,Inverno,TODOS,exato,+RA,0,0,,0,0,
SBRJ,Inverno,TODOS,exato,+TSRA,0,0,,0,0,
SBRJ,Inverno,TODOS,exato,TSRA,0,0,,0,0,
SBRJ,Inverno,TODOS,sem_intensidade,TS,0,0,,0,0,
SBRJ,Inverno,TODOS,sem_intensidade,TSRA,0,0,,0,0,
SBRJ,Inverno,TODOS,sem_intensidade,+RA,0,0,,0,0,
SBRJ,Primavera,00-06,exato,TS,0,0,,0,0,
SBRJ,Primavera,00-06,exato,+RA,0,0,,0,0,
SBRJ,Primavera,00-06,exato,+TSRA,0,0,,0,0,
SBRJ,Primavera,00-06,exato,TSRA,0,0,,0,0,
SBRJ,Primavera,00-06,sem_intensidade,TS,0,0,,0,0,
SBRJ,Primavera,00-06,sem_intensidade,TSRA,0,0,,0,0,
SBRJ,Primavera,00-06,sem_intensidade,+RA,0,0,,0,0,
SBRJ,Primavera,06-12,exato,TS,0,0,,0,0,
SBRJ,Primavera,06-12,exato,+RA,0,0,,0,0,
SBRJ,Primavera,06-12,exato,+TSRA,0,0,,0,0,
SBRJ,Primavera,06-12,exato,TSRA,0,0,,0,0,
SBRJ,Primavera,06-12,sem_intensidade,TS,0,0,,0,0,
SBRJ,Primavera,06-12,sem_intensidade,TSRA,0,0,,0,0,
SBRJ,Primavera,06-12,sem_intensidade,+RA,0,0,,0,0,
SBRJ,Primavera,12-18,exato,TS,0,0,,0,0,
SBRJ,Primavera,12-18,exato,+RA,0,0,,0,0,
SBRJ,Primavera,12-18,exato,+TSRA,0,0,,0,0,
SBRJ,Primavera,12-18,exato,TSRA,0,0,,0,0,
SBRJ,Primavera,12-18,sem_intensidade,TS,0,0,,0,0,
SBRJ,Primavera,12-18,sem_intensidade,TSRA,0,0,,0,0,
SBRJ,Primavera,12-18,sem_intensidade,+RA,0,0,,0,0,
SBRJ,Primavera,18-24,exato,TS,0,0,,0,0,
SBRJ,Primavera,18-24,exato,+RA,0,0,,0,0,
SBRJ,Primavera,18-24,exato,+TSRA,0,0,,0,0,
SBRJ,Primavera,18-24,exato,TSRA,0,0,,0,0,
SBRJ,Primavera,18-24,sem_intensidade,TS,0,0,,0,0,
SBRJ,Primavera,18-24,sem_intensidade,TSRA,0,0,,0,0,
SBRJ,Primavera,18-24,sem_intensidade,+RA,0,0,,0,0,
SBRJ,Primavera,TODOS,exato,TS,0,0,,0,0,
SBRJ,Primavera,TODOS,exato,+RA,0,0,,0,0,
SBRJ,Primavera,TODOS,exato,+TSRA,0,0,,0,0,
SBRJ,Primavera,TODOS,exato,TSRA,0,0,,0,0,
SBRJ,Primavera,TODOS,sem_intensidade,TS,0,0,,0,0,
SBRJ,Primavera,TODOS,sem_intensidade,TSRA,0,0,,0,0,
SBRJ,Primavera,TODOS,sem_intensidade,+RA,0,0,,0,0,
SBRJ,TODAS,00-06,exato,TS,0,0,,0,0,
SBRJ,TODAS,00-06,exato,+RA,0,0,,0,0,
SBRJ,TODAS,00-06,exato,+TSRA,0,0,,0,0,
SBRJ,TODAS,00-06,exato,TSRA,0,0,,0,0,
SBRJ,TODAS,00-06,sem_intensidade,TS,0,0,,0,0,
SBRJ,TODAS,00-06,sem_intensidade,TSRA,0,0,,0,0,
SBRJ,TODAS,00-06,sem_intensidade,+RA,0,0,,0,0,
SBRJ,TODAS,06-12,exato,TS,0,0,,0,0,
SBRJ,TODAS,06-12,exato,+RA,0,0,,0,0,
SBRJ,TODAS,06-12,exato,+TSRA,0,0,,0,0,
SBRJ,TODAS,06-12,exato,TSRA,0,0,,0,0,
SBRJ,TODAS,06-12,sem_intensidade,TS,0,0,,0,0,
SBRJ,TODAS,06-12,sem_intensidade,TSRA,0,0,,0,0,
SBRJ,TODAS,06-12,sem_intensidade,+RA,0,0,,0,0,
SBRJ,TODAS,12-18,exato,TS,0,0,,0,0,
SBRJ,TODAS,12-18,exato,+RA,0,0,,0,0,
SBRJ,TODAS,12-18,exato,+TSRA,0,0,,0,0,
SBRJ,TODAS,12-18,exato,TSRA,0,0,,0,0,
SBRJ,TODAS,12-18,sem_intensidade,TS,0,0,,0,0,
SBRJ,TODAS,12-18,sem_intensidade,TSRA,0,0,,0,0,
SBRJ,TODAS,12-18,sem_intensidade,+RA,0,0,,0,0,
SBRJ,TODAS,18-24,exato,TS,0,0,,0,0,
SBRJ,TODAS,18-24,exato,+RA,0,0,,0,0,
SBRJ,TODAS,18-24,exato,+TSRA,0,0,,0,0,
SBRJ,TODAS,18-24,exato,TSRA,0,0,,0,0,
SBRJ,TODAS,18-24,sem_intensidade,TS,0,0,,0,0,
SBRJ,TODAS,18-24,sem_intensidade,TSRA,0,0,,0,0,
SBRJ,TODAS,18-24,sem_intensidade,+RA,0,0,,0,0,
SBRJ,TODAS,TODOS,exato,TS,0,0,,0,0,
SBRJ,TODAS,TODOS,exato,+RA,0,0,,0,0,
SBRJ,TODAS,TODOS,exato,+TSRA,0,0,,0,0,
SBRJ,TODAS,TODOS,exato,TSRA,0,0,,0,0,
SBRJ,TODAS,TODOS,sem_intensidade,TS,0,0,,0,0,
SBRJ,TODAS,TODOS,sem_intensidade,TSRA,0,0,,0,0,
SBRJ,TODAS,TODOS,sem_intensidade,+RA,0,0,,0,0,
SBRP,Verao,00-06,exato,TS,0,0,,12,0,0.0
SBRP,Verao,00-06,exato,+RA,0,0,,0,0,
SBRP,Verao,00-06,exato,+TSRA,0,0,,0,0,
SBRP,Verao,00-06,exato,TSRA,29,0,0.0,15,0,0.0
SBRP,Verao,00-06,sem_intensidade,TS,0,0,,12,0,0.0
SBRP,Verao,00-06,sem_intensidade,TSRA,29,2,6.9,31,2,6.5
SBRP,Verao,00-06,sem_intensidade,+RA,0,0,,0,0,
SBRP,Verao,06-12,exato,TS,0,0,,0,0,
SBRP,Verao,06-12,exato,+RA,0,0,,0,0,
SBRP,Verao,06-12,exato,+TSRA,0,0,,0,0,
SBRP,Verao,06-12,exato,TSRA,18,0,0.0,0,0,
SBRP,Verao,06-12,sem_intensidade,TS,0,0,,0,0,
SBRP,Verao,06-12,sem_intensidade,TSRA,18,0,0.0,3,0,0.0
SBRP,Verao,06-12,sem_intensidade,+RA,0,0,,0,0,
SBRP,Verao,12-18,exato,TS,0,0,,10,0,0.0
SBRP,Verao,12-18,exato,+RA,0,0,,1,0,0.0
SBRP,Verao,12-18,exato,+TSRA,0,0,,5,0,0.0
SBRP,Verao,12-18,exato,TSRA,51,0,0.0,3,0,0.0
SBRP,Verao,12-18,sem_intensidade,TS,0,0,,10,0,0.0
SBRP,Verao,12-18,sem_intensidade,TSRA,51,0,0.0,28,0,0.0
SBRP,Verao,12-18,sem_intensidade,+RA,0,0,,1,0,0.0
SBRP,Verao,18-24,exato,TS,15,1,6.7,23,1,4.3
SBRP,Verao,18-24,exato,+RA,0,0,,0,0,
SBRP,Verao,18-24,exato,+TSRA,0,0,,11,0,0.0
SBRP,Verao,18-24,exato,TSRA,437,0,0.0,23,0,0.0
SBRP,Verao,18-24,sem_intensidade,TS,15,1,6.7,23,1,4.3
SBRP,Verao,18-24,sem_intensidade,TSRA,437,30,6.9,76,30,39.5
SBRP,Verao,18-24,sem_intensidade,+RA,0,0,,0,0,
SBRP,Verao,TODOS,exato,TS,15,1,6.7,45,1,2.2
SBRP,Verao,TODOS,exato,+RA,0,0,,1,0,0.0
SBRP,Verao,TODOS,exato,+TSRA,0,0,,16,0,0.0
SBRP,Verao,TODOS,exato,TSRA,535,0,0.0,41,0,0.0
SBRP,Verao,TODOS,sem_intensidade,TS,15,1,6.7,45,1,2.2
SBRP,Verao,TODOS,sem_intensidade,TSRA,535,32,6.0,138,32,23.2
SBRP,Verao,TODOS,sem_intensidade,+RA,0,0,,1,0,0.0
SBRP,Outono,00-06,exato,TS,0,0,,4,0,0.0
SBRP,Outono,00-06,exato,+RA,0,0,,0,0,
SBRP,Outono,00-06,exato,+TSRA,0,0,,0,0,
SBRP,Outono,00-06,exato,TSRA,0,0,,0,0,
SBRP,Outono,00-06,sem_intensidade,TS,0,0,,4,0,0.0
SBRP,Outono,00-06,sem_intensidade,TSRA,0,0,,8,0,0.0
SBRP,Outono,00-06,sem_intensidade,+RA,0,0,,0,0,
SBRP,Outono,06-12,exato,TS,0,0,,0,0,
SBRP,Outono,06-12,exato,+RA,0,0,,0,0,
SBRP,Outono,06-12,exato,+TSRA,0,0,,2,0,0.0
SBRP,Outono,06-12,exato,TSRA,22,0,0.0,0,0,
SBRP,Outono,06-12,sem_intensidade,TS,0,0,,0,0,
SBRP,Outono,06-12,sem_intensidade,TSRA,22,0,0.0,8,0,0.0
SBRP,Outono,06-12,sem_intensidade,+RA,0,0,,0,0,
SBRP,Outono,12-18,exato,TS,0,0,,8,0,0.0
SBRP,Outono,12-18,exato,+RA,0,0,,0,0,
SBRP,Outono,12-18,exato,+TSRA,0,0,,1,0,0.0
SBRP,Outono,12-18,exato,TSRA,19,0,0.0,0,0,
SBRP,Outono,12-18,sem_intensidade,TS,0,0,,8,0,0.0
SBRP,Outono,12-18,sem_intensidade,TSRA,19,0,0.0,5,0,0.0
SBRP,Outono,12-18,sem_intensidade,+RA,0,0,,0,0,
SBRP,Outono,18-24,exato,TS,20,0,0.0,39,0,0.0
SBRP,Outono,18-24,exato,+RA,0,0,,0,0,
SBRP,Outono,18-24,exato,+TSRA,0,0,,4,0,0.0
SBRP,Outono,18-24,exato,TSRA,147,7,4.8,13,7,53.8
SBRP,Outono,18-24,sem_intensidade,TS,20,0,0.0,39,0,0.0
SBRP,Outono,18-24,sem_intensidade,TSRA,147,11,7.5,27,11,40.7
SBRP,Outono,18-24,sem_intensidade,+RA,0,0,,0,0,
SBRP,Outono,TODOS,exato,TS,20,0,0.0,51,0,0.0
SBRP,Outono,TODOS,exato,+RA,0,0,,0,0,
SBRP,Outono,TODOS,exato,+TSRA,0,0,,7,0,0.0
SBRP,Outono,TODOS,exato,TSRA,188,7,3.7,13,7,53.8
SBRP,Outono,TODOS,sem_intensidade,TS,20,0,0.0,51,0,0.0
SBRP,Outono,TODOS,sem_intensidade,TSRA,188,11,5.9,48,11,22.9
SBRP,Outono,TODOS,sem_intensidade,+RA,0,0,,0,0,
SBRP,Inverno,00-06,exato,TS,0,0,,0,0,
SBRP,Inverno,00-06,exato,+RA,0,0,,0,0,
SBRP,Inverno,00-06,exato,+TSRA,0,0,,0,0,
SBRP,Inverno,00-06,exato,TSRA,18,0,0.0,0,0,
SBRP,Inverno,00-06,sem_intensidade,TS,0,0,,0,0,
SBRP,Inverno,00-06,sem_intensidade,TSRA,18,0,0.0,0,0,
SBRP,Inverno,00-06,sem_intensidade,+RA,0,0,,0,0,
SBRP,Inverno,06-12,exato,TS,0,0,,2,0,0.0
SBRP,Inverno,06-12,exato,+RA,0,0,,0,0,
SBRP,Inverno,06-12,exato,+TSRA,0,0,,4,0,0.0
SBRP,Inverno,06-12,exato,TSRA,0,0,,0,0,
SBRP,Inverno,06-12,sem_intensidade,TS,0,0,,2,0,0.0
SBRP,Inverno,06-12,sem_intensidade,TSRA,0,0,,4,0,0.0
SBRP,Inverno,06-12,sem_intensidade,+RA,0,0,,0,0,
SBRP,Inverno,12-18,exato,TS,0,0,,0,0,
SBRP,Inverno,12-18,exato,+RA,0,0,,0,0,
SBRP,Inverno,12-18,exato,+TSRA,0,0,,5,0,0.0
SBRP,Inverno,12-18,exato,TSRA,0,0,,0,0,
SBRP,Inverno,12-18,sem_intensidade,TS,0,0,,0,0,
SBRP,Inverno,12-18,sem_intensidade,TSRA,0,0,,8,0,0.0
SBRP,Inverno,12-18,sem_intensidade,+RA,0,0,,0,0,
SBRP,Inverno,18-24,exato,TS,16,0,0.0,0,0,
SBRP,Inverno,18-24,exato,+RA,0,0,,0,0,
SBRP,Inverno,18-24,exato,+TSRA,0,0,,0,0,
SBRP,Inverno,18-24,exato,TSRA,64,0,0.0,0,0,
SBRP,Inverno,18-24,sem_intensidade,TS,16,0,0.0,0,0,
SBRP,Inverno,18-24,sem_intensidade,TSRA,64,0,0.0,0,0,
SBRP,Inverno,18-24,sem_intensidade,+RA,0,0,,0,0,
SBRP,Inverno,TODOS,exato,TS,16,0,0.0,2,0,0.0
SBRP,Inverno,TODOS,exato,+RA,0,0,,0,0,
SBRP,Inverno,TODOS,exato,+TSRA,0,0,,9,0,0.0
SBRP,Inverno,TODOS,exato,TSRA,82,0,0.0,0,0,
SBRP,Inverno,TODOS,sem_intensidade,TS,16,0,0.0,2,0,0.0
SBRP,Inverno,TODOS,sem_intensidade,TSRA,82,0,0.0,12,0,0.0
SBRP,Inverno,TODOS,sem_intensidade,+RA,0,0,,0,0,
SBRP,Primavera,00-06,exato,TS,12,0,0.0,5,0,0.0
SBRP,Primavera,00-06,exato,+RA,0,0,,0,0,
SBRP,Primavera,00-06,exato,+TSRA,0,0,,0,0,
SBRP,Primavera,00-06,exato,TSRA,28,0,0.0,0,0,
SBRP,Primavera,00-06,sem_intensidade,TS,12,0,0.0,5,0,0.0
SBRP,Primavera,00-06,sem_intensidade,TSRA,28,0,0.0,33,0,0.0
SBRP,Primavera,00-06,sem_intensidade,+RA,0,0,,0,0,
SBRP,Primavera,06-12,exato,TS,0,0,,0,0,
SBRP,Primavera,06-12,exato,+RA,0,0,,0,0,
SBRP,Primavera,06-12,exato,+TSRA,0,0,,1,0,0.0
SBRP,Primavera,06-12,exato,TSRA,14,2,14.3,3,2,66.7
SBRP,Primavera,06-12,sem_intensidade,TS,0,0,,0,0,
SBRP,Primavera,06-12,sem_intensidade,TSRA,14,3,21.4,15,3,20.0
SBRP,Primavera,06-12,sem_intensidade,+RA,0,0,,0,0,
SBRP,Primavera,12-18,exato,TS,2,0,0.0,9,0,0.0
SBRP,Primavera,12-18,exato,+RA,0,0,,0,0,
SBRP,Primavera,12-18,exato,+TSRA,0,0,,5,0,0.0
SBRP,Primavera,12-18,exato,TSRA,91,1,1.1,2,1,50.0
SBRP,Primavera,12-18,sem_intensidade,TS,2,0,0.0,9,0,0.0
SBRP,Primavera,12-18,sem_intensidade,TSRA,91,12,13.2,30,12,40.0
SBRP,Primavera,12-18,sem_intensidade,+RA,0,0,,0,0,
SBRP,Primavera,18-24,exato,TS,11,0,0.0,20,0,0.0
SBRP,Primavera,18-24,exato,+RA,0,0,,0,0,
SBRP,Primavera,18-24,exato,+TSRA,0,0,,7,0,0.0
SBRP,Primavera,18-24,exato,TSRA,290,6,2.1,8,6,75.0
SBRP,Primavera,18-24,sem_intensidade,TS,11,0,0.0,20,0,0.0
SBRP,Primavera,18-24,sem_intensidade,TSRA,290,21,7.2,70,21,30.0
SBRP,Primavera,18-24,sem_intensidade,+RA,0,0,,0,0,
SBRP,Primavera,TODOS,exato,TS,25,0,0.0,34,0,0.0
SBRP,Primavera,TODOS,exato,+RA,0,0,,0,0,
SBRP,Primavera,TODOS,exato,+TSRA,0,0,,13,0,0.0
SBRP,Primavera,TODOS,exato,TSRA,423,9,2.1,13,9,69.2
SBRP,Primavera,TODOS,sem_intensidade,TS,25,0,0.0,34,0,0.0
SBRP,Primavera,TODOS,sem_intensidade,TSRA,423,36,8.5,148,36,24.3
SBRP,Primavera,TODOS,sem_intensidade,+RA,0,0,,0,0,
SBRP,TODAS,00-06,exato,TS,12,0,0.0,21,0,0.0
SBRP,TODAS,00-06,exato,+RA,0,0,,0,0,
SBRP,TODAS,00-06,exato,+TSRA,0,0,,0,0,
SBRP,TODAS,00-06,exato,TSRA,75,0,0.0,15,0,0.0
SBRP,TODAS,00-06,sem_intensidade,TS,12,0,0.0,21,0,0.0
SBRP,TODAS,00-06,sem_intensidade,TSRA,75,2,2.7,72,2,2.8
SBRP,TODAS,00-06,sem_intensidade,+RA,0,0,,0,0,
SBRP,TODAS,06-12,exato,TS,0,0,,2,0,0.0
SBRP,TODAS,06-12,exato,+RA,0,0,,0,0,
SBRP,TODAS,06-12,exato,+TSRA,0,0,,7,0,0.0
SBRP,TODAS,06-12,exato,TSRA,54,2,3.7,3,2,66.7
SBRP,TODAS,06-12,sem_intensidade,TS,0,0,,2,0,0.0
SBRP,TODAS,06-12,sem_intensidade,TSRA,54,3,5.6,30,3,10.0
SBRP,TODAS,06-12,sem_intensidade,+RA,0,0,,0,0,
SBRP,TODAS,12-18,exato,TS,2,0,0.0,27,0,0.0
SBRP,TODAS,12-18,exato,+RA,0,0,,1,0,0.0
SBRP,TODAS,12-18,exato,+TSRA,0,0,,16,0,0.0
SBRP,TODAS,12-18,exato,TSRA,161,1,0.6,5,1,20.0
SBRP,TODAS,12-18,sem_intensidade,TS,2,0,0.0,27,0,0.0
SBRP,TODAS,12-18,sem_intensidade,TSRA,161,12,7.5,71,12,16.9
SBRP,TODAS,12-18,sem_intensidade,+RA,0,0,,1,0,0.0
SBRP,TODAS,18-24,exato,TS,62,1,1.6,82,1,1.2
SBRP,TODAS,18-24,exato,+RA,0,0,,0,0,
SBRP,TODAS,18-24,exato,+TSRA,0,0,,22,0,0.0
SBRP,TODAS,18-24,exato,TSRA,938,13,1.4,44,13,29.5
SBRP,TODAS,18-24,sem_intensidade,TS,62,1,1.6,82,1,1.2
SBRP,TODAS,18-24,sem_intensidade,TSRA,938,62,6.6,173,62,35.8
SBRP,TODAS,18-24,sem_intensidade,+RA,0,0,,0,0,
SBRP,TODAS,TODOS,exato,TS,76,1,1.3,132,1,0.8
SBRP,TODAS,TODOS,exato,+RA,0,0,,1,0,0.0
SBRP,TODAS,TODOS,exato,+TSRA,0,0,,45,0,0.0
SBRP,TODAS,TODOS,exato,TSRA,1228,16,1.3,67,16,23.9
SBRP,TODAS,TODOS,sem_intensidade,TS,76,1,1.3,132,1,0.8
SBRP,TODAS,TODOS,sem_intensidade,TSRA,1228,79,6.4,346,79,22.8
SBRP,TODAS,TODOS,sem_intensidade,+RA,0,0,,1,0,0.0
SBSN,Verao,00-06,exato,TS,0,0,,0,0,
SBSN,Verao,00-06,exato,+RA,0,0,,0,0,
SBSN,Verao,00-06,exato,+TSRA,0,0,,0,0,
SBSN,Verao,00-06,exato,TSRA,0,0,,0,0,
SBSN,Verao,00-06,sem_intensidade,TS,0,0,,0,0,
SBSN,Verao,00-06,sem_intensidade,TSRA,0,0,,0,0,
SBSN,Verao,00-06,sem_intensidade,+RA,0,0,,0,0,
SBSN,Verao,06-12,exato,TS,0,0,,0,0,
SBSN,Verao,06-12,exato,+RA,0,0,,0,0,
SBSN,Verao,06-12,exato,+TSRA,0,0,,0,0,
SBSN,Verao,06-12,exato,TSRA,0,0,,0,0,
SBSN,Verao,06-12,sem_intensidade,TS,0,0,,0,0,
SBSN,Verao,06-12,sem_intensidade,TSRA,0,0,,0,0,
SBSN,Verao,06-12,sem_intensidade,+RA,0,0,,0,0,
SBSN,Verao,12-18,exato,TS,0,0,,0,0,
SBSN,Verao,12-18,exato,+RA,0,0,,0,0,
SBSN,Verao,12-18,exato,+TSRA,0,0,,0,0,
SBSN,Verao,12-18,exato,TSRA,2,0,0.0,1,0,0.0
SBSN,Verao,12-18,sem_intensidade,TS,0,0,,0,0,
SBSN,Verao,12-18,sem_intensidade,TSRA,2,0,0.0,1,0,0.0
SBSN,Verao,12-18,sem_intensidade,+RA,0,0,,0,0,
SBSN,Verao,18-24,exato,TS,1,0,0.0,1,0,0.0
SBSN,Verao,18-24,exato,+RA,0,0,,0,0,
SBSN,Verao,18-24,exato,+TSRA,0,0,,0,0,
SBSN,Verao,18-24,exato,TSRA,1,0,0.0,0,0,
SBSN,Verao,18-24,sem_intensidade,TS,1,0,0.0,1,0,0.0
SBSN,Verao,18-24,sem_intensidade,TSRA,1,0,0.0,0,0,
SBSN,Verao,18-24,sem_intensidade,+RA,0,0,,0,0,
SBSN,Verao,TODOS,exato,TS,1,0,0.0,1,0,0.0
SBSN,Verao,TODOS,exato,+RA,0,0,,0,0,
SBSN,Verao,TODOS,exato,+TSRA,0,0,,0,0,
SBSN,Verao,TODOS,exato,TSRA,3,0,0.0,1,0,0.0
SBSN,Verao,TODOS,sem_intensidade,TS,1,0,0.0,1,0,0.0
SBSN,Verao,TODOS,sem_intensidade,TSRA,3,0,0.0,1,0,0.0
SBSN,Verao,TODOS,sem_intensidade,+RA,0,0,,0,0,
SBSN,Outono,00-06,exato,TS,0,0,,0,0,
SBSN,Outono,00-06,exato,+RA,0,0,,0,0,
SBSN,Outono,00-06,exato,+TSRA,0,0,,0,0,
SBSN,Outono,00-06,exato,TSRA,0,0,,0,0,
SBSN,Outono,00-06,sem_intensidade,TS,0,0,,0,0,
SBSN,Outono,00-06,sem_intensidade,TSRA,0,0,,0,0,
SBSN,Outono,00-06,sem_intensidade,+RA,0,0,,0,0,
SBSN,Outono,06-12,exato,TS,0,0,,0,0,
SBSN,Outono,06-12,exato,+RA,0,0,,0,0,
SBSN,Outono,06-12,exato,+TSRA,0,0,,0,0,
SBSN,Outono,06-12,exato,TSRA,0,0,,0,0,
SBSN,Outono,06-12,sem_intensidade,TS,0,0,,0,0,
SBSN,Outono,06-12,sem_intensidade,TSRA,0,0,,0,0,
SBSN,Outono,06-12,sem_intensidade,+RA,0,0,,0,0,
SBSN,Outono,12-18,exato,TS,1,0,0.0,0,0,
SBSN,Outono,12-18,exato,+RA,0,0,,0,0,
SBSN,Outono,12-18,exato,+TSRA,0,0,,0,0,
SBSN,Outono,12-18,exato,TSRA,2,0,0.0,0,0,
SBSN,Outono,12-18,sem_intensidade,TS,1,0,0.0,0,0,
SBSN,Outono,12-18,sem_intensidade,TSRA,2,0,0.0,1,0,0.0
SBSN,Outono,12-18,sem_intensidade,+RA,0,0,,0,0,
SBSN,Outono,18-24,exato,TS,5,0,0.0,1,0,0.0
SBSN,Outono,18-24,exato,+RA,0,0,,0,0,
SBSN,Outono,18-24,exato,+TSRA,0,0,,0,0,
SBSN,Outono,18-24,exato,TSRA,8,0,0.0,0,0,
SBSN,Outono,18-24,sem_intensidade,TS,5,0,0.0,1,0,0.0
SBSN,Outono,18-24,sem_intensidade,TSRA,8,0,0.0,0,0,
SBSN,Outono,18-24,sem_intensidade,+RA,0,0,,0,0,
SBSN,Outono,TODOS,exato,TS,6,0,0.0,1,0,0.0
SBSN,Outono,TODOS,exato,+RA,0,0,,0,0,
SBSN,Outono,TODOS,exato,+TSRA,0,0,,0,0,
SBSN,Outono,TODOS,exato,TSRA,10,0,0.0,0,0,
SBSN,Outono,TODOS,sem_intensidade,TS,6,0,0.0,1,0,0.0
SBSN,Outono,TODOS,sem_intensidade,TSRA,10,0,0.0,1,0,0.0
SBSN,Outono,TODOS,sem_intensidade,+RA,0,0,,0,0,
SBSN,Inverno,00-06,exato,TS,0,0,,0,0,
SBSN,Inverno,00-06,exato,+RA,0,0,,0,0,
SBSN,Inverno,00-06,exato,+TSRA,0,0,,0,0,
SBSN,Inverno,00-06,exato,TSRA,0,0,,0,0,
SBSN,Inverno,00-06,sem_intensidade,TS,0,0,,0,0,
SBSN,Inverno,00-06,sem_intensidade,TSRA,0,0,,0,0,
SBSN,Inverno,00-06,sem_intensidade,+RA,0,0,,0,0,
SBSN,Inverno,06-12,exato,TS,0,0,,0,0,
SBSN,Inverno,06-12,exato,+RA,0,0,,0,0,
SBSN,Inverno,06-12,exato,+TSRA,0,0,,0,0,
SBSN,Inverno,06-12,exato,TSRA,0,0,,0,0,
SBSN,Inverno,06-12,sem_intensidade,TS,0,0,,0,0,
SBSN,Inverno,06-12,sem_intensidade,TSRA,0,0,,0,0,
SBSN,Inverno,06-12,sem_intensidade,+RA,0,0,,0,0,
SBSN,Inverno,12-18,exato,TS,1,0,0.0,0,0,
SBSN,Inverno,12-18,exato,+RA,0,0,,0,0,
SBSN,Inverno,12-18,exato,+TSRA,0,0,,0,0,
SBSN,Inverno,12-18,exato,TSRA,0,0,,0,0,
SBSN,Inverno,12-18,sem_intensidade,TS,1,0,0.0,0,0,
SBSN,Inverno,12-18,sem_intensidade,TSRA,0,0,,0,0,
SBSN,Inverno,12-18,sem_intensidade,+RA,0,0,,0,0,
SBSN,Inverno,18-24,exato,TS,3,0,0.0,0,0,
SBSN,Inverno,18-24,exato,+RA,0,0,,0,0,
SBSN,Inverno,18-24,exato,+TSRA,0,0,,0,0,
SBSN,Inverno,18-24,exato,TSRA,2,0,0.0,0,0,
SBSN,Inverno,18-24,sem_intensidade,TS,3,0,0.0,0,0,
SBSN,Inverno,18-24,sem_intensidade,TSRA,2,0,0.0,0,0,
SBSN,Inverno,18-24,sem_intensidade,+RA,0,0,,0,0,
SBSN,Inverno,TODOS,exato,TS,4,0,0.0,0,0,
SBSN,Inverno,TODOS,exato,+RA,0,0,,0,0,
SBSN,Inverno,TODOS,exato,+TSRA,0,0,,0,0,
SBSN,Inverno,TODOS,exato,TSRA,2,0,0.0,0,0,
SBSN,Inverno,TODOS,sem_intensidade,TS,4,0,0.0,0,0,
SBSN,Inverno,TODOS,sem_intensidade,TSRA,2,0,0.0,0,0,
SBSN,Inverno,TODOS,sem_intensidade,+RA,0,0,,0,0,
SBSN,Primavera,00-06,exato,TS,0,0,,0,0,
SBSN,Primavera,00-06,exato,+RA,0,0,,0,0,
SBSN,Primavera,00-06,exato,+TSRA,0,0,,0,0,
SBSN,Primavera,00-06,exato,TSRA,0,0,,0,0,
SBSN,Primavera,00-06,sem_intensidade,TS,0,0,,0,0,
SBSN,Primavera,00-06,sem_intensidade,TSRA,0,0,,0,0,
SBSN,Primavera,00-06,sem_intensidade,+RA,0,0,,0,0,
SBSN,Primavera,06-12,exato,TS,0,0,,0,0,
SBSN,Primavera,06-12,exato,+RA,0,0,,0,0,
SBSN,Primavera,06-12,exato,+TSRA,0,0,,0,0,
SBSN,Primavera,06-12,exato,TSRA,0,0,,0,0,
SBSN,Primavera,06-12,sem_intensidade,TS,0,0,,0,0,
SBSN,Primavera,06-12,sem_intensidade,TSRA,0,0,,0,0,
SBSN,Primavera,06-12,sem_intensidade,+RA,0,0,,0,0,
SBSN,Primavera,12-18,exato,TS,2,0,0.0,0,0,
SBSN,Primavera,12-18,exato,+RA,0,0,,0,0,
SBSN,Primavera,12-18,exato,+TSRA,0,0,,0,0,
SBSN,Primavera,12-18,exato,TSRA,0,0,,0,0,
SBSN,Primavera,12-18,sem_intensidade,TS,2,0,0.0,0,0,
SBSN,Primavera,12-18,sem_intensidade,TSRA,0,0,,1,0,0.0
SBSN,Primavera,12-18,sem_intensidade,+RA,0,0,,0,0,
SBSN,Primavera,18-24,exato,TS,2,0,0.0,0,0,
SBSN,Primavera,18-24,exato,+RA,0,0,,0,0,
SBSN,Primavera,18-24,exato,+TSRA,0,0,,0,0,
SBSN,Primavera,18-24,exato,TSRA,0,0,,0,0,
SBSN,Primavera,18-24,sem_intensidade,TS,2,0,0.0,0,0,
SBSN,Primavera,18-24,sem_intensidade,TSRA,0,0,,0,0,
SBSN,Primavera,18-24,sem_intensidade,+RA,0,0,,0,0,
SBSN,Primavera,TODOS,exato,TS,4,0,0.0,0,0,
SBSN,Primavera,TODOS,exato,+RA,0,0,,0,0,
SBSN,Primavera,TODOS,exato,+TSRA,0,0,,0,0,
SBSN,Primavera,TODOS,exato,TSRA,0,0,,0,0,
SBSN,Primavera,TODOS,sem_intensidade,TS,4,0,0.0,0,0,
SBSN,Primavera,TODOS,sem_intensidade,TSRA,0,0,,1,0,0.0
SBSN,Primavera,TODOS,sem_intensidade,+RA,0,0,,0,0,
SBSN,TODAS,00-06,exato,TS,0,0,,0,0,
SBSN,TODAS,00-06,exato,+RA,0,0,,0,0,
SBSN,TODAS,00-06,exato,+TSRA,0,0,,0,0,
SBSN,TODAS,00-06,exato,TSRA,0,0,,0,0,
SBSN,TODAS,00-06,sem_intensidade,TS,0,0,,0,0,
SBSN,TODAS,00-06,sem_intensidade,TSRA,0,0,,0,0,
SBSN,TODAS,00-06,sem_intensidade,+RA,0,0,,0,0,
SBSN,TODAS,06-12,exato,TS,0,0,,0,0,
SBSN,TODAS,06-12,exato,+RA,0,0,,0,0,
SBSN,TODAS,06-12,exato,+TSRA,0,0,,0,0,
SBSN,TODAS,06-12,exato,TSRA,0,0,,0,0,
SBSN,TODAS,06-12,sem_intensidade,TS,0,0,,0,0,
SBSN,TODAS,06-12,sem_intensidade,TSRA,0,0,,0,0,
SBSN,TODAS,06-12,sem_intensidade,+RA,0,0,,0,0,
SBSN,TODAS,12-18,exato,TS,4,0,0.0,0,0,
SBSN,TODAS,12-18,exato,+RA,0,0,,0,0,
SBSN,TODAS,12-18,exato,+TSRA,0,0,,0,0,
SBSN,TODAS,12-18,exato,TSRA,4,0,0.0,1,0,0.0
SBSN,TODAS,12-18,sem_intensidade,TS,4,0,0.0,0,0,
SBSN,TODAS,12-18,sem_intensidade,TSRA,4,0,0.0,3,0,0.0
SBSN,TODAS,12-18,sem_intensidade,+RA,0,0,,0,0,
SBSN,TODAS,18-24,exato,TS,11,0,0.0,2,0,0.0
SBSN,TODAS,18-24,exato,+RA,0,0,,0,0,
SBSN,TODAS,18-24,exato,+TSRA,0,0,,0,0,
SBSN,TODAS,18-24,exato,TSRA,11,0,0.0,0,0,
SBSN,TODAS,18-24,sem_intensidade,TS,11,0,0.0,2,0,0.0
SBSN,TODAS,18-24,sem_intensidade,TSRA,11,0,0.0,0,0,
SBSN,TODAS,18-24,sem_intensidade,+RA,0,0,,0,0,
SBSN,TODAS,TODOS,exato,TS,15,0,0.0,2,0,0.0
SBSN,TODAS,TODOS,exato,+RA,0,0,,0,0,
SBSN,TODAS,TODOS,exato,+TSRA,0,0,,0,0,
SBSN,TODAS,TODOS,exato,TSRA,15,0,0.0,1,0,0.0
SBSN,TODAS,TODOS,sem_intensidade,TS,15,0,0.0,2,0,0.0
SBSN,TODAS,TODOS,sem_intensidade,TSRA,15,0,0.0,3,0,0.0
SBSN,TODAS,TODOS,sem_intensidade,+RA,0,0,,0,0,
SBTE,Verao,00-06,exato,TS,4,0,0.0,2,0,0.0
SBTE,Verao,00-06,exato,+RA,0,0,,1,0,0.0
SBTE,Verao,00-06,exato,+TSRA,0,0,,0,0,
SBTE,Verao,00-06,exato,TSRA,11,0,0.0,0,0,
SBTE,Verao,00-06,sem_intensidade,TS,4,0,0.0,2,0,0.0
SBTE,Verao,00-06,sem_intensidade,TSRA,11,0,0.0,4,0,0.0
SBTE,Verao,00-06,sem_intensidade,+RA,0,0,,1,0,0.0
SBTE,Verao,06-12,exato,TS,2,0,0.0,0,0,
SBTE,Verao,06-12,exato,+RA,0,0,,0,0,
SBTE,Verao,06-12,exato,+TSRA,0,0,,0,0,
SBTE,Verao,06-12,exato,TSRA,5,1,20.0,1,1,100.0
SBTE,Verao,06-12,sem_intensidade,TS,2,0,0.0,0,0,
SBTE,Verao,06-12,sem_intensidade,TSRA,5,1,20.0,1,1,100.0
SBTE,Verao,06-12,sem_intensidade,+RA,0,0,,0,0,
SBTE,Verao,12-18,exato,TS,1,0,0.0,0,0,
SBTE,Verao,12-18,exato,+RA,0,0,,0,0,
SBTE,Verao,12-18,exato,+TSRA,0,0,,0,0,
SBTE,Verao,12-18,exato,TSRA,2,0,0.0,0,0,
SBTE,Verao,12-18,sem_intensidade,TS,1,0,0.0,0,0,
SBTE,Verao,12-18,sem_intensidade,TSRA,2,0,0.0,0,0,
SBTE,Verao,12-18,sem_intensidade,+RA,0,0,,0,0,
SBTE,Verao,18-24,exato,TS,29,2,6.9,8,2,25.0
SBTE,Verao,18-24,exato,+RA,0,0,,0,0,
SBTE,Verao,18-24,exato,+TSRA,0,0,,1,0,0.0
SBTE,Verao,18-24,exato,TSRA,46,0,0.0,1,0,0.0
SBTE,Verao,18-24,sem_intensidade,TS,29,2,6.9,8,2,25.0
SBTE,Verao,18-24,sem_intensidade,TSRA,46,3,6.5,10,3,30.0
SBTE,Verao,18-24,sem_intensidade,+RA,0,0,,0,0,
SBTE,Verao,TODOS,exato,TS,36,2,5.6,10,2,20.0
SBTE,Verao,TODOS,exato,+RA,0,0,,1,0,0.0
SBTE,Verao,TODOS,exato,+TSRA,0,0,,1,0,0.0
SBTE,Verao,TODOS,exato,TSRA,64,1,1.6,2,1,50.0
SBTE,Verao,TODOS,sem_intensidade,TS,36,2,5.6,10,2,20.0
SBTE,Verao,TODOS,sem_intensidade,TSRA,64,4,6.2,15,4,26.7
SBTE,Verao,TODOS,sem_intensidade,+RA,0,0,,1,0,0.0
SBTE,Outono,00-06,exato,TS,3,0,0.0,3,0,0.0
SBTE,Outono,00-06,exato,+RA,0,0,,0,0,
SBTE,Outono,00-06,exato,+TSRA,0,0,,0,0,
SBTE,Outono,00-06,exato,TSRA,7,0,0.0,0,0,
SBTE,Outono,00-06,sem_intensidade,TS,3,0,0.0,3,0,0.0
SBTE,Outono,00-06,sem_intensidade,TSRA,7,0,0.0,2,0,0.0
SBTE,Outono,00-06,sem_intensidade,+RA,0,0,,0,0,
SBTE,Outono,06-12,exato,TS,2,0,0.0,0,0,
SBTE,Outono,06-12,exato,+RA,0,0,,0,0,
SBTE,Outono,06-12,exato,+TSRA,0,0,,0,0,
SBTE,Outono,06-12,exato,TSRA,4,0,0.0,0,0,
SBTE,Outono,06-12,sem_intensidade,TS,2,0,0.0,0,0,
SBTE,Outono,06-12,sem_intensidade,TSRA,4,0,0.0,1,0,0.0
SBTE,Outono,06-12,sem_intensidade,+RA,0,0,,0,0,
SBTE,Outono,12-18,exato,TS,1,0,0.0,0,0,
SBTE,Outono,12-18,exato,+RA,0,0,,0,0,
SBTE,Outono,12-18,exato,+TSRA,0,0,,0,0,
SBTE,Outono,12-18,exato,TSRA,1,0,0.0,0,0,
SBTE,Outono,12-18,sem_intensidade,TS,1,0,0.0,0,0,
SBTE,Outono,12-18,sem_intensidade,TSRA,1,0,0.0,0,0,
SBTE,Outono,12-18,sem_intensidade,+RA,0,0,,0,0,
SBTE,Outono,18-24,exato,TS,32,0,0.0,1,0,0.0
SBTE,Outono,18-24,exato,+RA,0,0,,0,0,
SBTE,Outono,18-24,exato,+TSRA,0,0,,0,0,
SBTE,Outono,18-24,exato,TSRA,31,0,0.0,0,0,
SBTE,Outono,18-24,sem_intensidade,TS,32,0,0.0,1,0,0.0
SBTE,Outono,18-24,sem_intensidade,TSRA,31,0,0.0,2,0,0.0
SBTE,Outono,18-24,sem_intensidade,+RA,0,0,,0,0,
SBTE,Outono,TODOS,exato,TS,38,0,0.0,4,0,0.0
SBTE,Outono,TODOS,exato,+RA,0,0,,0,0,
SBTE,Outono,TODOS,exato,+TSRA,0,0,,0,0,
SBTE,Outono,TODOS,exato,TSRA,43,0,0.0,0,0,
SBTE,Outono,TODOS,sem_intensidade,TS,38,0,0.0,4,0,0.0
SBTE,Outono,TODOS,sem_intensidade,TSRA,43,0,0.0,5,0,0.0
SBTE,Outono,TODOS,sem_intensidade,+RA,0,0,,0,0,
SBTE,Inverno,00-06,exato,TS,0,0,,0,0,
SBTE,Inverno,00-06,exato,+RA,0,0,,0,0,
SBTE,Inverno,00-06,exato,+TSRA,0,0,,0,0,
SBTE,Inverno,00-06,exato,TSRA,4,0,0.0,0,0,
SBTE,Inverno,00-06,sem_intensidade,TS,0,0,,0,0,
SBTE,Inverno,00-06,sem_intensidade,TSRA,4,0,0.0,0,0,
SBTE,Inverno,00-06,sem_intensidade,+RA,0,0,,0,0,
SBTE,Inverno,06-12,exato,TS,0,0,,0,0,
SBTE,Inverno,06-12,exato,+RA,0,0,,0,0,
SBTE,Inverno,06-12,exato,+TSRA,0,0,,0,0,
SBTE,Inverno,06-12,exato,TSRA,0,0,,0,0,
SBTE,Inverno,06-12,sem_intensidade,TS,0,0,,0,0,
SBTE,Inverno,06-12,sem_intensidade,TSRA,0,0,,0,0,
SBTE,Inverno,06-12,sem_intensidade,+RA,0,0,,0,0,
SBTE,Inverno,12-18,exato,TS,0,0,,0,0,
SBTE,Inverno,12-18,exato,+RA,0,0,,0,0,
SBTE,Inverno,12-18,exato,+TSRA,0,0,,0,0,
SBTE,Inverno,12-18,exato,TSRA,0,0,,0,0,
SBTE,Inverno,12-18,sem_intensidade,TS,0,0,,0,0,
SBTE,Inverno,12-18,sem_intensidade,TSRA,0,0,,0,0,
SBTE,Inverno,12-18,sem_intensidade,+RA,0,0,,0,0,
SBTE,Inverno,18-24,exato,TS,0,0,,0,0,
SBTE,Inverno,18-24,exato,+RA,0,0,,0,0,
SBTE,Inverno,18-24,exato,+TSRA,0,0,,0,0,
SBTE,Inverno,18-24,exato,TSRA,0,0,,0,0,
SBTE,Inverno,18-24,sem_intensidade,TS,0,0,,0,0,
SBTE,Inverno,18-24,sem_intensidade,TSRA,0,0,,0,0,
SBTE,Inverno,18-24,sem_intensidade,+RA,0,0,,0,0,
SBTE,Inverno,TODOS,exato,TS,0,0,,0,0,
SBTE,Inverno,TODOS,exato,+RA,0,0,,0,0,
SBTE,Inverno,TODOS,exato,+TSRA,0,0,,0,0,
SBTE,Inverno,TODOS,exato,TSRA,4,0,0.0,0,0,
SBTE,Inverno,TODOS,sem_intensidade,TS,0,0,,0,0,
SBTE,Inverno,TODOS,sem_intensidade,TSRA,4,0,0.0,0,0,
SBTE,Inverno,TODOS,sem_intensidade,+RA,0,0,,0,0,
SBTE,Primavera,00-06,exato,TS,2,0,0.0,1,0,0.0
SBTE,Primavera,00-06,exato,+RA,0,0,,0,0,
SBTE,Primavera,00-06,exato,+TSRA,0,0,,0,0,
SBTE,Primavera,00-06,exato,TSRA,1,0,0.0,0,0,
SBTE,Primavera,00-06,sem_intensidade,TS,2,0,0.0,1,0,0.0
SBTE,Primavera,00-06,sem_intensidade,TSRA,1,0,0.0,2,0,0.0
SBTE,Primavera,00-06,sem_intensidade,+RA,0,0,,0,0,
SBTE,Primavera,06-12,exato,TS,1,0,0.0,0,0,
SBTE,Primavera,06-12,exato,+RA,0,0,,0,0,
SBTE,Primavera,06-12,exato,+TSRA,0,0,,0,0,
SBTE,Primavera,06-12,exato,TSRA,2,0,0.0,0,0,
SBTE,Primavera,06-12,sem_intensidade,TS,1,0,0.0,0,0,
SBTE,Primavera,06-12,sem_intensidade,TSRA,2,1,50.0,1,1,100.0
SBTE,Primavera,06-12,sem_intensidade,+RA,0,0,,0,0,
SBTE,Primavera,12-18,exato,TS,0,0,,0,0,
SBTE,Primavera,12-18,exato,+RA,0,0,,0,0,
SBTE,Primavera,12-18,exato,+TSRA,0,0,,0,0,
SBTE,Primavera,12-18,exato,TSRA,1,0,0.0,0,0,
SBTE,Primavera,12-18,sem_intensidade,TS,0,0,,0,0,
SBTE,Primavera,12-18,sem_intensidade,TSRA,1,0,0.0,0,0,
SBTE,Primavera,12-18,sem_intensidade,+RA,0,0,,0,0,
SBTE,Primavera,18-24,exato,TS,0,0,,1,0,0.0
SBTE,Primavera,18-24,exato,+RA,0,0,,0,0,
SBTE,Primavera,18-24,exato,+TSRA,0,0,,0,0,
SBTE,Primavera,18-24,exato,TSRA,3,0,0.0,0,0,
SBTE,Primavera,18-24,sem_intensidade,TS,0,0,,1,0,0.0
SBTE,Primavera,18-24,sem_intensidade,TSRA,3,0,0.0,0,0,
SBTE,Primavera,18-24,sem_intensidade,+RA,0,0,,0,0,
SBTE,Primavera,TODOS,exato,TS,3,0,0.0,2,0,0.0
SBTE,Primavera,TODOS,exato,+RA,0,0,,0,0,
SBTE,Primavera,TODOS,exato,+TSRA,0,0,,0,0,
SBTE,Primavera,TODOS,exato,TSRA,7,0,0.0,0,0,
SBTE,Primavera,TODOS,sem_intensidade,TS,3,0,0.0,2,0,0.0
SBTE,Primavera,TODOS,sem_intensidade,TSRA,7,1,14.3,3,1,33.3
SBTE,Primavera,TODOS,sem_intensidade,+RA,0,0,,0,0,
SBTE,TODAS,00-06,exato,TS,9,0,0.0,6,0,0.0
SBTE,TODAS,00-06,exato,+RA,0,0,,1,0,0.0
SBTE,TODAS,00-06,exato,+TSRA,0,0,,0,0,
SBTE,TODAS,00-06,exato,TSRA,23,0,0.0,0,0,
SBTE,TODAS,00-06,sem_intensidade,TS,9,0,0.0,6,0,0.0
SBTE,TODAS,00-06,sem_intensidade,TSRA,23,0,0.0,8,0,0.0
SBTE,TODAS,00-06,sem_intensidade,+RA,0,0,,1,0,0.0
SBTE,TODAS,06-12,exato,TS,5,0,0.0,0,0,
SBTE,TODAS,06-12,exato,+RA,0,0,,0,0,
SBTE,TODAS,06-12,exato,+TSRA,0,0,,0,0,
SBTE,TODAS,06-12,exato,TSRA,11,1,9.1,1,1,100.0
SBTE,TODAS,06-12,sem_intensidade,TS,5,0,0.0,0,0,
SBTE,TODAS,06-12,sem_intensidade,TSRA,11,2,18.2,3,2,66.7
SBTE,TODAS,06-12,sem_intensidade,+RA,0,0,,0,0,
SBTE,TODAS,12-18,exato,TS,2,0,0.0,0,0,
SBTE,TODAS,12-18,exato,+RA,0,0,,0,0,
SBTE,TODAS,12-18,exato,+TSRA,0,0,,0,0,
SBTE,TODAS,12-18,exato,TSRA,4,0,0.0,0,0,
SBTE,TODAS,12-18,sem_intensidade,TS,2,0,0.0,0,0,
SBTE,TODAS,12-18,sem_intensidade,TSRA,4,0,0.0,0,0,
SBTE,TODAS,12-18,sem_intensidade,+RA,0,0,,0,0,
SBTE,TODAS,18-24,exato,TS,61,2,3.3,10,2,20.0
SBTE,TODAS,18-24,exato,+RA,0,0,,0,0,
SBTE,TODAS,18-24,exato,+TSRA,0,0,,1,0,0.0
SBTE,TODAS,18-24,exato,TSRA,80,0,0.0,1,0,0.0
SBTE,TODAS,18-24,sem_intensidade,TS,61,2,3.3,10,2,20.0
SBTE,TODAS,18-24,sem_intensidade,TSRA,80,3,3.8,12,3,25.0
SBTE,TODAS,18-24,sem_intensidade,+RA,0,0,,0,0,
SBTE,TODAS,TODOS,exato,TS,77,2,2.6,16,2,12.5
SBTE,TODAS,TODOS,exato,+RA,0,0,,1,0,0.0
SBTE,TODAS,TODOS,exato,+TSRA,0,0,,1,0,0.0
SBTE,TODAS,TODOS,exato,TSRA,118,1,0.8,2,1,50.0
SBTE,TODAS,TODOS,sem_intensidade,TS,77,2,2.6,16,2,12.5
SBTE,TODAS,TODOS,sem_intensidade,TSRA,118,5,4.2,23,5,21.7
SBTE,TODAS,TODOS,sem_intensidade,+RA,0,0,,1,0,0.0
SBTF,Verao,00-06,exato,TS,0,0,,0,0,
SBTF,Verao,00-06,exato,+RA,0,0,,0,0,
SBTF,Verao,00-06,exato,+TSRA,0,0,,0,0,
SBTF,Verao,00-06,exato,TSRA,0,0,,0,0,
SBTF,Verao,00-06,sem_intensidade,TS,0,0,,0,0,
SBTF,Verao,00-06,sem_intensidade,TSRA,0,0,,0,0,
SBTF,Verao,00-06,sem_intensidade,+RA,0,0,,0,0,
SBTF,Verao,06-12,exato,TS,0,0,,0,0,
SBTF,Verao,06-12,exato,+RA,0,0,,0,0,
SBTF,Verao,06-12,exato,+TSRA,0,0,,0,0,
SBTF,Verao,06-12,exato,TSRA,0,0,,0,0,
SBTF,Verao,06-12,sem_intensidade,TS,0,0,,0,0,
SBTF,Verao,06-12,sem_intensidade,TSRA,0,0,,0,0,
SBTF,Verao,06-12,sem_intensidade,+RA,0,0,,0,0,
SBTF,Verao,12-18,exato,TS,1,0,0.0,0,0,
SBTF,Verao,12-18,exato,+RA,0,0,,0,0,
SBTF,Verao,12-18,exato,+TSRA,0,0,,0,0,
SBTF,Verao,12-18,exato,TSRA,2,0,0.0,0,0,
SBTF,Verao,12-18,sem_intensidade,TS,1,0,0.0,0,0,
SBTF,Verao,12-18,sem_intensidade,TSRA,2,0,0.0,0,0,
SBTF,Verao,12-18,sem_intensidade,+RA,0,0,,0,0,
SBTF,Verao,18-24,exato,TS,4,0,0.0,0,0,
SBTF,Verao,18-24,exato,+RA,0,0,,0,0,
SBTF,Verao,18-24,exato,+TSRA,0,0,,0,0,
SBTF,Verao,18-24,exato,TSRA,10,0,0.0,0,0,
SBTF,Verao,18-24,sem_intensidade,TS,4,0,0.0,0,0,
SBTF,Verao,18-24,sem_intensidade,TSRA,10,0,0.0,0,0,
SBTF,Verao,18-24,sem_intensidade,+RA,0,0,,0,0,
SBTF,Verao,TODOS,exato,TS,5,0,0.0,0,0,
SBTF,Verao,TODOS,exato,+RA,0,0,,0,0,
SBTF,Verao,TODOS,exato,+TSRA,0,0,,0,0,
SBTF,Verao,TODOS,exato,TSRA,12,0,0.0,0,0,
SBTF,Verao,TODOS,sem_intensidade,TS,5,0,0.0,0,0,
SBTF,Verao,TODOS,sem_intensidade,TSRA,12,0,0.0,0,0,
SBTF,Verao,TODOS,sem_intensidade,+RA,0,0,,0,0,
SBTF,Outono,00-06,exato,TS,0,0,,0,0,
SBTF,Outono,00-06,exato,+RA,0,0,,0,0,
SBTF,Outono,00-06,exato,+TSRA,0,0,,0,0,
SBTF,Outono,00-06,exato,TSRA,0,0,,0,0,
SBTF,Outono,00-06,sem_intensidade,TS,0,0,,0,0,
SBTF,Outono,00-06,sem_intensidade,TSRA,0,0,,0,0,
SBTF,Outono,00-06,sem_intensidade,+RA,0,0,,0,0,
SBTF,Outono,06-12,exato,TS,0,0,,0,0,
SBTF,Outono,06-12,exato,+RA,0,0,,0,0,
SBTF,Outono,06-12,exato,+TSRA,0,0,,0,0,
SBTF,Outono,06-12,exato,TSRA,0,0,,0,0,
SBTF,Outono,06-12,sem_intensidade,TS,0,0,,0,0,
SBTF,Outono,06-12,sem_intensidade,TSRA,0,0,,0,0,
SBTF,Outono,06-12,sem_intensidade,+RA,0,0,,0,0,
SBTF,Outono,12-18,exato,TS,3,0,0.0,0,0,
SBTF,Outono,12-18,exato,+RA,0,0,,0,0,
SBTF,Outono,12-18,exato,+TSRA,0,0,,0,0,
SBTF,Outono,12-18,exato,TSRA,1,0,0.0,0,0,
SBTF,Outono,12-18,sem_intensidade,TS,3,0,0.0,0,0,
SBTF,Outono,12-18,sem_intensidade,TSRA,1,0,0.0,0,0,
SBTF,Outono,12-18,sem_intensidade,+RA,0,0,,0,0,
SBTF,Outono,18-24,exato,TS,2,0,0.0,1,0,0.0
SBTF,Outono,18-24,exato,+RA,0,0,,0,0,
SBTF,Outono,18-24,exato,+TSRA,0,0,,0,0,
SBTF,Outono,18-24,exato,TSRA,5,0,0.0,0,0,
SBTF,Outono,18-24,sem_intensidade,TS,2,0,0.0,1,0,0.0
SBTF,Outono,18-24,sem_intensidade,TSRA,5,0,0.0,0,0,
SBTF,Outono,18-24,sem_intensidade,+RA,0,0,,0,0,
SBTF,Outono,TODOS,exato,TS,5,0,0.0,1,0,0.0
SBTF,Outono,TODOS,exato,+RA,0,0,,0,0,
SBTF,Outono,TODOS,exato,+TSRA,0,0,,0,0,
SBTF,Outono,TODOS,exato,TSRA,6,0,0.0,0,0,
SBTF,Outono,TODOS,sem_intensidade,TS,5,0,0.0,1,0,0.0
SBTF,Outono,TODOS,sem_intensidade,TSRA,6,0,0.0,0,0,
SBTF,Outono,TODOS,sem_intensidade,+RA,0,0,,0,0,
SBTF,Inverno,00-06,exato,TS,0,0,,0,0,
SBTF,Inverno,00-06,exato,+RA,0,0,,0,0,
SBTF,Inverno,00-06,exato,+TSRA,0,0,,0,0,
SBTF,Inverno,00-06,exato,TSRA,0,0,,0,0,
SBTF,Inverno,00-06,sem_intensidade,TS,0,0,,0,0,
SBTF,Inverno,00-06,sem_intensidade,TSRA,0,0,,0,0,
SBTF,Inverno,00-06,sem_intensidade,+RA,0,0,,0,0,
SBTF,Inverno,06-12,exato,TS,0,0,,0,0,
SBTF,Inverno,06-12,exato,+RA,0,0,,0,0,
SBTF,Inverno,06-12,exato,+TSRA,0,0,,0,0,
SBTF,Inverno,06-12,exato,TSRA,0,0,,0,0,
SBTF,Inverno,06-12,sem_intensidade,TS,0,0,,0,0,
SBTF,Inverno,06-12,sem_intensidade,TSRA,0,0,,0,0,
SBTF,Inverno,06-12,sem_intensidade,+RA,0,0,,0,0,
SBTF,Inverno,12-18,exato,TS,1,0,0.0,0,0,
SBTF,Inverno,12-18,exato,+RA,0,0,,1,0,0.0
SBTF,Inverno,12-18,exato,+TSRA,0,0,,0,0,
SBTF,Inverno,12-18,exato,TSRA,3,0,0.0,0,0,
SBTF,Inverno,12-18,sem_intensidade,TS,1,0,0.0,0,0,
SBTF,Inverno,12-18,sem_intensidade,TSRA,3,0,0.0,0,0,
SBTF,Inverno,12-18,sem_intensidade,+RA,0,0,,1,0,0.0
SBTF,Inverno,18-24,exato,TS,7,0,0.0,1,0,0.0
SBTF,Inverno,18-24,exato,+RA,0,0,,0,0,
SBTF,Inverno,18-24,exato,+TSRA,0,0,,0,0,
SBTF,Inverno,18-24,exato,TSRA,6,0,0.0,0,0,
SBTF,Inverno,18-24,sem_intensidade,TS,7,0,0.0,1,0,0.0
SBTF,Inverno,18-24,sem_intensidade,TSRA,6,0,0.0,1,0,0.0
SBTF,Inverno,18-24,sem_intensidade,+RA,0,0,,0,0,
SBTF,Inverno,TODOS,exato,TS,8,0,0.0,1,0,0.0
SBTF,Inverno,TODOS,exato,+RA,0,0,,1,0,0.0
SBTF,Inverno,TODOS,exato,+TSRA,0,0,,0,0,
SBTF,Inverno,TODOS,exato,TSRA,9,0,0.0,0,0,
SBTF,Inverno,TODOS,sem_intensidade,TS,8,0,0.0,1,0,0.0
SBTF,Inverno,TODOS,sem_intensidade,TSRA,9,0,0.0,1,0,0.0
SBTF,Inverno,TODOS,sem_intensidade,+RA,0,0,,1,0,0.0
SBTF,Primavera,00-06,exato,TS,0,0,,0,0,
SBTF,Primavera,00-06,exato,+RA,0,0,,0,0,
SBTF,Primavera,00-06,exato,+TSRA,0,0,,0,0,
SBTF,Primavera,00-06,exato,TSRA,0,0,,0,0,
SBTF,Primavera,00-06,sem_intensidade,TS,0,0,,0,0,
SBTF,Primavera,00-06,sem_intensidade,TSRA,0,0,,0,0,
SBTF,Primavera,00-06,sem_intensidade,+RA,0,0,,0,0,
SBTF,Primavera,06-12,exato,TS,0,0,,0,0,
SBTF,Primavera,06-12,exato,+RA,0,0,,0,0,
SBTF,Primavera,06-12,exato,+TSRA,0,0,,0,0,
SBTF,Primavera,06-12,exato,TSRA,0,0,,0,0,
SBTF,Primavera,06-12,sem_intensidade,TS,0,0,,0,0,
SBTF,Primavera,06-12,sem_intensidade,TSRA,0,0,,0,0,
SBTF,Primavera,06-12,sem_intensidade,+RA,0,0,,0,0,
SBTF,Primavera,12-18,exato,TS,3,0,0.0,0,0,
SBTF,Primavera,12-18,exato,+RA,0,0,,0,0,
SBTF,Primavera,12-18,exato,+TSRA,0,0,,0,0,
SBTF,Primavera,12-18,exato,TSRA,0,0,,0,0,
SBTF,Primavera,12-18,sem_intensidade,TS,3,0,0.0,0,0,
SBTF,Primavera,12-18,sem_intensidade,TSRA,0,0,,0,0,
SBTF,Primavera,12-18,sem_intensidade,+RA,0,0,,0,0,
SBTF,Primavera,18-24,exato,TS,7,0,0.0,0,0,
SBTF,Primavera,18-24,exato,+RA,0,0,,0,0,
SBTF,Primavera,18-24,exato,+TSRA,0,0,,0,0,
SBTF,Primavera,18-24,exato,TSRA,3,0,0.0,0,0,
SBTF,Primavera,18-24,sem_intensidade,TS,7,0,0.0,0,0,
SBTF,Primavera,18-24,sem_intensidade,TSRA,3,0,0.0,0,0,
SBTF,Primavera,18-24,sem_intensidade,+RA,0,0,,0,0,
SBTF,Primavera,TODOS,exato,TS,10,0,0.0,0,0,
SBTF,Primavera,TODOS,exato,+RA,0,0,,0,0,
SBTF,Primavera,TODOS,exato,+TSRA,0,0,,0,0,
SBTF,Primavera,TODOS,exato,TSRA,3,0,0.0,0,0,
SBTF,Primavera,TODOS,sem_intensidade,TS,10,0,0.0,0,0,
SBTF,Primavera,TODOS,sem_intensidade,TSRA,3,0,0.0,0,0,
SBTF,Primavera,TODOS,sem_intensidade,+RA,0,0,,0,0,
SBTF,TODAS,00-06,exato,TS,0,0,,0,0,
SBTF,TODAS,00-06,exato,+RA,0,0,,0,0,
SBTF,TODAS,00-06,exato,+TSRA,0,0,,0,0,
SBTF,TODAS,00-06,exato,TSRA,0,0,,0,0,
SBTF,TODAS,00-06,sem_intensidade,TS,0,0,,0,0,
SBTF,TODAS,00-06,sem_intensidade,TSRA,0,0,,0,0,
SBTF,TODAS,00-06,sem_intensidade,+RA,0,0,,0,0,
SBTF,TODAS,06-12,exato,TS,0,0,,0,0,
SBTF,TODAS,06-12,exato,+RA,0,0,,0,0,
SBTF,TODAS,06-12,exato,+TSRA,0,0,,0,0,
SBTF,TODAS,06-12,exato,TSRA,0,0,,0,0,
SBTF,TODAS,06-12,sem_intensidade,TS,0,0,,0,0,
SBTF,TODAS,06-12,sem_intensidade,TSRA,0,0,,0,0,
SBTF,TODAS,06-12,sem_intensidade,+RA,0,0,,0,0,
SBTF,TODAS,12-18,exato,TS,8,0,0.0,0,0,
SBTF,TODAS,12-18,exato,+RA,0,0,,1,0,0.0
SBTF,TODAS,12-18,exato,+TSRA,0,0,,0,0,
SBTF,TODAS,12-18,exato,TSRA,6,0,0.0,0,0,
SBTF,TODAS,12-18,sem_intensidade,TS,8,0,0.0,0,0,
SBTF,TODAS,12-18,sem_intensidade,TSRA,6,0,0.0,0,0,
SBTF,TODAS,12-18,sem_intensidade,+RA,0,0,,1,0,0.0
SBTF,TODAS,18-24,exato,TS,20,0,0.0,2,0,0.0
SBTF,TODAS,18-24,exato,+RA,0,0,,0,0,
SBTF,TODAS,18-24,exato,+TSRA,0,0,,0,0,
SBTF,TODAS,18-24,exato,TSRA,24,0,0.0,0,0,
SBTF,TODAS,18-24,sem_intensidade,TS,20,0,0.0,2,0,0.0
SBTF,TODAS,18-24,sem_intensidade,TSRA,24,0,0.0,1,0,0.0
SBTF,TODAS,18-24,sem_intensidade,+RA,0,0,,0,0,
SBTF,TODAS,TODOS,exato,TS,28,0,0.0,2,0,0.0
SBTF,TODAS,TODOS,exato,+RA,0,0,,1,0,0.0
SBTF,TODAS,TODOS,exato,+TSRA,0,0,,0,0,
SBTF,TODAS,TODOS,exato,TSRA,30,0,0.0,0,0,
SBTF,TODAS,TODOS,sem_intensidade,TS,28,0,0.0,2,0,0.0
SBTF,TODAS,TODOS,sem_intensidade,TSRA,30,0,0.0,1,0,0.0
SBTF,TODAS,TODOS,sem_intensidade,+RA,0,0,,1,0,0.0
SBUF,Verao,00-06,exato,TS,0,0,,0,0,
SBUF,Verao,00-06,exato,+RA,0,0,,0,0,
SBUF,Verao,00-06,exato,+TSRA,0,0,,0,0,
SBUF,Verao,00-06,exato,TSRA,0,0,,0,0,
SBUF,Verao,00-06,sem_intensidade,TS,0,0,,0,0,
SBUF,Verao,00-06,sem_intensidade,TSRA,0,0,,0,0,
SBUF,Verao,00-06,sem_intensidade,+RA,0,0,,0,0,
SBUF,Verao,06-12,exato,TS,0,0,,0,0,
SBUF,Verao,06-12,exato,+RA,0,0,,0,0,
SBUF,Verao,06-12,exato,+TSRA,0,0,,0,0,
SBUF,Verao,06-12,exato,TSRA,0,0,,0,0,
SBUF,Verao,06-12,sem_intensidade,TS,0,0,,0,0,
SBUF,Verao,06-12,sem_intensidade,TSRA,0,0,,0,0,
SBUF,Verao,06-12,sem_intensidade,+RA,0,0,,0,0,
SBUF,Verao,12-18,exato,TS,0,0,,0,0,
SBUF,Verao,12-18,exato,+RA,0,0,,0,0,
SBUF,Verao,12-18,exato,+TSRA,0,0,,0,0,
SBUF,Verao,12-18,exato,TSRA,0,0,,0,0,
SBUF,Verao,12-18,sem_intensidade,TS,0,0,,0,0,
SBUF,Verao,12-18,sem_intensidade,TSRA,0,0,,0,0,
SBUF,Verao,12-18,sem_intensidade,+RA,0,0,,0,0,
SBUF,Verao,18-24,exato,TS,0,0,,0,0,
SBUF,Verao,18-24,exato,+RA,0,0,,0,0,
SBUF,Verao,18-24,exato,+TSRA,0,0,,0,0,
SBUF,Verao,18-24,exato,TSRA,0,0,,0,0,
SBUF,Verao,18-24,sem_intensidade,TS,0,0,,0,0,
SBUF,Verao,18-24,sem_intensidade,TSRA,0,0,,0,0,
SBUF,Verao,18-24,sem_intensidade,+RA,0,0,,0,0,
SBUF,Verao,TODOS,exato,TS,0,0,,0,0,
SBUF,Verao,TODOS,exato,+RA,0,0,,0,0,
SBUF,Verao,TODOS,exato,+TSRA,0,0,,0,0,
SBUF,Verao,TODOS,exato,TSRA,0,0,,0,0,
SBUF,Verao,TODOS,sem_intensidade,TS,0,0,,0,0,
SBUF,Verao,TODOS,sem_intensidade,TSRA,0,0,,0,0,
SBUF,Verao,TODOS,sem_intensidade,+RA,0,0,,0,0,
SBUF,Outono,00-06,exato,TS,0,0,,0,0,
SBUF,Outono,00-06,exato,+RA,0,0,,0,0,
SBUF,Outono,00-06,exato,+TSRA,0,0,,0,0,
SBUF,Outono,00-06,exato,TSRA,0,0,,0,0,
SBUF,Outono,00-06,sem_intensidade,TS,0,0,,0,0,
SBUF,Outono,00-06,sem_intensidade,TSRA,0,0,,0,0,
SBUF,Outono,00-06,sem_intensidade,+RA,0,0,,0,0,
SBUF,Outono,06-12,exato,TS,0,0,,0,0,
SBUF,Outono,06-12,exato,+RA,0,0,,0,0,
SBUF,Outono,06-12,exato,+TSRA,0,0,,0,0,
SBUF,Outono,06-12,exato,TSRA,0,0,,0,0,
SBUF,Outono,06-12,sem_intensidade,TS,0,0,,0,0,
SBUF,Outono,06-12,sem_intensidade,TSRA,0,0,,0,0,
SBUF,Outono,06-12,sem_intensidade,+RA,0,0,,0,0,
SBUF,Outono,12-18,exato,TS,0,0,,0,0,
SBUF,Outono,12-18,exato,+RA,0,0,,0,0,
SBUF,Outono,12-18,exato,+TSRA,0,0,,0,0,
SBUF,Outono,12-18,exato,TSRA,0,0,,0,0,
SBUF,Outono,12-18,sem_intensidade,TS,0,0,,0,0,
SBUF,Outono,12-18,sem_intensidade,TSRA,0,0,,0,0,
SBUF,Outono,12-18,sem_intensidade,+RA,0,0,,0,0,
SBUF,Outono,18-24,exato,TS,0,0,,0,0,
SBUF,Outono,18-24,exato,+RA,0,0,,0,0,
SBUF,Outono,18-24,exato,+TSRA,0,0,,0,0,
SBUF,Outono,18-24,exato,TSRA,0,0,,0,0,
SBUF,Outono,18-24,sem_intensidade,TS,0,0,,0,0,
SBUF,Outono,18-24,sem_intensidade,TSRA,0,0,,0,0,
SBUF,Outono,18-24,sem_intensidade,+RA,0,0,,0,0,
SBUF,Outono,TODOS,exato,TS,0,0,,0,0,
SBUF,Outono,TODOS,exato,+RA,0,0,,0,0,
SBUF,Outono,TODOS,exato,+TSRA,0,0,,0,0,
SBUF,Outono,TODOS,exato,TSRA,0,0,,0,0,
SBUF,Outono,TODOS,sem_intensidade,TS,0,0,,0,0,
SBUF,Outono,TODOS,sem_intensidade,TSRA,0,0,,0,0,
SBUF,Outono,TODOS,sem_intensidade,+RA,0,0,,0,0,
SBUF,Inverno,00-06,exato,TS,0,0,,0,0,
SBUF,Inverno,00-06,exato,+RA,0,0,,0,0,
SBUF,Inverno,00-06,exato,+TSRA,0,0,,0,0,
SBUF,Inverno,00-06,exato,TSRA,0,0,,0,0,
SBUF,Inverno,00-06,sem_intensidade,TS,0,0,,0,0,
SBUF,Inverno,00-06,sem_intensidade,TSRA,0,0,,0,0,
SBUF,Inverno,00-06,sem_intensidade,+RA,0,0,,0,0,
SBUF,Inverno,06-12,exato,TS,0,0,,0,0,
SBUF,Inverno,06-12,exato,+RA,0,0,,0,0,
SBUF,Inverno,06-12,exato,+TSRA,0,0,,0,0,
SBUF,Inverno,06-12,exato,TSRA,0,0,,0,0,
SBUF,Inverno,06-12,sem_intensidade,TS,0,0,,0,0,
SBUF,Inverno,06-12,sem_intensidade,TSRA,0,0,,0,0,
SBUF,Inverno,06-12,sem_intensidade,+RA,0,0,,0,0,
SBUF,Inverno,12-18,exato,TS,0,0,,0,0,
SBUF,Inverno,12-18,exato,+RA,0,0,,0,0,
SBUF,Inverno,12-18,exato,+TSRA,0,0,,0,0,
SBUF,Inverno,12-18,exato,TSRA,0,0,,0,0,
SBUF,Inverno,12-18,sem_intensidade,TS,0,0,,0,0,
SBUF,Inverno,12-18,sem_intensidade,TSRA,0,0,,0,0,
SBUF,Inverno,12-18,sem_intensidade,+RA,0,0,,0,0,
SBUF,Inverno,18-24,exato,TS,0,0,,0,0,
SBUF,Inverno,18-24,exato,+RA,0,0,,0,0,
SBUF,Inverno,18-24,exato,+TSRA,0,0,,0,0,
SBUF,Inverno,18-24,exato,TSRA,0,0,,0,0,
SBUF,Inverno,18-24,sem_intensidade,TS,0,0,,0,0,
SBUF,Inverno,18-24,sem_intensidade,TSRA,0,0,,0,0,
SBUF,Inverno,18-24,sem_intensidade,+RA,0,0,,0,0,
SBUF,Inverno,TODOS,exato,TS,0,0,,0,0,
SBUF,Inverno,TODOS,exato,+RA,0,0,,0,0,
SBUF,Inverno,TODOS,exato,+TSRA,0,0,,0,0,
SBUF,Inverno,TODOS,exato,TSRA,0,0,,0,0,
SBUF,Inverno,TODOS,sem_intensidade,TS,0,0,,0,0,
SBUF,Inverno,TODOS,sem_intensidade,TSRA,0,0,,0,0,
SBUF,Inverno,TODOS,sem_intensidade,+RA,0,0,,0,0,
SBUF,Primavera,00-06,exato,TS,0,0,,0,0,
SBUF,Primavera,00-06,exato,+RA,0,0,,0,0,
SBUF,Primavera,00-06,exato,+TSRA,0,0,,0,0,
SBUF,Primavera,00-06,exato,TSRA,0,0,,0,0,
SBUF,Primavera,00-06,sem_intensidade,TS,0,0,,0,0,
SBUF,Primavera,00-06,sem_intensidade,TSRA,0,0,,0,0,
SBUF,Primavera,00-06,sem_intensidade,+RA,0,0,,0,0,
SBUF,Primavera,06-12,exato,TS,0,0,,0,0,
SBUF,Primavera,06-12,exato,+RA,0,0,,0,0,
SBUF,Primavera,06-12,exato,+TSRA,0,0,,0,0,
SBUF,Primavera,06-12,exato,TSRA,0,0,,0,0,
SBUF,Primavera,06-12,sem_intensidade,TS,0,0,,0,0,
SBUF,Primavera,06-12,sem_intensidade,TSRA,0,0,,0,0,
SBUF,Primavera,06-12,sem_intensidade,+RA,0,0,,0,0,
SBUF,Primavera,12-18,exato,TS,0,0,,0,0,
SBUF,Primavera,12-18,exato,+RA,0,0,,0,0,
SBUF,Primavera,12-18,exato,+TSRA,0,0,,0,0,
SBUF,Primavera,12-18,exato,TSRA,0,0,,0,0,
SBUF,Primavera,12-18,sem_intensidade,TS,0,0,,0,0,
SBUF,Primavera,12-18,sem_intensidade,TSRA,0,0,,0,0,
SBUF,Primavera,12-18,sem_intensidade,+RA,0,0,,0,0,
SBUF,Primavera,18-24,exato,TS,0,0,,0,0,
SBUF,Primavera,18-24,exato,+RA,0,0,,0,0,
SBUF,Primavera,18-24,exato,+TSRA,0,0,,0,0,
SBUF,Primavera,18-24,exato,TSRA,0,0,,0,0,
SBUF,Primavera,18-24,sem_intensidade,TS,0,0,,0,0,
SBUF,Primavera,18-24,sem_intensidade,TSRA,0,0,,0,0,
SBUF,Primavera,18-24,sem_intensidade,+RA,0,0,,0,0,
SBUF,Primavera,TODOS,exato,TS,0,0,,0,0,
SBUF,Primavera,TODOS,exato,+RA,0,0,,0,0,
SBUF,Primavera,TODOS,exato,+TSRA,0,0,,0,0,
SBUF,Primavera,TODOS,exato,TSRA,0,0,,0,0,
SBUF,Primavera,TODOS,sem_intensidade,TS,0,0,,0,0,
SBUF,Primavera,TODOS,sem_intensidade,TSRA,0,0,,0,0,
SBUF,Primavera,TODOS,sem_intensidade,+RA,0,0,,0,0,
SBUF,TODAS,00-06,exato,TS,0,0,,0,0,
SBUF,TODAS,00-06,exato,+RA,0,0,,0,0,
SBUF,TODAS,00-06,exato,+TSRA,0,0,,0,0,
SBUF,TODAS,00-06,exato,TSRA,0,0,,0,0,
SBUF,TODAS,00-06,sem_intensidade,TS,0,0,,0,0,
SBUF,TODAS,00-06,sem_intensidade,TSRA,0,0,,0,0,
SBUF,TODAS,00-06,sem_intensidade,+RA,0,0,,0,0,
SBUF,TODAS,06-12,exato,TS,0,0,,0,0,
SBUF,TODAS,06-12,exato,+RA,0,0,,0,0,
SBUF,TODAS,06-12,exato,+TSRA,0,0,,0,0,
SBUF,TODAS,06-12,exato,TSRA,0,0,,0,0,
SBUF,TODAS,06-12,sem_intensidade,TS,0,0,,0,0,
SBUF,TODAS,06-12,sem_intensidade,TSRA,0,0,,0,0,
SBUF,TODAS,06-12,sem_intensidade,+RA,0,0,,0,0,
SBUF,TODAS,12-18,exato,TS,0,0,,0,0,
SBUF,TODAS,12-18,exato,+RA,0,0,,0,0,
SBUF,TODAS,12-18,exato,+TSRA,0,0,,0,0,
SBUF,TODAS,12-18,exato,TSRA,0,0,,0,0,
SBUF,TODAS,12-18,sem_intensidade,TS,0,0,,0,0,
SBUF,TODAS,12-18,sem_intensidade,TSRA,0,0,,0,0,
SBUF,TODAS,12-18,sem_intensidade,+RA,0,0,,0,0,
SBUF,TODAS,18-24,exato,TS,0,0,,0,0,
SBUF,TODAS,18-24,exato,+RA,0,0,,0,0,
SBUF,TODAS,18-24,exato,+TSRA,0,0,,0,0,
SBUF,TODAS,18-24,exato,TSRA,0,0,,0,0,
SBUF,TODAS,18-24,sem_intensidade,TS,0,0,,0,0,
SBUF,TODAS,18-24,sem_intensidade,TSRA,0,0,,0,0,
SBUF,TODAS,18-24,sem_intensidade,+RA,0,0,,0,0,
SBUF,TODAS,TODOS,exato,TS,0,0,,0,0,
SBUF,TODAS,TODOS,exato,+RA,0,0,,0,0,
SBUF,TODAS,TODOS,exato,+TSRA,0,0,,0,0,
SBUF,TODAS,TODOS,exato,TSRA,0,0,,0,0,
SBUF,TODAS,TODOS,sem_intensidade,TS,0,0,,0,0,
SBUF,TODAS,TODOS,sem_intensidade,TSRA,0,0,,0,0,
SBUF,TODAS,TODOS,sem_intensidade,+RA,0,0,,0,0,
SBUL,Verao,00-06,exato,TS,0,0,,0,0,
SBUL,Verao,00-06,exato,+RA,0,0,,0,0,
SBUL,Verao,00-06,exato,+TSRA,0,0,,0,0,
SBUL,Verao,00-06,exato,TSRA,0,0,,0,0,
SBUL,Verao,00-06,sem_intensidade,TS,0,0,,0,0,
SBUL,Verao,00-06,sem_intensidade,TSRA,0,0,,0,0,
SBUL,Verao,00-06,sem_intensidade,+RA,0,0,,0,0,
SBUL,Verao,06-12,exato,TS,0,0,,0,0,
SBUL,Verao,06-12,exato,+RA,0,0,,0,0,
SBUL,Verao,06-12,exato,+TSRA,0,0,,0,0,
SBUL,Verao,06-12,exato,TSRA,0,0,,0,0,
SBUL,Verao,06-12,sem_intensidade,TS,0,0,,0,0,
SBUL,Verao,06-12,sem_intensidade,TSRA,0,0,,0,0,
SBUL,Verao,06-12,sem_intensidade,+RA,0,0,,0,0,
SBUL,Verao,12-18,exato,TS,0,0,,0,0,
SBUL,Verao,12-18,exato,+RA,0,0,,0,0,
SBUL,Verao,12-18,exato,+TSRA,0,0,,0,0,
SBUL,Verao,12-18,exato,TSRA,0,0,,1,0,0.0
SBUL,Verao,12-18,sem_intensidade,TS,0,0,,0,0,
SBUL,Verao,12-18,sem_intensidade,TSRA,0,0,,1,0,0.0
SBUL,Verao,12-18,sem_intensidade,+RA,0,0,,0,0,
SBUL,Verao,18-24,exato,TS,0,0,,3,0,0.0
SBUL,Verao,18-24,exato,+RA,0,0,,0,0,
SBUL,Verao,18-24,exato,+TSRA,0,0,,0,0,
SBUL,Verao,18-24,exato,TSRA,9,0,0.0,0,0,
SBUL,Verao,18-24,sem_intensidade,TS,0,0,,3,0,0.0
SBUL,Verao,18-24,sem_intensidade,TSRA,9,0,0.0,1,0,0.0
SBUL,Verao,18-24,sem_intensidade,+RA,0,0,,0,0,
SBUL,Verao,TODOS,exato,TS,0,0,,3,0,0.0
SBUL,Verao,TODOS,exato,+RA,0,0,,0,0,
SBUL,Verao,TODOS,exato,+TSRA,0,0,,0,0,
SBUL,Verao,TODOS,exato,TSRA,9,0,0.0,1,0,0.0
SBUL,Verao,TODOS,sem_intensidade,TS,0,0,,3,0,0.0
SBUL,Verao,TODOS,sem_intensidade,TSRA,9,0,0.0,2,0,0.0
SBUL,Verao,TODOS,sem_intensidade,+RA,0,0,,0,0,
SBUL,Outono,00-06,exato,TS,0,0,,0,0,
SBUL,Outono,00-06,exato,+RA,0,0,,0,0,
SBUL,Outono,00-06,exato,+TSRA,0,0,,0,0,
SBUL,Outono,00-06,exato,TSRA,0,0,,0,0,
SBUL,Outono,00-06,sem_intensidade,TS,0,0,,0,0,
SBUL,Outono,00-06,sem_intensidade,TSRA,0,0,,0,0,
SBUL,Outono,00-06,sem_intensidade,+RA,0,0,,0,0,
SBUL,Outono,06-12,exato,TS,0,0,,0,0,
SBUL,Outono,06-12,exato,+RA,0,0,,0,0,
SBUL,Outono,06-12,exato,+TSRA,0,0,,0,0,
SBUL,Outono,06-12,exato,TSRA,0,0,,0,0,
SBUL,Outono,06-12,sem_intensidade,TS,0,0,,0,0,
SBUL,Outono,06-12,sem_intensidade,TSRA,0,0,,0,0,
SBUL,Outono,06-12,sem_intensidade,+RA,0,0,,0,0,
SBUL,Outono,12-18,exato,TS,0,0,,0,0,
SBUL,Outono,12-18,exato,+RA,0,0,,0,0,
SBUL,Outono,12-18,exato,+TSRA,0,0,,0,0,
SBUL,Outono,12-18,exato,TSRA,0,0,,0,0,
SBUL,Outono,12-18,sem_intensidade,TS,0,0,,0,0,
SBUL,Outono,12-18,sem_intensidade,TSRA,0,0,,1,0,0.0
SBUL,Outono,12-18,sem_intensidade,+RA,0,0,,0,0,
SBUL,Outono,18-24,exato,TS,0,0,,0,0,
SBUL,Outono,18-24,exato,+RA,0,0,,0,0,
SBUL,Outono,18-24,exato,+TSRA,0,0,,0,0,
SBUL,Outono,18-24,exato,TSRA,1,0,0.0,0,0,
SBUL,Outono,18-24,sem_intensidade,TS,0,0,,0,0,
SBUL,Outono,18-24,sem_intensidade,TSRA,1,0,0.0,0,0,
SBUL,Outono,18-24,sem_intensidade,+RA,0,0,,0,0,
SBUL,Outono,TODOS,exato,TS,0,0,,0,0,
SBUL,Outono,TODOS,exato,+RA,0,0,,0,0,
SBUL,Outono,TODOS,exato,+TSRA,0,0,,0,0,
SBUL,Outono,TODOS,exato,TSRA,1,0,0.0,0,0,
SBUL,Outono,TODOS,sem_intensidade,TS,0,0,,0,0,
SBUL,Outono,TODOS,sem_intensidade,TSRA,1,0,0.0,1,0,0.0
SBUL,Outono,TODOS,sem_intensidade,+RA,0,0,,0,0,
SBUL,Inverno,00-06,exato,TS,0,0,,0,0,
SBUL,Inverno,00-06,exato,+RA,0,0,,0,0,
SBUL,Inverno,00-06,exato,+TSRA,0,0,,0,0,
SBUL,Inverno,00-06,exato,TSRA,0,0,,0,0,
SBUL,Inverno,00-06,sem_intensidade,TS,0,0,,0,0,
SBUL,Inverno,00-06,sem_intensidade,TSRA,0,0,,0,0,
SBUL,Inverno,00-06,sem_intensidade,+RA,0,0,,0,0,
SBUL,Inverno,06-12,exato,TS,0,0,,0,0,
SBUL,Inverno,06-12,exato,+RA,0,0,,0,0,
SBUL,Inverno,06-12,exato,+TSRA,0,0,,0,0,
SBUL,Inverno,06-12,exato,TSRA,0,0,,0,0,
SBUL,Inverno,06-12,sem_intensidade,TS,0,0,,0,0,
SBUL,Inverno,06-12,sem_intensidade,TSRA,0,0,,0,0,
SBUL,Inverno,06-12,sem_intensidade,+RA,0,0,,0,0,
SBUL,Inverno,12-18,exato,TS,0,0,,0,0,
SBUL,Inverno,12-18,exato,+RA,0,0,,0,0,
SBUL,Inverno,12-18,exato,+TSRA,0,0,,0,0,
SBUL,Inverno,12-18,exato,TSRA,0,0,,0,0,
SBUL,Inverno,12-18,sem_intensidade,TS,0,0,,0,0,
SBUL,Inverno,12-18,sem_intensidade,TSRA,0,0,,0,0,
SBUL,Inverno,12-18,sem_intensidade,+RA,0,0,,0,0,
SBUL,Inverno,18-24,exato,TS,0,0,,0,0,
SBUL,Inverno,18-24,exato,+RA,0,0,,0,0,
SBUL,Inverno,18-24,exato,+TSRA,0,0,,0,0,
SBUL,Inverno,18-24,exato,TSRA,0,0,,0,0,
SBUL,Inverno,18-24,sem_intensidade,TS,0,0,,0,0,
SBUL,Inverno,18-24,sem_intensidade,TSRA,0,0,,0,0,
SBUL,Inverno,18-24,sem_intensidade,+RA,0,0,,0,0,
SBUL,Inverno,TODOS,exato,TS,0,0,,0,0,
SBUL,Inverno,TODOS,exato,+RA,0,0,,0,0,
SBUL,Inverno,TODOS,exato,+TSRA,0,0,,0,0,
SBUL,Inverno,TODOS,exato,TSRA,0,0,,0,0,
SBUL,Inverno,TODOS,sem_intensidade,TS,0,0,,0,0,
SBUL,Inverno,TODOS,sem_intensidade,TSRA,0,0,,0,0,
SBUL,Inverno,TODOS,sem_intensidade,+RA,0,0,,0,0,
SBUL,Primavera,00-06,exato,TS,0,0,,0,0,
SBUL,Primavera,00-06,exato,+RA,0,0,,0,0,
SBUL,Primavera,00-06,exato,+TSRA,0,0,,0,0,
SBUL,Primavera,00-06,exato,TSRA,0,0,,0,0,
SBUL,Primavera,00-06,sem_intensidade,TS,0,0,,0,0,
SBUL,Primavera,00-06,sem_intensidade,TSRA,0,0,,0,0,
SBUL,Primavera,00-06,sem_intensidade,+RA,0,0,,0,0,
SBUL,Primavera,06-12,exato,TS,0,0,,0,0,
SBUL,Primavera,06-12,exato,+RA,0,0,,0,0,
SBUL,Primavera,06-12,exato,+TSRA,0,0,,0,0,
SBUL,Primavera,06-12,exato,TSRA,0,0,,0,0,
SBUL,Primavera,06-12,sem_intensidade,TS,0,0,,0,0,
SBUL,Primavera,06-12,sem_intensidade,TSRA,0,0,,0,0,
SBUL,Primavera,06-12,sem_intensidade,+RA,0,0,,0,0,
SBUL,Primavera,12-18,exato,TS,0,0,,0,0,
SBUL,Primavera,12-18,exato,+RA,0,0,,0,0,
SBUL,Primavera,12-18,exato,+TSRA,0,0,,0,0,
SBUL,Primavera,12-18,exato,TSRA,1,0,0.0,0,0,
SBUL,Primavera,12-18,sem_intensidade,TS,0,0,,0,0,
SBUL,Primavera,12-18,sem_intensidade,TSRA,1,0,0.0,0,0,
SBUL,Primavera,12-18,sem_intensidade,+RA,0,0,,0,0,
SBUL,Primavera,18-24,exato,TS,1,0,0.0,1,0,0.0
SBUL,Primavera,18-24,exato,+RA,0,0,,0,0,
SBUL,Primavera,18-24,exato,+TSRA,0,0,,0,0,
SBUL,Primavera,18-24,exato,TSRA,11,0,0.0,0,0,
SBUL,Primavera,18-24,sem_intensidade,TS,1,0,0.0,1,0,0.0
SBUL,Primavera,18-24,sem_intensidade,TSRA,11,2,18.2,3,2,66.7
SBUL,Primavera,18-24,sem_intensidade,+RA,0,0,,0,0,
SBUL,Primavera,TODOS,exato,TS,1,0,0.0,1,0,0.0
SBUL,Primavera,TODOS,exato,+RA,0,0,,0,0,
SBUL,Primavera,TODOS,exato,+TSRA,0,0,,0,0,
SBUL,Primavera,TODOS,exato,TSRA,12,0,0.0,0,0,
SBUL,Primavera,TODOS,sem_intensidade,TS,1,0,0.0,1,0,0.0
SBUL,Primavera,TODOS,sem_intensidade,TSRA,12,2,16.7,3,2,66.7
SBUL,Primavera,TODOS,sem_intensidade,+RA,0,0,,0,0,
SBUL,TODAS,00-06,exato,TS,0,0,,0,0,
SBUL,TODAS,00-06,exato,+RA,0,0,,0,0,
SBUL,TODAS,00-06,exato,+TSRA,0,0,,0,0,
SBUL,TODAS,00-06,exato,TSRA,0,0,,0,0,
SBUL,TODAS,00-06,sem_intensidade,TS,0,0,,0,0,
SBUL,TODAS,00-06,sem_intensidade,TSRA,0,0,,0,0,
SBUL,TODAS,00-06,sem_intensidade,+RA,0,0,,0,0,
SBUL,TODAS,06-12,exato,TS,0,0,,0,0,
SBUL,TODAS,06-12,exato,+RA,0,0,,0,0,
SBUL,TODAS,06-12,exato,+TSRA,0,0,,0,0,
SBUL,TODAS,06-12,exato,TSRA,0,0,,0,0,
SBUL,TODAS,06-12,sem_intensidade,TS,0,0,,0,0,
SBUL,TODAS,06-12,sem_intensidade,TSRA,0,0,,0,0,
SBUL,TODAS,06-12,sem_intensidade,+RA,0,0,,0,0,
SBUL,TODAS,12-18,exato,TS,0,0,,0,0,
SBUL,TODAS,12-18,exato,+RA,0,0,,0,0,
SBUL,TODAS,12-18,exato,+TSRA,0,0,,0,0,
SBUL,TODAS,12-18,exato,TSRA,1,0,0.0,1,0,0.0
SBUL,TODAS,12-18,sem_intensidade,TS,0,0,,0,0,
SBUL,TODAS,12-18,sem_intensidade,TSRA,1,0,0.0,2,0,0.0
SBUL,TODAS,12-18,sem_intensidade,+RA,0,0,,0,0,
SBUL,TODAS,18-24,exato,TS,1,0,0.0,4,0,0.0
SBUL,TODAS,18-24,exato,+RA,0,0,,0,0,
SBUL,TODAS,18-24,exato,+TSRA,0,0,,0,0,
SBUL,TODAS,18-24,exato,TSRA,21,0,0.0,0,0,
SBUL,TODAS,18-24,sem_intensidade,TS,1,0,0.0,4,0,0.0
SBUL,TODAS,18-24,sem_intensidade,TSRA,21,2,9.5,4,2,50.0
SBUL,TODAS,18-24,sem_intensidade,+RA,0,0,,0,0,
SBUL,TODAS,TODOS,exato,TS,1,0,0.0,4,0,0.0
SBUL,TODAS,TODOS,exato,+RA,0,0,,0,0,
SBUL,TODAS,TODOS,exato,+TSRA,0,0,,0,0,
SBUL,TODAS,TODOS,exato,TSRA,22,0,0.0,1,0,0.0
SBUL,TODAS,TODOS,sem_intensidade,TS,1,0,0.0,4,0,0.0
SBUL,TODAS,TODOS,sem_intensidade,TSRA,22,2,9.1,6,2,33.3
SBUL,TODAS,TODOS,sem_intensidade,+RA,0,0,,0,0,
SBUR,Verao,00-06,exato,TS,0,0,,2,0,0.0
SBUR,Verao,00-06,exato,+RA,0,0,,0,0,
SBUR,Verao,00-06,exato,+TSRA,0,0,,0,0,
SBUR,Verao,00-06,exato,TSRA,3,0,0.0,0,0,
SBUR,Verao,00-06,sem_intensidade,TS,0,0,,2,0,0.0
SBUR,Verao,00-06,sem_intensidade,TSRA,3,0,0.0,5,0,0.0
SBUR,Verao,00-06,sem_intensidade,+RA,0,0,,0,0,
SBUR,Verao,06-12,exato,TS,0,0,,0,0,
SBUR,Verao,06-12,exato,+RA,0,0,,0,0,
SBUR,Verao,06-12,exato,+TSRA,0,0,,0,0,
SBUR,Verao,06-12,exato,TSRA,0,0,,1,0,0.0
SBUR,Verao,06-12,sem_intensidade,TS,0,0,,0,0,
SBUR,Verao,06-12,sem_intensidade,TSRA,0,0,,2,0,0.0
SBUR,Verao,06-12,sem_intensidade,+RA,0,0,,0,0,
SBUR,Verao,12-18,exato,TS,1,0,0.0,6,0,0.0
SBUR,Verao,12-18,exato,+RA,0,0,,0,0,
SBUR,Verao,12-18,exato,+TSRA,0,0,,0,0,
SBUR,Verao,12-18,exato,TSRA,5,0,0.0,2,0,0.0
SBUR,Verao,12-18,sem_intensidade,TS,1,0,0.0,6,0,0.0
SBUR,Verao,12-18,sem_intensidade,TSRA,5,0,0.0,3,0,0.0
SBUR,Verao,12-18,sem_intensidade,+RA,0,0,,0,0,
SBUR,Verao,18-24,exato,TS,15,0,0.0,22,0,0.0
SBUR,Verao,18-24,exato,+RA,0,0,,0,0,
SBUR,Verao,18-24,exato,+TSRA,0,0,,5,0,0.0
SBUR,Verao,18-24,exato,TSRA,163,2,1.2,8,2,25.0
SBUR,Verao,18-24,sem_intensidade,TS,15,0,0.0,22,0,0.0
SBUR,Verao,18-24,sem_intensidade,TSRA,163,12,7.4,29,12,41.4
SBUR,Verao,18-24,sem_intensidade,+RA,0,0,,0,0,
SBUR,Verao,TODOS,exato,TS,16,0,0.0,30,0,0.0
SBUR,Verao,TODOS,exato,+RA,0,0,,0,0,
SBUR,Verao,TODOS,exato,+TSRA,0,0,,5,0,0.0
SBUR,Verao,TODOS,exato,TSRA,171,2,1.2,11,2,18.2
SBUR,Verao,TODOS,sem_intensidade,TS,16,0,0.0,30,0,0.0
SBUR,Verao,TODOS,sem_intensidade,TSRA,171,12,7.0,39,12,30.8
SBUR,Verao,TODOS,sem_intensidade,+RA,0,0,,0,0,
SBUR,Outono,00-06,exato,TS,0,0,,0,0,
SBUR,Outono,00-06,exato,+RA,0,0,,0,0,
SBUR,Outono,00-06,exato,+TSRA,0,0,,0,0,
SBUR,Outono,00-06,exato,TSRA,0,0,,2,0,0.0
SBUR,Outono,00-06,sem_intensidade,TS,0,0,,0,0,
SBUR,Outono,00-06,sem_intensidade,TSRA,0,0,,5,0,0.0
SBUR,Outono,00-06,sem_intensidade,+RA,0,0,,0,0,
SBUR,Outono,06-12,exato,TS,0,0,,0,0,
SBUR,Outono,06-12,exato,+RA,0,0,,0,0,
SBUR,Outono,06-12,exato,+TSRA,0,0,,0,0,
SBUR,Outono,06-12,exato,TSRA,0,0,,0,0,
SBUR,Outono,06-12,sem_intensidade,TS,0,0,,0,0,
SBUR,Outono,06-12,sem_intensidade,TSRA,0,0,,0,0,
SBUR,Outono,06-12,sem_intensidade,+RA,0,0,,0,0,
SBUR,Outono,12-18,exato,TS,3,0,0.0,0,0,
SBUR,Outono,12-18,exato,+RA,0,0,,0,0,
SBUR,Outono,12-18,exato,+TSRA,0,0,,0,0,
SBUR,Outono,12-18,exato,TSRA,0,0,,0,0,
SBUR,Outono,12-18,sem_intensidade,TS,3,0,0.0,0,0,
SBUR,Outono,12-18,sem_intensidade,TSRA,0,0,,2,0,0.0
SBUR,Outono,12-18,sem_intensidade,+RA,0,0,,0,0,
SBUR,Outono,18-24,exato,TS,0,0,,4,0,0.0
SBUR,Outono,18-24,exato,+RA,0,0,,0,0,
SBUR,Outono,18-24,exato,+TSRA,0,0,,0,0,
SBUR,Outono,18-24,exato,TSRA,63,3,4.8,3,3,100.0
SBUR,Outono,18-24,sem_intensidade,TS,0,0,,4,0,0.0
SBUR,Outono,18-24,sem_intensidade,TSRA,63,9,14.3,9,9,100.0
SBUR,Outono,18-24,sem_intensidade,+RA,0,0,,0,0,
SBUR,Outono,TODOS,exato,TS,3,0,0.0,4,0,0.0
SBUR,Outono,TODOS,exato,+RA,0,0,,0,0,
SBUR,Outono,TODOS,exato,+TSRA,0,0,,0,0,
SBUR,Outono,TODOS,exato,TSRA,63,3,4.8,5,3,60.0
SBUR,Outono,TODOS,sem_intensidade,TS,3,0,0.0,4,0,0.0
SBUR,Outono,TODOS,sem_intensidade,TSRA,63,9,14.3,16,9,56.2
SBUR,Outono,TODOS,sem_intensidade,+RA,0,0,,0,0,
SBUR,Inverno,00-06,exato,TS,0,0,,0,0,
SBUR,Inverno,00-06,exato,+RA,0,0,,0,0,
SBUR,Inverno,00-06,exato,+TSRA,0,0,,0,0,
SBUR,Inverno,00-06,exato,TSRA,0,0,,0,0,
SBUR,Inverno,00-06,sem_intensidade,TS,0,0,,0,0,
SBUR,Inverno,00-06,sem_intensidade,TSRA,0,0,,0,0,
SBUR,Inverno,00-06,sem_intensidade,+RA,0,0,,0,0,
SBUR,Inverno,06-12,exato,TS,0,0,,0,0,
SBUR,Inverno,06-12,exato,+RA,0,0,,0,0,
SBUR,Inverno,06-12,exato,+TSRA,0,0,,0,0,
SBUR,Inverno,06-12,exato,TSRA,0,0,,0,0,
SBUR,Inverno,06-12,sem_intensidade,TS,0,0,,0,0,
SBUR,Inverno,06-12,sem_intensidade,TSRA,0,0,,1,0,0.0
SBUR,Inverno,06-12,sem_intensidade,+RA,0,0,,0,0,
SBUR,Inverno,12-18,exato,TS,0,0,,0,0,
SBUR,Inverno,12-18,exato,+RA,0,0,,0,0,
SBUR,Inverno,12-18,exato,+TSRA,0,0,,0,0,
SBUR,Inverno,12-18,exato,TSRA,0,0,,0,0,
SBUR,Inverno,12-18,sem_intensidade,TS,0,0,,0,0,
SBUR,Inverno,12-18,sem_intensidade,TSRA,0,0,,0,0,
SBUR,Inverno,12-18,sem_intensidade,+RA,0,0,,0,0,
SBUR,Inverno,18-24,exato,TS,0,0,,2,0,0.0
SBUR,Inverno,18-24,exato,+RA,0,0,,0,0,
SBUR,Inverno,18-24,exato,+TSRA,0,0,,0,0,
SBUR,Inverno,18-24,exato,TSRA,15,0,0.0,0,0,
SBUR,Inverno,18-24,sem_intensidade,TS,0,0,,2,0,0.0
SBUR,Inverno,18-24,sem_intensidade,TSRA,15,0,0.0,0,0,
SBUR,Inverno,18-24,sem_intensidade,+RA,0,0,,0,0,
SBUR,Inverno,TODOS,exato,TS,0,0,,2,0,0.0
SBUR,Inverno,TODOS,exato,+RA,0,0,,0,0,
SBUR,Inverno,TODOS,exato,+TSRA,0,0,,0,0,
SBUR,Inverno,TODOS,exato,TSRA,15,0,0.0,0,0,
SBUR,Inverno,TODOS,sem_intensidade,TS,0,0,,2,0,0.0
SBUR,Inverno,TODOS,sem_intensidade,TSRA,15,0,0.0,1,0,0.0
SBUR,Inverno,TODOS,sem_intensidade,+RA,0,0,,0,0,
SBUR,Primavera,00-06,exato,TS,1,0,0.0,3,0,0.0
SBUR,Primavera,00-06,exato,+RA,0,0,,0,0,
SBUR,Primavera,00-06,exato,+TSRA,0,0,,0,0,
SBUR,Primavera,00-06,exato,TSRA,9,0,0.0,0,0,
SBUR,Primavera,00-06,sem_intensidade,TS,1,0,0.0,3,0,0.0
SBUR,Primavera,00-06,sem_intensidade,TSRA,9,3,33.3,3,3,100.0
SBUR,Primavera,00-06,sem_intensidade,+RA,0,0,,0,0,
SBUR,Primavera,06-12,exato,TS,0,0,,0,0,
SBUR,Primavera,06-12,exato,+RA,0,0,,0,0,
SBUR,Primavera,06-12,exato,+TSRA,0,0,,0,0,
SBUR,Primavera,06-12,exato,TSRA,0,0,,0,0,
SBUR,Primavera,06-12,sem_intensidade,TS,0,0,,0,0,
SBUR,Primavera,06-12,sem_intensidade,TSRA,0,0,,1,0,0.0
SBUR,Primavera,06-12,sem_intensidade,+RA,0,0,,0,0,
SBUR,Primavera,12-18,exato,TS,4,0,0.0,3,0,0.0
SBUR,Primavera,12-18,exato,+RA,0,0,,0,0,
SBUR,Primavera,12-18,exato,+TSRA,0,0,,0,0,
SBUR,Primavera,12-18,exato,TSRA,1,0,0.0,0,0,
SBUR,Primavera,12-18,sem_intensidade,TS,4,0,0.0,3,0,0.0
SBUR,Primavera,12-18,sem_intensidade,TSRA,1,0,0.0,1,0,0.0
SBUR,Primavera,12-18,sem_intensidade,+RA,0,0,,0,0,
SBUR,Primavera,18-24,exato,TS,5,0,0.0,7,0,0.0
SBUR,Primavera,18-24,exato,+RA,0,0,,0,0,
SBUR,Primavera,18-24,exato,+TSRA,0,0,,0,0,
SBUR,Primavera,18-24,exato,TSRA,69,1,1.4,6,1,16.7
SBUR,Primavera,18-24,sem_intensidade,TS,5,0,0.0,7,0,0.0
SBUR,Primavera,18-24,sem_intensidade,TSRA,69,4,5.8,10,4,40.0
SBUR,Primavera,18-24,sem_intensidade,+RA,0,0,,0,0,
SBUR,Primavera,TODOS,exato,TS,10,0,0.0,13,0,0.0
SBUR,Primavera,TODOS,exato,+RA,0,0,,0,0,
SBUR,Primavera,TODOS,exato,+TSRA,0,0,,0,0,
SBUR,Primavera,TODOS,exato,TSRA,79,1,1.3,6,1,16.7
SBUR,Primavera,TODOS,sem_intensidade,TS,10,0,0.0,13,0,0.0
SBUR,Primavera,TODOS,sem_intensidade,TSRA,79,7,8.9,15,7,46.7
SBUR,Primavera,TODOS,sem_intensidade,+RA,0,0,,0,0,
SBUR,TODAS,00-06,exato,TS,1,0,0.0,5,0,0.0
SBUR,TODAS,00-06,exato,+RA,0,0,,0,0,
SBUR,TODAS,00-06,exato,+TSRA,0,0,,0,0,
SBUR,TODAS,00-06,exato,TSRA,12,0,0.0,2,0,0.0
SBUR,TODAS,00-06,sem_intensidade,TS,1,0,0.0,5,0,0.0
SBUR,TODAS,00-06,sem_intensidade,TSRA,12,3,25.0,13,3,23.1
SBUR,TODAS,00-06,sem_intensidade,+RA,0,0,,0,0,
SBUR,TODAS,06-12,exato,TS,0,0,,0,0,
SBUR,TODAS,06-12,exato,+RA,0,0,,0,0,
SBUR,TODAS,06-12,exato,+TSRA,0,0,,0,0,
SBUR,TODAS,06-12,exato,TSRA,0,0,,1,0,0.0
SBUR,TODAS,06-12,sem_intensidade,TS,0,0,,0,0,
SBUR,TODAS,06-12,sem_intensidade,TSRA,0,0,,4,0,0.0
SBUR,TODAS,06-12,sem_intensidade,+RA,0,0,,0,0,
SBUR,TODAS,12-18,exato,TS,8,0,0.0,9,0,0.0
SBUR,TODAS,12-18,exato,+RA,0,0,,0,0,
SBUR,TODAS,12-18,exato,+TSRA,0,0,,0,0,
SBUR,TODAS,12-18,exato,TSRA,6,0,0.0,2,0,0.0
SBUR,TODAS,12-18,sem_intensidade,TS,8,0,0.0,9,0,0.0
SBUR,TODAS,12-18,sem_intensidade,TSRA,6,0,0.0,6,0,0.0
SBUR,TODAS,12-18,sem_intensidade,+RA,0,0,,0,0,
SBUR,TODAS,18-24,exato,TS,20,0,0.0,35,0,0.0
SBUR,TODAS,18-24,exato,+RA,0,0,,0,0,
SBUR,TODAS,18-24,exato,+TSRA,0,0,,5,0,0.0
SBUR,TODAS,18-24,exato,TSRA,310,6,1.9,17,6,35.3
SBUR,TODAS,18-24,sem_intensidade,TS,20,0,0.0,35,0,0.0
SBUR,TODAS,18-24,sem_intensidade,TSRA,310,25,8.1,48,25,52.1
SBUR,TODAS,18-24,sem_intensidade,+RA,0,0,,0,0,
SBUR,TODAS,TODOS,exato,TS,29,0,0.0,49,0,0.0
SBUR,TODAS,TODOS,exato,+RA,0,0,,0,0,
SBUR,TODAS,TODOS,exato,+TSRA,0,0,,5,0,0.0
SBUR,TODAS,TODOS,exato,TSRA,328,6,1.8,22,6,27.3
SBUR,TODAS,TODOS,sem_intensidade,TS,29,0,0.0,49,0,0.0
SBUR,TODAS,TODOS,sem_intensidade,TSRA,328,28,8.5,71,28,39.4
SBUR,TODAS,TODOS,sem_intensidade,+RA,0,0,,0,0,
SBVT,Verao,00-06,exato,TS,0,0,,0,0,
SBVT,Verao,00-06,exato,+RA,0,0,,0,0,
SBVT,Verao,00-06,exato,+TSRA,0,0,,0,0,
SBVT,Verao,00-06,exato,TSRA,0,0,,0,0,
SBVT,Verao,00-06,sem_intensidade,TS,0,0,,0,0,
SBVT,Verao,00-06,sem_intensidade,TSRA,0,0,,0,0,
SBVT,Verao,00-06,sem_intensidade,+RA,0,0,,0,0,
SBVT,Verao,06-12,exato,TS,0,0,,0,0,
SBVT,Verao,06-12,exato,+RA,0,0,,0,0,
SBVT,Verao,06-12,exato,+TSRA,0,0,,0,0,
SBVT,Verao,06-12,exato,TSRA,0,0,,0,0,
SBVT,Verao,06-12,sem_intensidade,TS,0,0,,0,0,
SBVT,Verao,06-12,sem_intensidade,TSRA,0,0,,0,0,
SBVT,Verao,06-12,sem_intensidade,+RA,0,0,,0,0,
SBVT,Verao,12-18,exato,TS,0,0,,0,0,
SBVT,Verao,12-18,exato,+RA,0,0,,0,0,
SBVT,Verao,12-18,exato,+TSRA,0,0,,0,0,
SBVT,Verao,12-18,exato,TSRA,0,0,,0,0,
SBVT,Verao,12-18,sem_intensidade,TS,0,0,,0,0,
SBVT,Verao,12-18,sem_intensidade,TSRA,0,0,,0,0,
SBVT,Verao,12-18,sem_intensidade,+RA,0,0,,0,0,
SBVT,Verao,18-24,exato,TS,2,0,0.0,0,0,
SBVT,Verao,18-24,exato,+RA,0,0,,0,0,
SBVT,Verao,18-24,exato,+TSRA,0,0,,0,0,
SBVT,Verao,18-24,exato,TSRA,0,0,,0,0,
SBVT,Verao,18-24,sem_intensidade,TS,2,0,0.0,0,0,
SBVT,Verao,18-24,sem_intensidade,TSRA,0,0,,0,0,
SBVT,Verao,18-24,sem_intensidade,+RA,0,0,,0,0,
SBVT,Verao,TODOS,exato,TS,2,0,0.0,0,0,
SBVT,Verao,TODOS,exato,+RA,0,0,,0,0,
SBVT,Verao,TODOS,exato,+TSRA,0,0,,0,0,
SBVT,Verao,TODOS,exato,TSRA,0,0,,0,0,
SBVT,Verao,TODOS,sem_intensidade,TS,2,0,0.0,0,0,
SBVT,Verao,TODOS,sem_intensidade,TSRA,0,0,,0,0,
SBVT,Verao,TODOS,sem_intensidade,+RA,0,0,,0,0,
SBVT,Outono,00-06,exato,TS,0,0,,0,0,
SBVT,Outono,00-06,exato,+RA,0,0,,0,0,
SBVT,Outono,00-06,exato,+TSRA,0,0,,0,0,
SBVT,Outono,00-06,exato,TSRA,0,0,,0,0,
SBVT,Outono,00-06,sem_intensidade,TS,0,0,,0,0,
SBVT,Outono,00-06,sem_intensidade,TSRA,0,0,,0,0,
SBVT,Outono,00-06,sem_intensidade,+RA,0,0,,0,0,
SBVT,Outono,06-12,exato,TS,0,0,,0,0,
SBVT,Outono,06-12,exato,+RA,0,0,,0,0,
SBVT,Outono,06-12,exato,+TSRA,0,0,,0,0,
SBVT,Outono,06-12,exato,TSRA,0,0,,0,0,
SBVT,Outono,06-12,sem_intensidade,TS,0,0,,0,0,
SBVT,Outono,06-12,sem_intensidade,TSRA,0,0,,0,0,
SBVT,Outono,06-12,sem_intensidade,+RA,0,0,,0,0,
SBVT,Outono,12-18,exato,TS,0,0,,0,0,
SBVT,Outono,12-18,exato,+RA,0,0,,0,0,
SBVT,Outono,12-18,exato,+TSRA,0,0,,0,0,
SBVT,Outono,12-18,exato,TSRA,0,0,,0,0,
SBVT,Outono,12-18,sem_intensidade,TS,0,0,,0,0,
SBVT,Outono,12-18,sem_intensidade,TSRA,0,0,,0,0,
SBVT,Outono,12-18,sem_intensidade,+RA,0,0,,0,0,
SBVT,Outono,18-24,exato,TS,0,0,,0,0,
SBVT,Outono,18-24,exato,+RA,0,0,,0,0,
SBVT,Outono,18-24,exato,+TSRA,0,0,,0,0,
SBVT,Outono,18-24,exato,TSRA,0,0,,0,0,
SBVT,Outono,18-24,sem_intensidade,TS,0,0,,0,0,
SBVT,Outono,18-24,sem_intensidade,TSRA,0,0,,0,0,
SBVT,Outono,18-24,sem_intensidade,+RA,0,0,,0,0,
SBVT,Outono,TODOS,exato,TS,0,0,,0,0,
SBVT,Outono,TODOS,exato,+RA,0,0,,0,0,
SBVT,Outono,TODOS,exato,+TSRA,0,0,,0,0,
SBVT,Outono,TODOS,exato,TSRA,0,0,,0,0,
SBVT,Outono,TODOS,sem_intensidade,TS,0,0,,0,0,
SBVT,Outono,TODOS,sem_intensidade,TSRA,0,0,,0,0,
SBVT,Outono,TODOS,sem_intensidade,+RA,0,0,,0,0,
SBVT,Inverno,00-06,exato,TS,0,0,,0,0,
SBVT,Inverno,00-06,exato,+RA,0,0,,0,0,
SBVT,Inverno,00-06,exato,+TSRA,0,0,,0,0,
SBVT,Inverno,00-06,exato,TSRA,0,0,,0,0,
SBVT,Inverno,00-06,sem_intensidade,TS,0,0,,0,0,
SBVT,Inverno,00-06,sem_intensidade,TSRA,0,0,,0,0,
SBVT,Inverno,00-06,sem_intensidade,+RA,0,0,,0,0,
SBVT,Inverno,06-12,exato,TS,0,0,,0,0,
SBVT,Inverno,06-12,exato,+RA,0,0,,0,0,
SBVT,Inverno,06-12,exato,+TSRA,0,0,,0,0,
SBVT,Inverno,06-12,exato,TSRA,0,0,,0,0,
SBVT,Inverno,06-12,sem_intensidade,TS,0,0,,0,0,
SBVT,Inverno,06-12,sem_intensidade,TSRA,0,0,,0,0,
SBVT,Inverno,06-12,sem_intensidade,+RA,0,0,,0,0,
SBVT,Inverno,12-18,exato,TS,0,0,,0,0,
SBVT,Inverno,12-18,exato,+RA,0,0,,0,0,
SBVT,Inverno,12-18,exato,+TSRA,0,0,,0,0,
SBVT,Inverno,12-18,exato,TSRA,0,0,,0,0,
SBVT,Inverno,12-18,sem_intensidade,TS,0,0,,0,0,
SBVT,Inverno,12-18,sem_intensidade,TSRA,0,0,,0,0,
SBVT,Inverno,12-18,sem_intensidade,+RA,0,0,,0,0,
SBVT,Inverno,18-24,exato,TS,0,0,,0,0,
SBVT,Inverno,18-24,exato,+RA,0,0,,0,0,
SBVT,Inverno,18-24,exato,+TSRA,0,0,,0,0,
SBVT,Inverno,18-24,exato,TSRA,0,0,,0,0,
SBVT,Inverno,18-24,sem_intensidade,TS,0,0,,0,0,
SBVT,Inverno,18-24,sem_intensidade,TSRA,0,0,,0,0,
SBVT,Inverno,18-24,sem_intensidade,+RA,0,0,,0,0,
SBVT,Inverno,TODOS,exato,TS,0,0,,0,0,
SBVT,Inverno,TODOS,exato,+RA,0,0,,0,0,
SBVT,Inverno,TODOS,exato,+TSRA,0,0,,0,0,
SBVT,Inverno,TODOS,exato,TSRA,0,0,,0,0,
SBVT,Inverno,TODOS,sem_intensidade,TS,0,0,,0,0,
SBVT,Inverno,TODOS,sem_intensidade,TSRA,0,0,,0,0,
SBVT,Inverno,TODOS,sem_intensidade,+RA,0,0,,0,0,
SBVT,Primavera,00-06,exato,TS,0,0,,0,0,
SBVT,Primavera,00-06,exato,+RA,0,0,,0,0,
SBVT,Primavera,00-06,exato,+TSRA,0,0,,0,0,
SBVT,Primavera,00-06,exato,TSRA,0,0,,0,0,
SBVT,Primavera,00-06,sem_intensidade,TS,0,0,,0,0,
SBVT,Primavera,00-06,sem_intensidade,TSRA,0,0,,0,0,
SBVT,Primavera,00-06,sem_intensidade,+RA,0,0,,0,0,
SBVT,Primavera,06-12,exato,TS,0,0,,0,0,
SBVT,Primavera,06-12,exato,+RA,0,0,,0,0,
SBVT,Primavera,06-12,exato,+TSRA,0,0,,0,0,
SBVT,Primavera,06-12,exato,TSRA,0,0,,0,0,
SBVT,Primavera,06-12,sem_intensidade,TS,0,0,,0,0,
SBVT,Primavera,06-12,sem_intensidade,TSRA,0,0,,0,0,
SBVT,Primavera,06-12,sem_intensidade,+RA,0,0,,0,0,
SBVT,Primavera,12-18,exato,TS,0,0,,0,0,
SBVT,Primavera,12-18,exato,+RA,0,0,,0,0,
SBVT,Primavera,12-18,exato,+TSRA,0,0,,0,0,
SBVT,Primavera,12-18,exato,TSRA,0,0,,0,0,
SBVT,Primavera,12-18,sem_intensidade,TS,0,0,,0,0,
SBVT,Primavera,12-18,sem_intensidade,TSRA,0,0,,0,0,
SBVT,Primavera,12-18,sem_intensidade,+RA,0,0,,0,0,
SBVT,Primavera,18-24,exato,TS,0,0,,0,0,
SBVT,Primavera,18-24,exato,+RA,0,0,,0,0,
SBVT,Primavera,18-24,exato,+TSRA,0,0,,0,0,
SBVT,Primavera,18-24,exato,TSRA,1,0,0.0,0,0,
SBVT,Primavera,18-24,sem_intensidade,TS,0,0,,0,0,
SBVT,Primavera,18-24,sem_intensidade,TSRA,1,0,0.0,0,0,
SBVT,Primavera,18-24,sem_intensidade,+RA,0,0,,0,0,
SBVT,Primavera,TODOS,exato,TS,0,0,,0,0,
SBVT,Primavera,TODOS,exato,+RA,0,0,,0,0,
SBVT,Primavera,TODOS,exato,+TSRA,0,0,,0,0,
SBVT,Primavera,TODOS,exato,TSRA,1,0,0.0,0,0,
SBVT,Primavera,TODOS,sem_intensidade,TS,0,0,,0,0,
SBVT,Primavera,TODOS,sem_intensidade,TSRA,1,0,0.0,0,0,
SBVT,Primavera,TODOS,sem_intensidade,+RA,0,0,,0,0,
SBVT,TODAS,00-06,exato,TS,0,0,,0,0,
SBVT,TODAS,00-06,exato,+RA,0,0,,0,0,
SBVT,TODAS,00-06,exato,+TSRA,0,0,,0,0,
SBVT,TODAS,00-06,exato,TSRA,0,0,,0,0,
SBVT,TODAS,00-06,sem_intensidade,TS,0,0,,0,0,
SBVT,TODAS,00-06,sem_intensidade,TSRA,0,0,,0,0,
SBVT,TODAS,00-06,sem_intensidade,+RA,0,0,,0,0,
SBVT,TODAS,06-12,exato,TS,0,0,,0,0,
SBVT,TODAS,06-12,exato,+RA,0,0,,0,0,
SBVT,TODAS,06-12,exato,+TSRA,0,0,,0,0,
SBVT,TODAS,06-12,exato,TSRA,0,0,,0,0,
SBVT,TODAS,06-12,sem_intensidade,TS,0,0,,0,0,
SBVT,TODAS,06-12,sem_intensidade,TSRA,0,0,,0,0,
SBVT,TODAS,06-12,sem_intensidade,+RA,0,0,,0,0,
SBVT,TODAS,12-18,exato,TS,0,0,,0,0,
SBVT,TODAS,12-18,exato,+RA,0,0,,0,0,
SBVT,TODAS,12-18,exato,+TSRA,0,0,,0,0,
SBVT,TODAS,12-18,exato,TSRA,0,0,,0,0,
SBVT,TODAS,12-18,sem_intensidade,TS,0,0,,0,0,
SBVT,TODAS,12-18,sem_intensidade,TSRA,0,0,,0,0,
SBVT,TODAS,12-18,sem_intensidade,+RA,0,0,,0,0,
SBVT,TODAS,18-24,exato,TS,2,0,0.0,0,0,
SBVT,TODAS,18-24,exato,+RA,0,0,,0,0,
SBVT,TODAS,18-24,exato,+TSRA,0,0,,0,0,
SBVT,TODAS,18-24,exato,TSRA,1,0,0.0,0,0,
SBVT,TODAS,18-24,sem_intensidade,TS,2,0,0.0,0,0,
SBVT,TODAS,18-24,sem_intensidade,TSRA,1,0,0.0,0,0,
SBVT,TODAS,18-24,sem_intensidade,+RA,0,0,,0,0,
SBVT,TODAS,TODOS,exato,TS,2,0,0.0,0,0,
SBVT,TODAS,TODOS,exato,+RA,0,0,,0,0,
SBVT,TODAS,TODOS,exato,+TSRA,0,0,,0,0,
SBVT,TODAS,TODOS,exato,TSRA,1,0,0.0,0,0,
SBVT,TODAS,TODOS,sem_intensidade,TS,2,0,0.0,0,0,
SBVT,TODAS,TODOS,sem_intensidade,TSRA,1,0,0.0,0,0,
SBVT,TODAS,TODOS,sem_intensidade,+RA,0,0,,0,0,
TODOS,Verao,00-06,exato,TS,24,0,0.0,61,0,0.0
TODOS,Verao,00-06,exato,+RA,0,0,,8,0,0.0
TODOS,Verao,00-06,exato,+TSRA,0,0,,9,0,0.0
TODOS,Verao,00-06,exato,TSRA,141,1,0.7,55,1,1.8
TODOS,Verao,00-06,sem_intensidade,TS,24,0,0.0,61,0,0.0
TODOS,Verao,00-06,sem_intensidade,TSRA,141,4,2.8,170,4,2.4
TODOS,Verao,00-06,sem_intensidade,+RA,0,0,,8,0,0.0
TODOS,Verao,06-12,exato,TS,8,0,0.0,18,0,0.0
TODOS,Verao,06-12,exato,+RA,0,0,,4,0,0.0
TODOS,Verao,06-12,exato,+TSRA,0,0,,0,0,
TODOS,Verao,06-12,exato,TSRA,75,1,1.3,3,1,33.3
TODOS,Verao,06-12,sem_intensidade,TS,8,0,0.0,18,0,0.0
TODOS,Verao,06-12,sem_intensidade,TSRA,75,1,1.3,13,1,7.7
TODOS,Verao,06-12,sem_intensidade,+RA,0,0,,4,0,0.0
TODOS,Verao,12-18,exato,TS,40,2,5.0,38,2,5.3
TODOS,Verao,12-18,exato,+RA,0,0,,11,0,0.0
TODOS,Verao,12-18,exato,+TSRA,0,0,,8,0,0.0
TODOS,Verao,12-18,exato,TSRA,164,0,0.0,22,0,0.0
TODOS,Verao,12-18,sem_intensidade,TS,40,2,5.0,38,2,5.3
TODOS,Verao,12-18,sem_intensidade,TSRA,164,5,3.0,80,5,6.2
TODOS,Verao,12-18,sem_intensidade,+RA,0,0,,11,0,0.0
TODOS,Verao,18-24,exato,TS,503,5,1.0,166,5,3.0
TODOS,Verao,18-24,exato,+RA,0,0,,5,0,0.0
TODOS,Verao,18-24,exato,+TSRA,0,0,,53,0,0.0
TODOS,Verao,18-24,exato,TSRA,1810,12,0.7,64,12,18.8
TODOS,Verao,18-24,sem_intensidade,TS,503,5,1.0,166,5,3.0
TODOS,Verao,18-24,sem_intensidade,TSRA,1818,118,6.5,367,118,32.2
TODOS,Verao,18-24,sem_intensidade,+RA,0,0,,5,0,0.0
TODOS,Verao,TODOS,exato,TS,575,7,1.2,283,7,2.5
TODOS,Verao,TODOS,exato,+RA,0,0,,28,0,0.0
TODOS,Verao,TODOS,exato,+TSRA,0,0,,70,0,0.0
TODOS,Verao,TODOS,exato,TSRA,2190,14,0.6,144,14,9.7
TODOS,Verao,TODOS,sem_intensidade,TS,575,7,1.2,283,7,2.5
TODOS,Verao,TODOS,sem_intensidade,TSRA,2198,128,5.8,630,128,20.3
TODOS,Verao,TODOS,sem_intensidade,+RA,0,0,,28,0,0.0
TODOS,Outono,00-06,exato,TS,21,0,0.0,23,0,0.0
TODOS,Outono,00-06,exato,+RA,0,0,,13,0,0.0
TODOS,Outono,00-06,exato,+TSRA,0,0,,1,0,0.0
TODOS,Outono,00-06,exato,TSRA,96,0,0.0,10,0,0.0
TODOS,Outono,00-06,sem_intensidade,TS,21,0,0.0,23,0,0.0
TODOS,Outono,00-06,sem_intensidade,TSRA,102,0,0.0,51,0,0.0
TODOS,Outono,00-06,sem_intensidade,+RA,0,0,,13,0,0.0
TODOS,Outono,06-12,exato,TS,2,0,0.0,5,0,0.0
TODOS,Outono,06-12,exato,+RA,0,0,,6,0,0.0
TODOS,Outono,06-12,exato,+TSRA,0,0,,4,0,0.0
TODOS,Outono,06-12,exato,TSRA,70,0,0.0,2,0,0.0
TODOS,Outono,06-12,sem_intensidade,TS,2,0,0.0,5,0,0.0
TODOS,Outono,06-12,sem_intensidade,TSRA,70,0,0.0,18,0,0.0
TODOS,Outono,06-12,sem_intensidade,+RA,0,0,,6,0,0.0
TODOS,Outono,12-18,exato,TS,20,0,0.0,14,0,0.0
TODOS,Outono,12-18,exato,+RA,0,0,,8,0,0.0
TODOS,Outono,12-18,exato,+TSRA,0,0,,3,0,0.0
TODOS,Outono,12-18,exato,TSRA,151,1,0.7,1,1,100.0
TODOS,Outono,12-18,sem_intensidade,TS,20,0,0.0,14,0,0.0
TODOS,Outono,12-18,sem_intensidade,TSRA,151,6,4.0,22,6,27.3
TODOS,Outono,12-18,sem_intensidade,+RA,0,0,,8,0,0.0
TODOS,Outono,18-24,exato,TS,298,5,1.7,79,5,6.3
TODOS,Outono,18-24,exato,+RA,0,0,,1,0,0.0
TODOS,Outono,18-24,exato,+TSRA,0,0,,12,0,0.0
TODOS,Outono,18-24,exato,TSRA,815,14,1.7,25,14,56.0
TODOS,Outono,18-24,sem_intensidade,TS,298,5,1.7,79,5,6.3
TODOS,Outono,18-24,sem_intensidade,TSRA,815,38,4.7,82,38,46.3
TODOS,Outono,18-24,sem_intensidade,+RA,0,0,,1,0,0.0
TODOS,Outono,TODOS,exato,TS,341,5,1.5,121,5,4.1
TODOS,Outono,TODOS,exato,+RA,0,0,,28,0,0.0
TODOS,Outono,TODOS,exato,+TSRA,0,0,,20,0,0.0
TODOS,Outono,TODOS,exato,TSRA,1132,15,1.3,38,15,39.5
TODOS,Outono,TODOS,sem_intensidade,TS,341,5,1.5,121,5,4.1
TODOS,Outono,TODOS,sem_intensidade,TSRA,1138,44,3.9,173,44,25.4
TODOS,Outono,TODOS,sem_intensidade,+RA,0,0,,28,0,0.0
TODOS,Inverno,00-06,exato,TS,8,1,12.5,4,1,25.0
TODOS,Inverno,00-06,exato,+RA,0,0,,9,0,0.0
TODOS,Inverno,00-06,exato,+TSRA,0,0,,2,0,0.0
TODOS,Inverno,00-06,exato,TSRA,47,1,2.1,7,1,14.3
TODOS,Inverno,00-06,sem_intensidade,TS,8,1,12.5,4,1,25.0
TODOS,Inverno,00-06,sem_intensidade,TSRA,53,3,5.7,20,3,15.0
TODOS,Inverno,00-06,sem_intensidade,+RA,0,0,,9,0,0.0
TODOS,Inverno,06-12,exato,TS,7,0,0.0,6,0,0.0
TODOS,Inverno,06-12,exato,+RA,0,0,,12,0,0.0
TODOS,Inverno,06-12,exato,+TSRA,1,0,0.0,4,0,0.0
TODOS,Inverno,06-12,exato,TSRA,28,0,0.0,0,0,
TODOS,Inverno,06-12,sem_intensidade,TS,7,0,0.0,6,0,0.0
TODOS,Inverno,06-12,sem_intensidade,TSRA,29,1,3.4,9,1,11.1
TODOS,Inverno,06-12,sem_intensidade,+RA,0,0,,12,0,0.0
TODOS,Inverno,12-18,exato,TS,3,0,0.0,7,0,0.0
TODOS,Inverno,12-18,exato,+RA,0,0,,2,0,0.0
TODOS,Inverno,12-18,exato,+TSRA,0,0,,5,0,0.0
TODOS,Inverno,12-18,exato,TSRA,91,3,3.3,3,3,100.0
TODOS,Inverno,12-18,sem_intensidade,TS,3,0,0.0,7,0,0.0
TODOS,Inverno,12-18,sem_intensidade,TSRA,91,11,12.1,21,11,52.4
TODOS,Inverno,12-18,sem_intensidade,+RA,0,0,,2,0,0.0
TODOS,Inverno,18-24,exato,TS,97,4,4.1,32,4,12.5
TODOS,Inverno,18-24,exato,+RA,0,0,,3,0,0.0
TODOS,Inverno,18-24,exato,+TSRA,0,0,,1,0,0.0
TODOS,Inverno,18-24,exato,TSRA,224,1,0.4,7,1,14.3
TODOS,Inverno,18-24,sem_intensidade,TS,97,4,4.1,32,4,12.5
TODOS,Inverno,18-24,sem_intensidade,TSRA,224,12,5.4,37,12,32.4
TODOS,Inverno,18-24,sem_intensidade,+RA,0,0,,3,0,0.0
TODOS,Inverno,TODOS,exato,TS,115,5,4.3,49,5,10.2
TODOS,Inverno,TODOS,exato,+RA,0,0,,26,0,0.0
TODOS,Inverno,TODOS,exato,+TSRA,1,0,0.0,12,0,0.0
TODOS,Inverno,TODOS,exato,TSRA,390,5,1.3,17,5,29.4
TODOS,Inverno,TODOS,sem_intensidade,TS,115,5,4.3,49,5,10.2
TODOS,Inverno,TODOS,sem_intensidade,TSRA,397,27,6.8,87,27,31.0
TODOS,Inverno,TODOS,sem_intensidade,+RA,0,0,,26,0,0.0
TODOS,Primavera,00-06,exato,TS,32,0,0.0,42,0,0.0
TODOS,Primavera,00-06,exato,+RA,0,0,,0,0,
TODOS,Primavera,00-06,exato,+TSRA,0,0,,4,0,0.0
TODOS,Primavera,00-06,exato,TSRA,113,1,0.9,18,1,5.6
TODOS,Primavera,00-06,sem_intensidade,TS,32,0,0.0,42,0,0.0
TODOS,Primavera,00-06,sem_intensidade,TSRA,113,6,5.3,81,6,7.4
TODOS,Primavera,00-06,sem_intensidade,+RA,0,0,,0,0,
TODOS,Primavera,06-12,exato,TS,6,0,0.0,3,0,0.0
TODOS,Primavera,06-12,exato,+RA,1,0,0.0,1,0,0.0
TODOS,Primavera,06-12,exato,+TSRA,0,0,,7,0,0.0
TODOS,Primavera,06-12,exato,TSRA,34,2,5.9,14,2,14.3
TODOS,Primavera,06-12,sem_intensidade,TS,6,0,0.0,3,0,0.0
TODOS,Primavera,06-12,sem_intensidade,TSRA,34,4,11.8,55,4,7.3
TODOS,Primavera,06-12,sem_intensidade,+RA,1,0,0.0,1,0,0.0
TODOS,Primavera,12-18,exato,TS,23,0,0.0,31,0,0.0
TODOS,Primavera,12-18,exato,+RA,0,0,,7,0,0.0
TODOS,Primavera,12-18,exato,+TSRA,0,0,,9,0,0.0
TODOS,Primavera,12-18,exato,TSRA,180,1,0.6,13,1,7.7
TODOS,Primavera,12-18,sem_intensidade,TS,23,0,0.0,31,0,0.0
TODOS,Primavera,12-18,sem_intensidade,TSRA,180,15,8.3,64,15,23.4
TODOS,Primavera,12-18,sem_intensidade,+RA,0,0,,7,0,0.0
TODOS,Primavera,18-24,exato,TS,183,18,9.8,83,18,21.7
TODOS,Primavera,18-24,exato,+RA,0,0,,1,0,0.0
TODOS,Primavera,18-24,exato,+TSRA,0,0,,16,0,0.0
TODOS,Primavera,18-24,exato,TSRA,1030,20,1.9,39,20,51.3
TODOS,Primavera,18-24,sem_intensidade,TS,183,18,9.8,83,18,21.7
TODOS,Primavera,18-24,sem_intensidade,TSRA,1030,69,6.7,198,69,34.8
TODOS,Primavera,18-24,sem_intensidade,+RA,0,0,,1,0,0.0
TODOS,Primavera,TODOS,exato,TS,244,18,7.4,159,18,11.3
TODOS,Primavera,TODOS,exato,+RA,1,0,0.0,9,0,0.0
TODOS,Primavera,TODOS,exato,+TSRA,0,0,,36,0,0.0
TODOS,Primavera,TODOS,exato,TSRA,1357,24,1.8,84,24,28.6
TODOS,Primavera,TODOS,sem_intensidade,TS,244,18,7.4,159,18,11.3
TODOS,Primavera,TODOS,sem_intensidade,TSRA,1357,94,6.9,398,94,23.6
TODOS,Primavera,TODOS,sem_intensidade,+RA,1,0,0.0,9,0,0.0
TODOS,TODAS,00-06,exato,TS,85,1,1.2,130,1,0.8
TODOS,TODAS,00-06,exato,+RA,0,0,,30,0,0.0
TODOS,TODAS,00-06,exato,+TSRA,0,0,,16,0,0.0
TODOS,TODAS,00-06,exato,TSRA,397,3,0.8,90,3,3.3
TODOS,TODAS,00-06,sem_intensidade,TS,85,1,1.2,130,1,0.8
TODOS,TODAS,00-06,sem_intensidade,TSRA,409,13,3.2,322,13,4.0
TODOS,TODAS,00-06,sem_intensidade,+RA,0,0,,30,0,0.0
TODOS,TODAS,06-12,exato,TS,23,0,0.0,32,0,0.0
TODOS,TODAS,06-12,exato,+RA,1,0,0.0,23,0,0.0
TODOS,TODAS,06-12,exato,+TSRA,1,0,0.0,15,0,0.0
TODOS,TODAS,06-12,exato,TSRA,207,3,1.4,19,3,15.8
TODOS,TODAS,06-12,sem_intensidade,TS,23,0,0.0,32,0,0.0
TODOS,TODAS,06-12,sem_intensidade,TSRA,208,6,2.9,95,6,6.3
TODOS,TODAS,06-12,sem_intensidade,+RA,1,0,0.0,23,0,0.0
TODOS,TODAS,12-18,exato,TS,86,2,2.3,90,2,2.2
TODOS,TODAS,12-18,exato,+RA,0,0,,28,0,0.0
TODOS,TODAS,12-18,exato,+TSRA,0,0,,25,0,0.0
TODOS,TODAS,12-18,exato,TSRA,586,5,0.9,39,5,12.8
TODOS,TODAS,12-18,sem_intensidade,TS,86,2,2.3,90,2,2.2
TODOS,TODAS,12-18,sem_intensidade,TSRA,586,37,6.3,187,37,19.8
TODOS,TODAS,12-18,sem_intensidade,+RA,0,0,,28,0,0.0
TODOS,TODAS,18-24,exato,TS,1081,32,3.0,360,32,8.9
TODOS,TODAS,18-24,exato,+RA,0,0,,10,0,0.0
TODOS,TODAS,18-24,exato,+TSRA,0,0,,82,0,0.0
TODOS,TODAS,18-24,exato,TSRA,3879,47,1.2,135,47,34.8
TODOS,TODAS,18-24,sem_intensidade,TS,1081,32,3.0,360,32,8.9
TODOS,TODAS,18-24,sem_intensidade,TSRA,3887,237,6.1,684,237,34.6
TODOS,TODAS,18-24,sem_intensidade,+RA,0,0,,10,0,0.0
TODOS,TODAS,TODOS,exato,TS,1275,35,2.7,612,35,5.7
TODOS,TODAS,TODOS,exato,+RA,1,0,0.0,91,0,0.0
TODOS,TODAS,TODOS,exato,+TSRA,1,0,0.0,138,0,0.0
TODOS,TODAS,TODOS,exato,TSRA,5069,58,1.1,283,58,20.5
TODOS,TODAS,TODOS,sem_intensidade,TS,1275,35,2.7,612,35,5.7
TODOS,TODAS,TODOS,sem_intensidade,TSRA,5090,293,5.8,1288,293,22.7
TODOS,TODAS,TODOS,sem_intensidade,+RA,1,0,0.0,91,0,0.0
