STAUTC;FlightNumber;EquipmentModel;DepartureStation;ArrivalStation;Alternado;Hora Chegada Alternado;TAF REDEMET;METAR
2025-08-20 17:55:00.000;4052;ERJ;CGB;SMT;AFL;2025-08-20 18:33:08.160;TS;NSW
2025-09-15 17:45:00.000;4052;ERJ;CGB;SMT;AFL;2025-09-15 18:23:08.160;TS;NSW
2025-09-15 18:35:00.000;4422;ERJ;CGB;OPS;AFL;2025-09-15 19:05:00.000;TS;NSW
2025-09-19 17:45:00.000;4052;ERJ;CGB;SMT;AFL;2025-09-19 18:23:08.160;TS;NSW
2025-09-20 17:45:00.000;4052;ERJ;CGB;SMT;AFL;2025-09-20 18:23:08.160;TSRA;VCSH
2025-09-23 17:45:00.000;4052;ERJ;CGB;SMT;AFL;2025-09-23 18:23:08.160;TSRA;NSW
2025-09-24 17:45:00.000;4052;ERJ;CGB;SMT;AFL;2025-09-24 18:23:08.160;TSRA;NSW
2025-09-25 17:45:00.000;4052;ERJ;CGB;SMT;AFL;2025-09-25 18:23:08.160;TS;NSW
2025-09-27 17:45:00.000;4052;ERJ;CGB;SMT;AFL;2025-09-27 18:23:08.160;TS;NSW
2025-09-29 17:45:00.000;4052;ERJ;CGB;SMT;AFL;2025-09-29 18:23:08.160;TS;NSW
2025-09-30 17:45:00.000;4052;ERJ;CGB;SMT;AFL;2025-09-30 18:23:08.160;TS;NSW
2025-10-01 17:45:00.000;4052;ERJ;CGB;SMT;AFL;2025-10-01 18:23:08.160;TS;NSW
2025-10-04 17:45:00.000;4052;ERJ;CGB;SMT;AFL;2025-10-04 18:23:08.160;TS;NSW
2025-10-12 17:25:00.000;4422;ERJ;CGB;OPS;AFL;2025-10-12 17:55:00.000;TS;NSW
2025-10-12 17:45:00.000;4052;ERJ;CGB;SMT;AFL;2025-10-12 18:23:08.160;TS;NSW
2025-10-14 17:45:00.000;4052;ERJ;CGB;SMT;AFL;2025-10-14 18:23:08.160;TS;NSW
2025-10-15 17:45:00.000;4052;ERJ;CGB;SMT;AFL;2025-10-15 18:23:08.160;TS;NSW
2025-10-20 17:45:00.000;4052;ERJ;CGB;SMT;AFL;2025-10-20 18:23:08.160;TSRA;NSW
2025-10-22 17:25:00.000;4422;ERJ;CGB;OPS;AFL;2025-10-22 17:55:00.000;TSRA;NSW
2025-10-28 17:45:00.000;4052;ERJ;CGB;SMT;AFL;2025-10-28 18:23:08.160;TS;NSW
2025-10-29 17:45:00.000;4052;ERJ;CGB;SMT;AFL;2025-10-29 18:23:08.160;TSRA;NSW
2025-11-11 16:20:00.000;4052;ERJ;CGB;SMT;AFL;2025-11-11 16:58:08.160;TSRA;NSW
2025-11-11 16:30:00.000;4422;ERJ;CGB;OPS;AFL;2025-11-11 17:00:00.000;TSRA;NSW
2025-11-14 16:20:00.000;4052;ERJ;CGB;SMT;AFL;2025-11-14 16:58:08.160;TS;NSW
2025-11-14 16:30:00.000;4422;ERJ;CGB;OPS;AFL;2025-11-14 17:00:00.000;TS;NSW
2025-11-25 16:30:00.000;4422;ERJ;CGB;OPS;AFL;2025-11-25 17:00:00.000;TSRA;NSW
2025-11-26 16:20:00.000;4052;ERJ;CGB;SMT;AFL;2025-11-26 16:58:08.160;TSRA;NSW
2025-11-26 16:30:00.000;4422;ERJ;CGB;OPS;AFL;2025-11-26 17:00:00.000;TSRA;NSW
2025-11-29 20:40:00.000;4554;ERJ;VCP;OPS;AFL;2025-11-29 21:10:00.000;TSRA;NSW
2025-12-16 16:10:00.000;4422;ERJ;CGB;OPS;AFL;2025-12-16 16:40:00.000;TSRA;NSW
2025-12-16 16:20:00.000;4052;ERJ;CGB;SMT;AFL;2025-12-16 16:58:08.160;TSRA;NSW
2025-12-25 16:10:00.000;4422;ERJ;CGB;OPS;AFL;2025-12-25 16:40:00.000;TSRA;NSW
2026-01-02 16:10:00.000;4422;ERJ;CGB;OPS;AFL;2026-01-02 16:40:00.000;TS;-RA
2026-01-02 16:20:00.000;4052;ERJ;CGB;SMT;AFL;2026-01-02 16:58:08.160;TS;-RA
2026-01-04 16:20:00.000;4052;ERJ;CGB;SMT;AFL;2026-01-04 16:58:08.160;TSRA;-RA
2026-01-04 16:30:00.000;4422;ERJ;CGB;OPS;AFL;2026-01-04 17:00:00.000;TSRA;-RA
2026-01-05 16:10:00.000;4422;ERJ;CGB;OPS;AFL;2026-01-05 16:40:00.000;TSRA;NSW
2026-01-05 16:20:00.000;4052;ERJ;CGB;SMT;AFL;2026-01-05 16:58:08.160;TSRA;NSW
2026-01-11 16:20:00.000;4052;ERJ;CGB;SMT;AFL;2026-01-11 16:58:08.160;TS;NSW
2026-01-11 16:30:00.000;4422;ERJ;CGB;OPS;AFL;2026-01-11 17:00:00.000;TS;NSW
2026-01-13 16:10:00.000;4422;ERJ;CGB;OPS;AFL;2026-01-13 16:40:00.000;TS;NSW
2026-01-13 16:20:00.000;4052;ERJ;CGB;SMT;AFL;2026-01-13 16:58:08.160;TS;NSW
2026-02-01 16:10:00.000;4422;ERJ;CGB;OPS;AFL;2026-02-01 16:40:00.000;TSRA;NSW
2026-02-01 16:20:00.000;4052;ERJ;CGB;SMT;AFL;2026-02-01 16:58:08.160;TSRA;NSW
2026-02-03 16:10:00.000;4422;ERJ;CGB;OPS;AFL;2026-02-03 16:40:00.000;TSRA;NSW
2026-02-03 16:20:00.000;4052;ERJ;CGB;SMT;AFL;2026-02-03 16:58:08.160;TSRA;NSW
2026-02-15 16:10:00.000;4422;ERJ;CGB;OPS;AFL;2026-02-15 16:40:00.000;TSRA;NSW
2026-02-20 16:10:00.000;4422;ERJ;CGB;OPS;AFL;2026-02-20 16:40:00.000;TSRA;NSW
2026-02-20 16:20:00.000;4052;ERJ;CGB;SMT;AFL;2026-02-20 16:58:08.160;TSRA;NSW
2026-02-26 16:10:00.000;4422;ERJ;CGB;OPS;AFL;2026-02-26 16:40:00.000;TSRA;NSW
2026-02-26 16:20:00.000;4052;ERJ;CGB;SMT;AFL;2026-02-26 16:58:08.160;TSRA;NSW
2026-03-01 16:20:00.000;4052;ERJ;CGB;SMT;AFL;2026-03-01 16:58:08.160;TSRA;-RA
2026-03-01 16:30:00.000;4422;ERJ;CGB;OPS;AFL;2026-03-01 17:00:00.000;TSRA;VCSH
2026-03-04 16:20:00.000;4052;ERJ;CGB;SMT;AFL;2026-03-04 16:58:08.160;TSRA;-RA
2026-03-04 16:30:00.000;4422;ERJ;CGB;OPS;AFL;2026-03-04 17:00:00.000;TSRA;VCSH
2026-03-17 16:30:00.000;4422;ERJ;CGB;OPS;AFL;2026-03-17 17:00:00.000;TSRA;NSW
2026-03-28 20:40:00.000;4554;ERJ;VCP;OPS;AFL;2026-03-28 21:10:00.000;TS;NSW
2026-04-05 16:30:00.000;4422;ERJ;CGB;OPS;AFL;2026-04-05 17:00:00.000;TSRA;VCSH
2026-04-16 16:30:00.000;4422;ERJ;CGB;OPS;AFL;2026-04-16 17:00:00.000;TS;VCSH
2026-02-08 11:35:00.000;4942;A320-251NEO;VCP;SSA;AJU;2026-02-08 12:07:51.360;TSRA;NSW
2026-02-08 13:30:00.000;2738;A320-253NEO;CNF;SSA;AJU;2026-02-08 14:02:51.360;TSRA;NSW
2026-02-08 13:35:00.000;4765;A320-251NEO;VCP;SSA;AJU;2026-02-08 14:07:51.360;TSRA;NSW
2026-02-09 11:35:00.000;4942;A320-251NEO;VCP;SSA;AJU;2026-02-09 12:07:51.360;TSRA;NSW
2026-02-09 12:45:00.000;2738;A320-251NEO;CNF;SSA;AJU;2026-02-09 13:17:51.360;TSRA;NSW
2026-02-09 12:50:00.000;2674;ERJ;REC;SSA;AJU;2026-02-09 13:22:51.360;TSRA;NSW
2026-02-09 13:40:00.000;4765;A320-251NEO;VCP;SSA;AJU;2026-02-09 14:12:51.360;TSRA;NSW
2026-02-09 14:35:00.000;4330;ATR72-600;AJU;SSA;AJU;2026-02-09 15:20:38.000;TSRA;NSW
2026-02-09 15:20:00.000;6400;ERJ;CGH;SSA;AJU;2026-02-09 15:52:51.360;TSRA;NSW
2026-02-21 17:40:00.000;2484;A320-251NEO;CNF;SSA;AJU;2026-02-21 18:12:51.360;TS;NSW
2026-02-21 17:50:00.000;2674;ERJ;REC;SSA;AJU;2026-02-21 18:22:51.360;TS;NSW
2026-02-21 18:15:00.000;2991;ERJ;VCP;SSA;AJU;2026-02-21 18:47:51.360;TS;NSW
2026-02-21 19:40:00.000;4330;ATR72-600;AJU;SSA;AJU;2026-02-21 20:25:38.000;TS;NSW
2026-02-21 20:15:00.000;2536;A321-251NEO;VCP;SSA;AJU;2026-02-21 20:47:51.360;TS;NSW
2026-02-21 20:35:00.000;4331;ATR72-600;BPS;SSA;AJU;2026-02-21 21:20:38.000;TS;NSW
2026-02-25 20:40:00.000;4331;ATR72-600;VDC;SSA;AJU;2026-02-25 21:25:38.000;TSRA;NSW
2026-02-25 21:40:00.000;4141;ERJ;VCP;SSA;AJU;2026-02-25 22:12:51.360;TSRA;NSW
2026-02-25 21:45:00.000;4067;ERJ;REC;SSA;AJU;2026-02-25 22:17:51.360;TSRA;NSW
2026-02-25 22:40:00.000;4852;ERJ;CNF;SSA;AJU;2026-02-25 23:12:51.360;TSRA;NSW
2026-02-26 02:30:00.000;4429;ERJ;REC;SSA;AJU;2026-02-26 03:02:51.360;TSRA;VCTS
2026-02-26 17:35:00.000;4300;A320-251NEO;CNF;SSA;AJU;2026-02-26 18:07:51.360;TS;NSW
2026-02-26 17:40:00.000;4996;ERJ;REC;SSA;AJU;2026-02-26 18:12:51.360;TS;NSW
2026-02-26 18:15:00.000;2991;A320-251NEO;VCP;SSA;AJU;2026-02-26 18:47:51.360;TS;NSW
2026-02-26 20:15:00.000;4951;ATR72-600;LEC;SSA;AJU;2026-02-26 21:00:38.000;TS;NSW
2026-02-28 11:35:00.000;4942;A320-253NEO;VCP;SSA;AJU;2026-02-28 12:07:51.360;TSRA;VCSH
2026-02-28 12:35:00.000;2738;ERJ;CNF;SSA;AJU;2026-02-28 13:07:51.360;TSRA;NSW
2026-02-28 12:50:00.000;2674;ERJ;REC;SSA;AJU;2026-02-28 13:22:51.360;TSRA;NSW
2026-02-28 13:40:00.000;4765;A320-251NEO;VCP;SSA;AJU;2026-02-28 14:12:51.360;TSRA;NSW
2026-03-02 13:40:00.000;4765;A320-251NEO;VCP;SSA;AJU;2026-03-02 14:12:51.360;TSRA;VCSH
2026-03-02 14:35:00.000;4330;ATR72-600;AJU;SSA;AJU;2026-03-02 15:20:38.000;TSRA;NSW
2026-03-02 15:25:00.000;4136;ATR72-600;GNM;SSA;AJU;2026-03-02 16:10:38.000;TSRA;NSW
2026-03-02 16:35:00.000;4996;ERJ;REC;SSA;AJU;2026-03-02 17:07:51.360;TSRA;NSW
2026-03-03 17:45:00.000;4300;A320-251NEO;CNF;SSA;AJU;2026-03-03 18:17:51.360;TS;NSW
2026-03-03 18:15:00.000;2991;A320-251NEO;VCP;SSA;AJU;2026-03-03 18:47:51.360;TS;NSW
2026-03-03 20:45:00.000;4331;ATR72-600;BPS;SSA;AJU;2026-03-03 21:30:38.000;TS;NSW
2026-03-03 21:40:00.000;4141;ERJ;VCP;SSA;AJU;2026-03-03 22:12:51.360;TS;VCTS
2026-03-03 21:45:00.000;4067;ERJ;REC;SSA;AJU;2026-03-03 22:17:51.360;TS;VCTS
2026-03-03 22:40:00.000;4852;A320-251NEO;CNF;SSA;AJU;2026-03-03 23:12:51.360;TS;VCTS
2026-05-09 14:05:00.000;4765;A320-251NEO;VCP;SSA;AJU;2026-05-09 14:37:51.360;TS;-RA
2026-05-09 16:25:00.000;5033;ATR72-600;BRA;SSA;AJU;2026-05-09 17:10:38.000;TS;VCSH
2026-06-26 07:35:00.000;2844;ERJ;REC;SSA;AJU;2026-06-26 08:07:51.360;+TSRA;-RA
2026-06-26 11:35:00.000;4942;A320-253NEO;VCP;SSA;AJU;2026-06-26 12:07:51.360;TSRA;-RA
2026-06-26 12:35:00.000;2738;A320-251NEO;CNF;SSA;AJU;2026-06-26 13:07:51.360;TSRA;-RA
2026-06-26 12:50:00.000;2674;ERJ;REC;SSA;AJU;2026-06-26 13:22:51.360;TSRA;-RA
2025-10-30 12:05:00.000;4158;ATR72-600;VCP;SJP;ARU;2025-10-30 12:25:05.999;TSRA;NSW
2025-11-01 18:10:00.000;4392;ATR72-600;VCP;SJP;ARU;2025-11-01 18:30:05.999;TSRA;NSW
2025-11-08 16:30:00.000;2565;A320-253NEO;BPS;SJP;ARU;2025-11-08 16:44:28.319;TSRA;NSW
2025-11-08 16:30:00.000;2421;A320-253NEO;BPS;PPB;ARU;2025-11-08 16:50:02.400;TSRA;NSW
2025-11-08 17:30:00.000;2462;A320-253NEO;MCZ;SJP;ARU;2025-11-08 17:44:28.319;TSRA;NSW
2025-11-08 19:20:00.000;9601;ATR72-600;VCP;CGB;ARU;2025-11-08 21:54:04.000;TSRA;NSW
2025-11-13 21:35:00.000;4652;ATR72-600;VCP;SJP;ARU;2025-11-13 21:55:05.999;TSRA;NSW
2025-11-15 19:20:00.000;9900;ATR72-600;VCP;CGB;ARU;2025-11-15 21:54:04.000;TSRA;NSW
2025-11-23 18:10:00.000;4392;ATR72-600;VCP;SJP;ARU;2025-11-23 18:30:05.999;TSRA;NSW
2025-11-23 18:55:00.000;2532;A320-251NEO;NAT;PPB;ARU;2025-11-23 19:15:02.400;TSRA;NSW
2025-12-09 12:05:00.000;4158;ATR72-600;VCP;SJP;ARU;2025-12-09 12:25:05.999;TS;NSW
2025-12-09 18:10:00.000;4392;ATR72-600;VCP;SJP;ARU;2025-12-09 18:30:05.999;TSRA;BR
2025-12-13 08:00:00.000;9203;ATR72-600;VCP;SJP;ARU;2025-12-13 08:20:05.999;TSRA;NSW
2025-12-14 18:05:00.000;2532;A320-251NEO;NAT;PPB;ARU;2025-12-14 18:25:02.400;TSRA;NSW
2025-12-16 15:30:00.000;4907;ATR72-600;VCP;SJP;ARU;2025-12-16 15:50:05.999;TSRA;NSW
2025-12-16 18:10:00.000;4392;ATR72-600;VCP;SJP;ARU;2025-12-16 18:30:05.999;TSRA;NSW
2025-12-16 18:45:00.000;2372;A320-251NEO;NAT;SJP;ARU;2025-12-16 18:59:28.319;TSRA;NSW
2025-12-16 20:45:00.000;2380;A320-251NEO;MCZ;SJP;ARU;2025-12-16 20:59:28.319;TSRA;NSW
2025-12-16 21:21:00.000;4652;A320-251NEO;VCP;SJP;ARU;2025-12-16 21:35:28.319;TSRA;NSW
2025-12-16 21:45:00.000;6176;ATR72-600;CNF;SJP;ARU;2025-12-16 22:05:05.999;TSRA;NSW
2025-12-20 00:40:00.000;2344;A320-253NEO;JPA;SJP;ARU;2025-12-20 00:54:28.319;TSRA;NSW
2025-12-20 13:35:00.000;4495;ATR72-600;SJP;CGB;ARU;2025-12-20 16:09:04.000;TSRA;NSW
2025-12-20 16:30:00.000;2565;A320-253NEO;BPS;SJP;ARU;2025-12-20 16:44:28.319;TSRA;NSW
2025-12-20 17:15:00.000;2462;A320-253NEO;MCZ;SJP;ARU;2025-12-20 17:29:28.319;TSRA;NSW
2025-12-20 18:10:00.000;4392;ATR72-600;VCP;SJP;ARU;2025-12-20 18:30:05.999;TSRA;NSW
2025-12-20 20:15:00.000;2532;A320-253NEO;NAT;PPB;ARU;2025-12-20 20:35:02.400;TSRA;NSW
2025-12-20 20:40:00.000;2260;A320-251NEO;SSA;SJP;ARU;2025-12-20 20:54:28.319;TSRA;NSW
2025-12-20 21:40:00.000;2328;A320-251NEO;MCZ;PPB;ARU;2025-12-20 22:00:02.400;TSRA;NSW
2025-12-28 18:05:00.000;2532;A320-251NEO;NAT;PPB;ARU;2025-12-28 18:25:02.400;TSRA;NSW
2025-12-28 21:35:00.000;4652;ATR72-600;VCP;SJP;ARU;2025-12-28 21:55:05.999;TSRA;NSW
2025-12-28 21:45:00.000;6176;ATR72-600;CNF;SJP;ARU;2025-12-28 22:05:05.999;TSRA;NSW
2025-12-28 19:40:00.000;4485;ATR72-600;PVH;CGB;ARU;2025-12-28 22:14:04.000;TSRA;NSW
2025-12-28 22:50:00.000;4487;ATR72-600;CGB;SJP;ARU;2025-12-28 23:10:05.999;TSRA;NSW
2026-01-04 18:05:00.000;2532;A320-253NEO;NAT;PPB;ARU;2026-01-04 18:25:02.400;TSRA;NSW
2026-01-07 14:10:00.000;2328;A320-251NEO;MCZ;PPB;ARU;2026-01-07 14:30:02.400;TSRA;NSW
2026-01-07 15:35:00.000;4907;ATR72-600;VCP;SJP;ARU;2026-01-07 15:55:05.999;TSRA;NSW
2026-01-07 20:40:00.000;2446;A320-251NEO;SSA;SJP;ARU;2026-01-07 20:54:28.319;TSRA;NSW
2026-01-10 20:15:00.000;2532;A320-251NEO;NAT;PPB;ARU;2026-01-10 20:35:02.400;TSRA;NSW
2026-01-10 21:40:00.000;2328;A320-251NEO;MCZ;PPB;ARU;2026-01-10 22:00:02.400;TSRA;NSW
2026-01-17 18:10:00.000;4392;ATR72-600;VCP;SJP;ARU;2026-01-17 18:30:05.999;TSRA;NSW
2026-01-17 20:15:00.000;2532;A320-253NEO;NAT;PPB;ARU;2026-01-17 20:35:02.400;TSRA;NSW
2026-01-17 21:40:00.000;2328;A320-253NEO;MCZ;PPB;ARU;2026-01-17 22:00:02.400;TSRA;NSW
2026-01-25 18:05:00.000;2532;A320-253NEO;NAT;PPB;ARU;2026-01-25 18:25:02.400;TS;NSW
2026-01-30 03:35:00.000;4099;ATR72-600;VCP;SJP;ARU;2026-01-30 03:55:05.999;TSRA;NSW
2026-01-31 18:10:00.000;4392;ATR72-600;VCP;SJP;ARU;2026-01-31 18:30:05.999;TS;NSW
2026-01-31 20:15:00.000;2532;A320-251NEO;NAT;PPB;ARU;2026-01-31 20:35:02.400;TS;NSW
2026-02-07 18:10:00.000;2328;A320-251NEO;MCZ;PPB;ARU;2026-02-07 18:30:02.400;TSRA;NSW
2026-02-07 18:10:00.000;4392;ATR72-600;VCP;SJP;ARU;2026-02-07 18:30:05.999;TSRA;NSW
2026-02-08 18:05:00.000;2532;A320-251NEO;NAT;PPB;ARU;2026-02-08 18:25:02.400;TSRA;NSW
2026-02-08 21:35:00.000;4652;ATR72-600;VCP;SJP;ARU;2026-02-08 21:55:05.999;TSRA;NSW
2026-02-08 19:40:00.000;4485;ATR72-600;PVH;CGB;ARU;2026-02-08 22:14:04.000;TSRA;NSW
2026-02-08 22:05:00.000;6176;ATR72-600;CNF;SJP;ARU;2026-02-08 22:25:05.999;TSRA;NSW
2026-02-11 01:15:00.000;2448;A320-253NEO;REC;SJP;ARU;2026-02-11 01:29:28.319;TSRA;NSW
2026-02-21 13:35:00.000;4495;ATR72-600;SJP;CGB;ARU;2026-02-21 16:09:04.000;TSRA;NSW
2026-02-21 17:30:00.000;2462;A320-251NEO;MCZ;SJP;ARU;2026-02-21 17:44:28.319;TSRA;NSW
2026-02-25 01:15:00.000;2448;A320-253NEO;REC;SJP;ARU;2026-02-25 01:29:28.319;TSRA;NSW
2026-02-25 03:15:00.000;4099;ATR72-600;VCP;SJP;ARU;2026-02-25 03:35:05.999;TSRA;NSW
2026-03-07 18:10:00.000;4392;ATR72-600;VCP;SJP;ARU;2026-03-07 18:30:05.999;TS;NSW
2026-03-07 21:30:00.000;4907;ATR72-600;VCP;SJP;ARU;2026-03-07 21:50:05.999;TS;NSW
2026-03-08 18:05:00.000;2532;A320-251NEO;NAT;PPB;ARU;2026-03-08 18:25:02.400;TSRA;NSW
2026-03-08 21:35:00.000;4652;ATR72-600;VCP;SJP;ARU;2026-03-08 21:55:05.999;TSRA;NSW
2026-03-08 21:45:00.000;6176;ATR72-600;CNF;SJP;ARU;2026-03-08 22:05:05.999;TSRA;NSW
2026-03-08 19:40:00.000;4485;ATR72-600;PVH;CGB;ARU;2026-03-08 22:14:04.000;TSRA;NSW
2026-03-08 22:50:00.000;4487;ATR72-600;CGB;SJP;ARU;2026-03-08 23:10:05.999;TSRA;NSW
2026-03-09 12:05:00.000;4158;ATR72-600;VCP;SJP;ARU;2026-03-09 12:25:05.999;TSRA;NSW
2026-03-09 18:10:00.000;4392;ATR72-600;VCP;SJP;ARU;2026-03-09 18:30:05.999;TSRA;NSW
2026-03-09 21:35:00.000;4652;ATR72-600;VCP;SJP;ARU;2026-03-09 21:55:05.999;TSRA;NSW
2026-03-09 21:45:00.000;6176;ATR72-600;CNF;SJP;ARU;2026-03-09 22:05:05.999;TSRA;NSW
2026-05-19 13:20:00.000;4907;A320-251NEO;VCP;SJP;ARU;2026-05-19 13:34:28.319;TSRA;NSW
2026-05-19 18:10:00.000;4392;ATR72-600;VCP;SJP;ARU;2026-05-19 18:30:05.999;TSRA;NSW
2026-06-13 18:10:00.000;4392;ATR72-600;VCP;SJP;ARU;2026-06-13 18:30:05.999;TSRA;NSW
2026-06-14 17:00:00.000;2462;A320-251NEO;MCZ;SJP;ARU;2026-06-14 17:14:28.319;TSRA;NSW
2026-06-14 18:10:00.000;4392;ATR72-600;VCP;SJP;ARU;2026-06-14 18:30:05.999;TSRA;NSW
2026-06-14 18:15:00.000;2532;A320-251NEO;NAT;PPB;ARU;2026-06-14 18:35:02.400;TSRA;NSW
2026-07-25 17:50:00.000;2421;A320-251NEO;BPS;PPB;ARU;2026-07-25 18:10:02.400;TS;NSW
2026-07-25 18:10:00.000;4392;ATR72-600;VCP;SJP;ARU;2026-07-25 18:30:05.999;TS;NSW
2025-10-30 17:40:00.000;4430;A320-251NEO;BEL;STM;ATM;2025-10-30 18:18:26.879;TS;NSW
2025-11-19 17:40:00.000;4430;A320-251NEO;BEL;STM;ATM;2025-11-19 18:18:26.879;TSRA;NSW
2025-11-22 17:20:00.000;4430;A320-251NEO;BEL;STM;ATM;2025-11-22 17:58:26.879;TS;NSW
2025-11-23 17:40:00.000;4430;A320-251NEO;BEL;STM;ATM;2025-11-23 18:18:26.879;TSRA;NSW
2025-11-24 17:40:00.000;4430;A320-251NEO;BEL;STM;ATM;2025-11-24 18:18:26.879;TS;NSW
2025-12-13 17:25:00.000;4430;A320-251NEO;BEL;STM;ATM;2025-12-13 18:03:26.879;TSRA;NSW
2025-12-14 18:10:00.000;2799;A320-251NEO;MAO;STM;ATM;2025-12-14 18:48:26.879;TS;NSW
2025-12-25 17:15:00.000;4430;A320-251NEO;BEL;STM;ATM;2025-12-25 17:53:26.879;TSRA;NSW
2026-01-14 06:20:00.000;4444;A320-253NEO;BEL;STM;ATM;2026-01-14 06:58:26.879;TSRA;NSW
2026-01-14 17:15:00.000;4430;A320-251NEO;BEL;STM;ATM;2026-01-14 17:53:26.879;TSRA;NSW
2026-01-16 17:15:00.000;4430;A320-251NEO;BEL;STM;ATM;2026-01-16 17:53:26.879;TS;NSW
2026-01-23 06:20:00.000;4444;A320-251NEO;BEL;STM;ATM;2026-01-23 06:58:26.879;TSRA;NSW
2026-01-26 17:15:00.000;4430;A320-251NEO;BEL;STM;ATM;2026-01-26 17:53:26.879;TSRA;NSW
2026-01-28 17:15:00.000;4430;A320-251NEO;BEL;STM;ATM;2026-01-28 17:53:26.879;TS;NSW
2026-02-01 06:20:00.000;4444;A320-253NEO;BEL;STM;ATM;2026-02-01 06:58:26.879;TSRA BR;NSW
2026-02-04 17:15:00.000;4430;A320-253NEO;BEL;STM;ATM;2026-02-04 17:53:26.879;TSRA;NSW
2026-02-08 18:10:00.000;2799;A320-253NEO;MAO;STM;ATM;2026-02-08 18:48:26.879;TS;NSW
2026-02-13 06:20:00.000;4444;A320-251NEO;BEL;STM;ATM;2026-02-13 06:58:26.879;TSRA;NSW
2026-02-14 17:15:00.000;4430;A320-251NEO;BEL;STM;ATM;2026-02-14 17:53:26.879;TS;NSW
2026-02-20 06:20:00.000;4444;A320-253NEO;BEL;STM;ATM;2026-02-20 06:58:26.879;TS;NSW
2026-02-23 17:40:00.000;4430;A320-251NEO;BEL;STM;ATM;2026-02-23 18:18:26.879;TSRA;NSW
2026-02-24 17:40:00.000;4430;A320-253NEO;BEL;STM;ATM;2026-02-24 18:18:26.879;TSRA;NSW
2026-02-25 06:25:00.000;4444;A320-251NEO;BEL;STM;ATM;2026-02-25 07:03:26.879;TSRA;NSW
2026-02-25 17:40:00.000;4430;A320-251NEO;BEL;STM;ATM;2026-02-25 18:18:26.879;TSRA;NSW
2026-02-26 17:40:00.000;4430;A320-251NEO;BEL;STM;ATM;2026-02-26 18:18:26.879;TSRA;NSW
2026-03-04 17:40:00.000;4430;A320-251NEO;BEL;STM;ATM;2026-03-04 18:18:26.879;TSRA;NSW
2026-03-05 17:40:00.000;4430;A320-253NEO;BEL;STM;ATM;2026-03-05 18:18:26.879;TSRA;NSW
2026-03-08 17:40:00.000;4430;A320-251NEO;BEL;STM;ATM;2026-03-08 18:18:26.879;TS;VCSH
2026-03-10 17:40:00.000;4430;A320-251NEO;BEL;STM;ATM;2026-03-10 18:18:26.879;TS;NSW
2026-03-13 17:40:00.000;4430;A320-251NEO;BEL;STM;ATM;2026-03-13 18:18:26.879;TSRA;NSW
2026-03-15 17:40:00.000;4430;A320-251NEO;BEL;STM;ATM;2026-03-15 18:18:26.879;TSRA;NSW
2026-03-18 17:40:00.000;4430;A320-251NEO;BEL;STM;ATM;2026-03-18 18:18:26.879;TS;NSW
2026-03-19 17:40:00.000;4430;A320-251NEO;BEL;STM;ATM;2026-03-19 18:18:26.879;TSRA;NSW
2026-03-23 17:40:00.000;4430;A320-251NEO;BEL;STM;ATM;2026-03-23 18:18:26.879;TSRA;NSW
2026-03-24 06:25:00.000;4444;A320-253NEO;BEL;STM;ATM;2026-03-24 07:03:26.879;TSRA;NSW
2026-03-24 17:40:00.000;4430;A320-251NEO;BEL;STM;ATM;2026-03-24 18:18:26.879;TS;NSW
2026-03-28 17:40:00.000;4430;A320-251NEO;BEL;STM;ATM;2026-03-28 18:18:26.879;TS;NSW
2026-03-30 17:40:00.000;4430;A320-253NEO;BEL;STM;ATM;2026-03-30 18:18:26.879;TS;NSW
2026-03-31 17:40:00.000;4430;A320-253NEO;BEL;STM;ATM;2026-03-31 18:18:26.879;TS;NSW
2026-04-02 17:40:00.000;4430;A320-251NEO;BEL;STM;ATM;2026-04-02 18:18:26.879;TSRA;NSW
2026-04-04 17:40:00.000;4430;A320-251NEO;BEL;STM;ATM;2026-04-04 18:18:26.879;TSRA;NSW
2026-04-06 17:40:00.000;4430;A320-251NEO;BEL;STM;ATM;2026-04-06 18:18:26.879;TS;NSW
2026-04-07 17:40:00.000;4430;A320-253NEO;BEL;STM;ATM;2026-04-07 18:18:26.879;TSRA;NSW
2026-04-08 17:40:00.000;4430;A320-251NEO;BEL;STM;ATM;2026-04-08 18:18:26.879;TSRA;NSW
2026-04-11 17:40:00.000;4430;A320-251NEO;BEL;STM;ATM;2026-04-11 18:18:26.879;TS;NSW
2026-04-19 17:40:00.000;4430;A320-251NEO;BEL;STM;ATM;2026-04-19 18:18:26.879;TSRA;NSW
2026-04-27 17:40:00.000;4430;A320-253NEO;BEL;STM;ATM;2026-04-27 18:18:26.879;TSRA;NSW
2026-04-28 17:40:00.000;4430;A320-251NEO;BEL;STM;ATM;2026-04-28 18:18:26.879;TSRA;NSW
2026-05-02 17:40:00.000;4430;A320-251NEO;BEL;STM;ATM;2026-05-02 18:18:26.879;TSRA;NSW
2026-05-05 06:25:00.000;4444;A320-251NEO;BEL;STM;ATM;2026-05-05 07:03:26.879;TSRA;NSW
2026-05-08 17:40:00.000;4430;A320-251NEO;BEL;STM;ATM;2026-05-08 18:18:26.879;TS;NSW
2026-05-12 17:40:00.000;4430;A320-251NEO;BEL;STM;ATM;2026-05-12 18:18:26.879;TSRA;NSW
2026-05-13 17:40:00.000;4430;A320-251NEO;BEL;STM;ATM;2026-05-13 18:18:26.879;TSRA;-RA
2026-05-17 06:25:00.000;4444;A320-251NEO;BEL;STM;ATM;2026-05-17 07:03:26.879;TSRA;NSW
2026-05-17 17:40:00.000;4430;A320-251NEO;BEL;STM;ATM;2026-05-17 18:18:26.879;TS;NSW
2026-05-24 17:40:00.000;4430;A320-251NEO;BEL;STM;ATM;2026-05-24 18:18:26.879;TS;NSW
2026-05-27 17:40:00.000;4430;A320-251NEO;BEL;STM;ATM;2026-05-27 18:18:26.879;TS;NSW
2026-06-10 06:25:00.000;4444;A320-251NEO;BEL;STM;ATM;2026-06-10 07:03:26.879;TSRA BR;NSW
2026-06-11 17:40:00.000;4430;A320-251NEO;BEL;STM;ATM;2026-06-11 18:18:26.879;TS;NSW
2026-07-07 17:40:00.000;4430;A320-253NEO;BEL;STM;ATM;2026-07-07 18:18:26.879;TS;NSW
2025-08-03 20:55:00.000;4427;A320-251NEO;BEL;MCP;BEL;2025-08-03 21:37:41.760;TS;NSW
2025-08-04 20:55:00.000;4427;A320-251NEO;BEL;MCP;BEL;2025-08-04 21:37:41.760;TS;NSW
2025-08-05 20:55:00.000;4427;A320-251NEO;BEL;MCP;BEL;2025-08-05 21:37:41.760;TSRA;NSW
2025-08-12 20:55:00.000;4427;A320-251NEO;BEL;MCP;BEL;2025-08-12 21:37:41.760;TSRA;NSW
2025-08-15 20:55:00.000;4427;A320-251NEO;BEL;MCP;BEL;2025-08-15 21:37:41.760;TS;VCSH VCTS
2025-08-17 20:55:00.000;4427;A320-251NEO;BEL;MCP;BEL;2025-08-17 21:37:41.760;TS;NSW
2025-08-24 20:55:00.000;4427;A320-251NEO;BEL;MCP;BEL;2025-08-24 21:37:41.760;TS;NSW
2025-08-25 20:55:00.000;4427;A320-251NEO;BEL;MCP;BEL;2025-08-25 21:37:41.760;TS;NSW
2025-09-01 17:00:00.000;4840;A320-251NEO;BEL;MCP;BEL;2025-09-01 17:42:41.760;TSRA;NSW
2025-09-04 20:55:00.000;4427;A320-253NEO;BEL;MCP;BEL;2025-09-04 21:37:41.760;TSRA;NSW
2025-09-11 20:55:00.000;4427;A320-251NEO;BEL;MCP;BEL;2025-09-11 21:37:41.760;TS;NSW
2025-09-12 20:55:00.000;4427;A320-251NEO;BEL;MCP;BEL;2025-09-12 21:37:41.760;TS;NSW
2025-09-15 20:55:00.000;4427;A320-251NEO;BEL;MCP;BEL;2025-09-15 21:37:41.760;TSRA;NSW
2025-09-29 20:55:00.000;4427;A320-251NEO;BEL;MCP;BEL;2025-09-29 21:37:41.760;TSRA;NSW
2025-10-02 20:55:00.000;4427;A320-253NEO;BEL;MCP;BEL;2025-10-02 21:37:41.760;TS;NSW
2025-10-03 20:55:00.000;4427;A320-253NEO;BEL;MCP;BEL;2025-10-03 21:37:41.760;TSRA;NSW
2025-10-08 17:00:00.000;4840;A320-251NEO;BEL;MCP;BEL;2025-10-08 17:42:41.760;TS;NSW
2025-10-13 20:55:00.000;4427;A320-251NEO;BEL;MCP;BEL;2025-10-13 21:37:41.760;TS;NSW
2025-10-21 20:55:00.000;4427;A320-253NEO;BEL;MCP;BEL;2025-10-21 21:37:41.760;TSRA;NSW
2025-10-21 20:55:00.000;9591;ATR72-600;OYK;MCP;BEL;2025-10-21 21:54:18.000;TSRA;NSW
2025-10-27 17:05:00.000;9591;ATR72-600;OYK;MCP;BEL;2025-10-27 18:04:18.000;TS;NSW
2025-10-30 20:45:00.000;4427;A320-251NEO;BEL;MCP;BEL;2025-10-30 21:27:41.760;TSRA;NSW
2025-11-05 20:55:00.000;9595;ATR72-600;OYK;MCP;BEL;2025-11-05 21:54:18.000;TSRA;NSW
2025-11-10 16:30:00.000;9591;ATR72-600;OYK;MCP;BEL;2025-11-10 17:29:18.000;TSRA;NSW
2025-11-10 17:00:00.000;4840;A320-251NEO;BEL;MCP;BEL;2025-11-10 17:42:41.760;TSRA;NSW
2025-11-11 20:20:00.000;4427;A320-251NEO;BEL;MCP;BEL;2025-11-11 21:02:41.760;TS;-RA
2025-11-12 20:55:00.000;9595;ATR72-600;OYK;MCP;BEL;2025-11-12 21:54:18.000;TS;NSW
2025-11-21 20:20:00.000;4427;A320-253NEO;BEL;MCP;BEL;2025-11-21 21:02:41.760;TS;NSW
2025-11-21 20:55:00.000;9595;ATR72-600;OYK;MCP;BEL;2025-11-21 21:54:18.000;TS;NSW
2025-11-23 20:45:00.000;4427;A320-251NEO;BEL;MCP;BEL;2025-11-23 21:27:41.760;TS;-RA
2025-11-25 17:00:00.000;4840;A320-251NEO;BEL;MCP;BEL;2025-11-25 17:42:41.760;TSRA;NSW
2025-12-02 21:00:00.000;4427;A320-253NEO;BEL;MCP;BEL;2025-12-02 21:42:41.760;TS;VCSH
2025-12-19 17:00:00.000;4840;A320-251NEO;BEL;MCP;BEL;2025-12-19 17:42:41.760;TSRA;NSW
2025-12-23 21:00:00.000;4427;A320-251NEO;BEL;MCP;BEL;2025-12-23 21:42:41.760;TSRA;NSW
2025-12-27 17:00:00.000;4840;A320-251NEO;BEL;MCP;BEL;2025-12-27 17:42:41.760;TS;NSW
2025-12-28 21:00:00.000;4427;A320-253NEO;BEL;MCP;BEL;2025-12-28 21:42:41.760;TSRA;VCSH
2025-12-30 21:00:00.000;4427;A320-251NEO;BEL;MCP;BEL;2025-12-30 21:42:41.760;TSRA;NSW
2026-01-11 21:00:00.000;4427;A320-251NEO;BEL;MCP;BEL;2026-01-11 21:42:41.760;TS;NSW
2026-01-14 17:00:00.000;4840;A320-251NEO;BEL;MCP;BEL;2026-01-14 17:42:41.760;TSRA;NSW
2026-01-18 21:00:00.000;4427;A320-253NEO;BEL;MCP;BEL;2026-01-18 21:42:41.760;TSRA;NSW
2026-01-21 17:00:00.000;4840;A320-251NEO;BEL;MCP;BEL;2026-01-21 17:42:41.760;TSRA;-RA BR
2026-01-29 17:00:00.000;4840;A320-251NEO;BEL;MCP;BEL;2026-01-29 17:42:41.760;TS;NSW
2026-02-01 21:00:00.000;4427;A320-251NEO;BEL;MCP;BEL;2026-02-01 21:42:41.760;TSRA;VCSH
2026-02-08 17:00:00.000;4840;A320-251NEO;BEL;MCP;BEL;2026-02-08 17:42:41.760;TSRA;NSW
2026-02-08 21:00:00.000;4427;A320-251NEO;BEL;MCP;BEL;2026-02-08 21:42:41.760;TSRA;NSW
2026-02-09 17:00:00.000;4840;A320-253NEO;BEL;MCP;BEL;2026-02-09 17:42:41.760;TSRA;NSW
2026-02-13 17:00:00.000;4840;A320-251NEO;BEL;MCP;BEL;2026-02-13 17:42:41.760;TSRA;NSW
2026-02-16 17:00:00.000;4840;A320-251NEO;BEL;MCP;BEL;2026-02-16 17:42:41.760;TS;VCSH
2026-02-16 21:00:00.000;4427;A320-251NEO;BEL;MCP;BEL;2026-02-16 21:42:41.760;TSRA;NSW
2026-02-17 21:00:00.000;4427;A320-253NEO;BEL;MCP;BEL;2026-02-17 21:42:41.760;TSRA;-RA
2026-02-18 17:00:00.000;4840;A320-251NEO;BEL;MCP;BEL;2026-02-18 17:42:41.760;TSRA;NSW
2026-02-26 17:00:00.000;4840;A320-253NEO;BEL;MCP;BEL;2026-02-26 17:42:41.760;TSRA;NSW
2026-02-28 17:00:00.000;4840;A320-251NEO;BEL;MCP;BEL;2026-02-28 17:42:41.760;TSRA;RA
2026-03-05 17:00:00.000;4840;A320-251NEO;BEL;MCP;BEL;2026-03-05 17:42:41.760;TSRA;-RA
2026-03-06 17:00:00.000;4840;A320-251NEO;BEL;MCP;BEL;2026-03-06 17:42:41.760;TSRA;NSW
2026-03-10 17:00:00.000;4840;A320-253NEO;BEL;MCP;BEL;2026-03-10 17:42:41.760;TSRA;NSW
2026-03-15 20:55:00.000;4427;A320-251NEO;BEL;MCP;BEL;2026-03-15 21:37:41.760;TSRA;NSW
2026-03-18 17:00:00.000;4840;A320-251NEO;BEL;MCP;BEL;2026-03-18 17:42:41.760;TS;NSW
2026-03-20 17:00:00.000;4840;A320-251NEO;BEL;MCP;BEL;2026-03-20 17:42:41.760;TSRA;NSW
2026-03-22 20:55:00.000;4427;A320-251NEO;BEL;MCP;BEL;2026-03-22 21:37:41.760;TSRA;NSW
2026-03-25 06:05:00.000;4234;A320-251NEO;BEL;MCP;BEL;2026-03-25 06:47:41.760;TSRA;-RA
2026-04-05 16:55:00.000;4840;A320-251NEO;BEL;MCP;BEL;2026-04-05 17:37:41.760;TSRA;NSW
2026-04-06 16:55:00.000;4840;A320-253NEO;BEL;MCP;BEL;2026-04-06 17:37:41.760;TS;NSW
2026-04-07 20:55:00.000;9595;ATR72-600;OYK;MCP;BEL;2026-04-07 21:54:18.000;TSRA;NSW
2026-04-08 21:45:00.000;9597;ATR72-600;OYK;MCP;BEL;2026-04-08 22:44:18.000;TSRA;NSW
2026-04-14 20:55:00.000;9595;ATR72-600;OYK;MCP;BEL;2026-04-14 21:54:18.000;TSRA;NSW
2026-04-16 16:55:00.000;4840;A320-253NEO;BEL;MCP;BEL;2026-04-16 17:37:41.760;TSRA;NSW
2026-04-21 20:55:00.000;9595;ATR72-600;OYK;MCP;BEL;2026-04-21 21:54:18.000;TSRA;NSW
2026-04-25 16:55:00.000;4840;A320-251NEO;BEL;MCP;BEL;2026-04-25 17:37:41.760;TSRA;NSW
2026-05-04 21:45:00.000;9595;ATR72-600;OYK;MCP;BEL;2026-05-04 22:44:18.000;TSRA;NSW
2026-05-05 17:45:00.000;9595;ATR72-600;OYK;MCP;BEL;2026-05-05 18:44:18.000;TSRA;-RA
2026-05-06 17:20:00.000;9591;ATR72-600;OYK;MCP;BEL;2026-05-06 18:19:18.000;TS;NSW
2026-05-07 17:45:00.000;9595;ATR72-600;OYK;MCP;BEL;2026-05-07 18:44:18.000;TSRA;NSW
2026-05-10 20:55:00.000;4427;A320-251NEO;BEL;MCP;BEL;2026-05-10 21:37:41.760;TS;-RA
2026-05-12 17:45:00.000;9595;ATR72-600;OYK;MCP;BEL;2026-05-12 18:44:18.000;TSRA;NSW
2026-05-13 06:10:00.000;4234;A320-253NEO;BEL;MCP;BEL;2026-05-13 06:52:41.760;TSRA BR;-RA
2026-05-14 06:10:00.000;4234;A320-253NEO;BEL;MCP;BEL;2026-05-14 06:52:41.760;TSRA;NSW
2026-05-15 21:45:00.000;9595;ATR72-600;OYK;MCP;BEL;2026-05-15 22:44:18.000;TSRA;NSW
2026-05-17 20:55:00.000;4427;A320-251NEO;BEL;MCP;BEL;2026-05-17 21:37:41.760;TS;NSW
2026-05-19 16:55:00.000;4840;A320-251NEO;BEL;MCP;BEL;2026-05-19 17:37:41.760;TSRA;NSW
2026-05-19 17:45:00.000;9595;ATR72-600;OYK;MCP;BEL;2026-05-19 18:44:18.000;TSRA;NSW
2026-05-21 17:45:00.000;9595;ATR72-600;OYK;MCP;BEL;2026-05-21 18:44:18.000;TS;NSW
2026-05-24 16:55:00.000;4840;A320-251NEO;BEL;MCP;BEL;2026-05-24 17:37:41.760;TSRA;NSW
2026-05-27 21:45:00.000;9595;ATR72-600;OYK;MCP;BEL;2026-05-27 22:44:18.000;TSRA;NSW
2026-05-28 17:45:00.000;9595;ATR72-600;OYK;MCP;BEL;2026-05-28 18:44:18.000;TS;NSW
2026-05-31 16:55:00.000;4840;A320-251NEO;BEL;MCP;BEL;2026-05-31 17:37:41.760;TSRA;NSW
2026-05-31 20:55:00.000;4427;A320-251NEO;BEL;MCP;BEL;2026-05-31 21:37:41.760;TSRA;NSW
2026-06-02 17:45:00.000;9595;ATR72-600;OYK;MCP;BEL;2026-06-02 18:44:18.000;TS;VCSH
2026-06-09 17:45:00.000;9595;ATR72-600;OYK;MCP;BEL;2026-06-09 18:44:18.000;TS;NSW
2026-06-11 17:45:00.000;9595;ATR72-600;OYK;MCP;BEL;2026-06-11 18:44:18.000;TSRA;NSW
2026-06-17 21:45:00.000;9595;ATR72-600;OYK;MCP;BEL;2026-06-17 22:44:18.000;TSRA;NSW
2026-06-28 16:55:00.000;4840;A320-251NEO;BEL;MCP;BEL;2026-06-28 17:37:41.760;TSRA;NSW
2026-07-07 19:10:00.000;9801;ATR72-600;MAO;MCP;BEL;2026-07-07 20:09:18.000;TS;VCSH
2026-07-08 16:55:00.000;4840;A320-251NEO;BEL;MCP;BEL;2026-07-08 17:37:41.760;TSRA;NSW
2026-07-09 20:05:00.000;9595;ATR72-600;OYK;MCP;BEL;2026-07-09 21:04:18.000;TSRA;VCSH
2026-07-21 17:45:00.000;9595;ATR72-600;OYK;MCP;BEL;2026-07-21 18:44:18.000;TSRA;RA
2026-07-22 21:45:00.000;9595;ATR72-600;OYK;MCP;BEL;2026-07-22 22:44:18.000;TS;VCTS
2026-07-23 17:45:00.000;9595;ATR72-600;OYK;MCP;BEL;2026-07-23 18:44:18.000;TS;NSW
2026-07-30 17:45:00.000;9595;ATR72-600;OYK;MCP;BEL;2026-07-30 18:44:18.000;TSRA;NSW
2025-09-19 21:20:00.000;4682;A320-251NEO;REC;GYN;BSB;2025-09-19 21:41:04.320;TS;NSW
2025-09-19 22:20:00.000;2960;A320-251NEO;VCP;GYN;BSB;2025-09-19 22:41:04.320;TS;NSW
2025-09-22 21:20:00.000;4682;A320-253NEO;REC;GYN;BSB;2025-09-22 21:41:04.320;TSRA;VCTS
2025-09-22 22:20:00.000;2960;A320-251NEO;VCP;GYN;BSB;2025-09-22 22:41:04.320;TSRA;VCTS
2025-09-24 21:20:00.000;4682;A320-251NEO;REC;GYN;BSB;2025-09-24 21:41:04.320;TSRA;VCSH
2025-09-24 22:20:00.000;2960;A320-251NEO;VCP;GYN;BSB;2025-09-24 22:41:04.320;TSRA;NSW
2025-09-25 00:25:00.000;2694;A320-251NEO;VCP;GYN;BSB;2025-09-25 00:46:04.320;TS;NSW
2025-10-18 21:45:00.000;4227;ERJ;CNF;GYN;BSB;2025-10-18 22:06:04.320;TS;NSW
2025-10-18 22:00:00.000;2419;A320-251NEO;BPS;GYN;BSB;2025-10-18 22:21:04.320;TS;NSW
2025-10-21 08:00:00.000;4819;ERJ;PMW;GYN;BSB;2025-10-21 08:21:04.320;TS;NSW
2025-10-21 08:25:00.000;4077;A320-251NEO;REC;GYN;BSB;2025-10-21 08:46:04.320;TS;NSW
2025-10-31 17:45:00.000;4866;A321-251NEO;VCP;GYN;BSB;2025-10-31 18:06:04.320;TSRA;NSW
2025-10-31 21:20:00.000;4682;A320-251NEO;REC;GYN;BSB;2025-10-31 21:41:04.320;TSRA;NSW
2025-10-31 22:15:00.000;2960;ERJ;VCP;GYN;BSB;2025-10-31 22:36:04.320;TSRA;NSW
2025-10-31 22:15:00.000;4819;ERJ;PMW;GYN;BSB;2025-10-31 22:36:04.320;TSRA;NSW
2025-11-01 21:25:00.000;4819;ERJ;PMW;GYN;BSB;2025-11-01 21:46:04.320;TSRA;NSW
2025-11-01 21:55:00.000;2419;A320-251NEO;BPS;GYN;BSB;2025-11-01 22:16:04.320;TSRA;NSW
2025-11-02 22:20:00.000;2960;A320-251NEO;VCP;GYN;BSB;2025-11-02 22:41:04.320;TSRA;VCTS
2025-11-02 22:50:00.000;4227;ERJ;CNF;GYN;BSB;2025-11-02 23:11:04.320;TSRA;NSW
2025-11-03 00:25:00.000;2694;A320-253NEO;VCP;GYN;BSB;2025-11-03 00:46:04.320;TSRA;NSW
2025-11-03 02:40:00.000;2851;ERJ;CNF;GYN;BSB;2025-11-03 03:01:04.320;TSRA;VCTS
2025-11-03 02:45:00.000;4326;A320-251NEO;VCP;GYN;BSB;2025-11-03 03:06:04.320;TSRA;VCTS
2025-11-03 03:25:00.000;4001;A320-251NEO;REC;GYN;BSB;2025-11-03 03:46:04.320;TSRA;VCTS
2025-11-03 21:10:00.000;4682;A320-251NEO;REC;GYN;BSB;2025-11-03 21:31:04.320;TSRA;NSW
2025-11-03 21:25:00.000;4819;ERJ;PMW;GYN;BSB;2025-11-03 21:46:04.320;TSRA;NSW
2025-11-05 21:10:00.000;4682;A320-251NEO;REC;GYN;BSB;2025-11-05 21:31:04.320;TSRA;VCTS
2025-11-05 21:25:00.000;4819;ERJ;PMW;GYN;BSB;2025-11-05 21:46:04.320;TSRA;VCTS
2025-11-05 22:20:00.000;2960;ERJ;VCP;GYN;BSB;2025-11-05 22:41:04.320;TSRA;VCTS
2025-11-06 17:45:00.000;4866;A320-253NEO;VCP;GYN;BSB;2025-11-06 18:06:04.320;TS;NSW
2025-11-06 21:10:00.000;4682;A320-251NEO;REC;GYN;BSB;2025-11-06 21:31:04.320;TS;NSW
2025-11-06 21:25:00.000;4819;ERJ;PMW;GYN;BSB;2025-11-06 21:46:04.320;TS;NSW
2025-11-06 22:20:00.000;2960;A320-251NEO;VCP;GYN;BSB;2025-11-06 22:41:04.320;TS;NSW
2025-11-08 21:25:00.000;4819;ERJ;PMW;GYN;BSB;2025-11-08 21:46:04.320;TSRA;NSW
2025-11-08 21:55:00.000;2419;A320-253NEO;BPS;GYN;BSB;2025-11-08 22:16:04.320;TSRA;NSW
2025-11-09 22:20:00.000;2960;A320-251NEO;VCP;GYN;BSB;2025-11-09 22:41:04.320;TSRA;NSW
2025-11-10 17:45:00.000;4866;A320-251NEO;VCP;GYN;BSB;2025-11-10 18:06:04.320;TSRA;VCSH VCTS
2025-11-10 20:25:00.000;4227;ERJ;CNF;GYN;BSB;2025-11-10 20:46:04.320;TSRA;VCTS
2025-11-10 21:10:00.000;4682;A320-251NEO;REC;GYN;BSB;2025-11-10 21:31:04.320;TSRA;NSW
2025-11-10 21:25:00.000;4819;ERJ;PMW;GYN;BSB;2025-11-10 21:46:04.320;TSRA;NSW
2025-11-11 17:45:00.000;4866;A320-253NEO;VCP;GYN;BSB;2025-11-11 18:06:04.320;TSRA;NSW
2025-11-11 20:25:00.000;4227;ERJ;CNF;GYN;BSB;2025-11-11 20:46:04.320;TSRA;NSW
2025-11-18 21:10:00.000;4682;A320-251NEO;REC;GYN;BSB;2025-11-18 21:31:04.320;TSRA;NSW
2025-11-18 21:25:00.000;4819;ERJ;PMW;GYN;BSB;2025-11-18 21:46:04.320;TSRA;NSW
2025-11-18 22:20:00.000;2960;A320-251NEO;VCP;GYN;BSB;2025-11-18 22:41:04.320;TSRA;NSW
2025-11-19 00:25:00.000;2694;A320-251NEO;VCP;GYN;BSB;2025-11-19 00:46:04.320;TSRA;NSW
2025-11-22 21:55:00.000;2419;A320-251NEO;BPS;GYN;BSB;2025-11-22 22:16:04.320;TSRA;NSW
2025-11-23 02:15:00.000;2851;ERJ;CNF;GYN;BSB;2025-11-23 02:36:04.320;TSRA;NSW
2025-11-23 02:45:00.000;4326;A320-251NEO;VCP;GYN;BSB;2025-11-23 03:06:04.320;TSRA;NSW
2025-11-23 02:50:00.000;2441;A320-251NEO;REC;GYN;BSB;2025-11-23 03:11:04.320;TSRA;NSW
2025-11-24 17:45:00.000;4866;A320-251NEO;VCP;GYN;BSB;2025-11-24 18:06:04.320;TSRA;NSW
2025-11-24 20:25:00.000;4227;ERJ;CNF;GYN;BSB;2025-11-24 20:46:04.320;TSRA;NSW
2025-11-25 17:45:00.000;4866;ERJ;VCP;GYN;BSB;2025-11-25 18:06:04.320;TSRA;NSW
2025-11-25 21:10:00.000;4682;A320-251NEO;REC;GYN;BSB;2025-11-25 21:31:04.320;TSRA;NSW
2025-11-25 21:35:00.000;4819;ERJ;PMW;GYN;BSB;2025-11-25 21:56:04.320;TSRA;NSW
2025-11-25 22:20:00.000;2960;ERJ;VCP;GYN;BSB;2025-11-25 22:41:04.320;TSRA;NSW
2025-11-26 17:45:00.000;4866;ERJ;VCP;GYN;BSB;2025-11-26 18:06:04.320;TSRA;NSW
2025-11-26 20:25:00.000;4227;ERJ;CNF;GYN;BSB;2025-11-26 20:46:04.320;TSRA;NSW
2025-11-26 21:10:00.000;4682;A320-251NEO;REC;GYN;BSB;2025-11-26 21:31:04.320;TSRA;NSW
2025-11-26 21:35:00.000;4819;ERJ;PMW;GYN;BSB;2025-11-26 21:56:04.320;TSRA;NSW
2025-11-26 22:20:00.000;2960;ERJ;VCP;GYN;BSB;2025-11-26 22:41:04.320;TSRA;NSW
2025-11-28 20:25:00.000;4227;ERJ;CNF;GYN;BSB;2025-11-28 20:46:04.320;TSRA;VCTS
2025-11-28 21:10:00.000;4682;A320-251NEO;REC;GYN;BSB;2025-11-28 21:31:04.320;TSRA;NSW
2025-11-28 21:35:00.000;4819;ERJ;PMW;GYN;BSB;2025-11-28 21:56:04.320;TSRA;NSW
2025-11-28 22:20:00.000;2960;ERJ;VCP;GYN;BSB;2025-11-28 22:41:04.320;TSRA;NSW
2025-11-29 21:35:00.000;4819;ERJ;PMW;GYN;BSB;2025-11-29 21:56:04.320;TSRA;NSW
2025-12-01 21:10:00.000;4682;A320-251NEO;REC;GYN;BSB;2025-12-01 21:31:04.320;TSRA;VCTS
2025-12-02 00:25:00.000;2694;A320-251NEO;VCP;GYN;BSB;2025-12-02 00:46:04.320;TSRA;VCTS
2025-12-02 02:35:00.000;2851;ERJ;CNF;GYN;BSB;2025-12-02 02:56:04.320;TSRA;NSW
2025-12-02 17:15:00.000;2867;ERJ;CNF;GYN;BSB;2025-12-02 17:36:04.320;TS;VCTS
2025-12-02 17:45:00.000;4866;A320-251NEO;VCP;GYN;BSB;2025-12-02 18:06:04.320;TS;-DZ
2025-12-03 00:25:00.000;2694;A320-253NEO;VCP;GYN;BSB;2025-12-03 00:46:04.320;TS;NSW
2025-12-04 17:45:00.000;4866;A320-251NEO;VCP;GYN;BSB;2025-12-04 18:06:04.320;TSRA;RA
2025-12-04 21:10:00.000;4682;A320-251NEO;REC;GYN;BSB;2025-12-04 21:31:04.320;TSRA;NSW
2025-12-04 22:15:00.000;4819;ERJ;PMW;GYN;BSB;2025-12-04 22:36:04.320;TSRA;NSW
2025-12-04 22:20:00.000;2960;ERJ;VCP;GYN;BSB;2025-12-04 22:41:04.320;TSRA;NSW
2025-12-05 17:45:00.000;4866;ERJ;VCP;GYN;BSB;2025-12-05 18:06:04.320;TSRA;NSW
2025-12-06 21:55:00.000;2419;A320-251NEO;BPS;GYN;BSB;2025-12-06 22:16:04.320;TSRA;VCSH VCTS
2025-12-06 22:15:00.000;4819;ERJ;PMW;GYN;BSB;2025-12-06 22:36:04.320;TSRA;NSW
2025-12-08 00:25:00.000;2694;A320-251NEO;VCP;GYN;BSB;2025-12-08 00:46:04.320;TS;NSW
2025-12-08 17:45:00.000;4866;A320-251NEO;VCP;GYN;BSB;2025-12-08 18:06:04.320;TSRA;NSW
2025-12-08 21:10:00.000;4682;A320-251NEO;REC;GYN;BSB;2025-12-08 21:31:04.320;TSRA;NSW
2025-12-08 22:15:00.000;4819;ERJ;PMW;GYN;BSB;2025-12-08 22:36:04.320;TSRA;NSW
2025-12-08 22:20:00.000;2960;A320-251NEO;VCP;GYN;BSB;2025-12-08 22:41:04.320;TSRA;NSW
2025-12-09 17:15:00.000;2867;ERJ;CNF;GYN;BSB;2025-12-09 17:36:04.320;TSRA BR;SHRA
2025-12-09 17:45:00.000;4866;A320-251NEO;VCP;GYN;BSB;2025-12-09 18:06:04.320;TSRA;SHRA
2025-12-09 21:10:00.000;4682;A320-251NEO;REC;GYN;BSB;2025-12-09 21:31:04.320;TSRA;NSW
2025-12-10 17:45:00.000;4866;ERJ;VCP;GYN;BSB;2025-12-10 18:06:04.320;TSRA;NSW
2025-12-10 20:25:00.000;4227;ERJ;CNF;GYN;BSB;2025-12-10 20:46:04.320;TSRA;NSW
2025-12-10 21:10:00.000;4682;A320-251NEO;REC;GYN;BSB;2025-12-10 21:31:04.320;TSRA;NSW
2025-12-13 00:25:00.000;2694;A320-251NEO;VCP;GYN;BSB;2025-12-13 00:46:04.320;TS;NSW
2025-12-15 17:45:00.000;4866;ERJ;VCP;GYN;BSB;2025-12-15 18:06:04.320;TSRA;NSW
2025-12-15 21:45:00.000;4227;ERJ;CNF;GYN;BSB;2025-12-15 22:06:04.320;TSRA;VCTS
2025-12-15 22:20:00.000;2960;A320-251NEO;VCP;GYN;BSB;2025-12-15 22:41:04.320;TSRA;VCTS
2025-12-16 12:45:00.000;2695;A320-251NEO;VCP;GYN;BSB;2025-12-16 13:06:04.320;TSRA;NSW
2025-12-16 13:00:00.000;4223;ERJ;CNF;GYN;BSB;2025-12-16 13:21:04.320;TSRA;NSW
2025-12-16 13:30:00.000;2419;A320-253NEO;BPS;GYN;BSB;2025-12-16 13:51:04.320;TSRA;NSW
2025-12-16 21:45:00.000;4227;ERJ;CNF;GYN;BSB;2025-12-16 22:06:04.320;TSRA;-RA VCTS
2025-12-16 22:20:00.000;2960;A320-251NEO;VCP;GYN;BSB;2025-12-16 22:41:04.320;TSRA;-RA VCTS
2025-12-17 02:55:00.000;4326;A320-251NEO;VCP;GYN;BSB;2025-12-17 03:16:04.320;TS;-RA
2025-12-17 03:40:00.000;4001;A320-251NEO;REC;GYN;BSB;2025-12-17 04:01:04.320;TS;-RA
2025-12-17 17:45:00.000;4866;A320-251NEO;VCP;GYN;BSB;2025-12-17 18:06:04.320;TSRA;VCSH
2025-12-17 22:05:00.000;2960;A320-251NEO;VCP;GYN;BSB;2025-12-17 22:26:04.320;TSRA;VCSH
2025-12-18 17:45:00.000;4866;A320-251NEO;VCP;GYN;BSB;2025-12-18 18:06:04.320;TSRA;-RA
2025-12-18 21:10:00.000;4682;A320-251NEO;REC;GYN;BSB;2025-12-18 21:31:04.320;TSRA;-RA
2025-12-18 21:45:00.000;4227;ERJ;CNF;GYN;BSB;2025-12-18 22:06:04.320;TSRA;NSW
2025-12-18 22:05:00.000;2960;A320-251NEO;VCP;GYN;BSB;2025-12-18 22:26:04.320;TSRA;NSW
2025-12-19 17:45:00.000;4866;A320-251NEO;VCP;GYN;BSB;2025-12-19 18:06:04.320;TSRA;-RA
2025-12-19 21:10:00.000;2397;A320-251NEO;REC;GYN;BSB;2025-12-19 21:31:04.320;TSRA;NSW
2025-12-19 21:45:00.000;4227;ERJ;CNF;GYN;BSB;2025-12-19 22:06:04.320;TSRA;NSW
2025-12-19 22:20:00.000;2960;A320-251NEO;VCP;GYN;BSB;2025-12-19 22:41:04.320;TSRA;NSW
2025-12-20 22:25:00.000;2419;ERJ;BPS;GYN;BSB;2025-12-20 22:46:04.320;TSRA;RA
2025-12-21 21:45:00.000;4227;ERJ;CNF;GYN;BSB;2025-12-21 22:06:04.320;TSRA;NSW
2025-12-21 22:05:00.000;2960;A320-251NEO;VCP;GYN;BSB;2025-12-21 22:26:04.320;TSRA;NSW
2025-12-28 21:45:00.000;4227;ERJ;CNF;GYN;BSB;2025-12-28 22:06:04.320;TSRA;NSW
2025-12-28 22:10:00.000;2960;A320-251NEO;VCP;GYN;BSB;2025-12-28 22:31:04.320;TSRA;NSW
2025-12-29 17:45:00.000;4866;A320-251NEO;VCP;GYN;BSB;2025-12-29 18:06:04.320;TSRA;VCTS VCSH
2025-12-29 21:10:00.000;2397;A320-251NEO;REC;GYN;BSB;2025-12-29 21:31:04.320;TSRA;NSW
2025-12-29 22:20:00.000;2960;A320-251NEO;VCP;GYN;BSB;2025-12-29 22:41:04.320;TSRA;NSW
2025-12-30 12:45:00.000;2695;A320-251NEO;VCP;GYN;BSB;2025-12-30 13:06:04.320;TS;NSW
2025-12-30 13:30:00.000;2419;A320-253NEO;BPS;GYN;BSB;2025-12-30 13:51:04.320;TS;NSW
2025-12-30 21:45:00.000;4227;ERJ;CNF;GYN;BSB;2025-12-30 22:06:04.320;TS;VCTS
2025-12-30 22:10:00.000;2960;A320-251NEO;VCP;GYN;BSB;2025-12-30 22:31:04.320;TS;VCTS
2025-12-31 17:45:00.000;4866;ERJ;VCP;GYN;BSB;2025-12-31 18:06:04.320;TSRA;VCTS
2026-01-01 17:45:00.000;4866;A320-253NEO;VCP;GYN;BSB;2026-01-01 18:06:04.320;TS;NSW
2026-01-01 21:10:00.000;4682;A320-251NEO;REC;GYN;BSB;2026-01-01 21:31:04.320;TS;NSW
2026-01-02 17:45:00.000;4866;A320-251NEO;VCP;GYN;BSB;2026-01-02 18:06:04.320;TSRA;VCTS
2026-01-02 21:10:00.000;2397;A320-251NEO;REC;GYN;BSB;2026-01-02 21:31:04.320;TSRA;NSW
2026-01-03 18:00:00.000;2867;A320-251NEO;CNF;GYN;BSB;2026-01-03 18:21:04.320;TSRA;DZ
2026-01-04 21:45:00.000;4227;ERJ;CNF;GYN;BSB;2026-01-04 22:06:04.320;TSRA;NSW
2026-01-04 22:20:00.000;2960;A320-251NEO;VCP;GYN;BSB;2026-01-04 22:41:04.320;TSRA;NSW
2026-01-05 17:45:00.000;4866;A320-251NEO;VCP;GYN;BSB;2026-01-05 18:06:04.320;TSRA;DZ
2026-01-05 21:10:00.000;2397;A320-253NEO;REC;GYN;BSB;2026-01-05 21:31:04.320;TSRA;DZ
2026-01-05 21:45:00.000;4227;ERJ;CNF;GYN;BSB;2026-01-05 22:06:04.320;TSRA;DZ
2026-01-05 22:20:00.000;2960;A320-251NEO;VCP;GYN;BSB;2026-01-05 22:41:04.320;TSRA;DZ
2026-01-06 17:45:00.000;4866;A320-251NEO;VCP;GYN;BSB;2026-01-06 18:06:04.320;TSRA;-RA
2026-01-06 21:10:00.000;4682;A320-251NEO;REC;GYN;BSB;2026-01-06 21:31:04.320;TSRA;NSW
2026-01-06 22:20:00.000;2960;A320-251NEO;VCP;GYN;BSB;2026-01-06 22:41:04.320;TSRA;NSW
2026-01-07 17:45:00.000;4866;A320-251NEO;VCP;GYN;BSB;2026-01-07 18:06:04.320;TSRA BR;VCSH
2026-01-07 21:10:00.000;4682;A320-253NEO;REC;GYN;BSB;2026-01-07 21:31:04.320;TSRA BR;NSW
2026-01-07 21:45:00.000;4227;ERJ;CNF;GYN;BSB;2026-01-07 22:06:04.320;TSRA BR;NSW
2026-01-07 22:20:00.000;2960;A320-251NEO;VCP;GYN;BSB;2026-01-07 22:41:04.320;TSRA BR;NSW
2026-01-08 17:45:00.000;4866;A320-253NEO;VCP;GYN;BSB;2026-01-08 18:06:04.320;TS;NSW
2026-01-08 21:10:00.000;4682;A320-251NEO;REC;GYN;BSB;2026-01-08 21:31:04.320;TS;NSW
2026-01-10 22:25:00.000;2419;ERJ;BPS;GYN;BSB;2026-01-10 22:46:04.320;TSRA;NSW
2026-01-18 21:45:00.000;4227;ERJ;CNF;GYN;BSB;2026-01-18 22:06:04.320;TSRA;NSW
2026-01-18 22:20:00.000;2960;A320-251NEO;VCP;GYN;BSB;2026-01-18 22:41:04.320;TSRA;NSW
2026-01-19 12:45:00.000;2695;A320-251NEO;VCP;GYN;BSB;2026-01-19 13:06:04.320;TSRA;NSW
2026-01-19 13:00:00.000;4223;ERJ;CNF;GYN;BSB;2026-01-19 13:21:04.320;TSRA;NSW
2026-01-19 14:00:00.000;2443;A320-251NEO;SSA;GYN;BSB;2026-01-19 14:21:04.320;TSRA;NSW
2026-01-19 17:45:00.000;4866;A320-253NEO;VCP;GYN;BSB;2026-01-19 18:06:04.320;TSRA;VCSH
2026-01-19 21:10:00.000;2397;A320-251NEO;REC;GYN;BSB;2026-01-19 21:31:04.320;TSRA;NSW
2026-01-19 21:45:00.000;4227;ERJ;CNF;GYN;BSB;2026-01-19 22:06:04.320;TSRA;NSW
2026-01-19 22:20:00.000;2960;A320-253NEO;VCP;GYN;BSB;2026-01-19 22:41:04.320;TSRA;NSW
2026-01-20 17:45:00.000;4866;A320-253NEO;VCP;GYN;BSB;2026-01-20 18:06:04.320;TSRA;NSW
2026-01-20 21:10:00.000;4682;A320-253NEO;REC;GYN;BSB;2026-01-20 21:31:04.320;TSRA;NSW
2026-01-20 22:20:00.000;2960;A320-253NEO;VCP;GYN;BSB;2026-01-20 22:41:04.320;TSRA;NSW
2026-01-23 17:50:00.000;4866;A320-251NEO;VCP;GYN;BSB;2026-01-23 18:11:04.320;TSRA;-RA
2026-01-23 22:20:00.000;2960;A320-251NEO;VCP;GYN;BSB;2026-01-23 22:41:04.320;TSRA;RA VCTS
2026-01-24 22:25:00.000;2419;ERJ;BPS;GYN;BSB;2026-01-24 22:46:04.320;TSRA;VCTS
2026-01-25 21:45:00.000;4227;ERJ;CNF;GYN;BSB;2026-01-25 22:06:04.320;TSRA;NSW
2026-01-25 22:20:00.000;2960;A320-251NEO;VCP;GYN;BSB;2026-01-25 22:41:04.320;TSRA;NSW
2026-01-26 17:50:00.000;4866;A320-253NEO;VCP;GYN;BSB;2026-01-26 18:11:04.320;TSRA;NSW
2026-01-26 21:10:00.000;2397;A320-251NEO;REC;GYN;BSB;2026-01-26 21:31:04.320;TSRA;NSW
2026-01-26 21:45:00.000;4227;ERJ;CNF;GYN;BSB;2026-01-26 22:06:04.320;TSRA;NSW
2026-01-26 22:20:00.000;2960;A320-251NEO;VCP;GYN;BSB;2026-01-26 22:41:04.320;TSRA;NSW
2026-01-27 17:50:00.000;4866;A320-251NEO;VCP;GYN;BSB;2026-01-27 18:11:04.320;TSRA;NSW
2026-01-29 17:50:00.000;4866;ERJ;VCP;GYN;BSB;2026-01-29 18:11:04.320;TSRA;VCTS
2026-01-29 21:10:00.000;4682;A320-253NEO;REC;GYN;BSB;2026-01-29 21:31:04.320;TSRA;NSW
2026-01-29 22:20:00.000;2960;A320-251NEO;VCP;GYN;BSB;2026-01-29 22:41:04.320;TSRA;NSW
2026-01-30 02:55:00.000;4326;A320-251NEO;VCP;GYN;BSB;2026-01-30 03:16:04.320;TSRA;NSW
2026-01-30 03:35:00.000;2841;ERJ;CNF;GYN;BSB;2026-01-30 03:56:04.320;TSRA;NSW
2026-01-30 03:40:00.000;4001;A320-251NEO;REC;GYN;BSB;2026-01-30 04:01:04.320;TSRA;NSW
2026-01-30 17:50:00.000;4866;A320-251NEO;VCP;GYN;BSB;2026-01-30 18:11:04.320;TSRA;NSW
2026-01-30 21:10:00.000;2397;A320-251NEO;REC;GYN;BSB;2026-01-30 21:31:04.320;TSRA;VCTS
2026-01-30 21:45:00.000;4227;ERJ;CNF;GYN;BSB;2026-01-30 22:06:04.320;TSRA;NSW
2026-01-30 22:20:00.000;2960;ERJ;VCP;GYN;BSB;2026-01-30 22:41:04.320;TSRA;NSW
2026-02-04 17:45:00.000;4866;A320-251NEO;VCP;GYN;BSB;2026-02-04 18:06:04.320;TSRA;VCSH VCTS
2026-02-04 21:10:00.000;4682;A320-253NEO;REC;GYN;BSB;2026-02-04 21:31:04.320;TSRA;NSW
2026-02-04 22:20:00.000;2960;A320-251NEO;VCP;GYN;BSB;2026-02-04 22:41:04.320;TSRA;-RA
2026-02-05 21:10:00.000;4682;A320-251NEO;REC;GYN;BSB;2026-02-05 21:31:04.320;TSRA;NSW
2026-02-06 21:10:00.000;2397;A320-251NEO;REC;GYN;BSB;2026-02-06 21:31:04.320;TSRA;NSW
2026-02-09 21:05:00.000;2397;A320-251NEO;REC;GYN;BSB;2026-02-09 21:26:04.320;TSRA;NSW
2026-02-09 21:45:00.000;4227;ERJ;CNF;GYN;BSB;2026-02-09 22:06:04.320;TSRA;NSW
2026-02-10 21:10:00.000;4682;A320-251NEO;REC;GYN;BSB;2026-02-10 21:31:04.320;TSRA;NSW
2026-02-10 21:45:00.000;4227;ERJ;CNF;GYN;BSB;2026-02-10 22:06:04.320;TSRA;NSW
2026-02-18 17:55:00.000;4866;A320-251NEO;VCP;GYN;BSB;2026-02-18 18:16:04.320;TSRA;NSW
2026-02-18 21:10:00.000;4682;A320-253NEO;REC;GYN;BSB;2026-02-18 21:31:04.320;TSRA;NSW
2026-02-19 21:10:00.000;4682;A320-253NEO;REC;GYN;BSB;2026-02-19 21:31:04.320;TSRA;VCSH VCTS
2026-02-20 21:10:00.000;2397;A320-253NEO;REC;GYN;BSB;2026-02-20 21:31:04.320;TS;NSW
2026-02-24 17:50:00.000;4866;A321-251NEO;VCP;GYN;BSB;2026-02-24 18:11:04.320;TSRA;NSW
2026-02-24 21:10:00.000;4682;A320-251NEO;REC;GYN;BSB;2026-02-24 21:31:04.320;TSRA;NSW
2026-02-24 21:35:00.000;4227;ERJ;CNF;GYN;BSB;2026-02-24 21:56:04.320;TSRA;NSW
2026-02-25 21:10:00.000;4682;A320-253NEO;REC;GYN;BSB;2026-02-25 21:31:04.320;TS;NSW
2026-02-25 21:35:00.000;4227;ERJ;CNF;GYN;BSB;2026-02-25 21:56:04.320;TS;NSW
2026-02-26 17:50:00.000;4866;A320-253NEO;VCP;GYN;BSB;2026-02-26 18:11:04.320;TSRA;NSW
2026-02-26 21:10:00.000;4682;A320-251NEO;REC;GYN;BSB;2026-02-26 21:31:04.320;TSRA;VCSH
2026-02-27 00:25:00.000;2694;A320-253NEO;VCP;GYN;BSB;2026-02-27 00:46:04.320;TSRA BR;-RA
2026-02-27 17:50:00.000;4866;A320-251NEO;VCP;GYN;BSB;2026-02-27 18:11:04.320;TSRA;VCSH VCTS
2026-02-27 21:10:00.000;4682;A320-251NEO;REC;GYN;BSB;2026-02-27 21:31:04.320;TSRA;VCTS
2026-02-27 21:35:00.000;4227;ERJ;CNF;GYN;BSB;2026-02-27 21:56:04.320;TSRA;VCTS
2026-02-27 22:50:00.000;2960;A320-251NEO;VCP;GYN;BSB;2026-02-27 23:11:04.320;TSRA;NSW
2026-03-06 17:45:00.000;4866;A320-251NEO;VCP;GYN;BSB;2026-03-06 18:06:04.320;TSRA;VCSH
2026-03-06 21:10:00.000;4682;A320-251NEO;REC;GYN;BSB;2026-03-06 21:31:04.320;TSRA;SHRA
2026-03-06 22:05:00.000;4227;ERJ;CNF;GYN;BSB;2026-03-06 22:26:04.320;TSRA;NSW
2026-03-06 22:30:00.000;2960;A320-251NEO;VCP;GYN;BSB;2026-03-06 22:51:04.320;TSRA;NSW
2026-03-07 21:55:00.000;2419;A320-253NEO;BPS;GYN;BSB;2026-03-07 22:16:04.320;TS;NSW
2026-03-08 22:05:00.000;4227;ERJ;CNF;GYN;BSB;2026-03-08 22:26:04.320;TSRA BR;NSW
2026-03-08 22:30:00.000;2960;A320-251NEO;VCP;GYN;BSB;2026-03-08 22:51:04.320;TSRA BR;NSW
2026-03-09 17:45:00.000;4866;A320-251NEO;VCP;GYN;BSB;2026-03-09 18:06:04.320;TSRA;NSW
2026-03-09 21:10:00.000;4682;A320-251NEO;REC;GYN;BSB;2026-03-09 21:31:04.320;TSRA;NSW
2026-03-09 22:30:00.000;2960;A320-251NEO;VCP;GYN;BSB;2026-03-09 22:51:04.320;TSRA;NSW
2026-03-10 17:45:00.000;4866;A320-251NEO;VCP;GYN;BSB;2026-03-10 18:06:04.320;TSRA;VCTS
2026-03-10 22:05:00.000;4227;ERJ;CNF;GYN;BSB;2026-03-10 22:26:04.320;TSRA;NSW
2026-03-10 22:30:00.000;2960;A320-251NEO;VCP;GYN;BSB;2026-03-10 22:51:04.320;TSRA;NSW
2026-03-11 17:45:00.000;4866;A320-251NEO;VCP;GYN;BSB;2026-03-11 18:06:04.320;TSRA;VCTS
2026-03-11 21:10:00.000;4682;A320-251NEO;REC;GYN;BSB;2026-03-11 21:31:04.320;TSRA;NSW
2026-03-11 22:05:00.000;4227;ERJ;CNF;GYN;BSB;2026-03-11 22:26:04.320;TSRA;NSW
2026-03-11 22:30:00.000;2960;A320-251NEO;VCP;GYN;BSB;2026-03-11 22:51:04.320;TSRA;NSW
2026-03-12 17:45:00.000;4866;A320-251NEO;VCP;GYN;BSB;2026-03-12 18:06:04.320;TS;VCTS
2026-03-13 17:15:00.000;2867;ERJ;CNF;GYN;BSB;2026-03-13 17:36:04.320;TS;NSW
2026-03-13 17:45:00.000;4866;A320-251NEO;VCP;GYN;BSB;2026-03-13 18:06:04.320;TS;NSW
2026-03-17 17:45:00.000;4866;A320-251NEO;VCP;GYN;BSB;2026-03-17 18:06:04.320;TS;NSW
2026-03-17 21:10:00.000;4682;A320-251NEO;REC;GYN;BSB;2026-03-17 21:31:04.320;TS;VCTS
2026-03-17 22:30:00.000;2960;A320-251NEO;VCP;GYN;BSB;2026-03-17 22:51:04.320;TS;VCTS
2026-03-18 17:45:00.000;4866;A320-251NEO;VCP;GYN;BSB;2026-03-18 18:06:04.320;TSRA;NSW
2026-03-18 21:10:00.000;4682;A320-251NEO;REC;GYN;BSB;2026-03-18 21:31:04.320;TSRA;NSW
2026-03-18 22:30:00.000;2960;A320-251NEO;VCP;GYN;BSB;2026-03-18 22:51:04.320;TSRA;NSW
2026-03-19 08:00:00.000;4819;ERJ;PMW;GYN;BSB;2026-03-19 08:21:04.320;TSRA BR;NSW
2026-03-19 08:45:00.000;4077;A320-251NEO;REC;GYN;BSB;2026-03-19 09:06:04.320;TSRA BR;NSW
2026-03-20 21:10:00.000;4682;A320-251NEO;REC;GYN;BSB;2026-03-20 21:31:04.320;TSRA BR;-RA
2026-03-20 22:05:00.000;4227;A320-251NEO;CNF;GYN;BSB;2026-03-20 22:26:04.320;TSRA BR;-RA
2026-03-20 22:30:00.000;2960;A320-251NEO;VCP;GYN;BSB;2026-03-20 22:51:04.320;TSRA BR;-RA
2026-03-25 00:25:00.000;2694;A320-253NEO;VCP;GYN;BSB;2026-03-25 00:46:04.320;TSRA;NSW
2026-03-25 02:45:00.000;2851;ERJ;CNF;GYN;BSB;2026-03-25 03:06:04.320;TSRA;NSW
2026-03-25 02:55:00.000;4326;A320-251NEO;VCP;GYN;BSB;2026-03-25 03:16:04.320;TSRA;NSW
2026-03-25 02:55:00.000;4006;A320-251NEO;REC;GYN;BSB;2026-03-25 03:16:04.320;TSRA;NSW
2026-03-25 04:20:00.000;4295;A320-251NEO;REC;GYN;BSB;2026-03-25 04:41:04.320;TSRA;VCTS
2026-03-25 17:45:00.000;4866;A320-251NEO;VCP;GYN;BSB;2026-03-25 18:06:04.320;TSRA;NSW
2026-03-25 21:10:00.000;4682;A320-251NEO;REC;GYN;BSB;2026-03-25 21:31:04.320;TSRA;NSW
2026-03-25 22:30:00.000;2960;A320-253NEO;VCP;GYN;BSB;2026-03-25 22:51:04.320;TSRA;NSW
2026-03-26 00:25:00.000;2694;A320-251NEO;VCP;GYN;BSB;2026-03-26 00:46:04.320;TSRA;NSW
2026-03-26 02:55:00.000;4326;A320-253NEO;VCP;GYN;BSB;2026-03-26 03:16:04.320;TSRA;NSW
2026-03-26 02:55:00.000;4006;A320-251NEO;REC;GYN;BSB;2026-03-26 03:16:04.320;TSRA;NSW
2026-03-26 04:20:00.000;4295;A320-251NEO;REC;GYN;BSB;2026-03-26 04:41:04.320;TSRA;NSW
2026-03-28 00:25:00.000;2694;A320-253NEO;VCP;GYN;BSB;2026-03-28 00:46:04.320;TS;NSW
2026-03-30 17:45:00.000;4866;A320-251NEO;VCP;GYN;BSB;2026-03-30 18:06:04.320;TSRA;NSW
2026-03-30 21:05:00.000;4682;A320-251NEO;REC;GYN;BSB;2026-03-30 21:26:04.320;TSRA;NSW
2026-03-30 21:40:00.000;4227;ERJ;CNF;GYN;BSB;2026-03-30 22:01:04.320;TSRA;NSW
2026-03-30 22:30:00.000;2960;A320-251NEO;VCP;GYN;BSB;2026-03-30 22:51:04.320;TSRA;NSW
2026-04-02 18:00:00.000;4866;A320-251NEO;VCP;GYN;BSB;2026-04-02 18:21:04.320;TS;NSW
2026-04-02 21:05:00.000;4682;A320-251NEO;REC;GYN;BSB;2026-04-02 21:26:04.320;TS;NSW
2026-04-02 22:30:00.000;2960;A320-251NEO;VCP;GYN;BSB;2026-04-02 22:51:04.320;TS;VCTS
2026-04-07 17:40:00.000;4866;A320-251NEO;VCP;GYN;BSB;2026-04-07 18:01:04.320;TS;VCSH VCTS
2026-04-07 21:05:00.000;4682;A320-251NEO;REC;GYN;BSB;2026-04-07 21:26:04.320;TS;VCTS
2026-04-08 17:40:00.000;4866;A320-251NEO;VCP;GYN;BSB;2026-04-08 18:01:04.320;TSRA;VCTS
2026-04-08 21:05:00.000;4682;A320-251NEO;REC;GYN;BSB;2026-04-08 21:26:04.320;TSRA;NSW
2026-04-16 17:40:00.000;4866;A320-251NEO;VCP;GYN;BSB;2026-04-16 18:01:04.320;TSRA;NSW
2026-04-16 21:05:00.000;4682;A320-253NEO;REC;GYN;BSB;2026-04-16 21:26:04.320;TSRA;NSW
2026-04-16 22:30:00.000;2960;A320-251NEO;VCP;GYN;BSB;2026-04-16 22:51:04.320;TSRA;NSW
2026-06-13 17:40:00.000;4866;ERJ;VCP;GYN;BSB;2026-06-13 18:01:04.320;TSRA;VCTS
2026-06-13 18:55:00.000;4682;A320-251NEO;REC;GYN;BSB;2026-06-13 19:16:04.320;TSRA;NSW
2026-06-14 19:30:00.000;2461;A320-251NEO;REC;GYN;BSB;2026-06-14 19:51:04.320;TSRA;NSW
2026-06-14 21:45:00.000;4227;ERJ;CNF;GYN;BSB;2026-06-14 22:06:04.320;TSRA;NSW
2026-06-14 22:25:00.000;2960;A320-251NEO;VCP;GYN;BSB;2026-06-14 22:46:04.320;TSRA;NSW
2025-08-02 05:20:00.000;2023;A321-231;REC;MAO;BVB;2025-08-02 06:45:17.760;TSRA;NSW
2025-08-02 05:40:00.000;4451;A321-251NEO;VCP;MAO;BVB;2025-08-02 07:05:17.760;TSRA;NSW
2025-08-02 05:40:00.000;2648;A321-251NEO;REC;MAO;BVB;2025-08-02 07:05:17.760;TSRA;NSW
2025-08-02 06:25:00.000;2030;A321-231;VCP;MAO;BVB;2025-08-02 07:50:17.760;TSRA;NSW
2025-08-06 05:40:00.000;4451;A321-251NEO;VCP;MAO;BVB;2025-08-06 07:05:17.760;TSRA;NSW
2025-08-06 05:40:00.000;2648;A321-251NEO;REC;MAO;BVB;2025-08-06 07:05:17.760;TSRA;NSW
2025-08-06 06:25:00.000;2030;A321-231;VCP;MAO;BVB;2025-08-06 07:50:17.760;TSRA;NSW
2025-08-07 11:45:00.000;4862;A320-251NEO;BEL;MAO;BVB;2025-08-07 13:10:17.760;TSRA;NSW
2025-08-07 14:40:00.000;4066;A320-251NEO;CNF;MAO;BVB;2025-08-07 16:05:17.760;TSRA;NSW
2025-08-07 15:40:00.000;2943;A320-251NEO;VCP;MAO;BVB;2025-08-07 17:05:17.760;TSRA;NSW
2025-08-07 18:20:00.000;2060;A321-231;VCP;MAO;BVB;2025-08-07 19:45:17.760;TSRA;NSW
2025-08-07 19:35:00.000;4056;A320-251NEO;VCP;MAO;BVB;2025-08-07 21:00:17.760;TSRA;NSW
2025-08-07 19:35:00.000;4013;A320-251NEO;BVB;MAO;BVB;2025-08-07 21:00:17.760;TSRA;NSW
2025-08-10 11:45:00.000;4862;A320-251NEO;BEL;MAO;BVB;2025-08-10 13:10:17.760;TS;NSW
2025-08-11 05:20:00.000;2023;A321-231;REC;MAO;BVB;2025-08-11 06:45:17.760;TSRA;NSW
2025-08-11 05:40:00.000;4451;A321-251NEO;VCP;MAO;BVB;2025-08-11 07:05:17.760;TSRA;NSW
2025-08-11 05:40:00.000;2648;A321-251NEO;REC;MAO;BVB;2025-08-11 07:05:17.760;TSRA;NSW
2025-08-12 05:40:00.000;4451;A321-251NEO;VCP;MAO;BVB;2025-08-12 07:05:17.760;TSRA;VCTS
2025-08-12 05:40:00.000;2648;A321-251NEO;REC;MAO;BVB;2025-08-12 07:05:17.760;TSRA;VCTS
2025-08-12 18:20:00.000;2060;A321-231;VCP;MAO;BVB;2025-08-12 19:45:17.760;TSRA;NSW
2025-08-12 19:35:00.000;4056;A320-251NEO;VCP;MAO;BVB;2025-08-12 21:00:17.760;TSRA;NSW
2025-08-12 19:35:00.000;4013;A320-253NEO;BVB;MAO;BVB;2025-08-12 21:00:17.760;TSRA;NSW
2025-08-13 01:15:00.000;4545;A320-251NEO;BEL;MAO;BVB;2025-08-13 02:40:17.760;TSRA;NSW
2025-08-13 17:20:00.000;2021;A321-231;VCP;MAO;BVB;2025-08-13 18:45:17.760;TS;NSW
2025-08-13 18:20:00.000;2060;A321-231;VCP;MAO;BVB;2025-08-13 19:45:17.760;TS;NSW
2025-08-13 19:35:00.000;4056;A320-251NEO;VCP;MAO;BVB;2025-08-13 21:00:17.760;TS;NSW
2025-08-13 19:35:00.000;4013;A320-251NEO;BVB;MAO;BVB;2025-08-13 21:00:17.760;TS;NSW
2025-08-14 18:20:00.000;2060;A321-231;VCP;MAO;BVB;2025-08-14 19:45:17.760;TS;VCSH
2025-08-14 19:35:00.000;4056;A320-251NEO;VCP;MAO;BVB;2025-08-14 21:00:17.760;TS;VCSH
2025-08-14 19:35:00.000;4013;A320-251NEO;BVB;MAO;BVB;2025-08-14 21:00:17.760;TS;VCSH
2025-08-15 17:20:00.000;2021;A321-231;VCP;MAO;BVB;2025-08-15 18:45:17.760;TS;VCSH
2025-08-15 19:35:00.000;4056;A320-251NEO;VCP;MAO;BVB;2025-08-15 21:00:17.760;TS;NSW
2025-08-15 19:35:00.000;4013;A320-251NEO;BVB;MAO;BVB;2025-08-15 21:00:17.760;TS;NSW
2025-08-17 05:40:00.000;4451;A320-251NEO;VCP;MAO;BVB;2025-08-17 07:05:17.760;TS;NSW
2025-08-17 05:40:00.000;2648;A320-253NEO;REC;MAO;BVB;2025-08-17 07:05:17.760;TS;NSW
2025-08-17 15:40:00.000;2943;A320-251NEO;VCP;MAO;BVB;2025-08-17 17:05:17.760;TS;VCSH
2025-08-18 05:20:00.000;2023;A321-231;REC;MAO;BVB;2025-08-18 06:45:17.760;TSRA;NSW
2025-08-18 05:40:00.000;4451;A321-251NEO;VCP;MAO;BVB;2025-08-18 07:05:17.760;TSRA;NSW
2025-08-18 05:40:00.000;2648;A321-251NEO;REC;MAO;BVB;2025-08-18 07:05:17.760;TSRA;NSW
2025-08-20 05:40:00.000;4451;A321-251NEO;VCP;MAO;BVB;2025-08-20 07:05:17.760;TSRA;NSW
2025-08-20 05:40:00.000;2648;A321-251NEO;REC;MAO;BVB;2025-08-20 07:05:17.760;TSRA;NSW
2025-08-20 05:50:00.000;2030;A321-231;VCP;MAO;BVB;2025-08-20 07:15:17.760;TSRA;NSW
2025-08-20 14:40:00.000;4066;A320-251NEO;CNF;MAO;BVB;2025-08-20 16:05:17.760;TS;NSW
2025-08-20 15:40:00.000;2943;A320-251NEO;VCP;MAO;BVB;2025-08-20 17:05:17.760;TS;NSW
2025-08-21 17:20:00.000;2060;A321-231;VCP;MAO;BVB;2025-08-21 18:45:17.760;TSRA;VCSH
2025-08-21 18:15:00.000;2050;A321-231;GIG;MAO;BVB;2025-08-21 19:40:17.760;TSRA;VCSH
2025-08-22 05:40:00.000;4451;A321-251NEO;VCP;MAO;BVB;2025-08-22 07:05:17.760;TS;NSW
2025-08-22 05:40:00.000;2648;A321-251NEO;REC;MAO;BVB;2025-08-22 07:05:17.760;TS;NSW
2025-08-23 01:15:00.000;4545;A320-251NEO;BEL;MAO;BVB;2025-08-23 02:40:17.760;TS;NSW
2025-08-23 02:30:00.000;4545;A320-251NEO;STM;MAO;BVB;2025-08-23 03:55:17.760;TS;NSW
2025-08-24 19:35:00.000;4056;A320-251NEO;VCP;MAO;BVB;2025-08-24 21:00:17.760;TS;NSW
2025-08-24 19:35:00.000;4013;A320-251NEO;BVB;MAO;BVB;2025-08-24 21:00:17.760;TS;NSW
2025-08-25 17:45:00.000;2025;A321-231;VCP;MAO;BVB;2025-08-25 19:10:17.760;TS;NSW
2025-08-25 19:35:00.000;4056;A320-251NEO;VCP;MAO;BVB;2025-08-25 21:00:17.760;TS;NSW
2025-08-25 19:35:00.000;4013;A320-251NEO;BVB;MAO;BVB;2025-08-25 21:00:17.760;TS;NSW
2025-08-27 05:40:00.000;4451;A321-251NEO;VCP;MAO;BVB;2025-08-27 07:05:17.760;TS;NSW
2025-08-27 05:40:00.000;2648;A321-251NEO;REC;MAO;BVB;2025-08-27 07:05:17.760;TS;NSW
2025-08-27 05:45:00.000;2030;A321-231;VCP;MAO;BVB;2025-08-27 07:10:17.760;TS;NSW
2025-09-03 17:20:00.000;2021;A321-231;VCP;MAO;BVB;2025-09-03 18:45:17.760;TSRA;VCSH
2025-09-03 18:20:00.000;2060;A321-231;VCP;MAO;BVB;2025-09-03 19:45:17.760;TSRA;NSW
2025-09-03 19:35:00.000;4056;A320-251NEO;VCP;MAO;BVB;2025-09-03 21:00:17.760;TSRA;NSW
2025-09-03 19:35:00.000;4013;A320-251NEO;BVB;MAO;BVB;2025-09-03 21:00:17.760;TSRA;NSW
2025-09-04 18:20:00.000;2060;A321-231;VCP;MAO;BVB;2025-09-04 19:45:17.760;TSRA;-RA
2025-09-05 01:15:00.000;4545;A320-253NEO;BEL;MAO;BVB;2025-09-05 02:40:17.760;TSRA;NSW
2025-09-05 04:30:00.000;2023;A321-231;REC;MAO;BVB;2025-09-05 05:55:17.760;TSRA;NSW
2025-09-05 05:40:00.000;4451;A321-251NEO;VCP;MAO;BVB;2025-09-05 07:05:17.760;TSRA;NSW
2025-09-05 05:40:00.000;2648;A321-251NEO;REC;MAO;BVB;2025-09-05 07:05:17.760;TSRA;NSW
2025-09-05 05:45:00.000;2030;A321-231;VCP;MAO;BVB;2025-09-05 07:10:17.760;TSRA;NSW
2025-09-05 07:15:00.000;4862;A320-253NEO;BEL;MAO;BVB;2025-09-05 08:40:17.760;TSRA;NSW
2025-09-08 14:40:00.000;4066;A320-251NEO;CNF;MAO;BVB;2025-09-08 16:05:17.760;TSRA;NSW
2025-09-08 15:40:00.000;2943;A320-251NEO;VCP;MAO;BVB;2025-09-08 17:05:17.760;TSRA;NSW
2025-09-13 22:55:00.000;4545;A320-251NEO;BEL;MAO;BVB;2025-09-14 00:20:17.760;TSRA;NSW
2025-09-16 05:40:00.000;4451;A321-251NEO;VCP;MAO;BVB;2025-09-16 07:05:17.760;TS;NSW
2025-09-16 05:40:00.000;2648;A321-251NEO;REC;MAO;BVB;2025-09-16 07:05:17.760;TS;NSW
2025-09-17 14:40:00.000;4066;A320-251NEO;CNF;MAO;BVB;2025-09-17 16:05:17.760;TS;VCSH
2025-09-17 15:40:00.000;2943;A320-251NEO;VCP;MAO;BVB;2025-09-17 17:05:17.760;TS;NSW
2025-09-27 14:40:00.000;4066;A320-251NEO;CNF;MAO;BVB;2025-09-27 16:05:17.760;TSRA;NSW
2025-09-27 15:40:00.000;2943;A320-251NEO;VCP;MAO;BVB;2025-09-27 17:05:17.760;TSRA;NSW
2025-09-27 16:50:00.000;9900;A321-231;VCP;MAO;BVB;2025-09-27 18:15:17.760;TSRA;VCSH
2025-10-01 05:40:00.000;4451;A321-251NEO;VCP;MAO;BVB;2025-10-01 07:05:17.760;TS;NSW
2025-10-01 05:40:00.000;2648;A321-251NEO;REC;MAO;BVB;2025-10-01 07:05:17.760;TS;NSW
2025-10-01 05:45:00.000;2030;A321-231;VCP;MAO;BVB;2025-10-01 07:10:17.760;TS;NSW
2025-10-01 17:20:00.000;2021;A321-231;VCP;MAO;BVB;2025-10-01 18:45:17.760;TS;VCSH
2025-10-01 18:20:00.000;2060;A321-231;VCP;MAO;BVB;2025-10-01 19:45:17.760;TS;NSW
2025-10-01 19:35:00.000;4056;A320-251NEO;VCP;MAO;BVB;2025-10-01 21:00:17.760;TS;VCSH
2025-10-01 19:35:00.000;4013;A320-251NEO;BVB;MAO;BVB;2025-10-01 21:00:17.760;TS;VCSH
2025-10-04 19:35:00.000;4013;A320-251NEO;BVB;MAO;BVB;2025-10-04 21:00:17.760;TS;VCSH VCTS
2025-10-05 11:45:00.000;4862;A320-251NEO;BEL;MAO;BVB;2025-10-05 13:10:17.760;TS;NSW
2025-10-05 14:40:00.000;4066;A320-251NEO;CNF;MAO;BVB;2025-10-05 16:05:17.760;TS;NSW
2025-10-05 15:30:00.000;2943;A320-251NEO;VCP;MAO;BVB;2025-10-05 16:55:17.760;TS;NSW
2025-10-06 05:40:00.000;4451;A321-251NEO;VCP;MAO;BVB;2025-10-06 07:05:17.760;TS;NSW
2025-10-06 05:40:00.000;2648;A321-251NEO;REC;MAO;BVB;2025-10-06 07:05:17.760;TS;NSW
2025-10-06 06:50:00.000;2023;A321-231;REC;MAO;BVB;2025-10-06 08:15:17.760;TS;NSW
2025-10-07 01:15:00.000;4545;A320-251NEO;BEL;MAO;BVB;2025-10-07 02:40:17.760;TSRA;NSW
2025-10-08 01:15:00.000;4545;A320-251NEO;BEL;MAO;BVB;2025-10-08 02:40:17.760;TS;VCTS
2025-10-10 01:15:00.000;4545;A320-253NEO;BEL;MAO;BVB;2025-10-10 02:40:17.760;TS;NSW
2025-10-11 01:15:00.000;4545;A320-251NEO;BEL;MAO;BVB;2025-10-11 02:40:17.760;TSRA;VCTS
2025-10-11 19:35:00.000;4056;A320-251NEO;VCP;MAO;BVB;2025-10-11 21:00:17.760;TS;NSW
2025-10-11 19:35:00.000;4013;A320-251NEO;BVB;MAO;BVB;2025-10-11 21:00:17.760;TS;NSW
2025-10-11 22:55:00.000;4545;A320-251NEO;BEL;MAO;BVB;2025-10-12 00:20:17.760;TS;VCTS
2025-10-12 17:20:00.000;2021;A321-231;VCP;MAO;BVB;2025-10-12 18:45:17.760;TS;NSW
2025-10-12 19:35:00.000;4056;A320-251NEO;VCP;MAO;BVB;2025-10-12 21:00:17.760;TS;VCSH
2025-10-12 19:35:00.000;4013;A320-251NEO;BVB;MAO;BVB;2025-10-12 21:00:17.760;TS;VCSH
2025-10-13 19:35:00.000;4056;A320-251NEO;VCP;MAO;BVB;2025-10-13 21:00:17.760;TS;NSW
2025-10-13 19:35:00.000;4013;A320-251NEO;BVB;MAO;BVB;2025-10-13 21:00:17.760;TS;NSW
2025-10-15 05:05:00.000;2030;A321-231;VCP;MAO;BVB;2025-10-15 06:30:17.760;TSRA;NSW
2025-10-15 05:40:00.000;4451;A321-251NEO;VCP;MAO;BVB;2025-10-15 07:05:17.760;TSRA;NSW
2025-10-15 05:40:00.000;2648;A321-251NEO;REC;MAO;BVB;2025-10-15 07:05:17.760;TSRA;NSW
2025-10-18 05:10:00.000;2030;A321-231;VCP;MAO;BVB;2025-10-18 06:35:17.760;TS;NSW
2025-10-18 05:20:00.000;2023;A321-231;REC;MAO;BVB;2025-10-18 06:45:17.760;TS;NSW
2025-10-18 05:40:00.000;4451;A321-251NEO;VCP;MAO;BVB;2025-10-18 07:05:17.760;TS;NSW
2025-10-18 05:40:00.000;2648;A321-251NEO;REC;MAO;BVB;2025-10-18 07:05:17.760;TS;NSW
2025-10-21 05:40:00.000;4451;A321-251NEO;VCP;MAO;BVB;2025-10-21 07:05:17.760;TSRA;NSW
2025-10-21 05:40:00.000;2648;A321-251NEO;REC;MAO;BVB;2025-10-21 07:05:17.760;TSRA;NSW
2025-10-21 18:20:00.000;2060;A321-231;VCP;MAO;BVB;2025-10-21 19:45:17.760;TS;NSW
2025-10-21 19:35:00.000;4056;A320-251NEO;VCP;MAO;BVB;2025-10-21 21:00:17.760;TS;NSW
2025-10-21 19:35:00.000;4013;A320-251NEO;BVB;MAO;BVB;2025-10-21 21:00:17.760;TS;NSW
2025-10-22 05:05:00.000;2030;A321-231;VCP;MAO;BVB;2025-10-22 06:30:17.760;TS;VCTS
2025-10-22 05:40:00.000;4451;A321-251NEO;VCP;MAO;BVB;2025-10-22 07:05:17.760;TS;VCTS
2025-10-22 05:40:00.000;2648;A321-251NEO;REC;MAO;BVB;2025-10-22 07:05:17.760;TS;VCTS
2025-10-23 05:40:00.000;4451;A321-251NEO;VCP;MAO;BVB;2025-10-23 07:05:17.760;TS;NSW
2025-10-23 05:40:00.000;2648;A321-251NEO;REC;MAO;BVB;2025-10-23 07:05:17.760;TS;NSW
2025-10-23 05:45:00.000;2030;A321-231;VCP;MAO;BVB;2025-10-23 07:10:17.760;TS;NSW
2025-11-06 01:10:00.000;4545;A320-251NEO;BEL;MAO;BVB;2025-11-06 02:35:17.760;TSRA;NSW
2025-11-06 04:25:00.000;2023;A321-231;REC;MAO;BVB;2025-11-06 05:50:17.760;TSRA;NSW
2025-11-06 05:35:00.000;4451;A321-251NEO;VCP;MAO;BVB;2025-11-06 07:00:17.760;TSRA;NSW
2025-11-06 05:35:00.000;2648;A320-251NEO;REC;MAO;BVB;2025-11-06 07:00:17.760;TSRA;NSW
2025-11-06 05:45:00.000;2062;A321-231;VCP;MAO;BVB;2025-11-06 07:10:17.760;TSRA;NSW
2025-11-06 12:15:00.000;4862;A320-251NEO;BEL;MAO;BVB;2025-11-06 13:40:17.760;TSRA;NSW
2025-11-06 14:40:00.000;4066;A320-251NEO;CNF;MAO;BVB;2025-11-06 16:05:17.760;TSRA;NSW
2025-11-06 15:30:00.000;2943;A320-251NEO;VCP;MAO;BVB;2025-11-06 16:55:17.760;TSRA;NSW
2025-11-08 01:15:00.000;4545;A320-251NEO;BEL;MAO;BVB;2025-11-08 02:40:17.760;TS;VCTS
2025-11-12 01:10:00.000;4545;A320-251NEO;BEL;MAO;BVB;2025-11-12 02:35:17.760;TS;NSW
2025-11-12 17:20:00.000;2021;A321-231;VCP;MAO;BVB;2025-11-12 18:45:17.760;TS;NSW
2025-11-12 19:05:00.000;2060;A321-231;VCP;MAO;BVB;2025-11-12 20:30:17.760;TS;NSW
2025-11-12 19:35:00.000;4056;A320-251NEO;VCP;MAO;BVB;2025-11-12 21:00:17.760;TS;NSW
2025-11-12 19:35:00.000;4013;A320-251NEO;BVB;MAO;BVB;2025-11-12 21:00:17.760;TS;NSW
2025-11-14 05:35:00.000;4451;A321-251NEO;VCP;MAO;BVB;2025-11-14 07:00:17.760;TS;NSW
2025-11-14 05:35:00.000;2648;A320-251NEO;REC;MAO;BVB;2025-11-14 07:00:17.760;TS;NSW
2025-11-14 06:40:00.000;2062;A321-231;VCP;MAO;BVB;2025-11-14 08:05:17.760;TS;NSW
2025-11-15 01:10:00.000;4545;A320-251NEO;BEL;MAO;BVB;2025-11-15 02:35:17.760;TS;NSW
2025-11-18 03:15:00.000;9806;A320-253NEO;VCP;MAO;BVB;2025-11-18 04:40:17.760;TSRA;NSW
2025-11-18 18:10:00.000;2060;A321-231;VCP;MAO;BVB;2025-11-18 19:35:17.760;TS;NSW
2025-11-20 01:10:00.000;4545;A320-253NEO;BEL;MAO;BVB;2025-11-20 02:35:17.760;TSRA;VCTS
2025-11-20 05:20:00.000;9906;A321-231;VCP;MAO;BVB;2025-11-20 06:45:17.760;TSRA;VCTS
2025-11-20 05:35:00.000;4451;A321-251NEO;VCP;MAO;BVB;2025-11-20 07:00:17.760;TSRA;VCTS
2025-11-20 05:35:00.000;2648;A321-251NEO;REC;MAO;BVB;2025-11-20 07:00:17.760;TSRA;VCTS
2025-11-20 05:45:00.000;2062;A321-231;VCP;MAO;BVB;2025-11-20 07:10:17.760;TSRA;VCTS
2025-11-21 01:10:00.000;4545;A320-251NEO;BEL;MAO;BVB;2025-11-21 02:35:17.760;TSRA;NSW
2025-11-21 03:15:00.000;2013;A321-231;REC;MAO;BVB;2025-11-21 04:40:17.760;TSRA;NSW
2025-11-22 22:55:00.000;4545;A320-253NEO;BEL;MAO;BVB;2025-11-23 00:20:17.760;TS;NSW
2025-11-23 03:15:00.000;2013;A321-231;REC;MAO;BVB;2025-11-23 04:40:17.760;TS;NSW
2025-11-23 18:20:00.000;2045;A321-231;VCP;MAO;BVB;2025-11-23 19:45:17.760;TS;NSW
2025-11-23 19:35:00.000;4056;A320-253NEO;VCP;MAO;BVB;2025-11-23 21:00:17.760;TS;NSW
2025-11-23 19:35:00.000;4013;A320-251NEO;BVB;MAO;BVB;2025-11-23 21:00:17.760;TS;NSW
2025-11-24 00:05:00.000;2023;A321-231;REC;MAO;BVB;2025-11-24 01:30:17.760;TS;NSW
2025-11-24 01:15:00.000;4545;A320-251NEO;BEL;MAO;BVB;2025-11-24 02:40:17.760;TS;NSW
2025-11-24 05:35:00.000;4451;A321-251NEO;VCP;MAO;BVB;2025-11-24 07:00:17.760;TS;VCTS
2025-11-24 05:35:00.000;2648;A321-251NEO;REC;MAO;BVB;2025-11-24 07:00:17.760;TS;VCTS
2025-11-24 17:40:00.000;2025;A321-231;VCP;MAO;BVB;2025-11-24 19:05:17.760;TS;VCSH
2025-11-25 01:15:00.000;4545;A320-253NEO;BEL;MAO;BVB;2025-11-25 02:40:17.760;TSRA;VCTS
2025-11-29 01:15:00.000;4545;A320-253NEO;BEL;MAO;BVB;2025-11-29 02:40:17.760;TSRA;-SHRA
2025-11-29 18:10:00.000;2060;A321-231;VCP;MAO;BVB;2025-11-29 19:35:17.760;TSRA;VCSH
2025-11-29 19:35:00.000;4056;A320-251NEO;VCP;MAO;BVB;2025-11-29 21:00:17.760;TSRA;VCSH
2025-11-29 19:35:00.000;4013;A320-251NEO;BVB;MAO;BVB;2025-11-29 21:00:17.760;TSRA;VCSH
2025-11-29 21:45:00.000;2060;A321-231;BVB;MAO;BVB;2025-11-29 23:10:17.760;TSRA;NSW
2025-11-29 22:55:00.000;4545;A320-253NEO;BEL;MAO;BVB;2025-11-30 00:20:17.760;TSRA;NSW
2025-12-01 01:15:00.000;4545;A320-251NEO;BEL;MAO;BVB;2025-12-01 02:40:17.760;TSRA;VCTS
2025-12-02 01:20:00.000;4545;A320-253NEO;BEL;MAO;BVB;2025-12-02 02:45:17.760;TS;VCTS
2025-12-02 04:15:00.000;2067;A321-231;VCP;MAO;BVB;2025-12-02 05:40:17.760;TS;NSW
2025-12-02 05:35:00.000;4451;A321-251NEO;VCP;MAO;BVB;2025-12-02 07:00:17.760;TSRA;VCTS
2025-12-02 05:35:00.000;2648;A321-251NEO;REC;MAO;BVB;2025-12-02 07:00:17.760;TSRA;VCTS
2025-12-02 14:40:00.000;4066;A320-251NEO;CNF;MAO;BVB;2025-12-02 16:05:17.760;TSRA;VCSH
2025-12-02 15:30:00.000;2943;A320-251NEO;VCP;MAO;BVB;2025-12-02 16:55:17.760;TSRA;VCSH
2025-12-02 18:10:00.000;2060;A321-231;VCP;MAO;BVB;2025-12-02 19:35:17.760;TS;VCSH
2025-12-02 19:35:00.000;4056;A320-253NEO;VCP;MAO;BVB;2025-12-02 21:00:17.760;TS;NSW
2025-12-02 19:35:00.000;4013;A320-251NEO;BVB;MAO;BVB;2025-12-02 21:00:17.760;TS;NSW
2025-12-03 19:05:00.000;2060;A321-231;VCP;MAO;BVB;2025-12-03 20:30:17.760;TSRA;NSW
2025-12-04 00:05:00.000;2023;A321-231;REC;MAO;BVB;2025-12-04 01:30:17.760;TS;VCTS
2025-12-04 19:05:00.000;2060;A321-231;VCP;MAO;BVB;2025-12-04 20:30:17.760;TS;NSW
2025-12-04 19:35:00.000;4056;A320-253NEO;VCP;MAO;BVB;2025-12-04 21:00:17.760;TS;NSW
2025-12-04 19:35:00.000;4013;A320-251NEO;BVB;MAO;BVB;2025-12-04 21:00:17.760;TS;NSW
2025-12-14 17:20:00.000;2021;A321-231;VCP;MAO;BVB;2025-12-14 18:45:17.760;TS;VCSH
2025-12-14 17:55:00.000;8786;A320-251NEO;CNF;MAO;BVB;2025-12-14 19:20:17.760;TS;NSW
2025-12-25 04:25:00.000;2023;A321-231;REC;MAO;BVB;2025-12-25 05:50:17.760;TSRA;NSW
2025-12-25 05:35:00.000;4451;A321-251NEO;VCP;MAO;BVB;2025-12-25 07:00:17.760;TSRA;NSW
2025-12-25 05:45:00.000;2062;A321-231;VCP;MAO;BVB;2025-12-25 07:10:17.760;TSRA;NSW
2025-12-25 07:50:00.000;8787;A320-251NEO;CUR;MAO;BVB;2025-12-25 09:15:17.760;TSRA;NSW
2025-12-27 05:35:00.000;4451;A321-251NEO;VCP;MAO;BVB;2025-12-27 07:00:17.760;TSRA;NSW
2025-12-27 05:35:00.000;2648;A321-251NEO;REC;MAO;BVB;2025-12-27 07:00:17.760;TSRA;NSW
2025-12-27 06:25:00.000;2062;A321-231;VCP;MAO;BVB;2025-12-27 07:50:17.760;TSRA;NSW
2025-12-29 01:20:00.000;4545;A320-253NEO;BEL;MAO;BVB;2025-12-29 02:45:17.760;TSRA;NSW
2025-12-30 01:20:00.000;4545;A320-251NEO;BEL;MAO;BVB;2025-12-30 02:45:17.760;TS;VCTS
2025-12-30 18:10:00.000;2060;A321-231;VCP;MAO;BVB;2025-12-30 19:35:17.760;TSRA;NSW
2025-12-30 19:35:00.000;4056;A320-251NEO;VCP;MAO;BVB;2025-12-30 21:00:17.760;TSRA;NSW
2025-12-30 19:35:00.000;4013;A320-251NEO;BVB;MAO;BVB;2025-12-30 21:00:17.760;TSRA;NSW
2026-01-24 19:35:00.000;4013;A320-251NEO;BVB;MAO;BVB;2026-01-24 21:00:17.760;TS;NSW
2026-01-24 22:55:00.000;4545;A320-251NEO;BEL;MAO;BVB;2026-01-25 00:20:17.760;TSRA;NSW
2026-01-30 22:55:00.000;4545;A320-253NEO;BEL;MAO;BVB;2026-01-31 00:20:17.760;TS;NSW
2026-03-09 22:55:00.000;4545;A320-251NEO;BEL;MAO;BVB;2026-03-10 00:20:17.760;TSRA;NSW
2026-03-10 22:55:00.000;4545;A320-251NEO;BEL;MAO;BVB;2026-03-11 00:20:17.760;TSRA;NSW
2026-03-11 22:55:00.000;4545;A320-251NEO;BEL;MAO;BVB;2026-03-12 00:20:17.760;TS;NSW
2026-03-12 19:35:00.000;4056;A320-253NEO;VCP;MAO;BVB;2026-03-12 21:00:17.760;TS;NSW
2026-03-12 19:35:00.000;4013;A320-251NEO;BVB;MAO;BVB;2026-03-12 21:00:17.760;TS;NSW
2026-03-12 22:55:00.000;4545;A320-253NEO;BEL;MAO;BVB;2026-03-13 00:20:17.760;TS;NSW
2026-03-14 19:05:00.000;2060;A321-231;VCP;MAO;BVB;2026-03-14 20:30:17.760;TS;NSW
2026-03-14 19:35:00.000;4013;A320-253NEO;BVB;MAO;BVB;2026-03-14 21:00:17.760;TS;NSW
2026-03-14 22:05:00.000;9803;A320-251NEO;VCP;MAO;BVB;2026-03-14 23:30:17.760;TS;NSW
2026-03-14 22:55:00.000;4545;A320-251NEO;BEL;MAO;BVB;2026-03-15 00:20:17.760;TS;NSW
2026-03-15 01:55:00.000;2023;A321-231;FOR;MAO;BVB;2026-03-15 03:20:17.760;TS;NSW
2026-03-16 01:15:00.000;4545;A320-251NEO;BEL;MAO;BVB;2026-03-16 02:40:17.760;TSRA;NSW
2026-03-19 19:35:00.000;4056;A320-251NEO;VCP;MAO;BVB;2026-03-19 21:00:17.760;TSRA;-SHRA
2026-03-19 19:35:00.000;4013;A320-251NEO;BVB;MAO;BVB;2026-03-19 21:00:17.760;TSRA;-SHRA
2026-03-19 21:20:00.000;2074;A321-231;VCP;MAO;BVB;2026-03-19 22:45:17.760;TSRA;-SHRA
2026-03-19 22:55:00.000;4545;A320-251NEO;BEL;MAO;BVB;2026-03-20 00:20:17.760;TSRA;-SHRA
2026-03-23 22:55:00.000;4545;A320-251NEO;BEL;MAO;BVB;2026-03-24 00:20:17.760;TS;NSW
2026-03-24 22:55:00.000;4545;A320-251NEO;BEL;MAO;BVB;2026-03-25 00:20:17.760;TSRA;NSW
2026-03-25 01:55:00.000;2023;A321-231;FOR;MAO;BVB;2026-03-25 03:20:17.760;TSRA;NSW
2026-03-25 22:55:00.000;4545;A320-251NEO;BEL;MAO;BVB;2026-03-26 00:20:17.760;TSRA;NSW
2026-03-26 05:30:00.000;2033;A321-231;VCP;MAO;BVB;2026-03-26 06:55:17.760;TSRA;VCTS
2026-03-26 05:35:00.000;4451;A321-251NEO;VCP;MAO;BVB;2026-03-26 07:00:17.760;TSRA;VCTS
2026-03-26 05:35:00.000;2648;A321-251NEO;REC;MAO;BVB;2026-03-26 07:00:17.760;TSRA;VCTS
2026-03-26 05:45:00.000;2062;A321-231;VCP;MAO;BVB;2026-03-26 07:10:17.760;TSRA;VCTS
2026-03-28 05:35:00.000;4451;A321-251NEO;VCP;MAO;BVB;2026-03-28 07:00:17.760;TS;-RA VCTS
2026-03-28 05:35:00.000;2648;A321-251NEO;REC;MAO;BVB;2026-03-28 07:00:17.760;TS;-RA VCTS
2026-03-28 06:25:00.000;2062;A321-231;VCP;MAO;BVB;2026-03-28 07:50:17.760;TS;-RA VCTS
2026-03-29 01:55:00.000;2023;A321-231;FOR;MAO;BVB;2026-03-29 03:20:17.760;TSRA;NSW
2026-03-30 01:15:00.000;4545;A320-251NEO;BEL;MAO;BVB;2026-03-30 02:40:17.760;TS;NSW
2026-03-30 22:55:00.000;4545;A320-251NEO;BEL;MAO;BVB;2026-03-31 00:20:17.760;TS;-RA VCTS
2026-03-31 22:55:00.000;4545;A320-253NEO;BEL;MAO;BVB;2026-04-01 00:20:17.760;TS;NSW
2026-04-01 01:55:00.000;2023;A321-231;FOR;MAO;BVB;2026-04-01 03:20:17.760;TS;VCTS
2026-04-02 22:55:00.000;4545;A320-251NEO;BEL;MAO;BVB;2026-04-03 00:20:17.760;TS;NSW
2026-04-03 04:55:00.000;2053;A321-231;FOR;MAO;BVB;2026-04-03 06:20:17.760;TS;NSW
2026-04-03 05:35:00.000;4451;A321-251NEO;VCP;MAO;BVB;2026-04-03 07:00:17.760;TS;NSW
2026-04-03 05:35:00.000;2648;A321-251NEO;REC;MAO;BVB;2026-04-03 07:00:17.760;TS;NSW
2026-04-03 06:15:00.000;2062;A321-231;VCP;MAO;BVB;2026-04-03 07:40:17.760;TS;NSW
2026-04-03 16:50:00.000;9900;A321-231;VCP;MAO;BVB;2026-04-03 18:15:17.760;TS;NSW
2026-04-03 18:10:00.000;2021;A321-231;VCP;MAO;BVB;2026-04-03 19:35:17.760;TS;NSW
2026-04-04 05:20:00.000;2033;A321-231;VCP;MAO;BVB;2026-04-04 06:45:17.760;TSRA;VCTS
2026-04-04 05:35:00.000;4451;A321-251NEO;VCP;MAO;BVB;2026-04-04 07:00:17.760;TSRA;NSW
2026-04-04 06:15:00.000;2062;A321-231;VCP;MAO;BVB;2026-04-04 07:40:17.760;TSRA;NSW
2026-04-04 22:55:00.000;4545;A320-251NEO;BEL;MAO;BVB;2026-04-05 00:20:17.760;TSRA;NSW
2026-04-07 18:00:00.000;2060;A321-231;VCP;MAO;BVB;2026-04-07 19:25:17.760;TSRA;NSW
2026-04-07 19:35:00.000;4013;A320-251NEO;BVB;MAO;BVB;2026-04-07 21:00:17.760;TSRA;NSW
2026-04-07 19:40:00.000;4056;A320-251NEO;VCP;MAO;BVB;2026-04-07 21:05:17.760;TSRA;NSW
2026-04-07 22:55:00.000;4545;A320-253NEO;BEL;MAO;BVB;2026-04-08 00:20:17.760;TSRA;NSW
2026-04-08 14:40:00.000;4066;A320-251NEO;CNF;MAO;BVB;2026-04-08 16:05:17.760;TSRA;NSW
2026-04-08 15:10:00.000;2943;A320-251NEO;VCP;MAO;BVB;2026-04-08 16:35:17.760;TSRA;NSW
2026-04-09 22:55:00.000;4545;A320-251NEO;BEL;MAO;BVB;2026-04-10 00:20:17.760;TS;VCTS
2026-04-17 22:55:00.000;4545;A320-253NEO;BEL;MAO;BVB;2026-04-18 00:20:17.760;TSRA;NSW
2026-04-18 22:55:00.000;4545;A320-253NEO;BEL;MAO;BVB;2026-04-19 00:20:17.760;TSRA;NSW
2026-04-19 01:55:00.000;2023;A321-231;FOR;MAO;BVB;2026-04-19 03:20:17.760;TSRA;NSW
2026-04-22 04:55:00.000;2062;A321-231;VCP;MAO;BVB;2026-04-22 06:20:17.760;TS;NSW
2026-04-22 05:35:00.000;4451;A320-251NEO;VCP;MAO;BVB;2026-04-22 07:00:17.760;TS;NSW
2026-04-22 05:35:00.000;2648;A321-251NEO;REC;MAO;BVB;2026-04-22 07:00:17.760;TS;NSW
2026-04-22 18:50:00.000;2060;A321-231;VCP;MAO;BVB;2026-04-22 20:15:17.760;TSRA;NSW
2026-04-22 19:35:00.000;4013;A320-251NEO;BVB;MAO;BVB;2026-04-22 21:00:17.760;TSRA;NSW
2026-04-22 19:40:00.000;4056;A320-251NEO;VCP;MAO;BVB;2026-04-22 21:05:17.760;TSRA;NSW
2026-04-22 22:55:00.000;4545;A320-251NEO;BEL;MAO;BVB;2026-04-23 00:20:17.760;TSRA;NSW
2026-04-24 22:55:00.000;4545;A320-253NEO;BEL;MAO;BVB;2026-04-25 00:20:17.760;TSRA;NSW
2026-04-25 14:40:00.000;4066;A320-251NEO;CNF;MAO;BVB;2026-04-25 16:05:17.760;TSRA;NSW
2026-04-25 15:10:00.000;2943;A320-251NEO;VCP;MAO;BVB;2026-04-25 16:35:17.760;TSRA;NSW
2026-04-26 11:35:00.000;4862;A320-251NEO;BEL;MAO;BVB;2026-04-26 13:00:17.760;TSRA;NSW
2026-04-29 14:40:00.000;4066;A320-251NEO;CNF;MAO;BVB;2026-04-29 16:05:17.760;TS;NSW
2026-04-29 15:10:00.000;2943;A320-251NEO;VCP;MAO;BVB;2026-04-29 16:35:17.760;TS;NSW
2026-04-29 18:50:00.000;2060;A321-231;VCP;MAO;BVB;2026-04-29 20:15:17.760;TS;NSW
2026-04-29 19:35:00.000;4013;A320-251NEO;BVB;MAO;BVB;2026-04-29 21:00:17.760;TS;NSW
2026-04-29 19:40:00.000;4056;A320-253NEO;VCP;MAO;BVB;2026-04-29 21:05:17.760;TS;NSW
2026-04-30 05:20:00.000;2033;A321-231;VCP;MAO;BVB;2026-04-30 06:45:17.760;TSRA;RA VCTS
2026-04-30 05:25:00.000;2062;A321-231;VCP;MAO;BVB;2026-04-30 06:50:17.760;TSRA;RA VCTS
2026-04-30 05:35:00.000;4451;A321-251NEO;VCP;MAO;BVB;2026-04-30 07:00:17.760;TSRA;RA
2026-04-30 05:35:00.000;2648;A321-251NEO;REC;MAO;BVB;2026-04-30 07:00:17.760;TSRA;RA
2026-04-30 11:35:00.000;4862;A320-253NEO;BEL;MAO;BVB;2026-04-30 13:00:17.760;TSRA;NSW
2026-05-01 04:55:00.000;2053;A321-231;FOR;MAO;BVB;2026-05-01 06:20:17.760;TSRA;NSW
2026-05-01 05:35:00.000;4451;A321-251NEO;VCP;MAO;BVB;2026-05-01 07:00:17.760;TSRA;NSW
2026-05-01 05:35:00.000;2648;A321-251NEO;REC;MAO;BVB;2026-05-01 07:00:17.760;TSRA;NSW
2026-05-01 06:15:00.000;2062;A321-231;VCP;MAO;BVB;2026-05-01 07:40:17.760;TSRA;NSW
2026-05-03 01:55:00.000;2023;A321-231;FOR;MAO;BVB;2026-05-03 03:20:17.760;TSRA;NSW
2026-05-03 17:15:00.000;2021;A321-231;VCP;MAO;BVB;2026-05-03 18:40:17.760;TS;VCSH
2026-05-04 01:15:00.000;4545;A320-251NEO;BEL;MAO;BVB;2026-05-04 02:40:17.760;TSRA;NSW
2026-05-04 22:55:00.000;4545;A320-251NEO;BEL;MAO;BVB;2026-05-05 00:20:17.760;TS;NSW
2026-05-05 18:05:00.000;2060;A321-231;VCP;MAO;BVB;2026-05-05 19:30:17.760;TSRA;NSW
2026-05-05 19:35:00.000;4013;A320-251NEO;BVB;MAO;BVB;2026-05-05 21:00:17.760;TSRA;NSW
2026-05-05 19:50:00.000;4056;A320-251NEO;VCP;MAO;BVB;2026-05-05 21:15:17.760;TSRA;NSW
2026-05-06 05:00:00.000;2062;A321-231;VCP;MAO;BVB;2026-05-06 06:25:17.760;TS;NSW
2026-05-06 05:40:00.000;4451;A321-251NEO;VCP;MAO;BVB;2026-05-06 07:05:17.760;TS;NSW
2026-05-10 14:40:00.000;4066;A320-251NEO;CNF;MAO;BVB;2026-05-10 16:05:17.760;TSRA;NSW
2026-05-10 15:10:00.000;2943;A320-253NEO;VCP;MAO;BVB;2026-05-10 16:35:17.760;TSRA;NSW
2026-05-11 17:40:00.000;2025;A321-231;VCP;MAO;BVB;2026-05-11 19:05:17.760;TS;VCSH
2026-05-11 19:35:00.000;4013;A320-251NEO;BVB;MAO;BVB;2026-05-11 21:00:17.760;TS;VCSH
2026-05-11 19:50:00.000;4056;A320-251NEO;VCP;MAO;BVB;2026-05-11 21:15:17.760;TS;VCSH
2026-05-12 18:05:00.000;2060;A321-231;VCP;MAO;BVB;2026-05-12 19:30:17.760;TSRA;VCSH
2026-05-12 19:35:00.000;4013;A320-253NEO;BVB;MAO;BVB;2026-05-12 21:00:17.760;TSRA;VCSH
2026-05-12 19:50:00.000;4056;A320-251NEO;VCP;MAO;BVB;2026-05-12 21:15:17.760;TSRA;VCSH
2026-05-12 22:55:00.000;4545;A320-251NEO;BEL;MAO;BVB;2026-05-13 00:20:17.760;TSRA;VCSH
2026-05-13 01:55:00.000;2023;A321-231;FOR;MAO;BVB;2026-05-13 03:20:17.760;TSRA;-SHRA
2026-05-13 22:55:00.000;4545;A320-253NEO;BEL;MAO;BVB;2026-05-14 00:20:17.760;TSRA;NSW
2026-05-14 14:40:00.000;4066;A320-251NEO;CNF;MAO;BVB;2026-05-14 16:05:17.760;TS;VCSH
2026-05-14 15:10:00.000;2943;A320-251NEO;VCP;MAO;BVB;2026-05-14 16:35:17.760;TS;VCSH
2026-05-15 22:55:00.000;4545;A320-251NEO;BEL;MAO;BVB;2026-05-16 00:20:17.760;TS;NSW
2026-05-16 09:00:00.000;2062;A321-231;PVH;MAO;BVB;2026-05-16 10:25:17.760;TS;NSW
2026-05-17 14:40:00.000;4066;A320-251NEO;CNF;MAO;BVB;2026-05-17 16:05:17.760;TSRA;NSW
2026-05-17 15:10:00.000;2943;A320-251NEO;VCP;MAO;BVB;2026-05-17 16:35:17.760;TSRA;NSW
2026-05-19 18:05:00.000;2060;A321-231;VCP;MAO;BVB;2026-05-19 19:30:17.760;TSRA;VCSH
2026-05-19 19:35:00.000;4013;A320-251NEO;BVB;MAO;BVB;2026-05-19 21:00:17.760;TSRA;NSW
2026-05-19 19:50:00.000;4056;A320-251NEO;VCP;MAO;BVB;2026-05-19 21:15:17.760;TSRA;NSW
2026-05-20 22:55:00.000;4545;A320-251NEO;BEL;MAO;BVB;2026-05-21 00:20:17.760;TS;NSW
2026-05-21 22:55:00.000;4545;A320-251NEO;BEL;MAO;BVB;2026-05-22 00:20:17.760;TS;NSW
2026-05-22 04:55:00.000;2053;A321-231;FOR;MAO;BVB;2026-05-22 06:20:17.760;TSRA;NSW
2026-05-22 05:35:00.000;2648;A321-251NEO;REC;MAO;BVB;2026-05-22 07:00:17.760;TSRA;-SHRA
2026-05-22 05:40:00.000;4451;A321-251NEO;VCP;MAO;BVB;2026-05-22 07:05:17.760;TSRA;-SHRA
2026-05-22 06:20:00.000;2062;A321-231;VCP;MAO;BVB;2026-05-22 07:45:17.760;TSRA;-SHRA
2026-05-22 22:55:00.000;4545;A320-251NEO;BEL;MAO;BVB;2026-05-23 00:20:17.760;TSRA;NSW
2026-05-24 05:40:00.000;4451;A321-251NEO;VCP;MAO;BVB;2026-05-24 07:05:17.760;TSRA BR;NSW
2026-05-24 17:15:00.000;2021;A321-231;VCP;MAO;BVB;2026-05-24 18:40:17.760;TSRA;NSW
2026-05-25 05:35:00.000;2648;A321-251NEO;REC;MAO;BVB;2026-05-25 07:00:17.760;TSRA BR;NSW
2026-05-25 05:40:00.000;4451;A320-251NEO;VCP;MAO;BVB;2026-05-25 07:05:17.760;TSRA BR;NSW
2026-05-25 11:35:00.000;4862;A320-251NEO;BEL;MAO;BVB;2026-05-25 13:00:17.760;TSRA;VCSH
2026-05-27 22:55:00.000;4545;A320-251NEO;BEL;MAO;BVB;2026-05-28 00:20:17.760;TSRA;NSW
2026-05-29 04:55:00.000;2053;A321-231;FOR;MAO;BVB;2026-05-29 06:20:17.760;TSRA;NSW
2026-05-29 05:35:00.000;2648;A321-251NEO;REC;MAO;BVB;2026-05-29 07:00:17.760;TSRA;NSW
2026-05-29 05:40:00.000;4451;A321-251NEO;VCP;MAO;BVB;2026-05-29 07:05:17.760;TSRA;NSW
2026-05-29 06:10:00.000;2062;A321-231;VCP;MAO;BVB;2026-05-29 07:35:17.760;TSRA;NSW
2026-05-29 18:35:00.000;2021;A321-231;VCP;MAO;BVB;2026-05-29 20:00:17.760;TSRA;VCSH
2026-05-31 05:40:00.000;4451;A321-251NEO;VCP;MAO;BVB;2026-05-31 07:05:17.760;TSRA;-SHRA
2026-06-01 22:55:00.000;4545;A320-251NEO;BEL;MAO;BVB;2026-06-02 00:20:17.760;TSRA;NSW
2026-06-02 18:00:00.000;2060;A321-231;VCP;MAO;BVB;2026-06-02 19:25:17.760;TSRA;VCSH
2026-06-02 19:35:00.000;4013;A320-251NEO;BVB;MAO;BVB;2026-06-02 21:00:17.760;TSRA;NSW
2026-06-02 19:45:00.000;4056;A320-251NEO;VCP;MAO;BVB;2026-06-02 21:10:17.760;TSRA;NSW
2026-06-03 05:35:00.000;4451;A320-251NEO;VCP;MAO;BVB;2026-06-03 07:00:17.760;TSRA;NSW
2026-06-03 05:35:00.000;2648;A321-251NEO;REC;MAO;BVB;2026-06-03 07:00:17.760;TSRA;NSW
2026-06-03 19:35:00.000;4013;A320-251NEO;BVB;MAO;BVB;2026-06-03 21:00:17.760;TSRA;NSW
2026-06-03 19:45:00.000;4056;A320-251NEO;VCP;MAO;BVB;2026-06-03 21:10:17.760;TSRA;NSW
2026-06-03 22:55:00.000;4545;A320-251NEO;BEL;MAO;BVB;2026-06-04 00:20:17.760;TSRA;-RA
2026-06-05 04:45:00.000;2053;A321-231;FOR;MAO;BVB;2026-06-05 06:10:17.760;TSRA;NSW
2026-06-05 05:35:00.000;4451;A321-251NEO;VCP;MAO;BVB;2026-06-05 07:00:17.760;TSRA;NSW
2026-06-05 06:15:00.000;2062;A321-231;VCP;MAO;BVB;2026-06-05 07:40:17.760;TSRA;NSW
2026-06-08 01:15:00.000;4545;A320-251NEO;BEL;MAO;BVB;2026-06-08 02:40:17.760;TSRA;NSW
2026-06-10 11:35:00.000;4862;A320-251NEO;BEL;MAO;BVB;2026-06-10 13:00:17.760;TS;NSW
2026-06-11 18:50:00.000;2060;A321-231;VCP;MAO;BVB;2026-06-11 20:15:17.760;TSRA;VCSH
2026-06-17 22:55:00.000;4545;A320-251NEO;BEL;MAO;BVB;2026-06-18 00:20:17.760;TSRA;VCTS
2026-06-19 22:55:00.000;4545;A320-251NEO;BEL;MAO;BVB;2026-06-20 00:20:17.760;TS;NSW
2026-06-22 01:15:00.000;4545;A320-251NEO;BEL;MAO;BVB;2026-06-22 02:40:17.760;TS;NSW
2026-06-22 22:55:00.000;4545;A320-251NEO;BEL;MAO;BVB;2026-06-23 00:20:17.760;TS;NSW
2026-06-23 22:55:00.000;4545;A320-251NEO;BEL;MAO;BVB;2026-06-24 00:20:17.760;TS;NSW
2026-06-24 04:55:00.000;2062;A321-231;VCP;MAO;BVB;2026-06-24 06:20:17.760;TSRA;NSW
2026-06-24 05:35:00.000;4451;A321-251NEO;VCP;MAO;BVB;2026-06-24 07:00:17.760;TSRA;NSW
2026-06-24 05:35:00.000;2648;A321-251NEO;REC;MAO;BVB;2026-06-24 07:00:17.760;TSRA;NSW
2026-06-26 17:55:00.000;2021;A321-231;VCP;MAO;BVB;2026-06-26 19:20:17.760;TSRA;-RA
2026-06-26 19:35:00.000;4013;A320-253NEO;BVB;MAO;BVB;2026-06-26 21:00:17.760;TSRA;VCSH
2026-06-26 19:45:00.000;4056;A320-253NEO;VCP;MAO;BVB;2026-06-26 21:10:17.760;TSRA;VCSH
2026-06-28 19:35:00.000;4013;A320-251NEO;BVB;MAO;BVB;2026-06-28 21:00:17.760;TSRA;NSW
2026-06-28 19:45:00.000;4056;A320-251NEO;VCP;MAO;BVB;2026-06-28 21:10:17.760;TSRA;NSW
2026-06-29 14:40:00.000;4066;A320-251NEO;CNF;MAO;BVB;2026-06-29 16:05:17.760;TSRA;NSW
2026-06-29 15:10:00.000;2943;A320-251NEO;VCP;MAO;BVB;2026-06-29 16:35:17.760;TSRA;NSW
2026-06-30 22:55:00.000;4545;A320-253NEO;BEL;MAO;BVB;2026-07-01 00:20:17.760;TSRA;-SHRA
2026-07-01 22:55:00.000;4545;A320-253NEO;BEL;MAO;BVB;2026-07-02 00:20:17.760;TS;NSW
2026-07-03 05:35:00.000;2648;A321-251NEO;REC;MAO;BVB;2026-07-03 07:00:17.760;TSRA;NSW
2026-07-03 05:40:00.000;4451;A321-251NEO;VCP;MAO;BVB;2026-07-03 07:05:17.760;TSRA;NSW
2026-07-03 06:25:00.000;2062;A321-231;VCP;MAO;BVB;2026-07-03 07:50:17.760;TSRA;NSW
2026-07-05 05:40:00.000;4451;A321-251NEO;VCP;MAO;BVB;2026-07-05 07:05:17.760;TSRA;NSW
2026-07-05 11:35:00.000;4862;A320-251NEO;BEL;MAO;BVB;2026-07-05 13:00:17.760;TSRA;VCSH
2026-07-06 17:45:00.000;2025;A321-231;VCP;MAO;BVB;2026-07-06 19:10:17.760;TSRA;NSW
2026-07-06 19:25:00.000;4013;A320-251NEO;BVB;MAO;BVB;2026-07-06 20:50:17.760;TSRA;NSW
2026-07-06 19:50:00.000;4056;A320-251NEO;VCP;MAO;BVB;2026-07-06 21:15:17.760;TSRA;NSW
2026-07-08 05:05:00.000;2062;A321-231;VCP;MAO;BVB;2026-07-08 06:30:17.760;TS;NSW
2026-07-08 05:35:00.000;2648;A321-251NEO;REC;MAO;BVB;2026-07-08 07:00:17.760;TS;NSW
2026-07-08 05:40:00.000;4451;A321-251NEO;VCP;MAO;BVB;2026-07-08 07:05:17.760;TS;NSW
2026-07-08 17:50:00.000;2060;A321-231;VCP;MAO;BVB;2026-07-08 19:15:17.760;TS;NSW
2026-07-08 19:25:00.000;4013;A321-251NEO;BVB;MAO;BVB;2026-07-08 20:50:17.760;TS;NSW
2026-07-13 01:15:00.000;4545;A320-251NEO;BEL;MAO;BVB;2026-07-13 02:40:17.760;TSRA;NSW
2026-07-15 05:05:00.000;2062;A321-231;VCP;MAO;BVB;2026-07-15 06:30:17.760;TS;NSW
2026-07-15 05:35:00.000;2648;A321-251NEO;REC;MAO;BVB;2026-07-15 07:00:17.760;TS;NSW
2026-07-15 05:40:00.000;4451;A321-251NEO;VCP;MAO;BVB;2026-07-15 07:05:17.760;TS;NSW
2026-07-21 05:35:00.000;2648;A321-251NEO;REC;MAO;BVB;2026-07-21 07:00:17.760;TS;NSW
2026-07-21 05:40:00.000;4451;A321-251NEO;VCP;MAO;BVB;2026-07-21 07:05:17.760;TS;NSW
2026-07-21 18:10:00.000;2060;A321-231;VCP;MAO;BVB;2026-07-21 19:35:17.760;TS;VCSH
2026-07-21 19:25:00.000;4013;A320-251NEO;BVB;MAO;BVB;2026-07-21 20:50:17.760;TS;NSW
2026-07-21 19:50:00.000;4056;A320-251NEO;VCP;MAO;BVB;2026-07-21 21:15:17.760;TS;NSW
2026-07-22 01:55:00.000;2023;A321-231;FOR;MAO;BVB;2026-07-22 03:20:17.760;TSRA;NSW
2026-07-22 05:05:00.000;2062;A321-231;VCP;MAO;BVB;2026-07-22 06:30:17.760;TSRA;NSW
2026-07-22 05:35:00.000;2648;A321-251NEO;REC;MAO;BVB;2026-07-22 07:00:17.760;TSRA;NSW
2026-07-22 05:40:00.000;4451;A321-251NEO;VCP;MAO;BVB;2026-07-22 07:05:17.760;TSRA;NSW
2026-07-22 14:50:00.000;4066;A320-251NEO;CNF;MAO;BVB;2026-07-22 16:15:17.760;TS;NSW
2026-07-22 15:10:00.000;2943;A320-251NEO;VCP;MAO;BVB;2026-07-22 16:35:17.760;TS;NSW
2026-07-27 01:15:00.000;4545;A320-251NEO;BEL;MAO;BVB;2026-07-27 02:40:17.760;TS;NSW
2026-07-29 01:55:00.000;2023;A321-231;FOR;MAO;BVB;2026-07-29 03:20:17.760;TS;NSW
2026-07-30 19:00:00.000;2060;A321-231;VCP;MAO;BVB;2026-07-30 20:25:17.760;TS;NSW
2026-07-30 19:25:00.000;4013;A320-251NEO;BVB;MAO;BVB;2026-07-30 20:50:17.760;TS;NSW
2026-07-30 19:50:00.000;4056;A320-253NEO;VCP;MAO;BVB;2026-07-30 21:15:17.760;TS;NSW
2026-07-30 20:50:00.000;9902;A321-231;VCP;MAO;BVB;2026-07-30 22:15:17.760;TS;NSW
2026-07-30 22:55:00.000;4545;A320-251NEO;BEL;MAO;BVB;2026-07-31 00:20:17.760;TS;NSW
2025-08-04 17:05:00.000;4502;ATR72-600;VCP;PTO;CAC;2025-08-04 17:33:21.999;TSRA;NSW
2025-08-24 17:05:00.000;4502;ATR72-600;VCP;PTO;CAC;2025-08-24 17:33:21.999;TSRA BR;-RA BR VCFG
2025-09-16 17:15:00.000;2722;ATR72-600;CWB;PTO;CAC;2025-09-16 17:43:21.999;TSRA;NSW
2025-10-18 17:15:00.000;2722;ATR72-600;CWB;PTO;CAC;2025-10-18 17:43:21.999;TSRA;NSW
2025-10-26 11:15:00.000;6074;ERJ;CGH;IGU;CAC;2025-10-26 11:30:27.360;TSRA BR;NSW
2025-10-26 12:45:00.000;2955;ERJ;VCP;IGU;CAC;2025-10-26 13:00:27.360;TSRA BR;NSW
2025-10-26 16:15:00.000;6002;ERJ;CGH;IGU;CAC;2025-10-26 16:30:27.360;TSRA BR;NSW
2025-10-26 17:15:00.000;4502;ATR72-600;VCP;PTO;CAC;2025-10-26 17:43:21.999;TSRA BR;NSW
2025-10-28 16:55:00.000;6002;ERJ;CGH;IGU;CAC;2025-10-28 17:10:27.360;TSRA;VCSH VCTS
2025-10-28 17:15:00.000;2722;ATR72-600;CWB;PTO;CAC;2025-10-28 17:43:21.999;TSRA;VCSH VCTS
2025-11-02 11:15:00.000;6074;ERJ;CGH;IGU;CAC;2025-11-02 11:30:27.360;TSRA BR;NSW
2025-11-02 12:45:00.000;2955;ERJ;VCP;IGU;CAC;2025-11-02 13:00:27.360;TSRA;NSW
2025-11-02 16:15:00.000;6002;ERJ;CGH;IGU;CAC;2025-11-02 16:30:27.360;TSRA;NSW
2025-11-02 17:15:00.000;4502;ATR72-600;VCP;PTO;CAC;2025-11-02 17:43:21.999;TS;NSW
2025-11-15 17:15:00.000;2722;ATR72-600;CWB;PTO;CAC;2025-11-15 17:43:21.999;TSRA BR;NSW
2025-11-17 08:05:00.000;9221;ERJ;VCP;IGU;CAC;2025-11-17 08:20:27.360;TSRA BR;VCTS
2025-11-17 12:10:00.000;6074;ERJ;CGH;IGU;CAC;2025-11-17 12:25:27.360;TSRA BR;BR
2025-11-17 12:45:00.000;2955;ERJ;VCP;IGU;CAC;2025-11-17 13:00:27.360;TSRA BR;NSW
2025-11-17 16:55:00.000;6002;ERJ;CGH;IGU;CAC;2025-11-17 17:10:27.360;TSRA BR;NSW
2025-11-17 17:15:00.000;4502;ATR72-600;VCP;PTO;CAC;2025-11-17 17:43:21.999;TSRA BR;NSW
2025-11-24 12:10:00.000;6074;ERJ;CGH;IGU;CAC;2025-11-24 12:25:27.360;TSRA;NSW
2025-11-24 16:55:00.000;6002;ERJ;CGH;IGU;CAC;2025-11-24 17:10:27.360;TSRA;NSW
2025-11-24 17:15:00.000;4502;ATR72-600;VCP;PTO;CAC;2025-11-24 17:43:21.999;TSRA;NSW
2025-12-22 19:25:00.000;2600;ERJ;CWB;IGU;CAC;2025-12-22 19:40:27.360;TSRA;-RA VCSH
2026-01-02 22:05:00.000;4864;ERJ;VCP;IGU;CAC;2026-01-02 22:20:27.360;TSRA;NSW
2026-01-11 16:15:00.000;6002;ERJ;CGH;IGU;CAC;2026-01-11 16:30:27.360;TSRA;VCSH
2026-01-11 17:05:00.000;4502;ATR72-600;VCP;PTO;CAC;2026-01-11 17:33:21.999;TSRA;-SHRA
2026-02-13 17:00:00.000;6002;ERJ;CGH;IGU;CAC;2026-02-13 17:15:27.360;TSRA;VCSH VCTS
2026-02-13 17:05:00.000;4502;ATR72-600;VCP;PTO;CAC;2026-02-13 17:33:21.999;TSRA;VCSH VCTS
2026-04-29 15:15:00.000;4233;ERJ;CWB;IGU;CAC;2026-04-29 15:30:27.360;TSRA;-RA BR
2026-04-29 18:10:00.000;2722;ATR72-600;CWB;PTO;CAC;2026-04-29 18:38:21.999;TSRA;-RA BR
2026-05-15 18:10:00.000;2722;ATR72-600;CWB;PTO;CAC;2026-05-15 18:38:21.999;TSRA BR;BR
2026-05-25 18:10:00.000;2722;ATR72-600;CWB;PTO;CAC;2026-05-25 18:38:21.999;TSRA;NSW
2026-05-26 12:15:00.000;6074;ERJ;CGH;IGU;CAC;2026-05-26 12:30:27.360;TSRA BR;FG
2026-06-10 16:50:00.000;6002;ERJ;CGH;IGU;CAC;2026-06-10 17:05:27.360;TSRA;RA
2026-06-22 12:15:00.000;6074;ERJ;CGH;IGU;CAC;2026-06-22 12:30:27.360;TSRA;NSW
2026-06-22 18:10:00.000;2722;ATR72-600;CWB;PTO;CAC;2026-06-22 18:38:21.999;TSRA BR;-RA
2026-06-28 11:15:00.000;6074;ERJ;CGH;IGU;CAC;2026-06-28 11:30:27.360;TSRA;NSW
2026-06-30 12:15:00.000;6074;ERJ;CGH;IGU;CAC;2026-06-30 12:30:27.360;TSRA;NSW
2026-06-30 15:50:00.000;4233;ERJ;CWB;IGU;CAC;2026-06-30 16:05:27.360;TSRA;VCSH
2026-06-30 16:55:00.000;6002;ERJ;CGH;IGU;CAC;2026-06-30 17:10:27.360;TSRA;NSW
2026-07-22 16:55:00.000;6002;ERJ;CGH;IGU;CAC;2026-07-22 17:10:27.360;TSRA BR;-RA
2026-07-24 18:10:00.000;2722;ATR72-600;CWB;PTO;CAC;2026-07-24 18:38:21.999;TSRA BR;NSW
2025-09-09 18:05:00.000;4384;ERJ;VCP;ROO;CGB;2025-09-09 18:28:28.320;TS;NSW
2025-09-09 20:40:00.000;4554;A320-251NEO;VCP;OPS;CGB;2025-09-09 21:34:47.520;TS;NSW
2025-09-16 18:05:00.000;4384;ERJ;VCP;ROO;CGB;2025-09-16 18:28:28.320;TS;NSW
2025-09-20 20:40:00.000;4554;A320-253NEO;VCP;OPS;CGB;2025-09-20 21:34:47.520;TSRA;NSW
2025-09-22 18:05:00.000;4384;ERJ;VCP;ROO;CGB;2025-09-22 18:28:28.320;TS;NSW
2025-09-22 18:05:00.000;4384;ERJ;VCP;ROO;CGB;2025-09-22 18:28:28.320;TS;NSW
2025-09-22 20:40:00.000;4554;A320-253NEO;VCP;OPS;CGB;2025-09-22 21:34:47.520;TS;NSW
2025-09-24 18:05:00.000;4384;ERJ;VCP;ROO;CGB;2025-09-24 18:28:28.320;TSRA;NSW
2025-09-24 20:40:00.000;4554;A320-251NEO;VCP;OPS;CGB;2025-09-24 21:34:47.520;TSRA;NSW
2025-10-03 18:00:00.000;4384;ERJ;VCP;ROO;CGB;2025-10-03 18:23:28.320;TSRA;NSW
2025-10-04 20:40:00.000;4554;A320-253NEO;VCP;OPS;CGB;2025-10-04 21:34:47.520;TSRA;NSW
2025-10-11 20:40:00.000;4554;A320-251NEO;VCP;OPS;CGB;2025-10-11 21:34:47.520;TS;NSW
2025-10-12 18:00:00.000;4384;ERJ;VCP;ROO;CGB;2025-10-12 18:23:28.320;TS;NSW
2025-10-12 20:40:00.000;4554;A320-251NEO;VCP;OPS;CGB;2025-10-12 21:34:47.520;TS;NSW
2025-10-13 18:00:00.000;4384;ERJ;VCP;ROO;CGB;2025-10-13 18:23:28.320;TS;NSW
2025-10-13 20:40:00.000;4554;A320-251NEO;VCP;OPS;CGB;2025-10-13 21:34:47.520;TS;NSW
2025-10-14 18:00:00.000;4384;ERJ;VCP;ROO;CGB;2025-10-14 18:23:28.320;TSRA;NSW
2025-10-14 20:40:00.000;4554;A320-251NEO;VCP;OPS;CGB;2025-10-14 21:34:47.520;TSRA;NSW
2025-10-15 18:00:00.000;4384;ERJ;VCP;ROO;CGB;2025-10-15 18:23:28.320;TS;NSW
2025-10-16 20:40:00.000;4554;A320-251NEO;VCP;OPS;CGB;2025-10-16 21:34:47.520;TSRA;NSW
2025-10-17 18:00:00.000;4384;ERJ;VCP;ROO;CGB;2025-10-17 18:23:28.320;TS;NSW
2025-10-20 18:00:00.000;4384;ERJ;VCP;ROO;CGB;2025-10-20 18:23:28.320;TSRA;NSW
2025-10-20 20:40:00.000;4554;A320-251NEO;VCP;OPS;CGB;2025-10-20 21:34:47.520;TSRA;NSW
2025-10-21 20:40:00.000;4554;A320-253NEO;VCP;OPS;CGB;2025-10-21 21:34:47.520;TS;VCSH
2025-10-28 17:55:00.000;4384;ERJ;VCP;ROO;CGB;2025-10-28 18:18:28.320;TS;NSW
2025-10-28 20:40:00.000;4554;A320-253NEO;VCP;OPS;CGB;2025-10-28 21:34:47.520;TS;NSW
2025-11-08 20:40:00.000;4554;A320-251NEO;VCP;OPS;CGB;2025-11-08 21:34:47.520;TSRA;NSW
2025-11-10 17:50:00.000;4384;ERJ;VCP;ROO;CGB;2025-11-10 18:13:28.320;TS;NSW
2025-11-10 20:40:00.000;4554;A320-253NEO;VCP;OPS;CGB;2025-11-10 21:34:47.520;TS;NSW
2025-11-11 20:40:00.000;4554;A320-253NEO;VCP;OPS;CGB;2025-11-11 21:34:47.520;TS;NSW
2025-11-12 17:50:00.000;4384;ERJ;VCP;ROO;CGB;2025-11-12 18:13:28.320;TS;NSW
2025-11-12 18:10:00.000;2700;A321-251NEO;VCP;CGR;CGB;2025-11-12 19:22:10.080;TS;NSW
2025-11-12 20:40:00.000;4554;A320-251NEO;VCP;OPS;CGB;2025-11-12 21:34:47.520;TS;NSW
2025-11-17 17:55:00.000;4384;ERJ;VCP;ROO;CGB;2025-11-17 18:18:28.320;TSRA;NSW
2025-11-23 20:40:00.000;4554;A320-251NEO;VCP;OPS;CGB;2025-11-23 21:34:47.520;TSRA;NSW
2025-11-28 20:40:00.000;4554;A320-251NEO;VCP;OPS;CGB;2025-11-28 21:34:47.520;TS;NSW
2025-12-02 18:00:00.000;4384;ERJ;VCP;ROO;CGB;2025-12-02 18:23:28.320;TS;NSW
2025-12-02 20:40:00.000;4554;A320-251NEO;VCP;OPS;CGB;2025-12-02 21:34:47.520;TS;NSW
2025-12-09 20:40:00.000;4554;A320-251NEO;VCP;OPS;CGB;2025-12-09 21:34:47.520;TSRA;NSW
2025-12-10 20:40:00.000;4554;A320-251NEO;VCP;OPS;CGB;2025-12-10 21:34:47.520;TS;NSW
2025-12-11 20:40:00.000;4554;A320-251NEO;VCP;OPS;CGB;2025-12-11 21:34:47.520;TS;NSW
2025-12-12 20:40:00.000;4554;A320-251NEO;VCP;OPS;CGB;2025-12-12 21:34:47.520;TS;NSW
2025-12-13 20:40:00.000;4554;A320-251NEO;VCP;OPS;CGB;2025-12-13 21:34:47.520;TSRA;NSW
2025-12-15 20:40:00.000;4554;A320-253NEO;VCP;OPS;CGB;2025-12-15 21:34:47.520;TSRA;NSW
2025-12-18 20:40:00.000;4554;A320-253NEO;VCP;OPS;CGB;2025-12-18 21:34:47.520;TSRA;VCSH
2025-12-20 20:40:00.000;4554;A320-251NEO;VCP;OPS;CGB;2025-12-20 21:34:47.520;TSRA;NSW
2025-12-21 20:40:00.000;4554;A320-253NEO;VCP;OPS;CGB;2025-12-21 21:34:47.520;TSRA;NSW
2025-12-22 20:40:00.000;4554;A320-251NEO;VCP;OPS;CGB;2025-12-22 21:34:47.520;TSRA;NSW
2025-12-23 20:40:00.000;4554;A320-251NEO;VCP;OPS;CGB;2025-12-23 21:34:47.520;TSRA;NSW
2025-12-26 18:00:00.000;4384;ERJ;VCP;ROO;CGB;2025-12-26 18:23:28.320;TS;-RA
2025-12-28 20:40:00.000;4554;A320-251NEO;VCP;OPS;CGB;2025-12-28 21:34:47.520;TSRA;-RA
2025-12-30 20:40:00.000;4554;A320-253NEO;VCP;OPS;CGB;2025-12-30 21:34:47.520;TSRA;NSW
2026-01-02 20:40:00.000;4554;A320-253NEO;VCP;OPS;CGB;2026-01-02 21:34:47.520;TSRA;NSW
2026-01-03 20:40:00.000;4554;A320-251NEO;VCP;OPS;CGB;2026-01-03 21:34:47.520;TSRA;NSW
2026-01-09 18:00:00.000;4384;ERJ;VCP;ROO;CGB;2026-01-09 18:23:28.320;TS;NSW
2026-01-09 20:40:00.000;4554;A320-251NEO;VCP;OPS;CGB;2026-01-09 21:34:47.520;TS;NSW
2026-01-12 18:00:00.000;4384;ERJ;VCP;ROO;CGB;2026-01-12 18:23:28.320;TS;NSW
2026-01-12 20:40:00.000;4554;A320-251NEO;VCP;OPS;CGB;2026-01-12 21:34:47.520;TS;NSW
2026-01-17 20:40:00.000;4554;A320-251NEO;VCP;OPS;CGB;2026-01-17 21:34:47.520;TS;NSW
2026-01-19 18:00:00.000;4384;ERJ;VCP;ROO;CGB;2026-01-19 18:23:28.320;TS;VCSH
2026-01-21 18:00:00.000;4384;ERJ;VCP;ROO;CGB;2026-01-21 18:23:28.320;TSRA;NSW
2026-01-21 20:40:00.000;4554;A320-253NEO;VCP;OPS;CGB;2026-01-21 21:34:47.520;TSRA;NSW
2026-01-26 20:40:00.000;4554;A320-253NEO;VCP;OPS;CGB;2026-01-26 21:34:47.520;TS;NSW
2026-01-27 18:50:00.000;4384;ATR72-600;VCP;ROO;CGB;2026-01-27 19:22:36.000;TSRA;NSW
2026-01-27 20:40:00.000;4554;A320-253NEO;VCP;OPS;CGB;2026-01-27 21:34:47.520;TSRA;NSW
2026-01-30 18:00:00.000;4384;ERJ;VCP;ROO;CGB;2026-01-30 18:23:28.320;TS;NSW
2026-02-01 20:50:00.000;4554;A320-253NEO;VCP;OPS;CGB;2026-02-01 21:44:47.520;TSRA;NSW
2026-02-02 18:00:00.000;4384;ERJ;VCP;ROO;CGB;2026-02-02 18:23:28.320;TSRA;NSW
2026-02-02 20:40:00.000;4554;A320-251NEO;VCP;OPS;CGB;2026-02-02 21:34:47.520;TSRA;NSW
2026-02-06 20:40:00.000;4554;A320-251NEO;VCP;OPS;CGB;2026-02-06 21:34:47.520;TS;NSW
2026-02-08 20:40:00.000;4554;A320-251NEO;VCP;OPS;CGB;2026-02-08 21:34:47.520;TSRA;NSW
2026-02-09 18:00:00.000;4384;ERJ;VCP;ROO;CGB;2026-02-09 18:23:28.320;TS;VCSH
2026-02-09 20:40:00.000;4554;A320-251NEO;VCP;OPS;CGB;2026-02-09 21:34:47.520;TS;-RA
2026-02-10 18:00:00.000;4384;ERJ;VCP;ROO;CGB;2026-02-10 18:23:28.320;TS;NSW
2026-02-10 20:40:00.000;4554;A320-251NEO;VCP;OPS;CGB;2026-02-10 21:34:47.520;TS;NSW
2026-02-11 20:40:00.000;4554;A320-251NEO;VCP;OPS;CGB;2026-02-11 21:34:47.520;TSRA;NSW
2026-02-16 20:40:00.000;4554;A320-251NEO;VCP;OPS;CGB;2026-02-16 21:34:47.520;TS;NSW
2026-02-19 20:40:00.000;4554;A320-251NEO;VCP;OPS;CGB;2026-02-19 21:34:47.520;TS;VCSH
2026-02-21 20:40:00.000;4554;A320-251NEO;VCP;OPS;CGB;2026-02-21 21:34:47.520;TS;VCSH
2026-02-23 17:55:00.000;4384;ERJ;VCP;ROO;CGB;2026-02-23 18:18:28.320;TSRA;NSW
2026-02-23 20:40:00.000;4554;A320-251NEO;VCP;OPS;CGB;2026-02-23 21:34:47.520;TSRA;NSW
2026-02-24 17:55:00.000;4384;ERJ;VCP;ROO;CGB;2026-02-24 18:18:28.320;TSRA;NSW
2026-02-24 20:40:00.000;4554;A320-251NEO;VCP;OPS;CGB;2026-02-24 21:34:47.520;TSRA;NSW
2026-02-26 17:55:00.000;4384;ERJ;VCP;ROO;CGB;2026-02-26 18:18:28.320;TSRA;NSW
2026-02-26 20:40:00.000;4554;A320-251NEO;VCP;OPS;CGB;2026-02-26 21:34:47.520;TSRA;VCSH
2026-02-27 17:55:00.000;4384;ERJ;VCP;ROO;CGB;2026-02-27 18:18:28.320;TSRA;NSW
2026-02-27 20:40:00.000;4554;A320-251NEO;VCP;OPS;CGB;2026-02-27 21:34:47.520;TSRA;NSW
2026-03-03 20:40:00.000;4554;A320-251NEO;VCP;OPS;CGB;2026-03-03 21:34:47.520;TS;NSW
2026-03-04 20:40:00.000;4554;A320-251NEO;VCP;OPS;CGB;2026-03-04 21:34:47.520;TSRA;NSW
2026-03-08 17:55:00.000;4384;ERJ;VCP;ROO;CGB;2026-03-08 18:18:28.320;TS;NSW
2026-03-08 20:40:00.000;4554;A320-251NEO;VCP;OPS;CGB;2026-03-08 21:34:47.520;TS;VCSH
2026-03-09 17:55:00.000;4384;ERJ;VCP;ROO;CGB;2026-03-09 18:18:28.320;TSRA;-RA
2026-03-09 20:40:00.000;4554;A320-253NEO;VCP;OPS;CGB;2026-03-09 21:34:47.520;TSRA;NSW
2026-03-10 20:40:00.000;4554;A320-253NEO;VCP;OPS;CGB;2026-03-10 21:34:47.520;TSRA;NSW
2026-03-11 20:40:00.000;4554;A320-251NEO;VCP;OPS;CGB;2026-03-11 21:34:47.520;TS;NSW
2026-03-12 20:40:00.000;4554;A320-253NEO;VCP;OPS;CGB;2026-03-12 21:34:47.520;TS;NSW
2026-03-13 17:55:00.000;4384;ERJ;VCP;ROO;CGB;2026-03-13 18:18:28.320;TS;NSW
2026-03-14 20:40:00.000;4554;A320-251NEO;VCP;OPS;CGB;2026-03-14 21:34:47.520;TSRA;NSW
2026-03-18 17:55:00.000;4384;ERJ;VCP;ROO;CGB;2026-03-18 18:18:28.320;TSRA;NSW
2026-03-19 17:55:00.000;4384;ERJ;VCP;ROO;CGB;2026-03-19 18:18:28.320;TSRA;NSW
2026-03-19 20:40:00.000;4554;A320-253NEO;VCP;OPS;CGB;2026-03-19 21:34:47.520;TSRA;NSW
2026-03-21 20:40:00.000;4554;A320-251NEO;VCP;OPS;CGB;2026-03-21 21:34:47.520;TS;NSW
2026-03-22 17:55:00.000;4384;ERJ;VCP;ROO;CGB;2026-03-22 18:18:28.320;TS;NSW
2026-03-23 17:55:00.000;4384;ERJ;VCP;ROO;CGB;2026-03-23 18:18:28.320;TSRA;NSW
2026-03-24 20:40:00.000;4554;A320-253NEO;VCP;OPS;CGB;2026-03-24 21:34:47.520;TSRA;NSW
2026-03-25 20:40:00.000;4554;A320-251NEO;VCP;OPS;CGB;2026-03-25 21:34:47.520;TSRA;NSW
2026-04-01 17:55:00.000;4384;ERJ;VCP;ROO;CGB;2026-04-01 18:18:28.320;TS;VCSH
2026-04-01 20:40:00.000;4554;A320-251NEO;VCP;OPS;CGB;2026-04-01 21:34:47.520;TS;NSW
2026-04-02 17:55:00.000;4384;ERJ;VCP;ROO;CGB;2026-04-02 18:18:28.320;TSRA;NSW
2026-04-02 20:40:00.000;4554;A320-251NEO;VCP;OPS;CGB;2026-04-02 21:34:47.520;TSRA;NSW
2026-04-06 20:40:00.000;4554;A320-251NEO;VCP;OPS;CGB;2026-04-06 21:34:47.520;TSRA;NSW
2026-04-08 17:55:00.000;4384;ERJ;VCP;ROO;CGB;2026-04-08 18:18:28.320;TSRA;NSW
2026-04-08 20:40:00.000;4554;A320-251NEO;VCP;OPS;CGB;2026-04-08 21:34:47.520;TSRA;NSW
2026-04-09 20:40:00.000;4554;A320-253NEO;VCP;OPS;CGB;2026-04-09 21:34:47.520;TS;NSW
2026-04-10 17:55:00.000;4384;ERJ;VCP;ROO;CGB;2026-04-10 18:18:28.320;TS;NSW
2026-04-10 20:40:00.000;4554;A320-251NEO;VCP;OPS;CGB;2026-04-10 21:34:47.520;TS;NSW
2026-04-12 17:55:00.000;4384;ERJ;VCP;ROO;CGB;2026-04-12 18:18:28.320;TS;NSW
2026-04-17 20:40:00.000;4554;A320-251NEO;VCP;OPS;CGB;2026-04-17 21:34:47.520;TSRA;NSW
2026-04-23 17:55:00.000;4384;ERJ;VCP;ROO;CGB;2026-04-23 18:18:28.320;TS;VCSH
2026-04-23 20:40:00.000;4554;A320-253NEO;VCP;OPS;CGB;2026-04-23 21:34:47.520;TS;NSW
2026-04-27 17:55:00.000;4384;ERJ;VCP;ROO;CGB;2026-04-27 18:18:28.320;TSRA;NSW
2026-04-28 17:55:00.000;4384;ERJ;VCP;ROO;CGB;2026-04-28 18:18:28.320;TSRA;NSW
2026-04-28 20:40:00.000;4554;A320-251NEO;VCP;OPS;CGB;2026-04-28 21:34:47.520;TSRA;NSW
2026-05-17 17:55:00.000;4384;ERJ;VCP;ROO;CGB;2026-05-17 18:18:28.320;TSRA;NSW
2026-05-17 20:50:00.000;4554;A320-251NEO;VCP;OPS;CGB;2026-05-17 21:44:47.520;TSRA;NSW
2026-06-22 17:55:00.000;4384;ERJ;VCP;ROO;CGB;2026-06-22 18:18:28.320;TS;VCSH VCTS
2025-08-20 13:15:00.000;2690;ERJ;VCP;CMG;CGR;2025-08-20 14:00:46.080;TSRA;NSW
2025-08-20 14:20:00.000;4336;A320-251NEO;VCP;CGB;CGR;2025-08-20 15:32:10.080;TSRA;NSW
2025-09-01 20:00:00.000;4338;A320-251NEO;VCP;CGB;CGR;2025-09-01 21:12:10.080;TSRA;NSW
2025-09-16 20:00:00.000;4338;A320-251NEO;VCP;CGB;CGR;2025-09-16 21:12:10.080;TSRA;NSW
2025-09-22 20:00:00.000;4338;A320-251NEO;VCP;CGB;CGR;2025-09-22 21:12:10.080;TSRA BR;NSW
2025-10-01 20:00:00.000;4338;A320-253NEO;VCP;CGB;CGR;2025-10-01 21:12:10.080;TSRA;NSW
2025-10-08 19:55:00.000;4338;A320-251NEO;VCP;CGB;CGR;2025-10-08 21:07:10.080;TS;NSW
2025-10-08 22:05:00.000;4239;A320-251NEO;VCP;CGB;CGR;2025-10-08 23:17:10.080;TS;NSW
2025-10-16 19:55:00.000;4338;A320-251NEO;VCP;CGB;CGR;2025-10-16 21:07:10.080;TSRA;VCSH
2025-10-17 19:55:00.000;4338;A320-251NEO;VCP;CGB;CGR;2025-10-17 21:07:10.080;TSRA;NSW
2025-10-26 20:00:00.000;4338;A320-251NEO;VCP;CGB;CGR;2025-10-26 21:12:10.080;TSRA;-RA VCTS
2025-10-27 20:10:00.000;4338;A320-251NEO;VCP;CGB;CGR;2025-10-27 21:22:10.080;TSRA;VCSH
2025-11-02 20:00:00.000;4338;A320-251NEO;VCP;CGB;CGR;2025-11-02 21:12:10.080;TSRA;VCSH VCTS
2025-11-05 20:00:00.000;4338;A320-251NEO;VCP;CGB;CGR;2025-11-05 21:12:10.080;TSRA;NSW
2025-11-12 20:00:00.000;4338;A320-251NEO;VCP;CGB;CGR;2025-11-12 21:12:10.080;TSRA;NSW
2025-11-12 22:05:00.000;4239;A320-251NEO;VCP;CGB;CGR;2025-11-12 23:17:10.080;TSRA;VCTS
2025-11-15 22:05:00.000;4239;A320-251NEO;VCP;CGB;CGR;2025-11-15 23:17:10.080;TSRA;VCTS
2025-11-16 20:00:00.000;4338;A320-251NEO;VCP;CGB;CGR;2025-11-16 21:12:10.080;TSRA;NSW
2025-11-17 14:35:00.000;4336;A320-253NEO;VCP;CGB;CGR;2025-11-17 15:47:10.080;TSRA;-RA
2025-12-01 20:00:00.000;4338;A320-253NEO;VCP;CGB;CGR;2025-12-01 21:12:10.080;TSRA;NSW
2025-12-03 04:55:00.000;4340;A320-251NEO;VCP;CGB;CGR;2025-12-03 06:07:10.080;TSRA;NSW
2025-12-05 20:00:00.000;4338;A320-251NEO;VCP;CGB;CGR;2025-12-05 21:12:10.080;TSRA;NSW
2025-12-08 22:05:00.000;4239;A320-251NEO;VCP;CGB;CGR;2025-12-08 23:17:10.080;TSRA;-RA
2025-12-09 04:55:00.000;4340;A320-251NEO;VCP;CGB;CGR;2025-12-09 06:07:10.080;TSRA;NSW
2025-12-09 11:20:00.000;2911;A320-251NEO;VCP;CGB;CGR;2025-12-09 12:32:10.080;TSRA;BR
2025-12-12 20:00:00.000;4338;A320-251NEO;VCP;CGB;CGR;2025-12-12 21:12:10.080;TS;VCSH VCTS
2025-12-13 14:35:00.000;4336;A320-253NEO;VCP;CGB;CGR;2025-12-13 15:47:10.080;TSRA;NSW
2025-12-15 20:00:00.000;4338;A320-251NEO;VCP;CGB;CGR;2025-12-15 21:12:10.080;TSRA;NSW
2025-12-16 14:35:00.000;4336;A320-251NEO;VCP;CGB;CGR;2025-12-16 15:47:10.080;TSRA;NSW
2025-12-16 20:00:00.000;4338;A320-251NEO;VCP;CGB;CGR;2025-12-16 21:12:10.080;TSRA;NSW
2025-12-18 20:00:00.000;4338;A320-251NEO;VCP;CGB;CGR;2025-12-18 21:12:10.080;TS;NSW
2025-12-19 14:35:00.000;4336;A320-251NEO;VCP;CGB;CGR;2025-12-19 15:47:10.080;TSRA BR;NSW
2025-12-19 20:00:00.000;4338;A320-251NEO;VCP;CGB;CGR;2025-12-19 21:12:10.080;TSRA;NSW
2025-12-21 20:00:00.000;4338;A320-251NEO;VCP;CGB;CGR;2025-12-21 21:12:10.080;TSRA;VCSH
2025-12-22 20:00:00.000;4338;A320-251NEO;VCP;CGB;CGR;2025-12-22 21:12:10.080;TS;NSW
2025-12-22 22:45:00.000;4239;A320-251NEO;VCP;CGB;CGR;2025-12-22 23:57:10.080;TS;VCSH
2025-12-26 20:00:00.000;4338;A320-251NEO;VCP;CGB;CGR;2025-12-26 21:12:10.080;TSRA;NSW
2025-12-29 14:35:00.000;4336;A320-251NEO;VCP;CGB;CGR;2025-12-29 15:47:10.080;TS;-RA
2025-12-29 22:45:00.000;4239;A320-251NEO;VCP;CGB;CGR;2025-12-29 23:57:10.080;TSRA;NSW
2025-12-30 14:35:00.000;4336;A320-251NEO;VCP;CGB;CGR;2025-12-30 15:47:10.080;TS;NSW
2026-01-01 20:00:00.000;4338;A320-251NEO;VCP;CGB;CGR;2026-01-01 21:12:10.080;TS;VCSH
2026-01-07 20:00:00.000;4338;A320-251NEO;VCP;CGB;CGR;2026-01-07 21:12:10.080;TSRA;NSW
2026-01-08 20:00:00.000;4338;A320-251NEO;VCP;CGB;CGR;2026-01-08 21:12:10.080;TSRA;VCSH
2026-01-09 20:00:00.000;4338;A320-251NEO;VCP;CGB;CGR;2026-01-09 21:12:10.080;TSRA;VCSH VCTS
2026-01-11 20:00:00.000;4338;A320-251NEO;VCP;CGB;CGR;2026-01-11 21:12:10.080;TSRA;VCSH
2026-01-14 20:00:00.000;4338;A320-253NEO;VCP;CGB;CGR;2026-01-14 21:12:10.080;TSRA;VCSH VCTS
2026-01-16 20:00:00.000;4338;A320-251NEO;VCP;CGB;CGR;2026-01-16 21:12:10.080;TSRA;NSW
2026-01-19 20:00:00.000;4338;A320-251NEO;VCP;CGB;CGR;2026-01-19 21:12:10.080;TSRA;VCSH
2026-01-26 20:00:00.000;4338;A320-251NEO;VCP;CGB;CGR;2026-01-26 21:12:10.080;TS;NSW
2026-01-27 20:00:00.000;4338;A320-251NEO;VCP;CGB;CGR;2026-01-27 21:12:10.080;TSRA;VCSH VCTS
2026-01-28 20:00:00.000;4338;A320-251NEO;VCP;CGB;CGR;2026-01-28 21:12:10.080;TSRA;VCSH
2026-01-29 20:00:00.000;4338;A320-251NEO;VCP;CGB;CGR;2026-01-29 21:12:10.080;TSRA;NSW
2026-01-29 22:45:00.000;4239;A320-251NEO;VCP;CGB;CGR;2026-01-29 23:57:10.080;TSRA;NSW
2026-02-04 20:05:00.000;4338;A320-251NEO;VCP;CGB;CGR;2026-02-04 21:17:10.080;TSRA;NSW
2026-02-04 22:45:00.000;4239;A320-251NEO;VCP;CGB;CGR;2026-02-04 23:57:10.080;TSRA;NSW
2026-02-08 20:05:00.000;4338;A320-251NEO;VCP;CGB;CGR;2026-02-08 21:17:10.080;TSRA;NSW
2026-02-13 20:05:00.000;4338;A320-251NEO;VCP;CGB;CGR;2026-02-13 21:17:10.080;TSRA;NSW
2026-02-18 20:05:00.000;4338;A320-251NEO;VCP;CGB;CGR;2026-02-18 21:17:10.080;TSRA;VCTS
2026-02-18 22:45:00.000;4239;A320-251NEO;VCP;CGB;CGR;2026-02-18 23:57:10.080;TSRA;VCTS
2026-02-23 20:05:00.000;4338;A320-251NEO;VCP;CGB;CGR;2026-02-23 21:17:10.080;TSRA;NSW
2026-02-24 20:05:00.000;4338;A320-251NEO;VCP;CGB;CGR;2026-02-24 21:17:10.080;TSRA;NSW
2026-02-24 22:45:00.000;4239;A320-253NEO;VCP;CGB;CGR;2026-02-24 23:57:10.080;TSRA;VCTS
2026-02-25 20:05:00.000;4338;A320-251NEO;VCP;CGB;CGR;2026-02-25 21:17:10.080;TS;NSW
2026-02-25 22:45:00.000;4239;A320-251NEO;VCP;CGB;CGR;2026-02-25 23:57:10.080;TS;NSW
2026-03-08 20:05:00.000;4338;A320-253NEO;VCP;CGB;CGR;2026-03-08 21:17:10.080;TSRA;VCSH VCTS
2026-03-09 22:45:00.000;4239;A320-251NEO;VCP;CGB;CGR;2026-03-09 23:57:10.080;TSRA;NSW
2026-03-10 20:05:00.000;4338;A320-251NEO;VCP;CGB;CGR;2026-03-10 21:17:10.080;TSRA;RA
2026-03-11 20:05:00.000;4338;A320-251NEO;VCP;CGB;CGR;2026-03-11 21:17:10.080;TSRA;NSW
2026-03-12 14:20:00.000;4336;A320-251NEO;VCP;CGB;CGR;2026-03-12 15:32:10.080;TSRA;NSW
2026-03-12 20:05:00.000;4338;A320-251NEO;VCP;CGB;CGR;2026-03-12 21:17:10.080;TS;NSW
2026-03-16 20:05:00.000;4338;A320-251NEO;VCP;CGB;CGR;2026-03-16 21:17:10.080;TSRA;NSW
2026-03-17 20:05:00.000;4338;A320-251NEO;VCP;CGB;CGR;2026-03-17 21:17:10.080;TS;VCSH VCTS
2026-03-18 20:05:00.000;4338;A320-253NEO;VCP;CGB;CGR;2026-03-18 21:17:10.080;TSRA;VCSH VCTS
2026-03-18 22:45:00.000;4239;A320-251NEO;VCP;CGB;CGR;2026-03-18 23:57:10.080;TSRA;NSW
2026-03-20 20:05:00.000;4338;A320-251NEO;VCP;CGB;CGR;2026-03-20 21:17:10.080;TSRA;VCSH
2026-03-25 20:05:00.000;4338;A320-251NEO;VCP;CGB;CGR;2026-03-25 21:17:10.080;TSRA;NSW
2026-03-26 20:05:00.000;4338;A320-251NEO;VCP;CGB;CGR;2026-03-26 21:17:10.080;TSRA;NSW
2026-03-27 20:05:00.000;4338;A320-251NEO;VCP;CGB;CGR;2026-03-27 21:17:10.080;TSRA;VCSH
2026-03-27 22:45:00.000;4239;A320-251NEO;VCP;CGB;CGR;2026-03-27 23:57:10.080;TSRA;VCSH VCTS
2026-04-06 20:00:00.000;4338;A321-251NEO;VCP;CGB;CGR;2026-04-06 21:12:10.080;TSRA;VCTS
2026-04-08 04:50:00.000;4256;A320-253NEO;CNF;CGB;CGR;2026-04-08 06:02:10.080;TSRA;NSW
2026-04-08 20:00:00.000;4338;A320-251NEO;VCP;CGB;CGR;2026-04-08 21:12:10.080;TS;NSW
2026-04-16 20:00:00.000;4338;A320-251NEO;VCP;CGB;CGR;2026-04-16 21:12:10.080;TSRA;VCSH VCTS
2026-04-27 20:00:00.000;4338;A320-251NEO;VCP;CGB;CGR;2026-04-27 21:12:10.080;TSRA BR;VCSH
2026-04-27 22:15:00.000;4239;A320-251NEO;VCP;CGB;CGR;2026-04-27 23:27:10.080;TSRA BR;BR
2026-04-28 20:00:00.000;4338;A320-251NEO;VCP;CGB;CGR;2026-04-28 21:12:10.080;TSRA;NSW
2026-05-08 22:15:00.000;4239;A320-251NEO;VCP;CGB;CGR;2026-05-08 23:27:10.080;TSRA;-RA VCTS
2026-05-09 05:10:00.000;4256;A320-251NEO;CNF;CGB;CGR;2026-05-09 06:22:10.080;TSRA BR;FG
2026-05-17 05:10:00.000;4256;A320-253NEO;CNF;CGB;CGR;2026-05-17 06:22:10.080;TS;NSW
2026-05-17 13:15:00.000;2490;ERJ;VCP;BYO;CGR;2026-05-17 13:41:26.880;TSRA BR;VCSH
2026-05-17 20:00:00.000;4338;A320-251NEO;VCP;CGB;CGR;2026-05-17 21:12:10.080;TSRA BR;NSW
2026-05-17 22:10:00.000;4239;A320-251NEO;VCP;CGB;CGR;2026-05-17 23:22:10.080;TSRA BR;-RA
2026-06-13 05:05:00.000;4256;A320-251NEO;CNF;CGB;CGR;2026-06-13 06:17:10.080;TSRA;VCTS
2026-06-14 20:00:00.000;4338;A320-253NEO;VCP;CGB;CGR;2026-06-14 21:12:10.080;TSRA;NSW
2025-10-05 13:20:00.000;2806;A320-251NEO;VCP;PMW;CKS;2025-10-05 14:24:33.600;TS;NSW
2025-10-15 13:20:00.000;2806;A320-251NEO;VCP;PMW;CKS;2025-10-15 14:24:33.600;TS;NSW
2025-11-06 06:15:00.000;4112;A320-251NEO;BEL;MAB;CKS;2025-11-06 06:31:26.400;TSRA;NSW
2025-11-06 13:20:00.000;2806;A320-251NEO;VCP;PMW;CKS;2025-11-06 14:24:33.600;TS;-RA
2025-11-11 19:20:00.000;4817;ERJ;GYN;PMW;CKS;2025-11-11 20:24:33.600;TS;NSW
2025-11-13 19:20:00.000;4817;ERJ;GYN;PMW;CKS;2025-11-13 20:24:33.600;TS;NSW
2025-11-18 19:20:00.000;4817;ERJ;GYN;PMW;CKS;2025-11-18 20:24:33.600;TSRA;NSW
2025-11-19 19:20:00.000;4817;ERJ;GYN;PMW;CKS;2025-11-19 20:24:33.600;TS;NSW
2025-11-20 16:50:00.000;4460;A320-251NEO;BEL;MAB;CKS;2025-11-20 17:06:26.400;TSRA;NSW
2025-11-24 19:30:00.000;4817;ERJ;GYN;PMW;CKS;2025-11-24 20:34:33.600;TSRA;BR
2025-11-25 05:00:00.000;4411;A320-253NEO;CNF;MAB;CKS;2025-11-25 05:16:26.400;TSRA;BR
2025-11-25 04:45:00.000;2878;ERJ;CNF;IMP;CKS;2025-11-25 05:22:24.960;TSRA;BR
2025-11-25 04:55:00.000;4408;A320-251NEO;CNF;PMW;CKS;2025-11-25 05:59:33.600;TSRA;BR
2025-11-25 06:15:00.000;4112;A320-251NEO;BEL;MAB;CKS;2025-11-25 06:31:26.400;TSRA;BR
2025-11-28 19:30:00.000;4817;ERJ;GYN;PMW;CKS;2025-11-28 20:34:33.600;TSRA;NSW
2025-11-29 19:30:00.000;4817;ERJ;GYN;PMW;CKS;2025-11-29 20:34:33.600;TSRA;BR
2025-11-30 05:00:00.000;4411;ERJ;CNF;MAB;CKS;2025-11-30 05:16:26.400;TSRA;BR
2025-11-30 04:45:00.000;2878;ERJ;CNF;IMP;CKS;2025-11-30 05:22:24.960;TSRA;BR
2025-11-30 06:45:00.000;4112;A320-251NEO;BEL;MAB;CKS;2025-11-30 07:01:26.400;TSRA;BR
2025-11-30 16:50:00.000;4460;A320-251NEO;BEL;MAB;CKS;2025-11-30 17:06:26.400;TSRA;NSW
2025-11-30 19:20:00.000;4817;ERJ;GYN;PMW;CKS;2025-11-30 20:24:33.600;TSRA;NSW
2025-12-01 19:20:00.000;4817;ERJ;GYN;PMW;CKS;2025-12-01 20:24:33.600;TSRA;NSW
2025-12-02 19:20:00.000;4817;ERJ;GYN;PMW;CKS;2025-12-02 20:24:33.600;TS;NSW
2025-12-03 19:20:00.000;4817;ERJ;GYN;PMW;CKS;2025-12-03 20:24:33.600;TSRA;NSW
2025-12-04 19:20:00.000;4817;ERJ;GYN;PMW;CKS;2025-12-04 20:24:33.600;TSRA;RA FG
2025-12-08 19:20:00.000;4817;ERJ;GYN;PMW;CKS;2025-12-08 20:24:33.600;TSRA BR;NSW
2025-12-09 19:20:00.000;4817;ERJ;GYN;PMW;CKS;2025-12-09 20:24:33.600;TSRA;NSW
2025-12-11 17:15:00.000;4460;A320-251NEO;BEL;MAB;CKS;2025-12-11 17:31:26.400;TS;NSW
2025-12-11 19:20:00.000;4817;ERJ;GYN;PMW;CKS;2025-12-11 20:24:33.600;TS;NSW
2025-12-13 19:25:00.000;4817;ERJ;GYN;PMW;CKS;2025-12-13 20:29:33.600;TSRA;NSW
2025-12-18 13:20:00.000;2806;A320-251NEO;VCP;PMW;CKS;2025-12-18 14:24:33.600;TSRA;NSW
2025-12-25 13:20:00.000;2806;A320-251NEO;VCP;PMW;CKS;2025-12-25 14:24:33.600;TSRA BR;BR
2025-12-25 17:15:00.000;4460;A320-253NEO;BEL;MAB;CKS;2025-12-25 17:31:26.400;TSRA BR;NSW
2026-01-04 05:40:00.000;4817;ERJ;GYN;PMW;CKS;2026-01-04 06:44:33.600;TSRA BR;NSW
2026-01-06 06:25:00.000;4112;A320-251NEO;BEL;MAB;CKS;2026-01-06 06:41:26.400;TSRA;-RA
2026-01-06 05:40:00.000;4817;ERJ;GYN;PMW;CKS;2026-01-06 06:44:33.600;TSRA;-RA
2026-01-28 13:20:00.000;2806;A320-251NEO;VCP;PMW;CKS;2026-01-28 14:24:33.600;TSRA BR;NSW
2026-02-01 13:20:00.000;2806;ERJ;VCP;PMW;CKS;2026-02-01 14:24:33.600;TS;NSW
2026-02-01 17:15:00.000;4460;A320-251NEO;BEL;MAB;CKS;2026-02-01 17:31:26.400;TS;NSW
2026-02-03 04:45:00.000;2878;ERJ;CNF;IMP;CKS;2026-02-03 05:22:24.960;TS;NSW
2026-02-03 04:55:00.000;4408;ERJ;CNF;PMW;CKS;2026-02-03 05:59:33.600;TS;NSW
2026-02-03 06:20:00.000;4112;A320-251NEO;BEL;MAB;CKS;2026-02-03 06:36:26.400;TSRA;NSW
2026-02-03 05:40:00.000;4817;ERJ;GYN;PMW;CKS;2026-02-03 06:44:33.600;TSRA;NSW
2026-02-12 06:25:00.000;4112;A320-251NEO;BEL;MAB;CKS;2026-02-12 06:41:26.400;TSRA BR;NSW
2026-02-12 05:40:00.000;4817;ERJ;GYN;PMW;CKS;2026-02-12 06:44:33.600;TSRA BR;NSW
2026-02-13 06:25:00.000;4112;A320-253NEO;BEL;MAB;CKS;2026-02-13 06:41:26.400;TSRA BR;NSW
2026-02-13 05:40:00.000;4817;ERJ;GYN;PMW;CKS;2026-02-13 06:44:33.600;TSRA BR;NSW
2026-02-20 06:25:00.000;4112;A320-253NEO;BEL;MAB;CKS;2026-02-20 06:41:26.400;TS;NSW
2026-02-20 05:40:00.000;4817;ERJ;GYN;PMW;CKS;2026-02-20 06:44:33.600;TS;NSW
2026-02-24 05:05:00.000;4817;ERJ;GYN;PMW;CKS;2026-02-24 06:09:33.600;TS;NSW
2026-02-24 06:25:00.000;4112;A320-251NEO;BEL;MAB;CKS;2026-02-24 06:41:26.400;TS;NSW
2026-02-25 06:25:00.000;4112;A320-251NEO;BEL;MAB;CKS;2026-02-25 06:41:26.400;TSRA;NSW
2026-03-04 06:25:00.000;4112;A320-251NEO;BEL;MAB;CKS;2026-03-04 06:41:26.400;TS;NSW
2026-03-04 13:20:00.000;2806;A320-251NEO;VCP;PMW;CKS;2026-03-04 14:24:33.600;TS;NSW
2026-03-05 05:05:00.000;4817;ERJ;GYN;PMW;CKS;2026-03-05 06:09:33.600;TSRA BR;NSW
2026-03-05 06:25:00.000;4112;A320-251NEO;BEL;MAB;CKS;2026-03-05 06:41:26.400;TSRA BR;NSW
2026-03-16 17:10:00.000;4460;A320-251NEO;BEL;MAB;CKS;2026-03-16 17:26:26.400;TS;NSW
2026-03-17 17:10:00.000;4460;A320-251NEO;BEL;MAB;CKS;2026-03-17 17:26:26.400;TS;-RA
2026-03-20 17:10:00.000;4460;A320-251NEO;BEL;MAB;CKS;2026-03-20 17:26:26.400;TSRA;NSW
2026-03-21 05:00:00.000;4411;A320-251NEO;CNF;MAB;CKS;2026-03-21 05:16:26.400;TS;BR
2026-03-21 04:50:00.000;2878;ERJ;CNF;IMP;CKS;2026-03-21 05:27:24.960;TS;BR
2026-03-21 04:55:00.000;4408;ERJ;CNF;PMW;CKS;2026-03-21 05:59:33.600;TS;BR
2026-03-24 17:10:00.000;4460;A320-251NEO;BEL;MAB;CKS;2026-03-24 17:26:26.400;TSRA;NSW
2026-03-25 05:05:00.000;4817;ERJ;GYN;PMW;CKS;2026-03-25 06:09:33.600;TSRA BR;NSW
2026-03-25 06:25:00.000;4112;A320-253NEO;BEL;MAB;CKS;2026-03-25 06:41:26.400;TSRA BR;NSW
2026-03-27 05:05:00.000;4817;ERJ;GYN;PMW;CKS;2026-03-27 06:09:33.600;TSRA;NSW
2026-03-27 06:25:00.000;4112;A320-251NEO;BEL;MAB;CKS;2026-03-27 06:41:26.400;TSRA;NSW
2026-04-06 17:10:00.000;4460;A320-251NEO;BEL;MAB;CKS;2026-04-06 17:26:26.400;TSRA;NSW
2026-04-24 13:20:00.000;2806;A320-251NEO;VCP;PMW;CKS;2026-04-24 14:24:33.600;TSRA;NSW
2026-04-24 17:10:00.000;4460;A320-251NEO;BEL;MAB;CKS;2026-04-24 17:26:26.400;TSRA;NSW
2026-05-12 04:05:00.000;4817;ERJ;GYN;PMW;CKS;2026-05-12 05:09:33.600;TSRA BR;-RA
2026-05-12 05:00:00.000;4411;A320-251NEO;CNF;MAB;CKS;2026-05-12 05:16:26.400;TSRA BR;-RA
2026-05-12 04:40:00.000;4408;A320-251NEO;CNF;PMW;CKS;2026-05-12 05:44:33.600;TSRA BR;-RA
2025-08-30 18:15:00.000;2667;ATR72-600;VCP;IZA;CNF;2025-08-30 18:55:24.000;TSRA;NSW
2025-09-23 02:55:00.000;4853;A320-251NEO;VCP;VIX;CNF;2025-09-23 03:45:39.839;TSRA;NSW
2025-09-23 03:40:00.000;4412;ERJ 195LR;CNF;VIX;CNF;2025-09-23 04:30:39.839;TSRA;-RA
2025-09-23 03:40:00.000;4314;A320-251NEO;REC;VIX;CNF;2025-09-23 04:30:39.839;TSRA;-RA
2025-09-24 16:55:00.000;2867;ERJ 195LR;CNF;GYN;CNF;2025-09-24 18:18:57.120;TSRA;NSW
2025-09-24 17:45:00.000;4761;A320-251NEO;VCP;VIX;CNF;2025-09-24 18:35:39.839;TSRA;NSW
2025-09-24 18:15:00.000;2667;ATR72-600;VCP;IZA;CNF;2025-09-24 18:55:24.000;TSRA;NSW
2025-09-24 20:00:00.000;4317;ATR72-600;CNF;IPN;CNF;2025-09-24 20:28:06.000;TSRA;NSW
2025-09-24 20:25:00.000;4470;ATR72-600;CNF;MOC;CNF;2025-09-24 21:23:40.000;TSRA;NSW
2025-09-24 20:55:00.000;2910;ERJ 195LR;CNF;VIX;CNF;2025-09-24 21:45:39.839;TSRA;NSW
2025-09-24 22:30:00.000;4142;ATR72-600;CNF;IPN;CNF;2025-09-24 22:58:06.000;TSRA;VCTS
2025-10-11 20:55:00.000;2910;ERJ 195LR;CNF;VIX;CNF;2025-10-11 21:45:39.839;TSRA;NSW
2025-10-11 22:30:00.000;4142;ATR72-600;CNF;IPN;CNF;2025-10-11 22:58:06.000;TSRA;NSW
2025-10-13 17:35:00.000;2667;ATR72-600;VCP;IZA;CNF;2025-10-13 18:15:24.000;TS;NSW
2025-10-13 17:45:00.000;4761;A320-253NEO;VCP;VIX;CNF;2025-10-13 18:35:39.839;TS;NSW
2025-10-30 20:00:00.000;4317;ATR72-600;CNF;IPN;CNF;2025-10-30 20:28:06.000;TSRA;VCTS
2025-10-30 21:25:00.000;2910;ERJ 195LR;CNF;VIX;CNF;2025-10-30 22:15:39.839;TSRA;VCTS
2025-10-30 22:15:00.000;2886;ERJ;VCP;VIX;CNF;2025-10-30 23:05:39.839;TSRA;-RA
2025-10-30 22:45:00.000;4121;ATR72-600;CNF;MOC;CNF;2025-10-30 23:43:40.000;TSRA;-RA
2025-10-31 00:15:00.000;2664;ERJ 195LR;CNF;VIX;CNF;2025-10-31 01:05:39.839;TSRA;-RA
2025-10-31 11:30:00.000;9350;ATR72-600;CNF;MOC;CNF;2025-10-31 12:28:40.000;TSRA;NSW
2025-10-31 12:20:00.000;4081;ATR72-600;CNF;IPN;CNF;2025-10-31 12:48:06.000;TSRA;NSW
2025-10-31 13:10:00.000;4081;ATR72-600;CNF;IPN;CNF;2025-10-31 13:38:06.000;TSRA;NSW
2025-10-31 13:10:00.000;4698;A320-251NEO;VCP;VIX;CNF;2025-10-31 14:00:39.839;TSRA;NSW
2025-10-31 13:15:00.000;2759;ERJ 195LR;CNF;VIX;CNF;2025-10-31 14:05:39.839;TSRA;NSW
2025-10-31 13:25:00.000;2956;ATR72-600;CNF;MOC;CNF;2025-10-31 14:23:40.000;TSRA;NSW
2025-10-31 15:00:00.000;4135;ATR72-600;CNF;IPN;CNF;2025-10-31 15:28:06.000;TSRA;-RA
2025-10-31 16:45:00.000;4371;ERJ 195LR;CNF;VIX;CNF;2025-10-31 17:35:39.839;TSRA;NSW
2025-10-31 16:45:00.000;4293;ATR72-600;CNF;MOC;CNF;2025-10-31 17:43:40.000;TSRA;NSW
2025-10-31 17:25:00.000;2667;ATR72-600;VCP;IZA;CNF;2025-10-31 18:05:24.000;TSRA BR;NSW
2025-10-31 17:45:00.000;4761;ERJ;VCP;VIX;CNF;2025-10-31 18:35:39.839;TSRA BR;NSW
2025-10-31 20:00:00.000;4317;ATR72-600;CNF;IPN;CNF;2025-10-31 20:28:06.000;TSRA BR;NSW
2025-10-31 21:10:00.000;4470;ATR72-600;CNF;MOC;CNF;2025-10-31 22:08:40.000;TSRA BR;NSW
2025-10-31 21:25:00.000;2910;ERJ 195LR;CNF;VIX;CNF;2025-10-31 22:15:39.839;TSRA BR;NSW
2025-10-31 22:30:00.000;4142;ATR72-600;CNF;IPN;CNF;2025-10-31 22:58:06.000;TSRA BR;NSW
2025-11-02 22:45:00.000;4121;ATR72-600;CNF;MOC;CNF;2025-11-02 23:43:40.000;TSRA;VCTS
2025-11-03 17:25:00.000;2667;ATR72-600;VCP;IZA;CNF;2025-11-03 18:05:24.000;TSRA;-RA
2025-11-03 17:45:00.000;4761;ERJ;VCP;VIX;CNF;2025-11-03 18:35:39.839;TSRA;-RA
2025-11-03 20:00:00.000;4317;ATR72-600;CNF;IPN;CNF;2025-11-03 20:28:06.000;TSRA;NSW
2025-11-05 17:25:00.000;2667;ATR72-600;VCP;IZA;CNF;2025-11-05 18:05:24.000;TSRA;NSW
2025-11-05 17:45:00.000;4761;ERJ;VCP;VIX;CNF;2025-11-05 18:35:39.839;TSRA;NSW
2025-11-05 20:00:00.000;4317;ATR72-600;CNF;IPN;CNF;2025-11-05 20:28:06.000;TSRA;NSW
2025-11-05 21:10:00.000;4470;ATR72-600;CNF;MOC;CNF;2025-11-05 22:08:40.000;TSRA;VCTS
2025-11-05 21:25:00.000;2910;A320-253NEO;CNF;VIX;CNF;2025-11-05 22:15:39.839;TSRA;VCTS
2025-11-05 22:30:00.000;4142;ATR72-600;CNF;IPN;CNF;2025-11-05 22:58:06.000;TSRA;VCTS
2025-11-08 04:40:00.000;4220;ERJ 195LR;VCP;PNZ;CNF;2025-11-08 07:15:25.440;TSRA;VCTS
2025-11-08 13:15:00.000;2759;ERJ 195LR;CNF;VIX;CNF;2025-11-08 14:05:39.839;TSRA;NSW
2025-11-08 17:25:00.000;2667;ATR72-600;VCP;IZA;CNF;2025-11-08 18:05:24.000;TSRA;NSW
2025-11-09 13:10:00.000;4698;ERJ;VCP;VIX;CNF;2025-11-09 14:00:39.839;TSRA BR;NSW
2025-11-09 13:15:00.000;2759;ERJ 195LR;CNF;VIX;CNF;2025-11-09 14:05:39.839;TSRA BR;NSW
2025-11-09 13:35:00.000;2667;ATR72-600;VCP;IZA;CNF;2025-11-09 14:15:24.000;TSRA BR;NSW
2025-11-09 13:25:00.000;2956;ATR72-600;CNF;MOC;CNF;2025-11-09 14:23:40.000;TSRA BR;NSW
2025-11-09 15:05:00.000;4135;ATR72-600;CNF;IPN;CNF;2025-11-09 15:33:06.000;TSRA BR;NSW
2025-11-09 16:45:00.000;4293;ATR72-600;CNF;MOC;CNF;2025-11-09 17:43:40.000;TSRA BR;VCSH
2025-11-09 20:50:00.000;2910;ERJ 195LR;CNF;VIX;CNF;2025-11-09 21:40:39.839;TSRA;VCSH
2025-11-09 21:20:00.000;4142;ATR72-600;CNF;IPN;CNF;2025-11-09 21:48:06.000;TSRA;VCSH
2025-11-09 21:25:00.000;4819;ERJ 195LR;PMW;GYN;CNF;2025-11-09 22:48:57.120;TSRA;VCSH VCTS
2025-11-15 17:25:00.000;2667;ATR72-600;VCP;IZA;CNF;2025-11-15 18:05:24.000;TSRA;NSW
2025-11-15 20:50:00.000;2910;ERJ;CNF;VIX;CNF;2025-11-15 21:40:39.839;TSRA;-RA VCTS
2025-11-15 22:30:00.000;4142;ATR72-600;CNF;IPN;CNF;2025-11-15 22:58:06.000;TSRA;-RA VCTS
2025-11-16 17:15:00.000;2867;ERJ 195LR;CNF;GYN;CNF;2025-11-16 18:38:57.120;TSRA;NSW
2025-11-16 20:50:00.000;2910;ERJ 195LR;CNF;VIX;CNF;2025-11-16 21:40:39.839;TSRA;VCSH VCTS
2025-11-16 21:20:00.000;4142;ATR72-600;CNF;IPN;CNF;2025-11-16 21:48:06.000;TSRA;VCSH VCTS
2025-11-16 21:25:00.000;4819;ERJ 195LR;PMW;GYN;CNF;2025-11-16 22:48:57.120;TSRA;VCSH VCTS
2025-11-18 20:00:00.000;4317;ATR72-600;CNF;IPN;CNF;2025-11-18 20:28:06.000;TSRA;VCSH
2025-11-18 21:10:00.000;4470;ATR72-600;CNF;MOC;CNF;2025-11-18 22:08:40.000;TSRA;NSW
2025-11-18 21:25:00.000;2910;ERJ 195LR;CNF;VIX;CNF;2025-11-18 22:15:39.839;TSRA;NSW
2025-11-18 22:30:00.000;4142;ATR72-600;CNF;IPN;CNF;2025-11-18 22:58:06.000;TSRA;RA
2025-11-23 02:05:00.000;4139;ATR72-600;CNF;IPN;CNF;2025-11-23 02:33:06.000;TSRA;NSW
2025-11-23 02:37:00.000;4420;ATR72-600;CNF;MOC;CNF;2025-11-23 03:35:40.000;TSRA;NSW
2025-11-23 02:55:00.000;4853;A320-253NEO;VCP;VIX;CNF;2025-11-23 03:45:39.839;TSRA;NSW
2025-11-25 17:25:00.000;2667;ATR72-600;VCP;IZA;CNF;2025-11-25 18:05:24.000;TSRA;NSW
2025-11-25 20:00:00.000;4317;ATR72-600;CNF;IPN;CNF;2025-11-25 20:28:06.000;TSRA;VCSH
2025-11-25 20:25:00.000;4227;ERJ 195LR;CNF;GYN;CNF;2025-11-25 21:48:57.120;TSRA;VCSH
2025-11-25 21:25:00.000;2910;ERJ 195LR;CNF;VIX;CNF;2025-11-25 22:15:39.839;TSRA;VCSH
2025-11-25 22:30:00.000;4142;ATR72-600;CNF;IPN;CNF;2025-11-25 22:58:06.000;TSRA;VCSH
2025-11-28 17:25:00.000;2667;ATR72-600;VCP;IZA;CNF;2025-11-28 18:05:24.000;TSRA;NSW
2025-11-28 17:45:00.000;4761;ERJ;VCP;VIX;CNF;2025-11-28 18:35:39.839;TSRA;NSW
2025-11-28 20:00:00.000;4317;ATR72-600;CNF;IPN;CNF;2025-11-28 20:28:06.000;TSRA;NSW
2025-11-28 21:10:00.000;4470;ATR72-600;CNF;MOC;CNF;2025-11-28 22:08:40.000;TSRA;VCTS
2025-11-28 21:25:00.000;2910;ERJ 195LR;CNF;VIX;CNF;2025-11-28 22:15:39.839;TSRA;VCTS
2025-11-28 22:30:00.000;4142;ATR72-600;CNF;IPN;CNF;2025-11-28 22:58:06.000;TSRA;VCTS
2025-11-28 22:15:00.000;2886;ERJ;VCP;VIX;CNF;2025-11-28 23:05:39.839;TSRA;VCTS
2025-11-28 22:45:00.000;4121;ATR72-600;CNF;MOC;CNF;2025-11-28 23:43:40.000;TSRA;VCTS
2025-11-29 00:15:00.000;2664;ERJ 195LR;CNF;VIX;CNF;2025-11-29 01:05:39.839;TSRA;NSW
2025-11-29 02:05:00.000;4139;ATR72-600;CNF;IPN;CNF;2025-11-29 02:33:06.000;TSRA;NSW
2025-11-29 01:55:00.000;4420;ATR72-600;CNF;MOC;CNF;2025-11-29 02:53:40.000;TSRA;NSW
2025-12-03 20:00:00.000;4317;ATR72-600;CNF;IPN;CNF;2025-12-03 20:28:06.000;TSRA;NSW
2025-12-03 21:15:00.000;4470;ERJ 195LR;CNF;MOC;CNF;2025-12-03 21:57:14.399;TSRA;-RA
2025-12-03 21:25:00.000;2910;ERJ 195LR;CNF;VIX;CNF;2025-12-03 22:15:39.839;TSRA;VCTS
2025-12-03 22:30:00.000;4142;ATR72-600;CNF;IPN;CNF;2025-12-03 22:58:06.000;TSRA;VCTS
2025-12-04 17:10:00.000;4293;ATR72-600;CNF;MOC;CNF;2025-12-04 18:08:40.000;TSRA;VCSH
2025-12-04 17:45:00.000;4761;ERJ;VCP;VIX;CNF;2025-12-04 18:35:39.839;TSRA;VCSH
2025-12-05 17:10:00.000;4293;ATR72-600;CNF;MOC;CNF;2025-12-05 18:08:40.000;TSRA;NSW
2025-12-05 17:45:00.000;4761;A320-251NEO;VCP;VIX;CNF;2025-12-05 18:35:39.839;TSRA;NSW
2025-12-05 20:00:00.000;4317;ATR72-600;CNF;IPN;CNF;2025-12-05 20:28:06.000;TSRA;NSW
2025-12-05 21:15:00.000;4470;ATR72-600;CNF;MOC;CNF;2025-12-05 22:13:40.000;TSRA;NSW
2025-12-05 21:25:00.000;2910;ERJ 195LR;CNF;VIX;CNF;2025-12-05 22:15:39.839;TSRA;NSW
2025-12-05 22:30:00.000;4142;ATR72-600;CNF;IPN;CNF;2025-12-05 22:58:06.000;TSRA;NSW
2025-12-05 22:15:00.000;2886;ERJ;VCP;VIX;CNF;2025-12-05 23:05:39.839;TSRA;NSW
2025-12-08 17:10:00.000;4293;ATR72-600;CNF;MOC;CNF;2025-12-08 18:08:40.000;TSRA;VCSH VCTS
2025-12-08 17:45:00.000;4761;A320-251NEO;VCP;VIX;CNF;2025-12-08 18:35:39.839;TSRA;VCSH VCTS
2025-12-08 20:00:00.000;4317;ATR72-600;CNF;IPN;CNF;2025-12-08 20:28:06.000;TSRA;NSW
2025-12-09 17:10:00.000;4293;ATR72-600;CNF;MOC;CNF;2025-12-09 18:08:40.000;TSRA;NSW
2025-12-09 17:45:00.000;4761;ERJ;VCP;VIX;CNF;2025-12-09 18:35:39.839;TSRA;NSW
2025-12-09 20:00:00.000;4317;ATR72-600;CNF;IPN;CNF;2025-12-09 20:28:06.000;TSRA;VCSH
2025-12-09 19:30:00.000;4470;ATR72-600;CNF;MOC;CNF;2025-12-09 20:28:40.000;TSRA;VCSH
2025-12-09 21:20:00.000;9800;ATR72-600;VCP;PLU;CNF;2025-12-09 21:24:18.000;TSRA;NSW
2025-12-10 17:10:00.000;4293;ATR72-600;CNF;MOC;CNF;2025-12-10 18:08:40.000;TSRA;-RA
2025-12-10 17:45:00.000;4761;A320-251NEO;VCP;VIX;CNF;2025-12-10 18:35:39.839;TSRA;-RA
2025-12-10 17:15:00.000;2867;ERJ 195LR;CNF;GYN;CNF;2025-12-10 18:38:57.120;TSRA;-RA
2025-12-10 20:00:00.000;4317;ATR72-600;CNF;IPN;CNF;2025-12-10 20:28:06.000;TSRA;VCSH
2025-12-10 21:15:00.000;4470;ATR72-600;CNF;MOC;CNF;2025-12-10 22:13:40.000;TSRA;VCSH VCTS
2025-12-10 22:30:00.000;4142;ATR72-600;CNF;IPN;CNF;2025-12-10 22:58:06.000;TSRA;VCSH VCTS
2025-12-10 22:15:00.000;2886;A320-251NEO;VCP;VIX;CNF;2025-12-10 23:05:39.839;TSRA;NSW
2025-12-10 22:30:00.000;9643;ERJ 195LR;GIG;VIX;CNF;2025-12-10 23:20:39.839;TSRA;NSW
2025-12-10 22:15:00.000;4819;ERJ 195LR;PMW;GYN;CNF;2025-12-10 23:38:57.120;TSRA;NSW
2025-12-10 22:20:00.000;2960;ERJ 195LR;VCP;GYN;CNF;2025-12-10 23:43:57.120;TSRA;NSW
2025-12-11 00:15:00.000;2664;ERJ 195LR;CNF;VIX;CNF;2025-12-11 01:05:39.839;TSRA;VCTS
2025-12-11 01:55:00.000;4420;ATR72-600;CNF;MOC;CNF;2025-12-11 02:53:40.000;TSRA;NSW
2025-12-11 02:55:00.000;4853;A320-251NEO;VCP;VIX;CNF;2025-12-11 03:45:39.839;TSRA;NSW
2025-12-13 07:30:00.000;9113;ERJ;CNF;VIX;CNF;2025-12-13 08:20:39.839;TSRA BR;NSW
2025-12-13 08:15:00.000;9213;A320-251NEO;VCP;VIX;CNF;2025-12-13 09:05:39.839;TSRA BR;NSW
2025-12-14 19:25:00.000;2910;ERJ;CNF;VIX;CNF;2025-12-14 20:15:39.839;TS;VCTS
2025-12-14 22:05:00.000;4293;ATR72-600;CNF;MOC;CNF;2025-12-14 23:03:40.000;TSRA;-RA BR
2025-12-14 23:25:00.000;4142;ATR72-600;CNF;IPN;CNF;2025-12-14 23:53:06.000;TSRA;-RA BR
2025-12-15 02:00:00.000;4139;ATR72-600;CNF;IPN;CNF;2025-12-15 02:28:06.000;TSRA;NSW
2025-12-15 01:55:00.000;4420;ATR72-600;CNF;MOC;CNF;2025-12-15 02:53:40.000;TSRA;NSW
2025-12-15 17:10:00.000;4293;ATR72-600;CNF;MOC;CNF;2025-12-15 18:08:40.000;TSRA;VCSH
2025-12-15 19:20:00.000;9803;ATR72-600;VCP;PLU;CNF;2025-12-15 19:24:18.000;TSRA;NSW
2025-12-15 19:20:00.000;2910;ERJ;CNF;VIX;CNF;2025-12-15 20:10:39.839;TSRA;VCSH
2025-12-15 20:00:00.000;4317;ATR72-600;CNF;IPN;CNF;2025-12-15 20:28:06.000;TSRA;VCSH
2025-12-15 20:25:00.000;4470;ATR72-600;CNF;MOC;CNF;2025-12-15 21:23:40.000;TSRA;VCTS VCSH
2025-12-16 02:00:00.000;4139;ATR72-600;CNF;IPN;CNF;2025-12-16 02:28:06.000;TSRA;-RA FG
2025-12-16 01:55:00.000;4420;ATR72-600;CNF;MOC;CNF;2025-12-16 02:53:40.000;TSRA;-RA FG
2025-12-16 02:55:00.000;4853;A320-251NEO;VCP;VIX;CNF;2025-12-16 03:45:39.839;TSRA;-RA FG
2025-12-16 15:15:00.000;4135;ATR72-600;CNF;IPN;CNF;2025-12-16 15:43:06.000;TSRA;NSW
2025-12-16 17:10:00.000;4293;ATR72-600;CNF;MOC;CNF;2025-12-16 18:08:40.000;TSRA;NSW
2025-12-16 19:20:00.000;2910;ERJ;CNF;VIX;CNF;2025-12-16 20:10:39.839;TSRA;NSW
2025-12-16 20:00:00.000;4317;ATR72-600;CNF;IPN;CNF;2025-12-16 20:28:06.000;TSRA;NSW
2025-12-16 19:30:00.000;4470;ATR72-600;CNF;MOC;CNF;2025-12-16 20:28:40.000;TSRA;NSW
2025-12-16 22:30:00.000;4142;ATR72-600;CNF;IPN;CNF;2025-12-16 22:58:06.000;TSRA;NSW
2025-12-16 22:15:00.000;2886;ERJ;VCP;VIX;CNF;2025-12-16 23:05:39.839;TSRA;NSW
2025-12-17 02:00:00.000;4139;ATR72-600;CNF;IPN;CNF;2025-12-17 02:28:06.000;TSRA;NSW
2025-12-17 01:55:00.000;4420;ATR72-600;CNF;MOC;CNF;2025-12-17 02:53:40.000;TSRA;NSW
2025-12-17 02:55:00.000;4853;A320-251NEO;VCP;VIX;CNF;2025-12-17 03:45:39.839;TSRA;NSW
2025-12-17 03:30:00.000;4314;A320-253NEO;REC;VIX;CNF;2025-12-17 04:20:39.839;TSRA;NSW
2025-12-17 03:40:00.000;4412;ERJ 195LR;CNF;VIX;CNF;2025-12-17 04:30:39.839;TSRA;NSW
2025-12-17 03:35:00.000;2841;ERJ 195LR;CNF;GYN;CNF;2025-12-17 04:58:57.120;TSRA;NSW
2025-12-17 17:10:00.000;4293;ATR72-600;CNF;MOC;CNF;2025-12-17 18:08:40.000;TSRA;VCSH VCTS
2025-12-17 19:20:00.000;2910;ERJ;CNF;VIX;CNF;2025-12-17 20:10:39.839;TSRA;-RA
2025-12-17 20:00:00.000;4317;ATR72-600;CNF;IPN;CNF;2025-12-17 20:28:06.000;TSRA;-RA
2025-12-19 17:10:00.000;4293;ATR72-600;CNF;MOC;CNF;2025-12-19 18:08:40.000;TSRA;NSW
2025-12-19 19:20:00.000;2910;ERJ;CNF;VIX;CNF;2025-12-19 20:10:39.839;TSRA;NSW
2025-12-19 20:00:00.000;4317;ATR72-600;CNF;IPN;CNF;2025-12-19 20:28:06.000;TSRA;NSW
2025-12-19 20:25:00.000;4470;ATR72-600;CNF;MOC;CNF;2025-12-19 21:23:40.000;TSRA;NSW
2025-12-20 07:30:00.000;9113;ERJ 195LR;CNF;VIX;CNF;2025-12-20 08:20:39.839;TSRA;-RA
2025-12-20 08:15:00.000;9213;A320-251NEO;VCP;VIX;CNF;2025-12-20 09:05:39.839;TSRA;-RA
2025-12-20 17:10:00.000;4293;ATR72-600;CNF;MOC;CNF;2025-12-20 18:08:40.000;TSRA;NSW
2025-12-20 22:05:00.000;2886;A320-251NEO;VCP;VIX;CNF;2025-12-20 22:55:39.839;TSRA;NSW
2025-12-20 22:30:00.000;4142;ATR72-600;CNF;IPN;CNF;2025-12-20 22:58:06.000;TSRA;NSW
2025-12-29 17:10:00.000;4293;ATR72-600;CNF;MOC;CNF;2025-12-29 18:08:40.000;TSRA;NSW
2025-12-29 19:20:00.000;2910;ERJ;CNF;VIX;CNF;2025-12-29 20:10:39.839;TSRA;NSW
2025-12-29 20:25:00.000;4470;ATR72-600;CNF;MOC;CNF;2025-12-29 21:23:40.000;TSRA;NSW
2025-12-31 17:10:00.000;4293;ATR72-600;CNF;MOC;CNF;2025-12-31 18:08:40.000;TSRA;NSW
2025-12-31 19:20:00.000;2910;ERJ 195LR;CNF;VIX;CNF;2025-12-31 20:10:39.839;TSRA;NSW
2025-12-31 20:00:00.000;4317;ATR72-600;CNF;IPN;CNF;2025-12-31 20:28:06.000;TSRA;NSW
2025-12-31 21:20:00.000;4470;ATR72-600;CNF;MOC;CNF;2025-12-31 22:18:40.000;TSRA;VCTS
2026-01-02 02:00:00.000;4139;ATR72-600;CNF;IPN;CNF;2026-01-02 02:28:06.000;TS;NSW
2026-01-02 01:55:00.000;4420;ATR72-600;CNF;MOC;CNF;2026-01-02 02:53:40.000;TS;NSW
2026-01-02 02:50:00.000;4853;A320-253NEO;VCP;VIX;CNF;2026-01-02 03:40:39.839;TS;NSW
2026-01-02 03:30:00.000;4314;A320-251NEO;REC;VIX;CNF;2026-01-02 04:20:39.839;TS;NSW
2026-01-02 03:40:00.000;4412;ERJ 195LR;CNF;VIX;CNF;2026-01-02 04:30:39.839;TS;NSW
2026-01-02 19:20:00.000;2910;ERJ;CNF;VIX;CNF;2026-01-02 20:10:39.839;TSRA;VCSH
2026-01-02 20:00:00.000;4317;ATR72-600;CNF;IPN;CNF;2026-01-02 20:28:06.000;TSRA;VCSH
2026-01-02 20:25:00.000;4470;ATR72-600;CNF;MOC;CNF;2026-01-02 21:23:40.000;TSRA;VCSH
2026-01-02 22:30:00.000;4142;ATR72-600;CNF;IPN;CNF;2026-01-02 22:58:06.000;TSRA;VCSH
2026-01-03 17:10:00.000;4293;ATR72-600;CNF;MOC;CNF;2026-01-03 18:08:40.000;TSRA;VCTS
2026-01-04 02:00:00.000;4139;ATR72-600;CNF;IPN;CNF;2026-01-04 02:28:06.000;TSRA;FG
2026-01-04 01:55:00.000;4420;ATR72-600;CNF;MOC;CNF;2026-01-04 02:53:40.000;TSRA;FG
2026-01-04 02:50:00.000;4853;A320-251NEO;VCP;VIX;CNF;2026-01-04 03:40:39.839;TSRA;-RA FG
2026-01-04 03:30:00.000;4314;A320-251NEO;REC;VIX;CNF;2026-01-04 04:20:39.839;TSRA;FG
2026-01-04 03:40:00.000;4412;ERJ 195LR;CNF;VIX;CNF;2026-01-04 04:30:39.839;TSRA;FG
2026-01-04 17:10:00.000;4293;ATR72-600;CNF;MOC;CNF;2026-01-04 18:08:40.000;TSRA BR;-RA
2026-01-04 19:20:00.000;2910;ERJ 195LR;CNF;VIX;CNF;2026-01-04 20:10:39.839;TSRA BR;BR
2026-01-04 20:25:00.000;4121;ATR72-600;CNF;MOC;CNF;2026-01-04 21:23:40.000;TSRA BR;NSW
2026-01-04 23:25:00.000;4142;ATR72-600;CNF;IPN;CNF;2026-01-04 23:53:06.000;TSRA BR;BR
2026-01-05 20:00:00.000;4317;ATR72-600;CNF;IPN;CNF;2026-01-05 20:28:06.000;TSRA;-RA
2026-01-05 19:50:00.000;2910;ERJ;CNF;VIX;CNF;2026-01-05 20:40:39.839;TSRA;NSW
2026-01-05 20:45:00.000;4470;ATR72-600;CNF;MOC;CNF;2026-01-05 21:43:40.000;TSRA;NSW
2026-01-05 22:30:00.000;4142;ATR72-600;CNF;IPN;CNF;2026-01-05 22:58:06.000;TSRA;NSW
2026-01-06 17:10:00.000;4293;ATR72-600;CNF;MOC;CNF;2026-01-06 18:08:40.000;TSRA;-SHRA
2026-01-06 20:00:00.000;4317;ATR72-600;CNF;IPN;CNF;2026-01-06 20:28:06.000;TSRA;-SHRA
2026-01-06 19:30:00.000;4470;ATR72-600;CNF;MOC;CNF;2026-01-06 20:28:40.000;TSRA;-SHRA
2026-01-06 19:50:00.000;2910;ERJ;CNF;VIX;CNF;2026-01-06 20:40:39.839;TSRA;-SHRA
2026-01-06 22:30:00.000;4142;ATR72-600;CNF;IPN;CNF;2026-01-06 22:58:06.000;TSRA;NSW
2026-01-07 17:15:00.000;4293;ATR72-600;CNF;MOC;CNF;2026-01-07 18:13:40.000;TSRA;NSW
2026-01-07 20:00:00.000;4317;ATR72-600;CNF;IPN;CNF;2026-01-07 20:28:06.000;TSRA;NSW
2026-01-07 19:50:00.000;2910;ERJ;CNF;VIX;CNF;2026-01-07 20:40:39.839;TSRA;NSW
2026-01-07 21:00:00.000;9804;ATR72-600;VCP;PLU;CNF;2026-01-07 21:04:18.000;TSRA;NSW
2026-01-07 20:45:00.000;4470;ATR72-600;CNF;MOC;CNF;2026-01-07 21:43:40.000;TSRA;NSW
2026-01-14 17:15:00.000;4293;ATR72-600;CNF;MOC;CNF;2026-01-14 18:13:40.000;TSRA;NSW
2026-01-17 17:10:00.000;4293;ATR72-600;CNF;MOC;CNF;2026-01-17 18:08:40.000;TSRA;VCSH
2026-01-17 21:25:00.000;2910;ERJ 195LR;CNF;VIX;CNF;2026-01-17 22:15:39.839;TSRA;-RA
2026-01-17 22:30:00.000;4142;ATR72-600;CNF;IPN;CNF;2026-01-17 22:58:06.000;TSRA;-RA
2026-01-17 22:15:00.000;2886;A320-251NEO;VCP;VIX;CNF;2026-01-17 23:05:39.839;TSRA;NSW
2026-01-19 17:15:00.000;4293;ATR72-600;CNF;MOC;CNF;2026-01-19 18:13:40.000;TSRA;NSW
2026-01-19 20:00:00.000;4317;ATR72-600;CNF;IPN;CNF;2026-01-19 20:28:06.000;TSRA;NSW
2026-01-19 19:50:00.000;2910;ERJ;CNF;VIX;CNF;2026-01-19 20:40:39.839;TSRA;NSW
2026-01-19 20:45:00.000;4470;ATR72-600;CNF;MOC;CNF;2026-01-19 21:43:40.000;TSRA;NSW
2026-01-19 22:15:00.000;2886;A320-251NEO;VCP;VIX;CNF;2026-01-19 23:05:39.839;TSRA;NSW
2026-01-20 02:50:00.000;4853;A320-253NEO;VCP;VIX;CNF;2026-01-20 03:40:39.839;TSRA;-RA VCTS
2026-01-20 17:10:00.000;4293;ATR72-600;CNF;MOC;CNF;2026-01-20 18:08:40.000;TSRA;-RA BR
2026-01-20 20:00:00.000;4317;ATR72-600;CNF;IPN;CNF;2026-01-20 20:28:06.000;TSRA;NSW
2026-01-20 19:30:00.000;4470;ATR72-600;CNF;MOC;CNF;2026-01-20 20:28:40.000;TSRA;NSW
2026-01-20 19:50:00.000;2910;ERJ;CNF;VIX;CNF;2026-01-20 20:40:39.839;TSRA;NSW
2026-01-24 17:10:00.000;4293;ATR72-600;CNF;MOC;CNF;2026-01-24 18:08:40.000;TSRA;VCSH VCTS
2026-01-24 21:25:00.000;2910;ERJ 195LR;CNF;VIX;CNF;2026-01-24 22:15:39.839;TSRA;NSW
2026-01-24 22:30:00.000;4142;ATR72-600;CNF;IPN;CNF;2026-01-24 22:58:06.000;TSRA;NSW
2026-01-25 01:55:00.000;4420;ATR72-600;CNF;MOC;CNF;2026-01-25 02:53:40.000;TSRA;NSW
2026-01-25 02:50:00.000;4853;A320-251NEO;VCP;VIX;CNF;2026-01-25 03:40:39.839;TSRA;NSW
2026-01-25 17:10:00.000;4293;ATR72-600;CNF;MOC;CNF;2026-01-25 18:08:40.000;TSRA;NSW
2026-01-25 19:30:00.000;2910;ERJ 195LR;CNF;VIX;CNF;2026-01-25 20:20:39.839;TSRA;NSW
2026-01-25 20:25:00.000;4121;ATR72-600;CNF;MOC;CNF;2026-01-25 21:23:40.000;TSRA;NSW
2026-01-25 21:40:00.000;9240;ERJ;VCP;VIX;CNF;2026-01-25 22:30:39.839;TSRA;VCTS
2026-01-25 23:25:00.000;4142;ATR72-600;CNF;IPN;CNF;2026-01-25 23:53:06.000;TSRA;-RA VCTS
2026-01-26 20:45:00.000;4470;ATR72-600;CNF;MOC;CNF;2026-01-26 21:43:40.000;TSRA;VCSH
2026-01-26 22:30:00.000;4142;ATR72-600;CNF;IPN;CNF;2026-01-26 22:58:06.000;TSRA;VCSH
2026-01-27 20:00:00.000;4317;ATR72-600;CNF;IPN;CNF;2026-01-27 20:28:06.000;TS;NSW
2026-01-27 19:30:00.000;4470;ATR72-600;CNF;MOC;CNF;2026-01-27 20:28:40.000;TS;NSW
2026-01-27 19:50:00.000;2910;ERJ;CNF;VIX;CNF;2026-01-27 20:40:39.839;TS;NSW
2026-01-27 22:30:00.000;4142;ATR72-600;CNF;IPN;CNF;2026-01-27 22:58:06.000;TS;NSW
2026-01-29 17:10:00.000;4293;ATR72-600;CNF;MOC;CNF;2026-01-29 18:08:40.000;TSRA;NSW
2026-01-29 20:00:00.000;4317;ATR72-600;CNF;IPN;CNF;2026-01-29 20:28:06.000;TSRA;VCSH
2026-01-29 19:50:00.000;2910;ERJ;CNF;VIX;CNF;2026-01-29 20:40:39.839;TSRA;VCSH
2026-01-30 17:15:00.000;4293;ATR72-600;CNF;MOC;CNF;2026-01-30 18:13:40.000;TSRA;-RA
2026-01-30 20:00:00.000;4317;ATR72-600;CNF;IPN;CNF;2026-01-30 20:28:06.000;TSRA;NSW
2026-01-30 19:50:00.000;2910;ERJ;CNF;VIX;CNF;2026-01-30 20:40:39.839;TSRA;NSW
2026-01-30 20:45:00.000;4470;ATR72-600;CNF;MOC;CNF;2026-01-30 21:43:40.000;TSRA;NSW
2026-01-30 22:30:00.000;4142;ATR72-600;CNF;IPN;CNF;2026-01-30 22:58:06.000;TSRA;NSW
2026-01-30 22:15:00.000;2886;A320-251NEO;VCP;VIX;CNF;2026-01-30 23:05:39.839;TSRA;-RA
2026-01-31 02:00:00.000;4139;ATR72-600;CNF;IPN;CNF;2026-01-31 02:28:06.000;TSRA;BR
2026-01-31 01:55:00.000;4420;ATR72-600;CNF;MOC;CNF;2026-01-31 02:53:40.000;TSRA;BR
2026-01-31 17:20:00.000;4293;ATR72-600;CNF;MOC;CNF;2026-01-31 18:18:40.000;TSRA;VCSH
2026-01-31 18:15:00.000;2667;ATR72-600;VCP;IZA;CNF;2026-01-31 18:55:24.000;TSRA;VCSH
2026-02-02 02:00:00.000;4139;ATR72-600;CNF;IPN;CNF;2026-02-02 02:28:06.000;TS;NSW
2026-02-02 02:00:00.000;4420;ATR72-600;CNF;MOC;CNF;2026-02-02 02:58:40.000;TS;NSW
2026-02-03 17:30:00.000;4293;ATR72-600;CNF;MOC;CNF;2026-02-03 18:28:40.000;TSRA;VCSH
2026-02-03 20:00:00.000;4317;ATR72-600;CNF;IPN;CNF;2026-02-03 20:28:06.000;TSRA;VCSH
2026-02-03 19:50:00.000;2910;ERJ;CNF;VIX;CNF;2026-02-03 20:40:39.839;TSRA;SHRA
2026-02-03 21:35:00.000;4470;ERJ 195LR;CNF;MOC;CNF;2026-02-03 22:17:14.399;TSRA;VCSH
2026-02-04 17:30:00.000;4293;ATR72-600;CNF;MOC;CNF;2026-02-04 18:28:40.000;TSRA;VCSH
2026-02-04 20:00:00.000;4317;ATR72-600;CNF;IPN;CNF;2026-02-04 20:28:06.000;TSRA;VCSH
2026-02-04 19:50:00.000;2910;ERJ;CNF;VIX;CNF;2026-02-04 20:40:39.839;TSRA;SHRA
2026-02-04 21:35:00.000;4470;ATR72-600;CNF;MOC;CNF;2026-02-04 22:33:40.000;TSRA;NSW
2026-02-05 17:30:00.000;4293;ATR72-600;CNF;MOC;CNF;2026-02-05 18:28:40.000;TSRA;NSW
2026-02-05 20:00:00.000;4317;ATR72-600;CNF;IPN;CNF;2026-02-05 20:28:06.000;TSRA;NSW
2026-02-05 19:50:00.000;2910;ERJ;CNF;VIX;CNF;2026-02-05 20:40:39.839;TSRA;NSW
2026-02-05 21:35:00.000;4470;ATR72-600;CNF;MOC;CNF;2026-02-05 22:33:40.000;TSRA;NSW
2026-02-05 22:30:00.000;4142;ATR72-600;CNF;IPN;CNF;2026-02-05 22:58:06.000;TSRA;NSW
2026-02-06 17:30:00.000;4293;ATR72-600;CNF;MOC;CNF;2026-02-06 18:28:40.000;TSRA;VCSH
2026-02-06 20:00:00.000;4317;ATR72-600;CNF;IPN;CNF;2026-02-06 20:28:06.000;TSRA;VCSH
2026-02-06 19:50:00.000;2910;ERJ 195LR;CNF;VIX;CNF;2026-02-06 20:40:39.839;TSRA;VCSH
2026-02-06 21:35:00.000;4470;ATR72-600;CNF;MOC;CNF;2026-02-06 22:33:40.000;TSRA;NSW
2026-02-06 22:30:00.000;4142;ATR72-600;CNF;IPN;CNF;2026-02-06 22:58:06.000;TSRA;NSW
2026-02-07 17:30:00.000;4293;ATR72-600;CNF;MOC;CNF;2026-02-07 18:28:40.000;TSRA;VCTS
2026-02-09 17:30:00.000;4293;ATR72-600;CNF;MOC;CNF;2026-02-09 18:28:40.000;TSRA;NSW
2026-02-09 20:00:00.000;4317;ATR72-600;CNF;IPN;CNF;2026-02-09 20:28:06.000;TSRA;NSW
2026-02-09 19:50:00.000;2910;ERJ;CNF;VIX;CNF;2026-02-09 20:40:39.839;TSRA;NSW
2026-02-10 17:30:00.000;4293;ATR72-600;CNF;MOC;CNF;2026-02-10 18:28:40.000;TSRA;NSW
2026-02-10 20:00:00.000;4317;ATR72-600;CNF;IPN;CNF;2026-02-10 20:28:06.000;TSRA;NSW
2026-02-10 19:50:00.000;2910;ERJ 195LR;CNF;VIX;CNF;2026-02-10 20:40:39.839;TSRA;NSW
2026-02-10 21:35:00.000;4470;ATR72-600;CNF;MOC;CNF;2026-02-10 22:33:40.000;TSRA;NSW
2026-02-10 22:30:00.000;4142;ATR72-600;CNF;IPN;CNF;2026-02-10 22:58:06.000;TSRA;NSW
2026-02-11 02:00:00.000;4139;ATR72-600;CNF;IPN;CNF;2026-02-11 02:28:06.000;TSRA;NSW
2026-02-11 02:00:00.000;4420;ATR72-600;CNF;MOC;CNF;2026-02-11 02:58:40.000;TSRA;NSW
2026-02-11 02:55:00.000;4853;A320-251NEO;VCP;VIX;CNF;2026-02-11 03:45:39.839;TSRA;NSW
2026-02-11 03:35:00.000;4314;A320-251NEO;REC;VIX;CNF;2026-02-11 04:25:39.839;TSRA;NSW
2026-02-11 03:40:00.000;4412;ERJ;CNF;VIX;CNF;2026-02-11 04:30:39.839;TSRA;NSW
2026-02-18 20:00:00.000;4317;ATR72-600;CNF;IPN;CNF;2026-02-18 20:28:06.000;TSRA;NSW
2026-02-18 19:50:00.000;2910;ERJ;CNF;VIX;CNF;2026-02-18 20:40:39.839;TSRA;NSW
2026-02-18 21:35:00.000;4470;ATR72-600;CNF;MOC;CNF;2026-02-18 22:33:40.000;TSRA;NSW
2026-02-18 21:50:00.000;2639;ERJ;CNF;VIX;CNF;2026-02-18 22:40:39.839;TSRA;NSW
2026-02-18 22:30:00.000;4142;ATR72-600;CNF;IPN;CNF;2026-02-18 22:58:06.000;TSRA;NSW
2026-02-18 22:15:00.000;2886;A320-251NEO;VCP;VIX;CNF;2026-02-18 23:05:39.839;TSRA;VCTS
2026-02-19 17:30:00.000;4293;ATR72-600;CNF;MOC;CNF;2026-02-19 18:28:40.000;TSRA;NSW
2026-02-19 19:50:00.000;2910;ERJ;CNF;VIX;CNF;2026-02-19 20:40:39.839;TSRA;NSW
2026-02-19 21:35:00.000;4470;ATR72-600;CNF;MOC;CNF;2026-02-19 22:33:40.000;TSRA;VCTS
2026-02-19 21:50:00.000;2639;ERJ;CNF;VIX;CNF;2026-02-19 22:40:39.839;TSRA;VCTS
2026-02-19 22:30:00.000;4142;ATR72-600;CNF;IPN;CNF;2026-02-19 22:58:06.000;TSRA;VCTS
2026-02-19 22:15:00.000;2886;A320-253NEO;VCP;VIX;CNF;2026-02-19 23:05:39.839;TSRA;VCTS
2026-02-20 17:30:00.000;4293;ATR72-600;CNF;MOC;CNF;2026-02-20 18:28:40.000;TS;NSW
2026-02-20 20:00:00.000;4317;ATR72-600;CNF;IPN;CNF;2026-02-20 20:28:06.000;TS;VCSH VCTS
2026-02-20 19:50:00.000;2910;ERJ;CNF;VIX;CNF;2026-02-20 20:40:39.839;TS;VCSH VCTS
2026-02-20 21:35:00.000;4470;ATR72-600;CNF;MOC;CNF;2026-02-20 22:33:40.000;TS;VCTS
2026-02-20 21:50:00.000;2639;ERJ;CNF;VIX;CNF;2026-02-20 22:40:39.839;TS;VCTS
2026-02-20 22:30:00.000;4142;ATR72-600;CNF;IPN;CNF;2026-02-20 22:58:06.000;TS;VCTS
2026-02-24 15:00:00.000;4135;ATR72-600;CNF;IPN;CNF;2026-02-24 15:28:06.000;TSRA;VCSH
2026-02-24 15:40:00.000;9800;ATR72-600;JTC;PLU;CNF;2026-02-24 15:44:18.000;TSRA;VCSH
2026-02-24 15:45:00.000;4371;ERJ;CNF;VIX;CNF;2026-02-24 16:35:39.839;TSRA;-RA
2026-02-24 20:00:00.000;4317;ATR72-600;CNF;IPN;CNF;2026-02-24 20:28:06.000;TSRA;NSW
2026-02-24 21:25:00.000;2910;ERJ 195LR;CNF;VIX;CNF;2026-02-24 22:15:39.839;TSRA;NSW
2026-02-24 21:35:00.000;4470;ATR72-600;CNF;MOC;CNF;2026-02-24 22:33:40.000;TSRA;NSW
2026-02-24 21:50:00.000;2639;ERJ;CNF;VIX;CNF;2026-02-24 22:40:39.839;TSRA;NSW
2026-02-24 22:30:00.000;4142;ATR72-600;CNF;IPN;CNF;2026-02-24 22:58:06.000;TSRA;NSW
2026-02-26 00:10:00.000;2664;ERJ;CNF;VIX;CNF;2026-02-26 01:00:39.839;TS;NSW
2026-02-26 17:25:00.000;4293;ATR72-600;CNF;MOC;CNF;2026-02-26 18:23:40.000;TSRA BR;VCSH
2026-02-26 17:40:00.000;4761;A320-251NEO;VCP;VIX;CNF;2026-02-26 18:30:39.839;TSRA BR;VCSH
2026-02-26 20:00:00.000;4317;ATR72-600;CNF;IPN;CNF;2026-02-26 20:28:06.000;TSRA BR;NSW
2026-02-26 21:35:00.000;4470;ATR72-600;CNF;MOC;CNF;2026-02-26 22:33:40.000;TSRA BR;NSW
2026-02-26 21:50:00.000;2639;ERJ;CNF;VIX;CNF;2026-02-26 22:40:39.839;TSRA BR;NSW
2026-02-26 22:30:00.000;4142;ATR72-600;CNF;IPN;CNF;2026-02-26 22:58:06.000;TSRA BR;NSW
2026-02-26 21:35:00.000;4227;ERJ 195LR;CNF;GYN;CNF;2026-02-26 22:58:57.120;TSRA BR;NSW
2026-02-26 22:15:00.000;2886;A320-251NEO;VCP;VIX;CNF;2026-02-26 23:05:39.839;TSRA BR;VCTS
2026-02-27 00:00:00.000;2664;ERJ;CNF;VIX;CNF;2026-02-27 00:50:39.839;TSRA BR;NSW
2026-02-27 17:25:00.000;4293;ERJ 195LR;CNF;MOC;CNF;2026-02-27 18:07:14.399;TSRA;VCSH
2026-02-27 17:40:00.000;4761;A321-251NEO;VCP;VIX;CNF;2026-02-27 18:30:39.839;TSRA;VCSH
2026-02-27 20:00:00.000;4317;ATR72-600;CNF;IPN;CNF;2026-02-27 20:28:06.000;TSRA;VCSH VCTS
2026-02-27 21:35:00.000;4470;ATR72-600;CNF;MOC;CNF;2026-02-27 22:33:40.000;TSRA;NSW
2026-02-27 21:50:00.000;2639;ERJ;CNF;VIX;CNF;2026-02-27 22:40:39.839;TSRA;NSW
2026-02-27 22:30:00.000;4142;ATR72-600;CNF;IPN;CNF;2026-02-27 22:58:06.000;TSRA;NSW
2026-02-27 22:15:00.000;2886;A320-251NEO;VCP;VIX;CNF;2026-02-27 23:05:39.839;TSRA;NSW
2026-03-07 17:25:00.000;2667;ATR72-600;VCP;IZA;CNF;2026-03-07 18:05:24.000;TSRA;NSW
2026-03-07 17:25:00.000;4293;ATR72-600;CNF;MOC;CNF;2026-03-07 18:23:40.000;TSRA;NSW
2026-03-08 17:25:00.000;4293;ATR72-600;CNF;MOC;CNF;2026-03-08 18:23:40.000;TSRA;NSW
2026-03-08 21:20:00.000;4142;ATR72-600;CNF;IPN;CNF;2026-03-08 21:48:06.000;TSRA;VCTS
2026-03-08 21:25:00.000;2910;ERJ;CNF;VIX;CNF;2026-03-08 22:15:39.839;TSRA;VCTS
2026-03-08 21:40:00.000;4470;ATR72-600;CNF;MOC;CNF;2026-03-08 22:38:40.000;TSRA;VCTS
2026-03-09 20:10:00.000;4317;ATR72-600;CNF;IPN;CNF;2026-03-09 20:38:06.000;TSRA;VCTS VCSH
2026-03-09 21:25:00.000;2910;ERJ 195LR;CNF;VIX;CNF;2026-03-09 22:15:39.839;TSRA;NSW
2026-03-09 21:35:00.000;4470;ATR72-600;CNF;MOC;CNF;2026-03-09 22:33:40.000;TSRA;NSW
2026-03-10 00:10:00.000;2664;ERJ;CNF;VIX;CNF;2026-03-10 01:00:39.839;TSRA;NSW
2026-03-10 17:25:00.000;4293;ATR72-600;CNF;MOC;CNF;2026-03-10 18:23:40.000;TSRA;VCSH
2026-03-10 17:40:00.000;4761;A320-253NEO;VCP;VIX;CNF;2026-03-10 18:30:39.839;TSRA;VCSH
2026-03-10 20:10:00.000;4317;ATR72-600;CNF;IPN;CNF;2026-03-10 20:38:06.000;TSRA;NSW
2026-03-10 21:25:00.000;9806;ERJ 195LR;CNF;PLU;CNF;2026-03-10 21:28:05.760;TSRA;NSW
2026-03-10 21:25:00.000;2910;ERJ 195LR;CNF;VIX;CNF;2026-03-10 22:15:39.839;TSRA;NSW
2026-03-10 21:35:00.000;4470;ATR72-600;CNF;MOC;CNF;2026-03-10 22:33:40.000;TSRA;NSW
2026-03-10 22:15:00.000;2886;A320-251NEO;VCP;VIX;CNF;2026-03-10 23:05:39.839;TSRA;NSW
2026-03-10 22:20:00.000;2639;ERJ 195LR;CNF;VIX;CNF;2026-03-10 23:10:39.839;TSRA;NSW
2026-03-10 22:50:00.000;4142;ATR72-600;CNF;IPN;CNF;2026-03-10 23:18:06.000;TSRA;NSW
2026-03-11 21:25:00.000;2910;ERJ 195LR;CNF;VIX;CNF;2026-03-11 22:15:39.839;TSRA;VCSH
2026-03-11 21:35:00.000;4470;ATR72-600;CNF;MOC;CNF;2026-03-11 22:33:40.000;TSRA;VCSH
2026-03-13 00:10:00.000;2664;ERJ;CNF;VIX;CNF;2026-03-13 01:00:39.839;TS;NSW
2026-03-13 20:10:00.000;4317;ATR72-600;CNF;IPN;CNF;2026-03-13 20:38:06.000;TS;BR VCTS
2026-03-18 20:10:00.000;4317;ATR72-600;CNF;IPN;CNF;2026-03-18 20:38:06.000;TSRA BR;VCSH
2026-03-18 21:35:00.000;4470;ATR72-600;CNF;MOC;CNF;2026-03-18 22:33:40.000;TSRA BR;VCTS
2026-03-18 22:15:00.000;2886;A320-253NEO;VCP;VIX;CNF;2026-03-18 23:05:39.839;TSRA BR;VCTS
2026-03-18 22:20:00.000;2639;ERJ;CNF;VIX;CNF;2026-03-18 23:10:39.839;TSRA BR;VCTS
2026-03-18 22:50:00.000;4142;ATR72-600;CNF;IPN;CNF;2026-03-18 23:18:06.000;TSRA BR;VCTS
2026-03-18 22:05:00.000;4227;ERJ 195LR;CNF;GYN;CNF;2026-03-18 23:28:57.120;TSRA BR;VCTS
2026-03-20 12:15:00.000;2759;ERJ 195LR;CNF;VIX;CNF;2026-03-20 13:05:39.839;TSRA;BR
2026-03-20 13:10:00.000;4698;A320-253NEO;VCP;VIX;CNF;2026-03-20 14:00:39.839;TSRA;RA BR
2026-03-20 13:35:00.000;2667;ATR72-600;VCP;IZA;CNF;2026-03-20 14:15:24.000;TSRA;RA BR
2026-03-20 15:45:00.000;4371;ERJ 195LR;CNF;VIX;CNF;2026-03-20 16:35:39.839;TSRA;NSW
2026-03-20 17:25:00.000;4293;ATR72-600;CNF;MOC;CNF;2026-03-20 18:23:40.000;TSRA;NSW
2026-03-20 17:40:00.000;4761;A320-253NEO;VCP;VIX;CNF;2026-03-20 18:30:39.839;TSRA;NSW
2026-03-20 20:10:00.000;4317;ATR72-600;CNF;IPN;CNF;2026-03-20 20:38:06.000;TSRA;NSW
2026-03-20 21:25:00.000;2910;ERJ 195LR;CNF;VIX;CNF;2026-03-20 22:15:39.839;TSRA;NSW
2026-03-20 21:35:00.000;4470;ATR72-600;CNF;MOC;CNF;2026-03-20 22:33:40.000;TSRA;NSW
2026-03-21 17:25:00.000;2667;ATR72-600;VCP;IZA;CNF;2026-03-21 18:05:24.000;TSRA;NSW
2026-03-21 17:25:00.000;4293;ATR72-600;CNF;MOC;CNF;2026-03-21 18:23:40.000;TSRA;NSW
2026-03-21 21:20:00.000;2910;ERJ;CNF;VIX;CNF;2026-03-21 22:10:39.839;TSRA;VCTS
2026-03-25 17:25:00.000;4293;ATR72-600;CNF;MOC;CNF;2026-03-25 18:23:40.000;TSRA;VCSH
2026-03-25 17:40:00.000;4761;A320-251NEO;VCP;VIX;CNF;2026-03-25 18:30:39.839;TSRA;VCSH
2026-03-25 20:10:00.000;4317;ATR72-600;CNF;IPN;CNF;2026-03-25 20:38:06.000;TSRA;NSW
2026-03-25 21:25:00.000;2910;ERJ 195LR;CNF;VIX;CNF;2026-03-25 22:15:39.839;TSRA;VCSH VCTS
2026-03-25 21:35:00.000;4470;ATR72-600;CNF;MOC;CNF;2026-03-25 22:33:40.000;TSRA;VCSH VCTS
2026-03-25 22:15:00.000;2886;A320-251NEO;VCP;VIX;CNF;2026-03-25 23:05:39.839;TSRA;-RA VCTS
2026-03-25 22:20:00.000;2639;ERJ;CNF;VIX;CNF;2026-03-25 23:10:39.839;TSRA;-RA VCTS
2026-03-25 22:50:00.000;4142;ATR72-600;CNF;IPN;CNF;2026-03-25 23:18:06.000;TSRA;-RA VCTS
2026-03-25 22:05:00.000;4227;ERJ 195LR;CNF;GYN;CNF;2026-03-25 23:28:57.120;TSRA;-RA VCTS
2026-03-30 17:45:00.000;4761;A320-251NEO;VCP;VIX;CNF;2026-03-30 18:35:39.839;TSRA;NSW
2026-03-30 17:15:00.000;2867;ERJ 195LR;CNF;GYN;CNF;2026-03-30 18:38:57.120;TSRA;NSW
2026-03-30 18:10:00.000;4293;ATR72-600;CNF;MOC;CNF;2026-03-30 19:08:40.000;TSRA;NSW
2026-03-30 20:10:00.000;4317;ATR72-600;CNF;IPN;CNF;2026-03-30 20:38:06.000;TSRA;NSW
2026-03-30 21:30:00.000;2910;ERJ 195LR;CNF;VIX;CNF;2026-03-30 22:20:39.839;TSRA;NSW
2026-03-30 21:35:00.000;4470;ATR72-600;CNF;MOC;CNF;2026-03-30 22:33:40.000;TSRA;NSW
2026-03-30 22:15:00.000;2886;A320-251NEO;VCP;VIX;CNF;2026-03-30 23:05:39.839;TSRA;NSW
2026-03-30 22:20:00.000;2639;ERJ;CNF;VIX;CNF;2026-03-30 23:10:39.839;TSRA;NSW
2026-03-30 22:50:00.000;4142;ATR72-600;CNF;IPN;CNF;2026-03-30 23:18:06.000;TSRA;NSW
2026-04-04 18:05:00.000;4293;ATR72-600;CNF;MOC;CNF;2026-04-04 19:03:40.000;TSRA;NSW
2026-04-04 21:25:00.000;4142;ATR72-600;CNF;IPN;CNF;2026-04-04 21:53:06.000;TSRA;NSW
2026-04-04 21:20:00.000;2910;ERJ;CNF;VIX;CNF;2026-04-04 22:10:39.839;TSRA;NSW
2026-04-04 22:15:00.000;2886;A320-251NEO;VCP;VIX;CNF;2026-04-04 23:05:39.839;TSRA;NSW
2026-04-06 17:40:00.000;2667;ATR72-600;VCP;IZA;CNF;2026-04-06 18:20:24.000;TSRA;NSW
2026-04-06 17:45:00.000;4761;A320-251NEO;VCP;VIX;CNF;2026-04-06 18:35:39.839;TSRA;NSW
2026-04-06 17:20:00.000;2867;ERJ 195LR;CNF;GYN;CNF;2026-04-06 18:43:57.120;TSRA;NSW
2026-04-06 18:05:00.000;4293;ATR72-600;CNF;MOC;CNF;2026-04-06 19:03:40.000;TSRA;NSW
2026-04-06 21:35:00.000;4470;ATR72-600;CNF;MOC;CNF;2026-04-06 22:33:40.000;TSRA;VCTS
2026-04-06 22:00:00.000;2910;ERJ;CNF;VIX;CNF;2026-04-06 22:50:39.839;TSRA;VCTS
2026-04-08 17:40:00.000;2667;ATR72-600;VCP;IZA;CNF;2026-04-08 18:20:24.000;TSRA;NSW
2026-04-08 17:45:00.000;4761;A320-251NEO;VCP;VIX;CNF;2026-04-08 18:35:39.839;TSRA;NSW
2026-04-08 18:05:00.000;4293;ATR72-600;CNF;MOC;CNF;2026-04-08 19:03:40.000;TSRA;NSW
2026-04-08 20:10:00.000;4317;ATR72-600;CNF;IPN;CNF;2026-04-08 20:38:06.000;TSRA;VCSH
2026-04-09 17:40:00.000;2667;ATR72-600;VCP;IZA;CNF;2026-04-09 18:20:24.000;TSRA;NSW
2026-04-09 17:40:00.000;4761;A320-251NEO;VCP;VIX;CNF;2026-04-09 18:30:39.839;TSRA;NSW
2026-04-09 17:20:00.000;2867;ERJ 195LR;CNF;GYN;CNF;2026-04-09 18:43:57.120;TSRA;NSW
2026-04-09 18:05:00.000;4293;ATR72-600;CNF;MOC;CNF;2026-04-09 19:03:40.000;TSRA;NSW
2026-04-09 20:10:00.000;4317;ATR72-600;CNF;IPN;CNF;2026-04-09 20:38:06.000;TSRA;NSW
2026-04-09 21:35:00.000;4470;ATR72-600;CNF;MOC;CNF;2026-04-09 22:33:40.000;TSRA;VCTS
2026-04-09 22:00:00.000;2910;ERJ;CNF;VIX;CNF;2026-04-09 22:50:39.839;TSRA;VCTS
2026-05-19 17:40:00.000;2667;ATR72-600;VCP;IZA;CNF;2026-05-19 18:20:24.000;TSRA;NSW
2026-05-19 17:45:00.000;4761;A320-251NEO;VCP;VIX;CNF;2026-05-19 18:35:39.839;TSRA;NSW
2026-05-19 18:05:00.000;4293;ATR72-600;CNF;MOC;CNF;2026-05-19 19:03:40.000;TSRA;NSW
2026-05-19 20:10:00.000;4317;ATR72-600;CNF;IPN;CNF;2026-05-19 20:38:06.000;TSRA;NSW
2026-05-20 17:40:00.000;2667;ATR72-600;VCP;IZA;CNF;2026-05-20 18:20:24.000;TSRA;NSW
2026-05-20 17:45:00.000;4761;A320-253NEO;VCP;VIX;CNF;2026-05-20 18:35:39.839;TSRA;NSW
2026-05-20 18:05:00.000;4293;ATR72-600;CNF;MOC;CNF;2026-05-20 19:03:40.000;TSRA;NSW
2026-05-20 20:10:00.000;4317;ATR72-600;CNF;IPN;CNF;2026-05-20 20:38:06.000;TSRA;NSW
2026-05-20 21:35:00.000;4470;ATR72-600;CNF;MOC;CNF;2026-05-20 22:33:40.000;TSRA;NSW
2026-06-13 17:40:00.000;2667;ATR72-600;VCP;IZA;CNF;2026-06-13 18:20:24.000;TSRA;NSW
2026-06-13 18:05:00.000;4293;ATR72-600;CNF;MOC;CNF;2026-06-13 19:03:40.000;TSRA;NSW
2026-06-13 21:15:00.000;4142;ATR72-600;CNF;IPN;CNF;2026-06-13 21:43:06.000;TSRA;NSW
2026-01-20 18:50:00.000;4560;ATR72-600;REC;JPA;CPV;2026-01-20 19:08:56.000;TS;NSW
2026-02-08 18:50:00.000;4560;ATR72-600;REC;JPA;CPV;2026-02-08 19:08:56.000;TSRA;NSW
2026-02-12 18:50:00.000;4560;ATR72-600;REC;JPA;CPV;2026-02-12 19:08:56.000;TSRA;NSW
2026-02-14 17:15:00.000;4560;ATR72-600;REC;JPA;CPV;2026-02-14 17:33:56.000;TSRA;NSW
2026-02-24 18:45:00.000;4560;ATR72-600;REC;JPA;CPV;2026-02-24 19:03:56.000;TSRA;NSW
2026-02-26 18:45:00.000;4560;ATR72-600;REC;JPA;CPV;2026-02-26 19:03:56.000;TS;NSW
2026-03-03 18:45:00.000;4560;ATR72-600;REC;JPA;CPV;2026-03-03 19:03:56.000;TSRA;NSW
2026-03-05 18:45:00.000;4560;ATR72-600;REC;JPA;CPV;2026-03-05 19:03:56.000;TSRA;NSW
2026-03-17 18:45:00.000;4560;ATR72-600;REC;JPA;CPV;2026-03-17 19:03:56.000;TSRA;NSW
2026-03-28 18:45:00.000;4560;ATR72-600;REC;JPA;CPV;2026-03-28 19:03:56.000;TS;NSW
2026-03-30 18:45:00.000;4560;ATR72-600;REC;JPA;CPV;2026-03-30 19:03:56.000;TS;NSW
2026-04-01 18:45:00.000;4560;ATR72-600;REC;JPA;CPV;2026-04-01 19:03:56.000;TSRA;NSW
2026-04-05 18:45:00.000;4560;ATR72-600;REC;JPA;CPV;2026-04-05 19:03:56.000;TSRA;NSW
2026-04-07 18:45:00.000;4560;ATR72-600;REC;JPA;CPV;2026-04-07 19:03:56.000;TSRA;-RA BR
2026-04-08 18:45:00.000;4560;ATR72-600;REC;JPA;CPV;2026-04-08 19:03:56.000;TSRA;NSW
2026-04-18 18:45:00.000;4560;ATR72-600;REC;JPA;CPV;2026-04-18 19:03:56.000;TSRA;-RA
2026-05-17 18:45:00.000;4560;ATR72-600;REC;JPA;CPV;2026-05-17 19:03:56.000;TSRA;-RA
2026-06-27 18:40:00.000;4560;ATR72-600;REC;JPA;CPV;2026-06-27 18:58:56.000;TS;-RA BR
2025-08-04 09:20:00.000;4450;ERJ 195LR;GIG;VCP;CWB;2025-08-04 10:05:08.640;-TSRA;NSW
2025-08-04 09:30:00.000;4315;ERJ;CWB;VCP;CWB;2025-08-04 10:15:08.640;-TSRA;NSW
2025-08-04 09:35:00.000;4335;A321-251NEO;REC;VCP;CWB;2025-08-04 10:20:08.640;-TSRA;NSW
2025-08-04 09:40:00.000;5046;ERJ;BSB;VCP;CWB;2025-08-04 10:25:08.640;-TSRA;NSW
2025-08-04 10:00:00.000;4657;ERJ;FLN;VCP;CWB;2025-08-04 10:45:08.640;-TSRA;NSW
2025-08-04 10:30:00.000;4913;ERJ 195LR;VCP;NVT;CWB;2025-08-04 10:50:36.960;-TSRA;NSW
2025-08-04 10:15:00.000;4383;A321-251NEO;MAO;VCP;CWB;2025-08-04 11:00:08.640;-TSRA;NSW
2025-08-04 10:20:00.000;4188;ERJ;CNF;VCP;CWB;2025-08-04 11:05:08.640;-TSRA;NSW
2025-08-04 10:25:00.000;2666;ERJ;SDU;VCP;CWB;2025-08-04 11:10:08.640;-TSRA;NSW
2025-08-04 11:05:00.000;2966;ERJ;CWB;VCP;CWB;2025-08-04 11:50:08.640;-TSRA;NSW
2025-08-04 11:10:00.000;2024;A321-231;MAO;VCP;CWB;2025-08-04 11:55:08.640;-TSRA;NSW
2025-08-08 12:20:00.000;2704;ERJ 195LR;NVT;VCP;CWB;2025-08-08 13:05:08.640;TSRA;-RA
2025-08-08 13:25:00.000;4333;ATR72-600;VCP;JOI;CWB;2025-08-08 13:40:30.000;TSRA;-RA
2025-08-08 13:55:00.000;2646;ERJ 195LR;GIG;VCP;CWB;2025-08-08 14:40:08.640;TSRA;-RA
2025-08-08 14:20:00.000;4165;ERJ 195LR;VCP;NVT;CWB;2025-08-08 14:40:36.960;TSRA;-RA
2025-08-08 14:05:00.000;2898;ERJ;SDU;VCP;CWB;2025-08-08 14:50:08.640;TSRA;-RA
2025-08-08 14:10:00.000;4238;ERJ;CGB;VCP;CWB;2025-08-08 14:55:08.640;TSRA;-RA
2025-08-08 14:20:00.000;4048;ERJ;BSB;VCP;CWB;2025-08-08 15:05:08.640;TSRA;-RA
2025-08-08 14:40:00.000;4206;ERJ 195LR;CWB;VCP;CWB;2025-08-08 15:25:08.640;TSRA;-RA
2025-08-08 14:45:00.000;4587;ERJ;CAC;VCP;CWB;2025-08-08 15:30:08.640;TSRA;-RA
2025-08-08 14:50:00.000;4274;ERJ;XAP;VCP;CWB;2025-08-08 15:35:08.640;TSRA;-RA
2025-08-08 14:55:00.000;4395;ERJ;BSB;VCP;CWB;2025-08-08 15:40:08.640;TSRA;-RA
2025-08-08 15:00:00.000;4483;ERJ;FLN;VCP;CWB;2025-08-08 15:45:08.640;TSRA;-RA
2025-08-08 15:10:00.000;4508;A321-251NEO;REC;VCP;CWB;2025-08-08 15:55:08.640;TSRA;-RA
2025-08-08 15:05:00.000;4233;ERJ 195LR;CWB;IGU;CWB;2025-08-08 16:14:04.319;TSRA;NSW
2025-08-08 16:10:00.000;2691;ERJ;CMG;VCP;CWB;2025-08-08 16:55:08.640;TSRA;NSW
2025-08-08 16:10:00.000;4170;ERJ 195LR;NVT;VCP;CWB;2025-08-08 16:55:08.640;TSRA;NSW
2025-08-08 16:25:00.000;4321;ERJ;CNF;VCP;CWB;2025-08-08 17:10:08.640;TSRA;NSW
2025-08-08 16:10:00.000;6032;ERJ 195LR;CGH;POA;CWB;2025-08-08 17:19:10.080;TSRA;NSW
2025-08-08 17:30:00.000;2707;ATR72-600;VCP;JOI;CWB;2025-08-08 17:45:30.000;TSRA;NSW
2025-08-08 17:05:00.000;8783;ERJ;ASU;VCP;CWB;2025-08-08 17:50:08.640;TSRA;NSW
2025-08-08 17:35:00.000;2849;ERJ 195LR;GIG;VCP;CWB;2025-08-08 18:20:08.640;+TSRA;NSW
2025-08-08 17:35:00.000;4518;ERJ;MCZ;VCP;CWB;2025-08-08 18:20:08.640;+TSRA;NSW
2025-08-08 17:55:00.000;2656;ERJ;SDU;VCP;CWB;2025-08-08 18:40:08.640;+TSRA;NSW
2025-08-08 18:05:00.000;2753;ERJ 195LR;CWB;VCP;CWB;2025-08-08 18:50:08.640;+TSRA;NSW
2025-08-08 18:15:00.000;4917;ERJ;CNF;VCP;CWB;2025-08-08 19:00:08.640;+TSRA;-RA
2025-08-08 18:20:00.000;9006;ERJ;CGB;VCP;CWB;2025-08-08 19:05:08.640;+TSRA;-RA
2025-08-08 18:30:00.000;2718;ERJ 195LR;POA;VCP;CWB;2025-08-08 19:15:08.640;+TSRA;-RA
2025-08-08 19:05:00.000;4397;ERJ;BSB;VCP;CWB;2025-08-08 19:50:08.640;+TSRA;-RA
2025-08-08 19:15:00.000;2823;A321-251NEO;REC;VCP;CWB;2025-08-08 20:00:08.640;+TSRA;NSW
2025-08-08 19:25:00.000;2916;ERJ;SDU;VCP;CWB;2025-08-08 20:10:08.640;+TSRA;NSW
2025-08-08 19:25:00.000;4669;A321-251NEO;FOR;VCP;CWB;2025-08-08 20:10:08.640;+TSRA;NSW
2025-08-08 19:40:00.000;2862;ERJ;CWB;VCP;CWB;2025-08-08 20:25:08.640;+TSRA;NSW
2025-08-08 19:50:00.000;9350;ERJ;BSB;VCP;CWB;2025-08-08 20:35:08.640;+TSRA;NSW
2025-08-08 19:30:00.000;2965;ERJ 195LR;CWB;POA;CWB;2025-08-08 20:39:10.080;+TSRA;NSW
2025-08-08 20:05:00.000;4630;ERJ;NVT;VCP;CWB;2025-08-08 20:50:08.640;+TSRA;NSW
2025-08-08 20:10:00.000;4046;ERJ 195LR;CNF;VCP;CWB;2025-08-08 20:55:08.640;+TSRA;NSW
2025-08-08 20:15:00.000;4696;ERJ 195LR;BSB;VCP;CWB;2025-08-08 21:00:08.640;+TSRA;NSW
2025-08-08 20:20:00.000;4265;ERJ 195LR;UDI;VCP;CWB;2025-08-08 21:05:08.640;+TSRA;NSW
2025-08-08 20:35:00.000;4385;ERJ;ROO;VCP;CWB;2025-08-08 21:20:08.640;+TSRA;NSW
2025-08-08 21:35:00.000;2995;ATR72-600;VCP;JOI;CWB;2025-08-08 21:50:30.000;+TSRA;NSW
2025-08-26 15:25:00.000;4927;ERJ;PMG;VCP;CWB;2025-08-26 16:10:08.640;TSRA;-RA
2025-08-26 15:05:00.000;4233;ERJ 195LR;CWB;IGU;CWB;2025-08-26 16:14:04.319;TSRA;-RA
2025-08-26 15:35:00.000;2689;ERJ 195LR;BYO;VCP;CWB;2025-08-26 16:20:08.640;TSRA;-RA
2025-08-26 16:10:00.000;4170;ERJ 195LR;NVT;VCP;CWB;2025-08-26 16:55:08.640;TSRA;-RA
2025-08-26 16:15:00.000;2876;A321-251NEO;REC;VCP;CWB;2025-08-26 17:00:08.640;TSRA;-RA
2025-08-26 16:25:00.000;4321;ERJ;CNF;VCP;CWB;2025-08-26 17:10:08.640;TSRA;-RA
2025-08-26 17:30:00.000;2707;ATR72-600;VCP;JOI;CWB;2025-08-26 17:45:30.000;TSRA;-RA
2025-09-16 17:30:00.000;2970;ERJ;CGR;VCP;CWB;2025-09-16 18:15:08.640;-TSRA;NSW
2025-09-16 17:35:00.000;2849;ERJ 195LR;GIG;VCP;CWB;2025-09-16 18:20:08.640;-TSRA;NSW
2025-09-16 18:10:00.000;4558;ERJ 195LR;VCP;NVT;CWB;2025-09-16 18:30:36.960;-TSRA;NSW
2025-09-16 17:55:00.000;2656;ERJ;SDU;VCP;CWB;2025-09-16 18:40:08.640;-TSRA;NSW
2025-09-16 18:15:00.000;4917;ERJ;CNF;VCP;CWB;2025-09-16 19:00:08.640;-TSRA;NSW
2025-09-16 18:30:00.000;2718;ERJ;POA;VCP;CWB;2025-09-16 19:15:08.640;-TSRA;NSW
2025-09-16 19:10:00.000;2823;A321-251NEO;REC;VCP;CWB;2025-09-16 19:55:08.640;-TSRA;NSW
2025-09-16 19:20:00.000;4669;A321-251NEO;FOR;VCP;CWB;2025-09-16 20:05:08.640;-TSRA;NSW
2025-09-16 19:25:00.000;2916;ERJ;SDU;VCP;CWB;2025-09-16 20:10:08.640;-TSRA;NSW
2025-09-16 19:40:00.000;4265;ERJ 195LR;UDI;VCP;CWB;2025-09-16 20:25:08.640;-TSRA;NSW
2025-09-16 19:30:00.000;2965;ERJ 195LR;CWB;POA;CWB;2025-09-16 20:39:10.080;-TSRA;NSW
2025-09-16 20:00:00.000;4630;ERJ 195LR;NVT;VCP;CWB;2025-09-16 20:45:08.640;-TSRA;NSW
2025-09-16 20:10:00.000;4696;ERJ;BSB;VCP;CWB;2025-09-16 20:55:08.640;-TSRA;NSW
2025-09-16 20:10:00.000;4046;ERJ;CNF;VCP;CWB;2025-09-16 20:55:08.640;-TSRA;NSW
2025-09-16 20:25:00.000;4285;ERJ 195LR;CGR;VCP;CWB;2025-09-16 21:10:08.640;-TSRA;NSW
2025-09-16 20:35:00.000;4385;ERJ;ROO;VCP;CWB;2025-09-16 21:20:08.640;-TSRA;NSW
2025-09-16 21:15:00.000;2995;ERJ 195LR;VCP;JOI;CWB;2025-09-16 21:26:09.600;-TSRA;NSW
2025-09-21 19:55:00.000;2429;ERJ;POA;VCP;CWB;2025-09-21 20:40:08.640;TSRA;-RA
2025-09-21 19:55:00.000;9801;A321-251NEO;REC;VCP;CWB;2025-09-21 20:40:08.640;TSRA;-RA
2025-09-21 20:00:00.000;4630;ERJ 195LR;NVT;VCP;CWB;2025-09-21 20:45:08.640;TSRA;-RA
2025-09-21 20:10:00.000;4046;ERJ;CNF;VCP;CWB;2025-09-21 20:55:08.640;TSRA;-RA
2025-09-21 20:10:00.000;4696;ERJ;BSB;VCP;CWB;2025-09-21 20:55:08.640;TSRA;-RA
2025-09-21 20:35:00.000;4385;ERJ;ROO;VCP;CWB;2025-09-21 21:20:08.640;TSRA;NSW
2025-09-21 20:40:00.000;2411;ERJ;IOS;VCP;CWB;2025-09-21 21:25:08.640;TSRA;NSW
2025-09-21 21:35:00.000;2995;ATR72-600;VCP;JOI;CWB;2025-09-21 21:50:30.000;TSRA;NSW
2025-09-21 21:30:00.000;4031;ERJ;CWB;VCP;CWB;2025-09-21 22:15:08.640;TSRA;NSW
2025-09-21 21:35:00.000;4195;ERJ;SSA;VCP;CWB;2025-09-21 22:20:08.640;TSRA;NSW
2025-09-21 21:45:00.000;4087;ERJ 195LR;GIG;VCP;CWB;2025-09-21 22:30:08.640;TSRA;NSW
2025-09-21 22:00:00.000;2094;A321-231;SCL;VCP;CWB;2025-09-21 22:45:08.640;TSRA;NSW
2025-09-21 22:00:00.000;4242;ERJ;AFL;VCP;CWB;2025-09-21 22:45:08.640;TSRA;NSW
2025-09-21 22:25:00.000;4958;ERJ 195LR;VCP;NVT;CWB;2025-09-21 22:45:36.960;TSRA;NSW
2025-09-21 22:15:00.000;4584;ERJ 195LR;VCP;LDB;CWB;2025-09-21 22:55:40.800;TSRA;NSW
2025-09-21 22:25:00.000;4791;ERJ;OAL;VCP;CWB;2025-09-21 23:10:08.640;TSRA;-RA
2025-09-21 22:30:00.000;9900;A321-231;MAO;VCP;CWB;2025-09-21 23:15:08.640;TSRA;-RA
2025-09-21 22:50:00.000;2501;ERJ;MCZ;VCP;CWB;2025-09-21 23:35:08.640;TSRA;-RA
2025-09-21 23:00:00.000;2903;ERJ;SDU;VCP;CWB;2025-09-21 23:45:08.640;TSRA;-RA
2025-09-21 23:10:00.000;4410;ERJ;FLN;VCP;CWB;2025-09-21 23:55:08.640;TSRA;-RA
2025-09-22 12:15:00.000;4206;ERJ;CWB;VCP;CWB;2025-09-22 13:00:08.640;TSRA;-RA
2025-09-22 12:20:00.000;2704;ERJ 195LR;NVT;VCP;CWB;2025-09-22 13:05:08.640;TSRA;-RA
2025-09-22 14:55:00.000;4395;ERJ;BSB;VCP;CWB;2025-09-22 15:40:08.640;TSRA;-RA
2025-09-22 14:55:00.000;4334;ERJ 195LR;JOI;VCP;CWB;2025-09-22 15:40:08.640;TSRA;-RA
2025-09-22 15:10:00.000;4508;A321-251NEO;REC;VCP;CWB;2025-09-22 15:55:08.640;TSRA;-RA
2025-09-22 15:15:00.000;4927;ERJ 195LR;PMG;VCP;CWB;2025-09-22 16:00:08.640;TSRA;NSW
2025-09-22 15:05:00.000;4233;ERJ 195LR;CWB;IGU;CWB;2025-09-22 16:14:04.319;TSRA;NSW
2025-09-22 15:35:00.000;2753;ERJ;CWB;VCP;CWB;2025-09-22 16:20:08.640;TSRA;NSW
2025-09-22 15:50:00.000;2691;ERJ;CMG;VCP;CWB;2025-09-22 16:35:08.640;TSRA;NSW
2025-09-22 16:10:00.000;4170;ERJ 195LR;NVT;VCP;CWB;2025-09-22 16:55:08.640;TSRA;NSW
2025-09-22 16:15:00.000;2876;A321-251NEO;REC;VCP;CWB;2025-09-22 17:00:08.640;TSRA;NSW
2025-09-22 16:25:00.000;4321;ERJ;CNF;VCP;CWB;2025-09-22 17:10:08.640;TSRA;NSW
2025-09-22 17:15:00.000;2707;ATR72-600;VCP;JOI;CWB;2025-09-22 17:30:30.000;TSRA;NSW
2025-09-22 17:30:00.000;2970;ERJ;CGR;VCP;CWB;2025-09-22 18:15:08.640;-TSRA;NSW
2025-09-22 17:35:00.000;2849;ERJ;GIG;VCP;CWB;2025-09-22 18:20:08.640;-TSRA;NSW
2025-09-22 17:55:00.000;2656;ERJ;SDU;VCP;CWB;2025-09-22 18:40:08.640;-TSRA;NSW
2025-09-22 17:50:00.000;2955;A321-251NEO;VCP;IGU;CWB;2025-09-22 18:59:04.319;-TSRA;NSW
2025-09-22 18:15:00.000;4917;ERJ;CNF;VCP;CWB;2025-09-22 19:00:08.640;-TSRA;NSW
2025-09-22 18:30:00.000;2718;ERJ;POA;VCP;CWB;2025-09-22 19:15:08.640;-TSRA;NSW
2025-09-22 17:40:00.000;4926;ERJ 195LR;IGU;PMG;CWB;2025-09-22 19:16:00.000;-TSRA;NSW
2025-09-22 18:45:00.000;9121;ERJ;XAP;VCP;CWB;2025-09-22 19:30:08.640;-TSRA;NSW
2025-09-22 19:05:00.000;4397;ERJ;BSB;VCP;CWB;2025-09-22 19:50:08.640;-TSRA;NSW
2025-10-01 14:15:00.000;2898;ERJ;SDU;VCP;CWB;2025-10-01 15:00:08.640;TSRA;NSW
2025-10-01 14:25:00.000;4048;ERJ;BSB;VCP;CWB;2025-10-01 15:10:08.640;TSRA;NSW
2025-10-01 14:50:00.000;4274;ERJ;XAP;VCP;CWB;2025-10-01 15:35:08.640;TSRA;NSW
2025-10-01 14:55:00.000;4395;ERJ;BSB;VCP;CWB;2025-10-01 15:40:08.640;TSRA;NSW
2025-10-01 15:00:00.000;4587;ERJ;CAC;VCP;CWB;2025-10-01 15:45:08.640;TSRA;NSW
2025-10-01 15:00:00.000;4483;ERJ;FLN;VCP;CWB;2025-10-01 15:45:08.640;TSRA;NSW
2025-10-01 15:05:00.000;4334;ERJ 195LR;JOI;VCP;CWB;2025-10-01 15:50:08.640;TSRA;NSW
2025-10-01 15:10:00.000;4508;A321-251NEO;REC;VCP;CWB;2025-10-01 15:55:08.640;TSRA;NSW
2025-10-01 15:15:00.000;4927;ERJ;PMG;VCP;CWB;2025-10-01 16:00:08.640;TSRA;NSW
2025-10-01 15:05:00.000;4233;ERJ 195LR;CWB;IGU;CWB;2025-10-01 16:14:04.319;TSRA;NSW
2025-10-01 15:30:00.000;4241;ERJ 195LR;UDI;VCP;CWB;2025-10-01 16:15:08.640;TSRA;NSW
2025-10-01 16:10:00.000;2597;ERJ 195LR;NVT;VCP;CWB;2025-10-01 16:55:08.640;TSRA;NSW
2025-10-01 16:15:00.000;2876;A321-251NEO;REC;VCP;CWB;2025-10-01 17:00:08.640;TSRA;NSW
2025-10-01 16:25:00.000;4321;ERJ;CNF;VCP;CWB;2025-10-01 17:10:08.640;TSRA;NSW
2025-10-10 08:05:00.000;4341;ERJ 195LR;CGB;VCP;CWB;2025-10-10 08:50:08.640;TSRA;-RA VCTS
2025-10-10 08:05:00.000;4221;ERJ;PNZ;VCP;CWB;2025-10-10 08:50:08.640;TSRA;-RA VCTS
2025-10-10 08:20:00.000;2679;ERJ;JDO;VCP;CWB;2025-10-10 09:05:08.640;TSRA;-RA VCTS
2025-10-10 08:30:00.000;4034;ERJ;AJU;VCP;CWB;2025-10-10 09:15:08.640;TSRA;-RA VCTS
2025-10-12 17:30:00.000;2970;ERJ;CGR;VCP;CWB;2025-10-12 18:15:08.640;TSRA;NSW
2025-10-12 17:35:00.000;2849;ERJ;GIG;VCP;CWB;2025-10-12 18:20:08.640;TSRA;NSW
2025-10-12 17:35:00.000;2676;ERJ 195LR;VCP;MGF;CWB;2025-10-12 18:22:32.640;TSRA;NSW
2025-10-12 18:40:00.000;4175;ERJ;CAC;VCP;CWB;2025-10-12 19:25:08.640;TSRA;NSW
2025-10-12 18:40:00.000;4630;ERJ 195LR;NVT;VCP;CWB;2025-10-12 19:25:08.640;TSRA;NSW
2025-10-12 19:10:00.000;2823;A321-251NEO;REC;VCP;CWB;2025-10-12 19:55:08.640;TSRA;NSW
2025-10-12 19:20:00.000;4669;A321-251NEO;FOR;VCP;CWB;2025-10-12 20:05:08.640;TSRA;-RA
2025-10-12 19:25:00.000;2916;ERJ;SDU;VCP;CWB;2025-10-12 20:10:08.640;TSRA;-RA
2025-10-12 19:50:00.000;4992;ERJ 195LR;CXJ;VCP;CWB;2025-10-12 20:35:08.640;TSRA;-RA
2025-10-12 19:30:00.000;2965;ERJ 195LR;CWB;POA;CWB;2025-10-12 20:39:10.080;TSRA;-RA
2025-10-12 19:55:00.000;4265;ERJ 195LR;UDI;VCP;CWB;2025-10-12 20:40:08.640;TSRA;-RA
2025-10-12 20:10:00.000;4046;ERJ;CNF;VCP;CWB;2025-10-12 20:55:08.640;TSRA;-RA
2025-10-12 20:10:00.000;4696;ERJ;BSB;VCP;CWB;2025-10-12 20:55:08.640;TSRA;-RA
2025-10-12 20:35:00.000;4385;ERJ;ROO;VCP;CWB;2025-10-12 21:20:08.640;TSRA;-RA
2025-10-12 20:40:00.000;2411;ERJ;IOS;VCP;CWB;2025-10-12 21:25:08.640;TSRA;-RA
2025-10-12 21:20:00.000;2995;ERJ 195LR;VCP;JOI;CWB;2025-10-12 21:31:09.600;TSRA;-RA
2025-10-12 21:20:00.000;9351;ERJ;IGU;VCP;CWB;2025-10-12 22:05:08.640;TSRA;-RA
2025-10-12 21:30:00.000;4031;ERJ;CWB;VCP;CWB;2025-10-12 22:15:08.640;TSRA;-RA
2025-10-12 21:30:00.000;4195;ERJ;SSA;VCP;CWB;2025-10-12 22:15:08.640;TSRA;-RA
2025-10-12 21:45:00.000;4087;ERJ;GIG;VCP;CWB;2025-10-12 22:30:08.640;TSRA;-RA
2025-10-12 22:00:00.000;4584;ERJ 195LR;VCP;LDB;CWB;2025-10-12 22:40:40.800;TSRA;-RA
2025-10-12 22:00:00.000;2094;A321-231;SCL;VCP;CWB;2025-10-12 22:45:08.640;TSRA;-RA
2025-10-12 22:00:00.000;4242;ERJ;AFL;VCP;CWB;2025-10-12 22:45:08.640;TSRA;-RA
2025-10-12 22:30:00.000;4958;ERJ 195LR;VCP;NVT;CWB;2025-10-12 22:50:36.960;TSRA;-RA
2025-10-12 22:20:00.000;4791;ERJ;OAL;VCP;CWB;2025-10-12 23:05:08.640;TSRA;NSW
2025-10-12 22:50:00.000;2501;ERJ;MCZ;VCP;CWB;2025-10-12 23:35:08.640;TSRA;NSW
2025-10-12 23:00:00.000;2903;ERJ;SDU;VCP;CWB;2025-10-12 23:45:08.640;TSRA;NSW
2025-10-12 23:00:00.000;4202;ERJ 195LR;JOI;VCP;CWB;2025-10-12 23:45:08.640;TSRA;NSW
2025-10-12 23:10:00.000;4410;ERJ;FLN;VCP;CWB;2025-10-12 23:55:08.640;TSRA;NSW
2025-10-17 15:15:00.000;4309;ERJ 195LR;LDB;VCP;CWB;2025-10-17 16:00:08.640;TSRA;NSW
2025-10-17 15:15:00.000;4927;ERJ;PMG;VCP;CWB;2025-10-17 16:00:08.640;TSRA;NSW
2025-10-17 15:20:00.000;4334;ERJ 195LR;JOI;VCP;CWB;2025-10-17 16:05:08.640;TSRA;NSW
2025-10-17 15:05:00.000;4233;ERJ 195LR;CWB;IGU;CWB;2025-10-17 16:14:04.319;TSRA;NSW
2025-10-17 15:35:00.000;2753;ERJ;CWB;VCP;CWB;2025-10-17 16:20:08.640;TSRA;NSW
2025-10-17 16:15:00.000;2876;A321-251NEO;REC;VCP;CWB;2025-10-17 17:00:08.640;TSRA;NSW
2025-10-17 16:25:00.000;4321;ERJ;CNF;VCP;CWB;2025-10-17 17:10:08.640;TSRA;NSW
2025-10-17 16:50:00.000;4558;ERJ 195LR;VCP;NVT;CWB;2025-10-17 17:10:36.960;TSRA;NSW
2025-10-18 08:05:00.000;4341;ERJ;CGB;VCP;CWB;2025-10-18 08:50:08.640;TSRA;NSW
2025-10-18 08:05:00.000;4221;ERJ;PNZ;VCP;CWB;2025-10-18 08:50:08.640;TSRA;NSW
2025-10-18 08:20:00.000;2679;ERJ;JDO;VCP;CWB;2025-10-18 09:05:08.640;TSRA;NSW
2025-10-18 08:30:00.000;4034;ERJ;AJU;VCP;CWB;2025-10-18 09:15:08.640;TSRA;NSW
2025-10-18 13:10:00.000;4333;ATR72-600;VCP;JOI;CWB;2025-10-18 13:25:30.000;+TSRA;VCSH
2025-10-18 13:00:00.000;4361;ERJ;CGR;VCP;CWB;2025-10-18 13:45:08.640;+TSRA;VCSH
2025-10-18 13:15:00.000;4308;ERJ 195LR;VCP;LDB;CWB;2025-10-18 13:55:40.800;+TSRA;VCSH
2025-10-18 13:00:00.000;4586;ERJ 195LR;VCP;CAC;CWB;2025-10-18 13:56:52.799;+TSRA;VCSH
2025-10-18 13:45:00.000;2687;ERJ;POA;VCP;CWB;2025-10-18 14:30:08.640;+TSRA;NSW
2025-10-18 13:55:00.000;4028;ERJ;GIG;VCP;CWB;2025-10-18 14:40:08.640;+TSRA;NSW
2025-10-18 14:00:00.000;4350;ERJ;CNF;VCP;CWB;2025-10-18 14:45:08.640;+TSRA;NSW
2025-10-18 13:45:00.000;6030;ERJ 195LR;CGH;POA;CWB;2025-10-18 14:54:10.080;+TSRA;NSW
2025-10-18 14:15:00.000;2898;ERJ;SDU;VCP;CWB;2025-10-18 15:00:08.640;+TSRA;NSW
2025-10-18 14:45:00.000;4170;ERJ;NVT;VCP;CWB;2025-10-18 15:30:08.640;+TSRA;NSW
2025-10-18 14:50:00.000;4274;ERJ;XAP;VCP;CWB;2025-10-18 15:35:08.640;+TSRA;NSW
2025-10-18 14:55:00.000;4395;ERJ 195LR;BSB;VCP;CWB;2025-10-18 15:40:08.640;+TSRA;NSW
2025-10-18 15:00:00.000;4483;ERJ;FLN;VCP;CWB;2025-10-18 15:45:08.640;+TSRA;NSW
2025-10-18 15:00:00.000;4587;ERJ 195LR;CAC;VCP;CWB;2025-10-18 15:45:08.640;+TSRA;NSW
2025-10-18 15:10:00.000;2688;ERJ;POA;VCP;CWB;2025-10-18 15:55:08.640;+TSRA;NSW
2025-10-18 15:10:00.000;4508;A321-251NEO;REC;VCP;CWB;2025-10-18 15:55:08.640;+TSRA;NSW
2025-10-18 15:15:00.000;4309;ERJ 195LR;LDB;VCP;CWB;2025-10-18 16:00:08.640;+TSRA;NSW
2025-10-18 15:05:00.000;4233;ERJ 195LR;CWB;IGU;CWB;2025-10-18 16:14:04.319;+TSRA;NSW
2025-10-18 15:35:00.000;5093;ERJ;VIX;VCP;CWB;2025-10-18 16:20:08.640;+TSRA;NSW
2025-10-18 16:15:00.000;2331;A321-251NEO;REC;VCP;CWB;2025-10-18 17:00:08.640;+TSRA;NSW
2025-10-18 16:25:00.000;4321;ERJ;CNF;VCP;CWB;2025-10-18 17:10:08.640;+TSRA;NSW
2025-11-02 10:10:00.000;5046;ERJ;BSB;VCP;CWB;2025-11-02 10:55:08.640;TSRA;NSW
2025-11-02 10:15:00.000;4315;ERJ;CWB;VCP;CWB;2025-11-02 11:00:08.640;TSRA;NSW
2025-11-02 10:25:00.000;2666;ERJ;SDU;VCP;CWB;2025-11-02 11:10:08.640;TSRA;NSW
2025-11-02 11:05:00.000;2966;ERJ;CWB;VCP;CWB;2025-11-02 11:50:08.640;TSRA;NSW
2025-11-02 12:00:00.000;4096;ERJ;CNF;VCP;CWB;2025-11-02 12:45:08.640;TSRA;-RA
2025-11-02 12:15:00.000;4206;ERJ;CWB;VCP;CWB;2025-11-02 13:00:08.640;TSRA;-RA
2025-11-02 13:15:00.000;4308;ERJ 195LR;VCP;LDB;CWB;2025-11-02 13:55:40.800;TSRA;-RA
2025-11-03 18:40:00.000;4630;ERJ 195LR;NVT;VCP;CWB;2025-11-03 19:25:08.640;TSRA;NSW
2025-11-03 18:40:00.000;9901;A321-231;MAO;VCP;CWB;2025-11-03 19:25:08.640;TSRA;NSW
2025-11-03 19:10:00.000;2823;A321-251NEO;REC;VCP;CWB;2025-11-03 19:55:08.640;TSRA;NSW
2025-11-13 13:35:00.000;2794;A320-251NEO;CNF;FLN;CWB;2025-11-13 14:06:53.760;TSRA;NSW
2025-11-13 13:55:00.000;4028;ERJ 195LR;GIG;VCP;CWB;2025-11-13 14:40:08.640;TSRA;NSW
2025-11-13 14:00:00.000;4350;ERJ;CNF;VCP;CWB;2025-11-13 14:45:08.640;TSRA;NSW
2025-11-13 14:15:00.000;2898;ERJ;SDU;VCP;CWB;2025-11-13 15:00:08.640;TSRA;NSW
2025-11-13 14:45:00.000;4587;ERJ;CAC;VCP;CWB;2025-11-13 15:30:08.640;TSRA;NSW
2025-11-13 14:45:00.000;4170;ERJ 195LR;NVT;VCP;CWB;2025-11-13 15:30:08.640;TSRA;NSW
2025-11-13 14:55:00.000;4395;ERJ;BSB;VCP;CWB;2025-11-13 15:40:08.640;TSRA;NSW
2025-11-13 15:00:00.000;2479;ERJ;FLN;VCP;CWB;2025-11-13 15:45:08.640;TSRA;NSW
2025-11-13 15:00:00.000;4334;ERJ 195LR;JOI;VCP;CWB;2025-11-13 15:45:08.640;TSRA;NSW
2025-11-13 15:10:00.000;4508;A321-251NEO;REC;VCP;CWB;2025-11-13 15:55:08.640;TSRA;NSW
2025-11-13 15:15:00.000;4309;ERJ 195LR;LDB;VCP;CWB;2025-11-13 16:00:08.640;TSRA;NSW
2025-11-13 14:55:00.000;4233;ERJ 195LR;CWB;IGU;CWB;2025-11-13 16:04:04.319;TSRA;NSW
2025-11-13 15:35:00.000;2491;ERJ;BYO;VCP;CWB;2025-11-13 16:20:08.640;TSRA;NSW
2025-11-13 15:35:00.000;2630;ERJ;GIG;VCP;CWB;2025-11-13 16:20:08.640;TSRA;NSW
2025-11-13 15:40:00.000;2753;ERJ;CWB;VCP;CWB;2025-11-13 16:25:08.640;TSRA;NSW
2025-11-13 16:15:00.000;2876;A321-251NEO;REC;VCP;CWB;2025-11-13 17:00:08.640;TSRA;-RA
2025-11-16 08:05:00.000;4341;ERJ;CGB;VCP;CWB;2025-11-16 08:50:08.640;TSRA;NSW
2025-11-16 08:05:00.000;4221;ERJ;PNZ;VCP;CWB;2025-11-16 08:50:08.640;TSRA;NSW
2025-11-16 08:20:00.000;2679;ERJ;JDO;VCP;CWB;2025-11-16 09:05:08.640;TSRA;NSW
2025-11-16 08:25:00.000;2024;A321-231;MAO;VCP;CWB;2025-11-16 09:10:08.640;TSRA;NSW
2025-11-16 08:30:00.000;4034;ERJ;AJU;VCP;CWB;2025-11-16 09:15:08.640;TSRA;NSW
2025-11-16 17:30:00.000;2970;ERJ;CGR;VCP;CWB;2025-11-16 18:15:08.640;TSRA;NSW
2025-11-16 17:35:00.000;2676;ERJ 195LR;VCP;MGF;CWB;2025-11-16 18:22:32.640;TSRA;NSW
2025-11-16 18:40:00.000;4175;ERJ;CAC;VCP;CWB;2025-11-16 19:25:08.640;TSRA;NSW
2025-11-16 18:40:00.000;4630;ERJ 195LR;NVT;VCP;CWB;2025-11-16 19:25:08.640;TSRA;NSW
2025-11-16 19:10:00.000;2823;A321-251NEO;REC;VCP;CWB;2025-11-16 19:55:08.640;TSRA;NSW
2025-11-16 19:15:00.000;4611;ERJ 195LR;MGF;VCP;CWB;2025-11-16 20:00:08.640;TSRA;NSW
2025-11-16 19:25:00.000;2916;ERJ;SDU;VCP;CWB;2025-11-16 20:10:08.640;TSRA;NSW
2025-11-16 20:00:00.000;2429;ERJ;POA;VCP;CWB;2025-11-16 20:45:08.640;TSRA;NSW
2025-11-16 20:00:00.000;4265;ERJ 195LR;UDI;VCP;CWB;2025-11-16 20:45:08.640;TSRA;NSW
2025-11-16 19:40:00.000;2965;ERJ 195LR;CWB;POA;CWB;2025-11-16 20:49:10.080;TSRA;NSW
2025-11-16 20:10:00.000;4046;ERJ;CNF;VCP;CWB;2025-11-16 20:55:08.640;TSRA;NSW
2025-11-16 20:10:00.000;4696;ERJ;BSB;VCP;CWB;2025-11-16 20:55:08.640;TSRA;NSW
2025-11-16 20:25:00.000;4385;ERJ 195LR;ROO;VCP;CWB;2025-11-16 21:10:08.640;TSRA;NSW
2025-11-16 20:40:00.000;2498;ERJ;BPS;VCP;CWB;2025-11-16 21:25:08.640;TSRA;NSW
2025-11-16 20:40:00.000;2411;ERJ;IOS;VCP;CWB;2025-11-16 21:25:08.640;TSRA;NSW
2025-11-16 21:20:00.000;2995;ERJ 195LR;VCP;JOI;CWB;2025-11-16 21:31:09.600;TSRA;NSW
2025-11-22 17:15:00.000;4321;ERJ;CNF;VCP;CWB;2025-11-22 18:00:08.640;TSRA;NSW
2025-11-22 17:30:00.000;5041;ERJ;CGB;VCP;CWB;2025-11-22 18:15:08.640;TSRA;NSW
2025-11-22 17:35:00.000;2676;ERJ 195LR;VCP;MGF;CWB;2025-11-22 18:22:32.640;TSRA;NSW
2025-11-22 18:05:00.000;2753;ERJ 195LR;CWB;VCP;CWB;2025-11-22 18:50:08.640;TSRA;NSW
2025-11-22 18:15:00.000;4917;ERJ;CNF;VCP;CWB;2025-11-22 19:00:08.640;TSRA;NSW
2025-11-22 18:40:00.000;4630;ERJ;NVT;VCP;CWB;2025-11-22 19:25:08.640;TSRA;NSW
2025-11-22 19:10:00.000;9108;ERJ;GIG;VCP;CWB;2025-11-22 19:55:08.640;TSRA;NSW
2025-11-22 19:10:00.000;2823;A321-251NEO;REC;VCP;CWB;2025-11-22 19:55:08.640;TSRA;NSW
2025-11-23 15:25:00.000;2324;ERJ;CLV;VCP;CWB;2025-11-23 16:10:08.640;TSRA;NSW
2025-11-23 15:05:00.000;4233;ERJ 195LR;CWB;IGU;CWB;2025-11-23 16:14:04.319;TSRA;NSW
2025-11-23 15:35:00.000;2491;ERJ;BYO;VCP;CWB;2025-11-23 16:20:08.640;TSRA;NSW
2025-11-23 15:40:00.000;2753;ERJ;CWB;VCP;CWB;2025-11-23 16:25:08.640;TSRA;NSW
2025-11-23 16:15:00.000;2876;A321-251NEO;REC;VCP;CWB;2025-11-23 17:00:08.640;TSRA;VCSH
2025-11-23 16:50:00.000;2595;ERJ 195LR;VCP;NVT;CWB;2025-11-23 17:10:36.960;TSRA;VCSH
2025-11-23 17:30:00.000;2970;ERJ;CGR;VCP;CWB;2025-11-23 18:15:08.640;TSRA;NSW
2025-11-23 17:35:00.000;2676;ERJ 195LR;VCP;MGF;CWB;2025-11-23 18:22:32.640;TSRA;NSW
2025-11-23 18:00:00.000;9351;ERJ;GIG;VCP;CWB;2025-11-23 18:45:08.640;TSRA;NSW
2025-11-23 18:40:00.000;4630;ERJ 195LR;NVT;VCP;CWB;2025-11-23 19:25:08.640;TSRA;-DZ
2025-11-23 19:10:00.000;2823;A321-251NEO;REC;VCP;CWB;2025-11-23 19:55:08.640;TSRA;-DZ
2025-11-24 11:30:00.000;2981;ERJ 195LR;CWB;POA;CWB;2025-11-24 12:39:10.080;TSRA;NSW
2025-11-24 11:55:00.000;2747;ERJ;SDU;VCP;CWB;2025-11-24 12:40:08.640;TSRA;NSW
2025-11-24 12:15:00.000;4206;ERJ;CWB;VCP;CWB;2025-11-24 13:00:08.640;TSRA;NSW
2025-11-24 12:55:00.000;4165;ERJ 195LR;VCP;NVT;CWB;2025-11-24 13:15:36.960;TSRA;NSW
2025-11-24 13:10:00.000;4333;ERJ 195LR;VCP;JOI;CWB;2025-11-24 13:21:09.600;TSRA;NSW
2025-11-24 13:00:00.000;4361;ERJ;CGR;VCP;CWB;2025-11-24 13:45:08.640;TSRA;NSW
2025-11-24 13:10:00.000;2615;ERJ;GYN;VCP;CWB;2025-11-24 13:55:08.640;TSRA;NSW
2025-11-24 13:15:00.000;4308;ERJ 195LR;VCP;LDB;CWB;2025-11-24 13:55:40.800;TSRA;NSW
2025-11-24 13:35:00.000;2794;A320-253NEO;CNF;FLN;CWB;2025-11-24 14:06:53.760;TSRA;NSW
2025-11-24 13:55:00.000;4028;ERJ 195LR;GIG;VCP;CWB;2025-11-24 14:40:08.640;TSRA;NSW
2025-11-24 14:00:00.000;4350;ERJ;CNF;VCP;CWB;2025-11-24 14:45:08.640;TSRA;NSW
2025-11-24 14:15:00.000;2898;ERJ;SDU;VCP;CWB;2025-11-24 15:00:08.640;TSRA;NSW
2025-11-24 14:45:00.000;4587;ERJ;CAC;VCP;CWB;2025-11-24 15:30:08.640;TSRA;NSW
2025-11-24 14:50:00.000;4274;ERJ;XAP;VCP;CWB;2025-11-24 15:35:08.640;TSRA;NSW
2025-11-24 14:55:00.000;4395;ERJ;BSB;VCP;CWB;2025-11-24 15:40:08.640;TSRA;NSW
2025-11-24 15:00:00.000;4334;ERJ 195LR;JOI;VCP;CWB;2025-11-24 15:45:08.640;TSRA;NSW
2025-11-24 15:00:00.000;4483;ERJ;FLN;VCP;CWB;2025-11-24 15:45:08.640;TSRA;NSW
2025-11-24 15:10:00.000;4508;A321-251NEO;REC;VCP;CWB;2025-11-24 15:55:08.640;TSRA;NSW
2025-11-24 15:15:00.000;4309;ERJ 195LR;LDB;VCP;CWB;2025-11-24 16:00:08.640;TSRA;NSW
2025-11-24 15:15:00.000;4927;ERJ;PMG;VCP;CWB;2025-11-24 16:00:08.640;TSRA;NSW
2025-11-24 15:25:00.000;4170;ERJ 195LR;NVT;VCP;CWB;2025-11-24 16:10:08.640;TSRA;NSW
2025-11-24 15:05:00.000;4233;ERJ 195LR;CWB;IGU;CWB;2025-11-24 16:14:04.319;TSRA;NSW
2025-11-24 15:35:00.000;2630;ERJ;GIG;VCP;CWB;2025-11-24 16:20:08.640;TSRA;NSW
2025-11-24 15:40:00.000;2753;ERJ;CWB;VCP;CWB;2025-11-24 16:25:08.640;TSRA;NSW
2025-11-24 16:15:00.000;2876;A321-251NEO;REC;VCP;CWB;2025-11-24 17:00:08.640;TSRA;NSW
2025-11-24 16:50:00.000;4558;ERJ 195LR;VCP;NVT;CWB;2025-11-24 17:10:36.960;TSRA;NSW
2025-11-28 17:15:00.000;4321;ERJ;CNF;VCP;CWB;2025-11-28 18:00:08.640;TSRA;NSW
2025-11-28 17:30:00.000;2970;ERJ;CGR;VCP;CWB;2025-11-28 18:15:08.640;TSRA;NSW
2025-11-28 17:45:00.000;4397;ERJ;BSB;VCP;CWB;2025-11-28 18:30:08.640;TSRA;NSW
2025-11-28 18:15:00.000;4917;ERJ;CNF;VCP;CWB;2025-11-28 19:00:08.640;TSRA;NSW
2025-11-28 18:40:00.000;4630;ERJ 195LR;NVT;VCP;CWB;2025-11-28 19:25:08.640;TSRA;NSW
2025-11-28 19:10:00.000;2823;A321-251NEO;REC;VCP;CWB;2025-11-28 19:55:08.640;TSRA;NSW
2025-11-28 19:15:00.000;2718;ERJ;POA;VCP;CWB;2025-11-28 20:00:08.640;TSRA;NSW
2025-11-28 19:15:00.000;4611;ERJ;MGF;VCP;CWB;2025-11-28 20:00:08.640;TSRA;NSW
2025-11-28 19:25:00.000;2916;ERJ;SDU;VCP;CWB;2025-11-28 20:10:08.640;TSRA;NSW
2025-11-28 19:30:00.000;4669;A321-251NEO;FOR;VCP;CWB;2025-11-28 20:15:08.640;TSRA;NSW
2025-11-28 19:35:00.000;4087;ERJ;GIG;VCP;CWB;2025-11-28 20:20:08.640;TSRA;NSW
2025-11-28 19:55:00.000;2727;ERJ;POA;VCP;CWB;2025-11-28 20:40:08.640;TSRA;NSW
2025-11-28 19:40:00.000;2965;ERJ 195LR;CWB;POA;CWB;2025-11-28 20:49:10.080;TSRA;NSW
2025-11-28 20:05:00.000;4281;ERJ;VIX;VCP;CWB;2025-11-28 20:50:08.640;TSRA;NSW
2025-11-28 20:10:00.000;4696;ERJ;BSB;VCP;CWB;2025-11-28 20:55:08.640;TSRA;NSW
2025-11-28 20:10:00.000;4046;ERJ;CNF;VCP;CWB;2025-11-28 20:55:08.640;TSRA;NSW
2025-11-28 20:25:00.000;4385;ERJ 195LR;ROO;VCP;CWB;2025-11-28 21:10:08.640;TSRA;VCSH
2025-11-28 21:20:00.000;4958;ERJ 195LR;VCP;NVT;CWB;2025-11-28 21:40:36.960;TSRA;VCSH
2025-12-01 17:30:00.000;2970;ERJ;CGR;VCP;CWB;2025-12-01 18:15:08.640;TSRA;NSW
2025-12-01 17:45:00.000;2849;ERJ;GIG;VCP;CWB;2025-12-01 18:30:08.640;TSRA;NSW
2025-12-01 17:45:00.000;4397;ERJ;BSB;VCP;CWB;2025-12-01 18:30:08.640;TSRA;NSW
2025-12-01 18:10:00.000;4917;ERJ;CNF;VCP;CWB;2025-12-01 18:55:08.640;TSRA;NSW
2025-12-01 18:40:00.000;4630;ERJ 195LR;NVT;VCP;CWB;2025-12-01 19:25:08.640;TSRA;NSW
2025-12-01 19:10:00.000;2823;A321-251NEO;REC;VCP;CWB;2025-12-01 19:55:08.640;TSRA;NSW
2025-12-01 19:20:00.000;4669;A321-251NEO;FOR;VCP;CWB;2025-12-01 20:05:08.640;TSRA;NSW
2025-12-01 19:25:00.000;2916;ERJ;SDU;VCP;CWB;2025-12-01 20:10:08.640;TSRA;NSW
2025-12-01 19:40:00.000;2862;ERJ;CWB;VCP;CWB;2025-12-01 20:25:08.640;TSRA;NSW
2025-12-01 19:45:00.000;4265;ERJ 195LR;UDI;VCP;CWB;2025-12-01 20:30:08.640;TSRA;NSW
2025-12-01 19:50:00.000;4992;ERJ 195LR;CXJ;VCP;CWB;2025-12-01 20:35:08.640;TSRA;NSW
2025-12-01 19:55:00.000;4867;ERJ;GYN;VCP;CWB;2025-12-01 20:40:08.640;TSRA;NSW
2025-12-01 19:40:00.000;2965;ERJ 195LR;CWB;POA;CWB;2025-12-01 20:49:10.080;TSRA;NSW
2025-12-01 20:10:00.000;4696;ERJ;BSB;VCP;CWB;2025-12-01 20:55:08.640;TSRA;NSW
2025-12-01 20:10:00.000;4046;ERJ;CNF;VCP;CWB;2025-12-01 20:55:08.640;TSRA;NSW
2025-12-01 20:20:00.000;4247;ERJ;CGR;VCP;CWB;2025-12-01 21:05:08.640;TSRA;NSW
2025-12-01 20:25:00.000;4385;ERJ 195LR;ROO;VCP;CWB;2025-12-01 21:10:08.640;TSRA;NSW
2025-12-01 20:40:00.000;4591;ERJ;BPS;VCP;CWB;2025-12-01 21:25:08.640;TSRA;NSW
2025-12-01 21:20:00.000;4958;ERJ 195LR;VCP;NVT;CWB;2025-12-01 21:40:36.960;TSRA;NSW
2025-12-01 21:35:00.000;2995;ATR72-600;VCP;JOI;CWB;2025-12-01 21:50:30.000;TSRA;NSW
2025-12-01 21:25:00.000;4031;ERJ;CWB;VCP;CWB;2025-12-01 22:10:08.640;TSRA;NSW
2025-12-01 21:25:00.000;4087;ERJ;GIG;VCP;CWB;2025-12-01 22:10:08.640;TSRA;NSW
2025-12-01 21:35:00.000;4176;ERJ;SDU;VCP;CWB;2025-12-01 22:20:08.640;TSRA;NSW
2025-12-01 21:45:00.000;2094;A321-231;SCL;VCP;CWB;2025-12-01 22:30:08.640;TSRA;NSW
2025-12-01 21:55:00.000;4584;ERJ 195LR;VCP;LDB;CWB;2025-12-01 22:35:40.800;TSRA;NSW
2025-12-01 22:10:00.000;4809;ERJ;BVH;VCP;CWB;2025-12-01 22:55:08.640;TSRA;NSW
2025-12-01 22:25:00.000;9649;ERJ 195LR;CNF;CAC;CWB;2025-12-01 23:21:52.799;TSRA;NSW
2025-12-01 22:55:00.000;2778;ERJ 195LR;VCP;FLN;CWB;2025-12-01 23:26:53.760;TSRA;NSW
2025-12-01 23:00:00.000;2903;ERJ;SDU;VCP;CWB;2025-12-01 23:45:08.640;TSRA;NSW
2025-12-01 23:00:00.000;4410;ERJ;FLN;VCP;CWB;2025-12-01 23:45:08.640;TSRA;NSW
2025-12-01 23:10:00.000;2861;ERJ 195LR;NVT;VCP;CWB;2025-12-01 23:55:08.640;TSRA;NSW
2025-12-02 13:55:00.000;4028;ERJ;GIG;VCP;CWB;2025-12-02 14:40:08.640;TSRA;RA
2025-12-02 14:00:00.000;4350;ERJ;CNF;VCP;CWB;2025-12-02 14:45:08.640;TSRA;RA
2025-12-02 14:10:00.000;4238;ERJ;CGB;VCP;CWB;2025-12-02 14:55:08.640;TSRA;RA
2025-12-02 14:15:00.000;2898;ERJ;SDU;VCP;CWB;2025-12-02 15:00:08.640;TSRA;NSW
2025-12-02 14:45:00.000;4587;ERJ 195LR;CAC;VCP;CWB;2025-12-02 15:30:08.640;TSRA;NSW
2025-12-02 14:45:00.000;4170;ERJ 195LR;NVT;VCP;CWB;2025-12-02 15:30:08.640;TSRA;NSW
2025-12-02 14:50:00.000;4274;ERJ;XAP;VCP;CWB;2025-12-02 15:35:08.640;TSRA;NSW
2025-12-02 14:55:00.000;4395;ERJ;BSB;VCP;CWB;2025-12-02 15:40:08.640;TSRA;NSW
2025-12-02 15:00:00.000;4483;ERJ;FLN;VCP;CWB;2025-12-02 15:45:08.640;TSRA;NSW
2025-12-02 15:10:00.000;4508;A321-251NEO;REC;VCP;CWB;2025-12-02 15:55:08.640;TSRA;NSW
2025-12-03 11:10:00.000;2981;ERJ 195LR;CWB;POA;CWB;2025-12-03 12:19:10.080;TSRA;NSW
2025-12-03 11:55:00.000;2747;ERJ;SDU;VCP;CWB;2025-12-03 12:40:08.640;TSRA;NSW
2025-12-03 12:00:00.000;4096;ERJ;CNF;VCP;CWB;2025-12-03 12:45:08.640;TSRA;NSW
2025-12-03 12:15:00.000;4206;ERJ;CWB;VCP;CWB;2025-12-03 13:00:08.640;TSRA;NSW
2025-12-03 12:55:00.000;4165;ERJ 195LR;VCP;NVT;CWB;2025-12-03 13:15:36.960;TSRA;NSW
2025-12-03 12:55:00.000;4048;ERJ;BSB;VCP;CWB;2025-12-03 13:40:08.640;TSRA;NSW
2025-12-03 13:00:00.000;4361;ERJ;CGR;VCP;CWB;2025-12-03 13:45:08.640;TSRA;NSW
2025-12-03 13:40:00.000;4333;ATR72-600;VCP;JOI;CWB;2025-12-03 13:55:30.000;TSRA;NSW
2025-12-09 11:10:00.000;2981;ERJ 195LR;CWB;POA;CWB;2025-12-09 12:19:10.080;TSRA;NSW
2025-12-09 11:55:00.000;9052;ERJ 195LR;LDB;VCP;CWB;2025-12-09 12:40:08.640;TSRA;NSW
2025-12-09 12:00:00.000;4096;ERJ;CNF;VCP;CWB;2025-12-09 12:45:08.640;TSRA;NSW
2025-12-09 12:05:00.000;2747;ERJ;GIG;VCP;CWB;2025-12-09 12:50:08.640;TSRA;NSW
2025-12-09 12:15:00.000;4206;ERJ;CWB;VCP;CWB;2025-12-09 13:00:08.640;TSRA;RA
2025-12-09 12:55:00.000;4048;ERJ;BSB;VCP;CWB;2025-12-09 13:40:08.640;TSRA;RA
2025-12-09 12:45:00.000;4586;ERJ 195LR;VCP;CAC;CWB;2025-12-09 13:41:52.799;TSRA;RA
2025-12-09 13:00:00.000;4361;ERJ;CGR;VCP;CWB;2025-12-09 13:45:08.640;TSRA;RA
2025-12-09 13:40:00.000;4333;ATR72-600;VCP;JOI;CWB;2025-12-09 13:55:30.000;TSRA;RA
2025-12-09 13:55:00.000;4028;ERJ;GIG;VCP;CWB;2025-12-09 14:40:08.640;TSRA;-RA
2025-12-09 14:00:00.000;4350;ERJ;CNF;VCP;CWB;2025-12-09 14:45:08.640;TSRA;-RA
2025-12-09 14:15:00.000;2898;ERJ;SDU;VCP;CWB;2025-12-09 15:00:08.640;TSRA;NSW
2025-12-09 13:10:00.000;2783;ERJ 195LR;VCP;BYO;CWB;2025-12-09 15:04:15.840;TSRA;NSW
2025-12-09 14:45:00.000;4587;ERJ 195LR;CAC;VCP;CWB;2025-12-09 15:30:08.640;TSRA;NSW
2025-12-09 14:45:00.000;4170;ERJ;NVT;VCP;CWB;2025-12-09 15:30:08.640;TSRA;NSW
2025-12-09 14:50:00.000;4274;ERJ 195LR;XAP;VCP;CWB;2025-12-09 15:35:08.640;TSRA;NSW
2025-12-09 14:55:00.000;4395;ERJ;BSB;VCP;CWB;2025-12-09 15:40:08.640;TSRA;NSW
2025-12-09 15:00:00.000;4483;ERJ;FLN;VCP;CWB;2025-12-09 15:45:08.640;TSRA;NSW
2025-12-09 15:10:00.000;4508;A321-251NEO;REC;VCP;CWB;2025-12-09 15:55:08.640;TSRA;NSW
2025-12-09 14:55:00.000;4233;ERJ 195LR;CWB;IGU;CWB;2025-12-09 16:04:04.319;TSRA;NSW
2025-12-09 15:30:00.000;5093;ERJ;VIX;VCP;CWB;2025-12-09 16:15:08.640;TSRA;NSW
2025-12-09 15:35:00.000;4241;ERJ;UDI;VCP;CWB;2025-12-09 16:20:08.640;TSRA;NSW
2025-12-09 15:35:00.000;2689;ERJ 195LR;BYO;VCP;CWB;2025-12-09 16:20:08.640;TSRA;NSW
2025-12-09 15:40:00.000;2630;ERJ;GIG;VCP;CWB;2025-12-09 16:25:08.640;TSRA;NSW
2025-12-09 16:10:00.000;2753;ERJ;CWB;VCP;CWB;2025-12-09 16:55:08.640;TSRA;NSW
2025-12-09 16:15:00.000;2876;A321-251NEO;REC;VCP;CWB;2025-12-09 17:00:08.640;TSRA;NSW
2025-12-09 17:30:00.000;2707;ATR72-600;VCP;JOI;CWB;2025-12-09 17:45:30.000;TSRA;NSW
2025-12-12 23:20:00.000;2800;ERJ;POA;VCP;CWB;2025-12-13 00:05:08.640;TSRA;NSW
2025-12-12 23:30:00.000;4175;ERJ;CAC;VCP;CWB;2025-12-13 00:15:08.640;TSRA;NSW
2025-12-12 23:30:00.000;9197;ERJ;CNF;VCP;CWB;2025-12-13 00:15:08.640;TSRA;NSW
2025-12-12 23:30:00.000;2985;ERJ 195LR;CWB;POA;CWB;2025-12-13 00:39:10.080;TSRA;NSW
2025-12-12 23:55:00.000;4583;ERJ;CWB;VCP;CWB;2025-12-13 00:40:08.640;TSRA;NSW
2025-12-13 00:00:00.000;4493;A321-251NEO;REC;VCP;CWB;2025-12-13 00:45:08.640;TSRA;NSW
2025-12-13 00:05:00.000;2670;ERJ 195LR;LDB;VCP;CWB;2025-12-13 00:50:08.640;TSRA;NSW
2025-12-13 00:20:00.000;2830;A321-251NEO;POA;VCP;CWB;2025-12-13 01:05:08.640;TSRA;NSW
2025-12-13 00:25:00.000;2921;ERJ 195LR;CNF;VCP;CWB;2025-12-13 01:10:08.640;TSRA;NSW
2025-12-13 00:50:00.000;2743;ERJ 195LR;CGR;VCP;CWB;2025-12-13 01:35:08.640;TSRA;NSW
2025-12-13 00:50:00.000;2779;ERJ;FLN;VCP;CWB;2025-12-13 01:35:08.640;TSRA;NSW
2025-12-13 00:55:00.000;4525;ERJ;BSB;VCP;CWB;2025-12-13 01:40:08.640;TSRA;NSW
2025-12-13 01:00:00.000;4386;ERJ;SSA;VCP;CWB;2025-12-13 01:45:08.640;TSRA;NSW
2025-12-14 12:40:00.000;2232;ERJ 195LR;CGH;POA;CWB;2025-12-14 13:49:10.080;TS;NSW
2025-12-14 13:10:00.000;4206;ERJ;CWB;VCP;CWB;2025-12-14 13:55:08.640;TS;NSW
2025-12-14 13:45:00.000;4111;ERJ 195LR;SJP;VCP;CWB;2025-12-14 14:30:08.640;TS;NSW
2025-12-14 13:55:00.000;4028;ERJ;GIG;VCP;CWB;2025-12-14 14:40:08.640;TS;NSW
2025-12-14 14:00:00.000;4350;ERJ;CNF;VCP;CWB;2025-12-14 14:45:08.640;TS;NSW
2025-12-14 14:05:00.000;2898;ERJ 195LR;SDU;VCP;CWB;2025-12-14 14:50:08.640;TS;NSW
2025-12-14 14:40:00.000;2904;ERJ;SSA;VCP;CWB;2025-12-14 15:25:08.640;TS;NSW
2025-12-14 14:45:00.000;2597;ERJ;NVT;VCP;CWB;2025-12-14 15:30:08.640;TS;NSW
2025-12-14 14:50:00.000;4274;ERJ;XAP;VCP;CWB;2025-12-14 15:35:08.640;TS;NSW
2025-12-14 14:55:00.000;4395;ERJ;BSB;VCP;CWB;2025-12-14 15:40:08.640;TS;NSW
2025-12-14 14:55:00.000;2869;ERJ;GYN;VCP;CWB;2025-12-14 15:40:08.640;TS;NSW
2025-12-14 15:00:00.000;2479;ERJ;FLN;VCP;CWB;2025-12-14 15:45:08.640;TS;NSW
2025-12-14 15:00:00.000;9100;ERJ 195LR;GIG;VCP;CWB;2025-12-14 15:45:08.640;TS;NSW
2025-12-14 15:05:00.000;4726;ERJ;IGU;VCP;CWB;2025-12-14 15:50:08.640;TS;NSW
2025-12-14 15:10:00.000;2688;ERJ;POA;VCP;CWB;2025-12-14 15:55:08.640;TS;NSW
2025-12-14 15:10:00.000;4508;A321-251NEO;REC;VCP;CWB;2025-12-14 15:55:08.640;TS;NSW
2025-12-14 15:25:00.000;2970;ERJ;CGR;VCP;CWB;2025-12-14 16:10:08.640;TS;NSW
2025-12-14 15:05:00.000;4233;ERJ 195LR;CWB;IGU;CWB;2025-12-14 16:14:04.319;TS;NSW
2025-12-14 15:35:00.000;2491;ERJ;BYO;VCP;CWB;2025-12-14 16:20:08.640;TS;-RA
2025-12-14 16:10:00.000;2876;A321-251NEO;REC;VCP;CWB;2025-12-14 16:55:08.640;TS;NSW
2025-12-14 16:40:00.000;2753;ERJ 195LR;CWB;VCP;CWB;2025-12-14 17:25:08.640;TS;-RA
2025-12-14 17:30:00.000;2707;ERJ 195LR;VCP;JOI;CWB;2025-12-14 17:41:09.600;TS;-RA
2025-12-16 13:10:00.000;2783;ERJ 195LR;VCP;BYO;CWB;2025-12-16 15:04:15.840;TSRA;NSW
2025-12-16 14:00:00.000;4233;ERJ 195LR;CWB;IGU;CWB;2025-12-16 15:09:04.319;TSRA;NSW
2025-12-16 14:30:00.000;4206;ERJ;CWB;VCP;CWB;2025-12-16 15:15:08.640;TSRA;NSW
2025-12-16 14:45:00.000;4587;ERJ 195LR;CAC;VCP;CWB;2025-12-16 15:30:08.640;TSRA;NSW
2025-12-16 14:45:00.000;4170;ERJ;NVT;VCP;CWB;2025-12-16 15:30:08.640;TSRA;NSW
2025-12-16 14:50:00.000;4274;ERJ;XAP;VCP;CWB;2025-12-16 15:35:08.640;TSRA;NSW
2025-12-16 14:55:00.000;4395;ERJ;BSB;VCP;CWB;2025-12-16 15:40:08.640;TSRA;NSW
2025-12-16 15:10:00.000;4508;A321-251NEO;REC;VCP;CWB;2025-12-16 15:55:08.640;TSRA;NSW
2025-12-16 15:25:00.000;2970;ERJ;CGR;VCP;CWB;2025-12-16 16:10:08.640;TSRA;NSW
2025-12-16 15:35:00.000;2689;ERJ 195LR;BYO;VCP;CWB;2025-12-16 16:20:08.640;TSRA;NSW
2025-12-16 16:10:00.000;2876;A321-251NEO;REC;VCP;CWB;2025-12-16 16:55:08.640;TSRA;NSW
2025-12-16 16:55:00.000;4321;ERJ;CNF;VCP;CWB;2025-12-16 17:40:08.640;TSRA;NSW
2025-12-16 17:20:00.000;2353;ERJ 195LR;CNF;NVT;CWB;2025-12-16 17:40:36.960;TSRA;NSW
2025-12-16 17:30:00.000;2707;ATR72-600;VCP;JOI;CWB;2025-12-16 17:45:30.000;TSRA;NSW
2025-12-16 17:35:00.000;4849;ERJ 195LR;VCP;FLN;CWB;2025-12-16 18:06:53.760;-TSRA;NSW
2025-12-16 17:35:00.000;2676;ERJ 195LR;VCP;MGF;CWB;2025-12-16 18:22:32.640;-TSRA;NSW
2025-12-16 17:55:00.000;2656;ERJ;SDU;VCP;CWB;2025-12-16 18:40:08.640;-TSRA;NSW
2025-12-16 18:05:00.000;2849;ERJ;SDU;VCP;CWB;2025-12-16 18:50:08.640;-TSRA;NSW
2025-12-16 18:05:00.000;2753;ERJ;CWB;VCP;CWB;2025-12-16 18:50:08.640;-TSRA;NSW
2025-12-16 18:10:00.000;4917;ERJ 195LR;CNF;VCP;CWB;2025-12-16 18:55:08.640;-TSRA;NSW
2025-12-16 18:35:00.000;9187;ERJ;JPA;VCP;CWB;2025-12-16 19:20:08.640;-TSRA;NSW
2025-12-16 18:40:00.000;4630;ERJ;NVT;VCP;CWB;2025-12-16 19:25:08.640;-TSRA;NSW
2025-12-16 19:05:00.000;9118;ERJ;NAT;VCP;CWB;2025-12-16 19:50:08.640;-TSRA;NSW
2025-12-16 19:15:00.000;2823;A321-251NEO;REC;VCP;CWB;2025-12-16 20:00:08.640;-TSRA;NSW
2025-12-16 19:15:00.000;4611;ERJ 195LR;MGF;VCP;CWB;2025-12-16 20:00:08.640;-TSRA;NSW
2025-12-16 19:25:00.000;2916;ERJ;SDU;VCP;CWB;2025-12-16 20:10:08.640;-TSRA;NSW
2025-12-16 19:30:00.000;2718;ERJ;POA;VCP;CWB;2025-12-16 20:15:08.640;-TSRA;NSW
2025-12-16 19:40:00.000;4669;A321-251NEO;FOR;VCP;CWB;2025-12-16 20:25:08.640;-TSRA;NSW
2025-12-16 19:55:00.000;4867;ERJ;GYN;VCP;CWB;2025-12-16 20:40:08.640;-TSRA;NSW
2025-12-16 19:40:00.000;2600;ERJ 195LR;CWB;IGU;CWB;2025-12-16 20:49:04.319;-TSRA;NSW
2025-12-16 20:10:00.000;4696;ERJ;BSB;VCP;CWB;2025-12-16 20:55:08.640;-TSRA;NSW
2025-12-16 20:10:00.000;4046;ERJ;CNF;VCP;CWB;2025-12-16 20:55:08.640;-TSRA;NSW
2025-12-16 20:20:00.000;4247;ERJ;CGR;VCP;CWB;2025-12-16 21:05:08.640;-TSRA;NSW
2025-12-16 20:30:00.000;4385;ERJ 195LR;ROO;VCP;CWB;2025-12-16 21:15:08.640;-TSRA;NSW
2025-12-16 21:00:00.000;4348;ERJ 195LR;XAP;FLN;CWB;2025-12-16 21:31:53.760;-TSRA;NSW
2025-12-16 21:35:00.000;2995;ATR72-600;VCP;JOI;CWB;2025-12-16 21:50:30.000;-TSRA;NSW
2025-12-25 18:40:00.000;2849;ERJ;SDU;VCP;CWB;2025-12-25 19:25:08.640;-TSRA;NSW
2025-12-25 18:40:00.000;4630;ERJ;NVT;VCP;CWB;2025-12-25 19:25:08.640;-TSRA;NSW
2025-12-25 19:15:00.000;2823;A321-251NEO;REC;VCP;CWB;2025-12-25 20:00:08.640;-TSRA;NSW
2025-12-25 19:20:00.000;4540;ERJ 195LR;JTC;VCP;CWB;2025-12-25 20:05:08.640;-TSRA;NSW
2025-12-25 19:25:00.000;2916;ERJ;SDU;VCP;CWB;2025-12-25 20:10:08.640;-TSRA;NSW
2025-12-25 19:35:00.000;4410;ERJ;FLN;VCP;CWB;2025-12-25 20:20:08.640;-TSRA;NSW
2025-12-25 19:40:00.000;4669;A321-251NEO;FOR;VCP;CWB;2025-12-25 20:25:08.640;-TSRA;NSW
2025-12-25 19:25:00.000;2600;ERJ 195LR;CWB;IGU;CWB;2025-12-25 20:34:04.319;-TSRA;NSW
2025-12-25 20:10:00.000;4046;ERJ;CNF;VCP;CWB;2025-12-25 20:55:08.640;-TSRA;NSW
2025-12-25 20:10:00.000;4696;ERJ;BSB;VCP;CWB;2025-12-25 20:55:08.640;-TSRA;NSW
2025-12-25 20:30:00.000;4385;ERJ 195LR;ROO;VCP;CWB;2025-12-25 21:15:08.640;-TSRA;NSW
2025-12-25 21:35:00.000;2995;ATR72-600;VCP;JOI;CWB;2025-12-25 21:50:30.000;-TSRA;NSW
2025-12-25 21:30:00.000;4031;ERJ;CWB;VCP;CWB;2025-12-25 22:15:08.640;-TSRA;NSW
2025-12-25 21:35:00.000;4176;ERJ;SDU;VCP;CWB;2025-12-25 22:20:08.640;-TSRA;VCTS
2025-12-25 22:00:00.000;4242;ERJ;AFL;VCP;CWB;2025-12-25 22:45:08.640;-TSRA;VCTS
2025-12-25 22:45:00.000;2778;ERJ 195LR;VCP;FLN;CWB;2025-12-25 23:16:53.760;-TSRA;VCTS
2025-12-25 22:50:00.000;2501;ERJ;MCZ;VCP;CWB;2025-12-25 23:35:08.640;-TSRA;VCTS
2025-12-25 22:55:00.000;2861;ERJ;NVT;VCP;CWB;2025-12-25 23:40:08.640;-TSRA;VCTS
2025-12-25 23:05:00.000;2903;ERJ;SDU;VCP;CWB;2025-12-25 23:50:08.640;-TSRA;VCTS
2025-12-25 23:20:00.000;4087;ERJ;GIG;VCP;CWB;2025-12-26 00:05:08.640;-TSRA;NSW
2025-12-25 23:40:00.000;2331;A321-251NEO;REC;VCP;CWB;2025-12-26 00:25:08.640;-TSRA;NSW
2025-12-25 23:50:00.000;4175;ERJ;CAC;VCP;CWB;2025-12-26 00:35:08.640;-TSRA;NSW
2025-12-25 23:55:00.000;4583;ERJ;CWB;VCP;CWB;2025-12-26 00:40:08.640;-TSRA;NSW
2025-12-25 23:50:00.000;2985;ERJ 195LR;CWB;POA;CWB;2025-12-26 00:59:10.080;-TSRA;NSW
2025-12-27 18:05:00.000;2753;ERJ 195LR;CWB;VCP;CWB;2025-12-27 18:50:08.640;TS;VCSH VCTS
2025-12-27 18:25:00.000;2659;ERJ;SDU;VCP;CWB;2025-12-27 19:10:08.640;TS;VCTS
2025-12-27 18:40:00.000;4630;ERJ;NVT;VCP;CWB;2025-12-27 19:25:08.640;TS;VCTS
2025-12-27 23:40:00.000;4345;A321-251NEO;REC;VCP;CWB;2025-12-28 00:25:08.640;TSRA;VCTS
2025-12-27 23:50:00.000;4175;ERJ;CAC;VCP;CWB;2025-12-28 00:35:08.640;TSRA;VCTS
2025-12-27 23:30:00.000;2985;ERJ 195LR;CWB;POA;CWB;2025-12-28 00:39:10.080;TSRA;VCTS
2025-12-28 00:15:00.000;2061;A321-231;MAO;VCP;CWB;2025-12-28 01:00:08.640;TSRA;VCTS
2025-12-28 00:20:00.000;2830;A321-251NEO;POA;VCP;CWB;2025-12-28 01:05:08.640;TSRA;VCTS
2025-12-28 00:25:00.000;2921;ERJ;CNF;VCP;CWB;2025-12-28 01:10:08.640;TSRA;VCTS
2025-12-28 00:40:00.000;2779;ERJ;FLN;VCP;CWB;2025-12-28 01:25:08.640;TSRA;VCTS
2025-12-28 00:45:00.000;4493;A321-251NEO;REC;VCP;CWB;2025-12-28 01:30:08.640;TSRA;VCTS
2025-12-28 00:50:00.000;2743;ERJ;CGR;VCP;CWB;2025-12-28 01:35:08.640;TSRA;VCTS
2025-12-28 01:10:00.000;9084;ERJ 195LR;CNF;VCP;CWB;2025-12-28 01:55:08.640;TSRA;VCTS
2025-12-29 17:30:00.000;4584;ERJ 195LR;VCP;LDB;CWB;2025-12-29 18:10:40.800;TSRA;NSW
2025-12-29 17:55:00.000;2656;ERJ;SDU;VCP;CWB;2025-12-29 18:40:08.640;TSRA;NSW
2025-12-29 18:05:00.000;2849;ERJ;SDU;VCP;CWB;2025-12-29 18:50:08.640;TSRA;NSW
2025-12-29 18:05:00.000;2753;ERJ;CWB;VCP;CWB;2025-12-29 18:50:08.640;TSRA;NSW
2025-12-29 18:10:00.000;4917;ERJ;CNF;VCP;CWB;2025-12-29 18:55:08.640;TSRA;NSW
2025-12-29 18:40:00.000;4630;ERJ;NVT;VCP;CWB;2025-12-29 19:25:08.640;TSRA;NSW
2025-12-29 18:50:00.000;9118;ERJ;NAT;VCP;CWB;2025-12-29 19:35:08.640;TSRA;NSW
2025-12-29 19:15:00.000;2916;ERJ;SDU;VCP;CWB;2025-12-29 20:00:08.640;TSRA;VCSH
2025-12-29 19:15:00.000;2823;A321-251NEO;REC;VCP;CWB;2025-12-29 20:00:08.640;TSRA;VCSH
2025-12-29 19:15:00.000;2670;ERJ 195LR;LDB;VCP;CWB;2025-12-29 20:00:08.640;TSRA;VCSH
2025-12-29 19:30:00.000;2718;ERJ;POA;VCP;CWB;2025-12-29 20:15:08.640;TSRA;VCSH
2025-12-29 19:40:00.000;4669;A321-251NEO;FOR;VCP;CWB;2025-12-29 20:25:08.640;TSRA;VCSH
2025-12-29 21:25:00.000;4031;ERJ;CWB;VCP;CWB;2025-12-29 22:10:08.640;TSRA;VCSH VCTS
2025-12-29 21:35:00.000;4176;ERJ;SDU;VCP;CWB;2025-12-29 22:20:08.640;TSRA;VCSH VCTS
2025-12-29 21:45:00.000;4087;ERJ;GIG;VCP;CWB;2025-12-29 22:30:08.640;TSRA;VCSH VCTS
2025-12-29 21:45:00.000;2907;ERJ 195LR;VCP;MGF;CWB;2025-12-29 22:32:32.640;TSRA;VCSH VCTS
2025-12-29 22:10:00.000;4809;ERJ;BVH;VCP;CWB;2025-12-29 22:55:08.640;TSRA;VCSH VCTS
2025-12-29 22:50:00.000;2501;ERJ;MCZ;VCP;CWB;2025-12-29 23:35:08.640;TSRA;VCTS
2025-12-29 22:55:00.000;2861;ERJ;NVT;VCP;CWB;2025-12-29 23:40:08.640;TSRA;VCTS
2025-12-29 23:00:00.000;2903;ERJ;SDU;VCP;CWB;2025-12-29 23:45:08.640;TSRA;VCTS
2025-12-29 23:00:00.000;4410;ERJ;FLN;VCP;CWB;2025-12-29 23:45:08.640;TSRA;VCTS
2025-12-29 23:40:00.000;4345;A321-251NEO;REC;VCP;CWB;2025-12-30 00:25:08.640;TSRA;-RA VCTS
2025-12-29 23:50:00.000;4175;ERJ;CAC;VCP;CWB;2025-12-30 00:35:08.640;TSRA;-RA VCTS
2025-12-29 23:55:00.000;4583;ERJ;CWB;VCP;CWB;2025-12-30 00:40:08.640;TSRA;-RA VCTS
2025-12-29 23:50:00.000;2985;ERJ 195LR;CWB;POA;CWB;2025-12-30 00:59:10.080;TSRA;-RA VCTS
2025-12-30 00:15:00.000;9642;ERJ 195LR;LDB;VCP;CWB;2025-12-30 01:00:08.640;TSRA;NSW
2025-12-30 00:20:00.000;2830;A321-251NEO;POA;VCP;CWB;2025-12-30 01:05:08.640;TSRA;NSW
2025-12-30 00:40:00.000;2779;ERJ;FLN;VCP;CWB;2025-12-30 01:25:08.640;TSRA;NSW
2025-12-30 00:45:00.000;4493;A321-251NEO;REC;VCP;CWB;2025-12-30 01:30:08.640;TSRA;NSW
2025-12-30 00:50:00.000;2743;ERJ;CGR;VCP;CWB;2025-12-30 01:35:08.640;TSRA;NSW
2025-12-30 00:55:00.000;4525;ERJ;BSB;VCP;CWB;2025-12-30 01:40:08.640;TSRA;NSW
2025-12-30 01:00:00.000;4292;ERJ;SSA;VCP;CWB;2025-12-30 01:45:08.640;TSRA;NSW
2025-12-30 17:35:00.000;4733;ERJ 195LR;VCP;LDB;CWB;2025-12-30 18:15:40.800;TSRA;NSW
2025-12-30 18:00:00.000;2676;ERJ 195LR;VCP;MGF;CWB;2025-12-30 18:47:32.640;TSRA;NSW
2025-12-30 18:05:00.000;2849;ERJ;SDU;VCP;CWB;2025-12-30 18:50:08.640;TSRA;NSW
2025-12-30 18:05:00.000;2753;ERJ 195LR;CWB;VCP;CWB;2025-12-30 18:50:08.640;TSRA;NSW
2025-12-30 18:10:00.000;4917;ERJ 195LR;CNF;VCP;CWB;2025-12-30 18:55:08.640;TSRA;NSW
2025-12-30 21:30:00.000;4031;ERJ 195LR;CWB;VCP;CWB;2025-12-30 22:15:08.640;TSRA;-RA
2025-12-30 21:35:00.000;4176;ERJ;SDU;VCP;CWB;2025-12-30 22:20:08.640;TSRA;-RA
2025-12-30 21:40:00.000;2907;ERJ 195LR;VCP;MGF;CWB;2025-12-30 22:27:32.640;TSRA;-RA
2025-12-30 21:45:00.000;4087;ERJ;GIG;VCP;CWB;2025-12-30 22:30:08.640;TSRA;-RA
2025-12-30 22:00:00.000;4195;ERJ;SSA;VCP;CWB;2025-12-30 22:45:08.640;TSRA;NSW
2025-12-30 22:00:00.000;4242;ERJ 195LR;AFL;VCP;CWB;2025-12-30 22:45:08.640;TSRA;NSW
2025-12-30 21:50:00.000;4727;ERJ 195LR;VCP;CAC;CWB;2025-12-30 22:46:52.799;TSRA;NSW
2026-01-01 13:55:00.000;4028;ERJ;GIG;VCP;CWB;2026-01-01 14:40:08.640;TSRA;NSW
2026-01-01 14:00:00.000;4350;ERJ;CNF;VCP;CWB;2026-01-01 14:45:08.640;TSRA;NSW
2026-01-01 14:05:00.000;2898;ERJ;SDU;VCP;CWB;2026-01-01 14:50:08.640;TSRA;NSW
2026-01-01 14:45:00.000;6408;ERJ 195LR;CGH;NVT;CWB;2026-01-01 15:05:36.960;TSRA;NSW
2026-01-01 14:30:00.000;4206;ERJ;CWB;VCP;CWB;2026-01-01 15:15:08.640;TSRA;NSW
2026-01-01 15:00:00.000;2479;ERJ;FLN;VCP;CWB;2026-01-01 15:45:08.640;TSRA;NSW
2026-01-01 15:10:00.000;4508;A321-251NEO;REC;VCP;CWB;2026-01-01 15:55:08.640;TSRA;NSW
2026-01-01 15:25:00.000;4395;ERJ;BSB;VCP;CWB;2026-01-01 16:10:08.640;TSRA;NSW
2026-01-01 15:33:00.000;9600;ERJ;BSB;VCP;CWB;2026-01-01 16:18:08.640;TSRA;NSW
2026-01-01 15:35:00.000;2491;ERJ;BYO;VCP;CWB;2026-01-01 16:20:08.640;TSRA;NSW
2026-01-01 15:45:00.000;4241;ERJ 195LR;UDI;VCP;CWB;2026-01-01 16:30:08.640;TSRA;NSW
2026-01-08 20:20:00.000;4247;ERJ;CGR;VCP;CWB;2026-01-08 21:05:08.640;TSRA;VCSH
2026-01-08 20:30:00.000;4385;ERJ;ROO;VCP;CWB;2026-01-08 21:15:08.640;TSRA;VCSH
2026-01-08 21:20:00.000;2995;ERJ 195LR;VCP;JOI;CWB;2026-01-08 21:31:09.600;TSRA;VCSH
2026-01-08 21:00:00.000;4348;ERJ 195LR;XAP;FLN;CWB;2026-01-08 21:31:53.760;TSRA;VCSH
2026-01-08 21:20:00.000;4958;ERJ 195LR;VCP;NVT;CWB;2026-01-08 21:40:36.960;TSRA;VCSH
2026-01-09 15:15:00.000;4241;ERJ 195LR;UDI;VCP;CWB;2026-01-09 16:00:08.640;TSRA;NSW
2026-01-09 15:20:00.000;4334;ERJ 195LR;JOI;VCP;CWB;2026-01-09 16:05:08.640;TSRA;NSW
2026-01-09 15:25:00.000;4395;ERJ;BSB;VCP;CWB;2026-01-09 16:10:08.640;TSRA;NSW
2026-01-09 15:35:00.000;4927;ERJ;PMG;VCP;CWB;2026-01-09 16:20:08.640;TSRA;NSW
2026-01-09 16:15:00.000;2876;A321-251NEO;REC;VCP;CWB;2026-01-09 17:00:08.640;TSRA;NSW
2026-01-09 16:55:00.000;4321;ERJ;CNF;VCP;CWB;2026-01-09 17:40:08.640;TSRA;NSW
2026-01-09 18:40:00.000;4630;ERJ;NVT;VCP;CWB;2026-01-09 19:25:08.640;-TSRA;NSW
2026-01-09 19:00:00.000;2823;A321-251NEO;REC;VCP;CWB;2026-01-09 19:45:08.640;-TSRA;NSW
2026-01-09 19:15:00.000;4650;ERJ 195LR;LDB;VCP;CWB;2026-01-09 20:00:08.640;-TSRA;NSW
2026-01-09 19:25:00.000;2916;ERJ;SDU;VCP;CWB;2026-01-09 20:10:08.640;-TSRA;NSW
2026-01-09 19:25:00.000;4611;ERJ 195LR;MGF;VCP;CWB;2026-01-09 20:10:08.640;-TSRA;NSW
2026-01-09 19:30:00.000;9243;ERJ;REC;VCP;CWB;2026-01-09 20:15:08.640;-TSRA;NSW
2026-01-09 19:35:00.000;2718;ERJ;POA;VCP;CWB;2026-01-09 20:20:08.640;-TSRA;NSW
2026-01-09 19:40:00.000;4669;A321-251NEO;FOR;VCP;CWB;2026-01-09 20:25:08.640;-TSRA;NSW
2026-01-09 19:45:00.000;9241;ERJ;IGU;VCP;CWB;2026-01-09 20:30:08.640;-TSRA;NSW
2026-01-09 20:10:00.000;4696;ERJ;BSB;VCP;CWB;2026-01-09 20:55:08.640;-TSRA;NSW
2026-01-09 20:10:00.000;4046;ERJ;CNF;VCP;CWB;2026-01-09 20:55:08.640;-TSRA;NSW
2026-01-09 19:50:00.000;2600;ERJ 195LR;CWB;IGU;CWB;2026-01-09 20:59:04.319;-TSRA;NSW
2026-01-10 11:55:00.000;2747;ERJ;SDU;VCP;CWB;2026-01-10 12:40:08.640;TSRA;NSW
2026-01-10 12:05:00.000;2031;A321-231;MAO;VCP;CWB;2026-01-10 12:50:08.640;TSRA;NSW
2026-01-10 17:35:00.000;4733;ERJ 195LR;VCP;LDB;CWB;2026-01-10 18:15:40.800;TSRA;NSW
2026-01-10 18:05:00.000;2753;ERJ;CWB;VCP;CWB;2026-01-10 18:50:08.640;TSRA;NSW
2026-01-10 18:15:00.000;9801;ERJ 195LR;CWB;VCP;CWB;2026-01-10 19:00:08.640;TSRA;NSW
2026-01-10 18:25:00.000;2659;ERJ;SDU;VCP;CWB;2026-01-10 19:10:08.640;TSRA;NSW
2026-01-10 18:40:00.000;4630;ERJ;NVT;VCP;CWB;2026-01-10 19:25:08.640;TSRA;NSW
2026-01-10 18:55:00.000;2823;A321-251NEO;REC;VCP;CWB;2026-01-10 19:40:08.640;TSRA;NSW
2026-01-12 05:15:00.000;9206;ERJ;FLN;VCP;CWB;2026-01-12 06:00:08.640;TSRA;NSW
2026-01-12 05:25:00.000;9208;ERJ;GIG;VCP;CWB;2026-01-12 06:10:08.640;TSRA;NSW
2026-01-12 05:40:00.000;9237;ERJ;NVT;VCP;CWB;2026-01-12 06:25:08.640;TSRA;NSW
2026-01-12 08:05:00.000;4221;ERJ;PNZ;VCP;CWB;2026-01-12 08:50:08.640;TSRA;NSW
2026-01-12 08:20:00.000;2679;ERJ;JDO;VCP;CWB;2026-01-12 09:05:08.640;TSRA;NSW
2026-01-12 08:35:00.000;4034;ERJ;AJU;VCP;CWB;2026-01-12 09:20:08.640;TSRA;NSW
2026-01-12 09:50:00.000;4169;ERJ;MGF;VCP;CWB;2026-01-12 10:35:08.640;TSRA;NSW
2026-01-12 13:45:00.000;2687;ERJ;POA;VCP;CWB;2026-01-12 14:30:08.640;TSRA;NSW
2026-01-12 13:55:00.000;4028;ERJ;GIG;VCP;CWB;2026-01-12 14:40:08.640;TSRA;NSW
2026-01-12 14:00:00.000;4350;ERJ 195LR;CNF;VCP;CWB;2026-01-12 14:45:08.640;TSRA;NSW
2026-01-12 14:05:00.000;2898;ERJ;SDU;VCP;CWB;2026-01-12 14:50:08.640;TSRA;NSW
2026-01-12 14:30:00.000;4206;ERJ;CWB;VCP;CWB;2026-01-12 15:15:08.640;TSRA;NSW
2026-01-12 14:45:00.000;4587;ERJ;CAC;VCP;CWB;2026-01-12 15:30:08.640;TSRA;NSW
2026-01-12 14:45:00.000;4170;ERJ;NVT;VCP;CWB;2026-01-12 15:30:08.640;TSRA;NSW
2026-01-12 14:50:00.000;4274;ERJ;XAP;VCP;CWB;2026-01-12 15:35:08.640;TSRA;NSW
2026-01-12 14:50:00.000;2970;ERJ;CGR;VCP;CWB;2026-01-12 15:35:08.640;TSRA;NSW
2026-01-12 14:30:00.000;4233;ERJ 195LR;CWB;IGU;CWB;2026-01-12 15:39:04.319;TSRA;NSW
2026-01-12 15:00:00.000;4483;ERJ 195LR;FLN;VCP;CWB;2026-01-12 15:45:08.640;TSRA;NSW
2026-01-12 15:10:00.000;4508;A321-251NEO;REC;VCP;CWB;2026-01-12 15:55:08.640;TSRA;NSW
2026-01-12 15:20:00.000;4334;ERJ 195LR;JOI;VCP;CWB;2026-01-12 16:05:08.640;TSRA;NSW
2026-01-12 15:25:00.000;4395;ERJ;BSB;VCP;CWB;2026-01-12 16:10:08.640;TSRA;NSW
2026-01-12 15:35:00.000;4927;ERJ;PMG;VCP;CWB;2026-01-12 16:20:08.640;TSRA;NSW
2026-01-12 16:15:00.000;2876;A321-251NEO;REC;VCP;CWB;2026-01-12 17:00:08.640;TSRA;NSW
2026-01-12 16:55:00.000;4321;ERJ;CNF;VCP;CWB;2026-01-12 17:40:08.640;TSRA;NSW
2026-01-12 17:30:00.000;2707;ATR72-600;VCP;JOI;CWB;2026-01-12 17:45:30.000;TSRA;NSW
2026-01-13 17:35:00.000;4849;ERJ 195LR;VCP;FLN;CWB;2026-01-13 18:06:53.760;TSRA;NSW
2026-01-13 17:35:00.000;4733;ERJ 195LR;VCP;LDB;CWB;2026-01-13 18:15:40.800;TSRA;NSW
2026-01-13 17:35:00.000;4167;ERJ;GIG;VCP;CWB;2026-01-13 18:20:08.640;TSRA;NSW
2026-01-13 17:55:00.000;2656;ERJ;SDU;VCP;CWB;2026-01-13 18:40:08.640;TSRA;NSW
2026-01-13 18:05:00.000;2753;ERJ;CWB;VCP;CWB;2026-01-13 18:50:08.640;TSRA;NSW
2026-01-13 18:40:00.000;4630;ERJ;NVT;VCP;CWB;2026-01-13 19:25:08.640;TSRA;NSW
2026-01-13 19:15:00.000;4650;ERJ 195LR;LDB;VCP;CWB;2026-01-13 20:00:08.640;TSRA;NSW
2026-01-13 19:20:00.000;9805;ERJ;SDU;VCP;CWB;2026-01-13 20:05:08.640;TSRA;NSW
2026-01-13 19:25:00.000;2916;ERJ;SDU;VCP;CWB;2026-01-13 20:10:08.640;TSRA;NSW
2026-01-13 19:30:00.000;9243;ERJ;REC;VCP;CWB;2026-01-13 20:15:08.640;TSRA;NSW
2026-01-13 19:35:00.000;2718;ERJ;POA;VCP;CWB;2026-01-13 20:20:08.640;TSRA;NSW
2026-01-13 19:35:00.000;9500;ERJ 195LR;SJP;VCP;CWB;2026-01-13 20:20:08.640;TSRA;NSW
2026-01-13 19:40:00.000;4669;A321-251NEO;FOR;VCP;CWB;2026-01-13 20:25:08.640;TSRA;NSW
2026-01-13 19:45:00.000;9241;ERJ;IGU;VCP;CWB;2026-01-13 20:30:08.640;TSRA;NSW
2026-01-13 19:55:00.000;2389;ERJ;POA;VCP;CWB;2026-01-13 20:40:08.640;TSRA;NSW
2026-01-13 20:10:00.000;4696;ERJ;BSB;VCP;CWB;2026-01-13 20:55:08.640;TSRA;NSW
2026-01-13 20:10:00.000;4046;ERJ;CNF;VCP;CWB;2026-01-13 20:55:08.640;TSRA;NSW
2026-01-13 19:50:00.000;2600;ERJ 195LR;CWB;IGU;CWB;2026-01-13 20:59:04.319;TSRA;NSW
2026-01-14 15:15:00.000;4241;ERJ 195LR;UDI;VCP;CWB;2026-01-14 16:00:08.640;TSRA;VCSH
2026-01-14 15:20:00.000;4334;ERJ 195LR;JOI;VCP;CWB;2026-01-14 16:05:08.640;TSRA;VCSH
2026-01-14 15:35:00.000;4927;ERJ;PMG;VCP;CWB;2026-01-14 16:20:08.640;TSRA;VCSH
2026-01-14 16:40:00.000;2753;ERJ;CWB;VCP;CWB;2026-01-14 17:25:08.640;TSRA;-RA
2026-01-14 19:15:00.000;4650;ERJ;LDB;VCP;CWB;2026-01-14 20:00:08.640;TSRA;NSW
2026-01-14 19:25:00.000;2916;ERJ;SDU;VCP;CWB;2026-01-14 20:10:08.640;TSRA;NSW
2026-01-14 19:25:00.000;4611;ERJ 195LR;MGF;VCP;CWB;2026-01-14 20:10:08.640;TSRA;NSW
2026-01-14 19:30:00.000;9243;ERJ;REC;VCP;CWB;2026-01-14 20:15:08.640;TSRA;NSW
2026-01-14 19:35:00.000;2718;ERJ;POA;VCP;CWB;2026-01-14 20:20:08.640;TSRA;NSW
2026-01-14 19:40:00.000;4669;A321-251NEO;FOR;VCP;CWB;2026-01-14 20:25:08.640;TSRA;NSW
2026-01-14 20:00:00.000;4867;A321-251NEO;GYN;VCP;CWB;2026-01-14 20:45:08.640;TSRA;NSW
2026-01-14 20:10:00.000;4696;ERJ;BSB;VCP;CWB;2026-01-14 20:55:08.640;TSRA;NSW
2026-01-14 20:10:00.000;4046;ERJ;CNF;VCP;CWB;2026-01-14 20:55:08.640;TSRA;NSW
2026-01-14 19:50:00.000;2600;ERJ 195LR;CWB;IGU;CWB;2026-01-14 20:59:04.319;TSRA;NSW
2026-01-14 20:20:00.000;4247;ERJ;CGR;VCP;CWB;2026-01-14 21:05:08.640;TSRA;NSW
2026-01-14 20:30:00.000;4385;ERJ;ROO;VCP;CWB;2026-01-14 21:15:08.640;TSRA;NSW
2026-01-14 21:00:00.000;4348;ERJ 195LR;XAP;FLN;CWB;2026-01-14 21:31:53.760;TSRA;NSW
2026-01-14 21:10:00.000;4270;ERJ 195LR;RAO;VCP;CWB;2026-01-14 21:55:08.640;TSRA;NSW
2026-01-14 21:30:00.000;4031;ERJ;CWB;VCP;CWB;2026-01-14 22:15:08.640;TSRA;NSW
2026-01-14 21:35:00.000;4195;ERJ;SSA;VCP;CWB;2026-01-14 22:20:08.640;TSRA;NSW
2026-01-14 21:35:00.000;4176;ERJ;SDU;VCP;CWB;2026-01-14 22:20:08.640;TSRA;NSW
2026-01-14 21:40:00.000;9902;A321-231;MAO;VCP;CWB;2026-01-14 22:25:08.640;TSRA;NSW
2026-01-14 21:45:00.000;4087;ERJ;GIG;VCP;CWB;2026-01-14 22:30:08.640;TSRA;NSW
2026-01-14 21:50:00.000;4727;ERJ 195LR;VCP;CAC;CWB;2026-01-14 22:46:52.799;TSRA;NSW
2026-01-14 22:20:00.000;4791;ERJ;OAL;VCP;CWB;2026-01-14 23:05:08.640;TSRA;NSW
2026-01-14 22:55:00.000;4410;ERJ 195LR;FLN;VCP;CWB;2026-01-14 23:40:08.640;TSRA;NSW
2026-01-14 23:00:00.000;2903;ERJ;SDU;VCP;CWB;2026-01-14 23:45:08.640;TSRA;NSW
2026-01-14 23:10:00.000;2861;ERJ;NVT;VCP;CWB;2026-01-14 23:55:08.640;TSRA;NSW
2026-01-15 18:40:00.000;4630;ERJ;NVT;VCP;CWB;2026-01-15 19:25:08.640;TSRA;NSW
2026-01-15 18:55:00.000;2823;A321-251NEO;REC;VCP;CWB;2026-01-15 19:40:08.640;TSRA;NSW
2026-01-15 19:15:00.000;4650;ERJ 195LR;LDB;VCP;CWB;2026-01-15 20:00:08.640;TSRA;NSW
2026-01-15 19:25:00.000;2916;ERJ;SDU;VCP;CWB;2026-01-15 20:10:08.640;TSRA;NSW
2026-01-15 19:25:00.000;4611;ERJ 195LR;MGF;VCP;CWB;2026-01-15 20:10:08.640;TSRA;NSW
2026-01-15 19:30:00.000;9243;ERJ;REC;VCP;CWB;2026-01-15 20:15:08.640;TSRA;NSW
2026-01-15 19:35:00.000;2718;ERJ;POA;VCP;CWB;2026-01-15 20:20:08.640;TSRA;NSW
2026-01-15 19:45:00.000;4669;A321-251NEO;FOR;VCP;CWB;2026-01-15 20:30:08.640;TSRA;NSW
2026-01-15 19:45:00.000;9241;ERJ;IGU;VCP;CWB;2026-01-15 20:30:08.640;TSRA;NSW
2026-01-15 20:10:00.000;4696;ERJ;BSB;VCP;CWB;2026-01-15 20:55:08.640;TSRA;NSW
2026-01-15 20:10:00.000;4046;ERJ;CNF;VCP;CWB;2026-01-15 20:55:08.640;TSRA;NSW
2026-01-15 19:50:00.000;2600;ERJ 195LR;CWB;IGU;CWB;2026-01-15 20:59:04.319;TSRA;NSW
2026-01-16 16:15:00.000;2876;A321-251NEO;REC;VCP;CWB;2026-01-16 17:00:08.640;-TSRA;NSW
2026-01-16 16:55:00.000;4321;ERJ;CNF;VCP;CWB;2026-01-16 17:40:08.640;-TSRA;NSW
2026-01-16 17:30:00.000;2707;ATR72-600;VCP;JOI;CWB;2026-01-16 17:45:30.000;-TSRA;NSW
2026-01-16 18:40:00.000;4630;ERJ;NVT;VCP;CWB;2026-01-16 19:25:08.640;-TSRA;NSW
2026-01-16 18:55:00.000;2823;A321-251NEO;REC;VCP;CWB;2026-01-16 19:40:08.640;-TSRA;NSW
2026-01-16 19:15:00.000;4650;ERJ 195LR;LDB;VCP;CWB;2026-01-16 20:00:08.640;-TSRA;NSW
2026-01-16 19:25:00.000;2916;ERJ;SDU;VCP;CWB;2026-01-16 20:10:08.640;-TSRA;NSW
2026-01-16 19:30:00.000;9243;ERJ;REC;VCP;CWB;2026-01-16 20:15:08.640;-TSRA;NSW
2026-01-16 19:35:00.000;2718;ERJ;POA;VCP;CWB;2026-01-16 20:20:08.640;-TSRA;NSW
2026-01-16 19:40:00.000;4669;A321-251NEO;FOR;VCP;CWB;2026-01-16 20:25:08.640;-TSRA;NSW
2026-01-16 19:45:00.000;9241;ERJ;IGU;VCP;CWB;2026-01-16 20:30:08.640;-TSRA;NSW
2026-01-16 20:10:00.000;4696;ERJ;BSB;VCP;CWB;2026-01-16 20:55:08.640;-TSRA;NSW
2026-01-16 20:10:00.000;4046;ERJ;CNF;VCP;CWB;2026-01-16 20:55:08.640;-TSRA;NSW
2026-01-16 19:50:00.000;2600;ERJ 195LR;CWB;IGU;CWB;2026-01-16 20:59:04.319;-TSRA;NSW
2026-01-16 20:20:00.000;4247;ERJ;CGR;VCP;CWB;2026-01-16 21:05:08.640;-TSRA;NSW
2026-01-16 20:30:00.000;4385;ERJ 195LR;ROO;VCP;CWB;2026-01-16 21:15:08.640;-TSRA;NSW
2026-01-16 21:00:00.000;4348;ERJ 195LR;XAP;FLN;CWB;2026-01-16 21:31:53.760;-TSRA;NSW
2026-01-16 21:30:00.000;4031;ERJ;CWB;VCP;CWB;2026-01-16 22:15:08.640;-TSRA;NSW
2026-01-16 21:35:00.000;4195;ERJ;SSA;VCP;CWB;2026-01-16 22:20:08.640;-TSRA;NSW
2026-01-16 21:35:00.000;4176;ERJ;SDU;VCP;CWB;2026-01-16 22:20:08.640;-TSRA;NSW
2026-01-16 21:45:00.000;4087;ERJ;GIG;VCP;CWB;2026-01-16 22:30:08.640;-TSRA;NSW
2026-01-16 22:00:00.000;4630;ERJ;GIG;VCP;CWB;2026-01-16 22:45:08.640;-TSRA;NSW
2026-01-16 22:10:00.000;4809;ERJ;BVH;VCP;CWB;2026-01-16 22:55:08.640;-TSRA;NSW
2026-01-17 16:55:00.000;4321;ERJ 195LR;CNF;VCP;CWB;2026-01-17 17:40:08.640;-TSRA;VCSH
2026-01-17 17:10:00.000;4611;ERJ 195LR;MGF;VCP;CWB;2026-01-17 17:55:08.640;-TSRA;VCSH
2026-01-17 17:10:00.000;5041;ERJ;CGB;VCP;CWB;2026-01-17 17:55:08.640;-TSRA;VCSH
2026-01-17 20:25:00.000;4696;ERJ;BSB;VCP;CWB;2026-01-17 21:10:08.640;+TSRA;-RA
2026-01-17 21:10:00.000;2411;ERJ;IOS;VCP;CWB;2026-01-17 21:55:08.640;+TSRA;-RA
2026-01-17 21:30:00.000;4031;ERJ;CWB;VCP;CWB;2026-01-17 22:15:08.640;+TSRA;-RA
2026-01-17 21:30:00.000;4195;ERJ;SSA;VCP;CWB;2026-01-17 22:15:08.640;+TSRA;-RA
2026-01-17 22:15:00.000;2635;ERJ 195LR;CNF;VCP;CWB;2026-01-17 23:00:08.640;+TSRA;-RA
2026-01-17 22:45:00.000;4339;ERJ;CGB;VCP;CWB;2026-01-17 23:30:08.640;+TSRA;-RA
2026-01-17 22:45:00.000;4681;ERJ;JPR;VCP;CWB;2026-01-17 23:30:08.640;+TSRA;-RA
2026-01-17 22:55:00.000;4410;ERJ;FLN;VCP;CWB;2026-01-17 23:40:08.640;+TSRA;-RA
2026-01-17 23:00:00.000;2903;ERJ;SDU;VCP;CWB;2026-01-17 23:45:08.640;+TSRA;-RA
2026-01-17 23:10:00.000;2861;ERJ;NVT;VCP;CWB;2026-01-17 23:55:08.640;+TSRA;-RA
2026-01-28 22:20:00.000;4791;ERJ;OAL;VCP;CWB;2026-01-28 23:05:08.640;TSRA;NSW
2026-01-28 22:45:00.000;2778;A320-251NEO;VCP;FLN;CWB;2026-01-28 23:16:53.760;TSRA;NSW
2026-01-28 22:55:00.000;4410;ERJ;FLN;VCP;CWB;2026-01-28 23:40:08.640;TSRA;NSW
2026-01-28 23:00:00.000;2903;ERJ;SDU;VCP;CWB;2026-01-28 23:45:08.640;TSRA;NSW
2026-01-28 23:10:00.000;2861;ERJ;NVT;VCP;CWB;2026-01-28 23:55:08.640;TSRA;NSW
2026-01-28 23:15:00.000;9806;ERJ;ROO;VCP;CWB;2026-01-29 00:00:08.640;TSRA;NSW
2026-01-28 23:20:00.000;2501;ERJ;MCZ;VCP;CWB;2026-01-29 00:05:08.640;TSRA;NSW
2026-01-28 23:25:00.000;4917;ERJ;CNF;VCP;CWB;2026-01-29 00:10:08.640;TSRA;NSW
2026-01-28 23:40:00.000;4345;A321-251NEO;REC;VCP;CWB;2026-01-29 00:25:08.640;TSRA;NSW
2026-01-28 23:50:00.000;4279;ERJ;MGF;VCP;CWB;2026-01-29 00:35:08.640;TSRA;NSW
2026-01-28 23:30:00.000;2985;ERJ 195LR;CWB;POA;CWB;2026-01-29 00:39:10.080;TSRA;NSW
2026-01-28 23:55:00.000;4583;ERJ;CWB;VCP;CWB;2026-01-29 00:40:08.640;TSRA;NSW
2026-01-29 00:15:00.000;2061;A321-231;MAO;VCP;CWB;2026-01-29 01:00:08.640;TSRA;NSW
2026-01-29 00:20:00.000;9805;ERJ 195LR;CAC;VCP;CWB;2026-01-29 01:05:08.640;TSRA;NSW
2026-01-29 00:45:00.000;4493;A321-251NEO;REC;VCP;CWB;2026-01-29 01:30:08.640;TSRA;NSW
2026-01-29 00:55:00.000;4525;ERJ;BSB;VCP;CWB;2026-01-29 01:40:08.640;TSRA;NSW
2026-01-29 00:57:00.000;2501;ERJ;RAO;VCP;CWB;2026-01-29 01:42:08.640;TSRA;NSW
2026-01-29 01:00:00.000;2743;ERJ;CGR;VCP;CWB;2026-01-29 01:45:08.640;TSRA;NSW
2026-01-29 01:00:00.000;4292;ERJ;SSA;VCP;CWB;2026-01-29 01:45:08.640;TSRA;NSW
2026-01-29 18:40:00.000;4635;ERJ;NVT;VCP;CWB;2026-01-29 19:25:08.640;TSRA;NSW
2026-01-29 18:55:00.000;2823;A321-251NEO;REC;VCP;CWB;2026-01-29 19:40:08.640;TSRA;NSW
2026-01-29 19:25:00.000;2916;ERJ;SDU;VCP;CWB;2026-01-29 20:10:08.640;TSRA;NSW
2026-01-29 19:25:00.000;4611;ERJ 195LR;MGF;VCP;CWB;2026-01-29 20:10:08.640;TSRA;NSW
2026-01-29 19:30:00.000;9243;ERJ;REC;VCP;CWB;2026-01-29 20:15:08.640;TSRA;NSW
2026-01-29 19:35:00.000;2776;ERJ;POA;VCP;CWB;2026-01-29 20:20:08.640;TSRA;NSW
2026-01-29 19:45:00.000;9241;ERJ;IGU;VCP;CWB;2026-01-29 20:30:08.640;TSRA;NSW
2026-01-29 20:00:00.000;4867;ERJ;GYN;VCP;CWB;2026-01-29 20:45:08.640;TSRA;NSW
2026-01-29 20:10:00.000;4696;ERJ;BSB;VCP;CWB;2026-01-29 20:55:08.640;TSRA;NSW
2026-01-29 20:10:00.000;4046;ERJ;CNF;VCP;CWB;2026-01-29 20:55:08.640;TSRA;NSW
2026-01-29 19:50:00.000;2600;ERJ 195LR;CWB;IGU;CWB;2026-01-29 20:59:04.319;TSRA;NSW
2026-01-29 20:30:00.000;4247;ERJ;CGR;VCP;CWB;2026-01-29 21:15:08.640;TSRA;-RA
2026-01-29 20:30:00.000;4385;ERJ 195LR;ROO;VCP;CWB;2026-01-29 21:15:08.640;TSRA;-RA
2026-01-29 21:35:00.000;2995;ATR72-600;VCP;JOI;CWB;2026-01-29 21:50:30.000;TSRA;-RA
2026-01-29 21:35:00.000;4176;ERJ;SDU;VCP;CWB;2026-01-29 22:20:08.640;TSRA;-RA
2026-01-29 21:45:00.000;4087;ERJ;GIG;VCP;CWB;2026-01-29 22:30:08.640;TSRA;-RA
2026-01-29 22:00:00.000;4242;ERJ;AFL;VCP;CWB;2026-01-29 22:45:08.640;TSRA;-RA
2026-01-29 21:50:00.000;4727;ERJ 195LR;VCP;CAC;CWB;2026-01-29 22:46:52.799;TSRA;-RA
2026-01-29 22:55:00.000;2501;ERJ;MCZ;VCP;CWB;2026-01-29 23:40:08.640;TSRA;NSW
2026-01-29 22:55:00.000;4410;ERJ;FLN;VCP;CWB;2026-01-29 23:40:08.640;TSRA;NSW
2026-01-29 23:00:00.000;2903;ERJ;SDU;VCP;CWB;2026-01-29 23:45:08.640;TSRA;NSW
2026-01-29 23:10:00.000;2861;ERJ;NVT;VCP;CWB;2026-01-29 23:55:08.640;TSRA;NSW
2026-01-30 14:30:00.000;4206;ERJ;CWB;VCP;CWB;2026-01-30 15:15:08.640;TSRA;NSW
2026-01-30 14:35:00.000;2898;ERJ;SDU;VCP;CWB;2026-01-30 15:20:08.640;TSRA;NSW
2026-01-30 14:45:00.000;4587;ERJ 195LR;CAC;VCP;CWB;2026-01-30 15:30:08.640;TSRA;NSW
2026-01-30 14:45:00.000;4198;ERJ;NVT;VCP;CWB;2026-01-30 15:30:08.640;TSRA;NSW
2026-01-30 14:50:00.000;4274;ERJ;XAP;VCP;CWB;2026-01-30 15:35:08.640;TSRA;NSW
2026-01-30 14:50:00.000;2970;ERJ;CGR;VCP;CWB;2026-01-30 15:35:08.640;TSRA;NSW
2026-01-30 14:30:00.000;4233;ERJ 195LR;CWB;IGU;CWB;2026-01-30 15:39:04.319;TSRA;NSW
2026-01-30 14:55:00.000;2869;A321-251NEO;GYN;VCP;CWB;2026-01-30 15:40:08.640;TSRA;NSW
2026-01-30 15:00:00.000;4483;ERJ;FLN;VCP;CWB;2026-01-30 15:45:08.640;TSRA;NSW
2026-01-30 15:10:00.000;4508;A321-251NEO;REC;VCP;CWB;2026-01-30 15:55:08.640;TSRA;NSW
2026-01-30 14:50:00.000;2728;ERJ 195LR;CNF;POA;CWB;2026-01-30 15:59:10.080;TSRA;NSW
2026-01-30 15:15:00.000;4241;ERJ;UDI;VCP;CWB;2026-01-30 16:00:08.640;TSRA;NSW
2026-01-30 15:15:00.000;4927;ERJ;PMG;VCP;CWB;2026-01-30 16:00:08.640;TSRA;NSW
2026-01-30 15:25:00.000;4395;ERJ;BSB;VCP;CWB;2026-01-30 16:10:08.640;TSRA;NSW
2026-01-30 16:15:00.000;2876;A321-251NEO;REC;VCP;CWB;2026-01-30 17:00:08.640;TSRA;NSW
2026-01-30 16:40:00.000;9351;ERJ;RAO;VCP;CWB;2026-01-30 17:25:08.640;TSRA;NSW
2026-01-30 16:55:00.000;4321;ERJ;CNF;VCP;CWB;2026-01-30 17:40:08.640;TSRA;NSW
2026-02-01 16:20:00.000;2928;ERJ;PMW;VCP;CWB;2026-02-01 17:05:08.640;TSRA;NSW
2026-02-01 16:40:00.000;2753;ERJ;CWB;VCP;CWB;2026-02-01 17:25:08.640;TSRA;NSW
2026-02-02 18:15:00.000;4917;ERJ;CNF;VCP;CWB;2026-02-02 19:00:08.640;TSRA;VCSH
2026-02-02 18:40:00.000;4635;ERJ;NVT;VCP;CWB;2026-02-02 19:25:08.640;TSRA;VCSH
2026-02-02 18:45:00.000;9801;ERJ 195LR;CGH;VCP;CWB;2026-02-02 19:30:08.640;TSRA;VCSH
2026-02-02 18:55:00.000;2823;A321-251NEO;REC;VCP;CWB;2026-02-02 19:40:08.640;TSRA;VCSH
2026-02-02 19:10:00.000;2776;ERJ;POA;VCP;CWB;2026-02-02 19:55:08.640;TSRA;VCSH
2026-02-02 19:15:00.000;4650;ERJ 195LR;LDB;VCP;CWB;2026-02-02 20:00:08.640;TSRA;NSW
2026-02-02 19:20:00.000;4669;A321-251NEO;FOR;VCP;CWB;2026-02-02 20:05:08.640;TSRA;NSW
2026-02-02 19:25:00.000;2916;ERJ;SDU;VCP;CWB;2026-02-02 20:10:08.640;TSRA;NSW
2026-02-02 19:25:00.000;2600;ERJ 195LR;CWB;IGU;CWB;2026-02-02 20:34:04.319;TSRA;NSW
2026-02-02 20:10:00.000;4696;ERJ;BSB;VCP;CWB;2026-02-02 20:55:08.640;TSRA;NSW
2026-02-02 20:10:00.000;4046;ERJ;CNF;VCP;CWB;2026-02-02 20:55:08.640;TSRA;NSW
2026-02-02 20:30:00.000;4385;ERJ;ROO;VCP;CWB;2026-02-02 21:15:08.640;TSRA;NSW
2026-02-02 21:35:00.000;2995;ATR72-600;VCP;JOI;CWB;2026-02-02 21:50:30.000;TSRA;NSW
2026-02-02 21:25:00.000;4031;ERJ;CWB;VCP;CWB;2026-02-02 22:10:08.640;TSRA;NSW
2026-02-02 21:35:00.000;4176;ERJ;SDU;VCP;CWB;2026-02-02 22:20:08.640;TSRA;NSW
2026-02-02 21:45:00.000;4087;ERJ;GIG;VCP;CWB;2026-02-02 22:30:08.640;TSRA;NSW
2026-02-02 22:10:00.000;4809;ERJ;BVH;VCP;CWB;2026-02-02 22:55:08.640;TSRA;NSW
2026-02-03 14:30:00.000;4206;ERJ;CWB;VCP;CWB;2026-02-03 15:15:08.640;TSRA;NSW
2026-02-03 14:45:00.000;4587;ERJ;CAC;VCP;CWB;2026-02-03 15:30:08.640;TSRA;NSW
2026-02-03 14:45:00.000;4198;ERJ;NVT;VCP;CWB;2026-02-03 15:30:08.640;TSRA;NSW
2026-02-03 14:50:00.000;4274;ERJ;XAP;VCP;CWB;2026-02-03 15:35:08.640;TSRA;NSW
2026-02-03 15:00:00.000;4483;ERJ;FLN;VCP;CWB;2026-02-03 15:45:08.640;TSRA;NSW
2026-02-03 15:10:00.000;4508;A321-251NEO;REC;VCP;CWB;2026-02-03 15:55:08.640;TSRA;NSW
2026-02-03 15:15:00.000;4241;ERJ 195LR;UDI;VCP;CWB;2026-02-03 16:00:08.640;TSRA;NSW
2026-02-03 15:25:00.000;4395;ERJ;BSB;VCP;CWB;2026-02-03 16:10:08.640;TSRA;NSW
2026-02-03 15:05:00.000;4233;ERJ 195LR;CWB;IGU;CWB;2026-02-03 16:14:04.319;TSRA;NSW
2026-02-03 15:30:00.000;5093;A321-251NEO;VIX;VCP;CWB;2026-02-03 16:15:08.640;TSRA;NSW
2026-02-03 15:35:00.000;2689;ERJ;BYO;VCP;CWB;2026-02-03 16:20:08.640;TSRA;NSW
2026-02-03 16:50:00.000;4321;ERJ;CNF;VCP;CWB;2026-02-03 17:35:08.640;TSRA;NSW
2026-02-03 17:55:00.000;2707;ATR72-600;VCP;JOI;CWB;2026-02-03 18:10:30.000;TSRA;NSW
2026-02-03 17:30:00.000;2849;ERJ;SDU;VCP;CWB;2026-02-03 18:15:08.640;TSRA;NSW
2026-02-03 17:55:00.000;2656;ERJ;SDU;VCP;CWB;2026-02-03 18:40:08.640;TSRA;SHRA
2026-02-03 18:05:00.000;2753;ERJ;CWB;VCP;CWB;2026-02-03 18:50:08.640;TSRA;SHRA
2026-02-03 18:15:00.000;4917;ERJ;CNF;VCP;CWB;2026-02-03 19:00:08.640;TSRA;-RA
2026-02-03 18:40:00.000;4635;ERJ;NVT;VCP;CWB;2026-02-03 19:25:08.640;TSRA;-RA
2026-02-03 18:55:00.000;2823;A321-251NEO;REC;VCP;CWB;2026-02-03 19:40:08.640;TSRA;-RA
2026-02-03 19:10:00.000;2776;ERJ;POA;VCP;CWB;2026-02-03 19:55:08.640;TSRA;-RA
2026-02-03 19:20:00.000;2916;ERJ;SDU;VCP;CWB;2026-02-03 20:05:08.640;TSRA;NSW
2026-02-03 19:20:00.000;4669;A321-251NEO;FOR;VCP;CWB;2026-02-03 20:05:08.640;TSRA;NSW
2026-02-03 19:25:00.000;2600;ERJ 195LR;CWB;IGU;CWB;2026-02-03 20:34:04.319;TSRA;NSW
2026-02-03 20:10:00.000;4696;ERJ;BSB;VCP;CWB;2026-02-03 20:55:08.640;TSRA;NSW
2026-02-03 20:10:00.000;4046;ERJ;CNF;VCP;CWB;2026-02-03 20:55:08.640;TSRA;NSW
2026-02-04 17:20:00.000;5041;A321-251NEO;CGB;VCP;CWB;2026-02-04 18:05:08.640;TSRA;NSW
2026-02-04 17:30:00.000;2849;ERJ;SDU;VCP;CWB;2026-02-04 18:15:08.640;TSRA;NSW
2026-02-04 17:35:00.000;4733;ERJ 195LR;VCP;LDB;CWB;2026-02-04 18:15:40.800;TSRA;NSW
2026-02-04 17:55:00.000;2656;ERJ;SDU;VCP;CWB;2026-02-04 18:40:08.640;TSRA;NSW
2026-02-04 18:40:00.000;4635;ERJ;NVT;VCP;CWB;2026-02-04 19:25:08.640;TSRA;-RA
2026-02-04 19:10:00.000;2776;ERJ;POA;VCP;CWB;2026-02-04 19:55:08.640;TSRA;-RA
2026-02-04 19:15:00.000;4650;ERJ 195LR;LDB;VCP;CWB;2026-02-04 20:00:08.640;TSRA;NSW
2026-02-04 19:20:00.000;4669;A321-251NEO;FOR;VCP;CWB;2026-02-04 20:05:08.640;TSRA;NSW
2026-02-04 19:25:00.000;2916;ERJ;SDU;VCP;CWB;2026-02-04 20:10:08.640;TSRA;NSW
2026-02-04 19:25:00.000;2600;ERJ 195LR;CWB;IGU;CWB;2026-02-04 20:34:04.319;TSRA;NSW
2026-02-04 20:10:00.000;4696;ERJ;BSB;VCP;CWB;2026-02-04 20:55:08.640;TSRA;NSW
2026-02-04 20:10:00.000;4046;ERJ;CNF;VCP;CWB;2026-02-04 20:55:08.640;TSRA;NSW
2026-02-07 19:15:00.000;4650;ERJ 195LR;LDB;VCP;CWB;2026-02-07 20:00:08.640;-TSRA;VCSH
2026-02-07 19:20:00.000;4669;A321-251NEO;FOR;VCP;CWB;2026-02-07 20:05:08.640;-TSRA;VCSH
2026-02-07 19:25:00.000;2916;ERJ;SDU;VCP;CWB;2026-02-07 20:10:08.640;-TSRA;VCSH
2026-02-07 19:30:00.000;4867;ERJ;GYN;VCP;CWB;2026-02-07 20:15:08.640;-TSRA;VCSH
2026-02-07 19:10:00.000;4131;ERJ 195LR;CGH;POA;CWB;2026-02-07 20:19:10.080;-TSRA;VCSH
2026-02-07 19:25:00.000;2965;ERJ 195LR;CWB;POA;CWB;2026-02-07 20:34:10.080;-TSRA;-RA
2026-02-07 21:30:00.000;4031;ERJ;CWB;VCP;CWB;2026-02-07 22:15:08.640;-TSRA;-RA
2026-02-07 21:30:00.000;4195;ERJ;SSA;VCP;CWB;2026-02-07 22:15:08.640;-TSRA;-RA
2026-02-07 22:15:00.000;2635;ERJ;CNF;VCP;CWB;2026-02-07 23:00:08.640;-TSRA;-RA
2026-02-07 22:45:00.000;4339;ERJ;CGB;VCP;CWB;2026-02-07 23:30:08.640;-TSRA;-RA
2026-02-07 22:50:00.000;4681;ERJ;JPR;VCP;CWB;2026-02-07 23:35:08.640;-TSRA;-RA
2026-02-07 22:55:00.000;4410;ERJ 195LR;FLN;VCP;CWB;2026-02-07 23:40:08.640;-TSRA;-RA
2026-02-07 23:10:00.000;2903;ERJ;SDU;VCP;CWB;2026-02-07 23:55:08.640;-TSRA;-RA
2026-02-07 23:10:00.000;2861;ERJ;NVT;VCP;CWB;2026-02-07 23:55:08.640;-TSRA;-RA
2026-02-08 17:30:00.000;2849;ERJ;SDU;VCP;CWB;2026-02-08 18:15:08.640;TS;VCSH
2026-02-08 17:35:00.000;4733;ERJ 195LR;VCP;LDB;CWB;2026-02-08 18:15:40.800;TS;VCSH
2026-02-08 18:40:00.000;4175;ERJ;CAC;VCP;CWB;2026-02-08 19:25:08.640;TS;VCSH
2026-02-08 18:40:00.000;4635;ERJ 195LR;NVT;VCP;CWB;2026-02-08 19:25:08.640;TS;VCSH
2026-02-09 17:30:00.000;2849;ERJ;SDU;VCP;CWB;2026-02-09 18:15:08.640;TSRA;NSW
2026-02-09 17:35:00.000;4733;ERJ 195LR;VCP;LDB;CWB;2026-02-09 18:15:40.800;TSRA;NSW
2026-02-09 17:55:00.000;2656;ERJ;SDU;VCP;CWB;2026-02-09 18:40:08.640;TSRA;NSW
2026-02-09 18:05:00.000;2753;ERJ;CWB;VCP;CWB;2026-02-09 18:50:08.640;TSRA;NSW
2026-02-09 18:15:00.000;4917;ERJ;CNF;VCP;CWB;2026-02-09 19:00:08.640;TSRA;NSW
2026-02-09 18:40:00.000;4635;ERJ 195LR;NVT;VCP;CWB;2026-02-09 19:25:08.640;TSRA;NSW
2026-02-09 18:55:00.000;2823;A321-251NEO;REC;VCP;CWB;2026-02-09 19:40:08.640;TSRA;NSW
2026-02-09 19:10:00.000;2776;ERJ;POA;VCP;CWB;2026-02-09 19:55:08.640;TSRA;NSW
2026-02-09 19:15:00.000;4650;ERJ 195LR;LDB;VCP;CWB;2026-02-09 20:00:08.640;TSRA;NSW
2026-02-09 19:20:00.000;4669;A321-251NEO;FOR;VCP;CWB;2026-02-09 20:05:08.640;TSRA;NSW
2026-02-09 19:25:00.000;2916;ERJ;SDU;VCP;CWB;2026-02-09 20:10:08.640;TSRA;NSW
2026-02-09 19:25:00.000;2600;ERJ 195LR;CWB;IGU;CWB;2026-02-09 20:34:04.319;TSRA;NSW
2026-02-09 20:10:00.000;4696;ERJ;BSB;VCP;CWB;2026-02-09 20:55:08.640;TSRA;NSW
2026-02-09 20:10:00.000;4046;ERJ;CNF;VCP;CWB;2026-02-09 20:55:08.640;TSRA;NSW
2026-02-09 20:20:00.000;4247;ERJ;CGR;VCP;CWB;2026-02-09 21:05:08.640;TSRA;NSW
2026-02-09 20:30:00.000;4385;ERJ;ROO;VCP;CWB;2026-02-09 21:15:08.640;TSRA;NSW
2026-02-09 21:20:00.000;4958;ERJ 195LR;VCP;NVT;CWB;2026-02-09 21:40:36.960;TSRA;NSW
2026-02-09 21:35:00.000;2995;ATR72-600;VCP;JOI;CWB;2026-02-09 21:50:30.000;TSRA;NSW
2026-02-09 21:30:00.000;4031;ERJ;CWB;VCP;CWB;2026-02-09 22:15:08.640;TSRA;NSW
2026-02-09 21:35:00.000;4176;ERJ;SDU;VCP;CWB;2026-02-09 22:20:08.640;TSRA;NSW
2026-02-09 21:45:00.000;4087;ERJ;GIG;VCP;CWB;2026-02-09 22:30:08.640;TSRA;NSW
2026-02-09 21:45:00.000;2907;ERJ 195LR;VCP;MGF;CWB;2026-02-09 22:32:32.640;TSRA;NSW
2026-02-09 22:10:00.000;4584;ERJ 195LR;VCP;LDB;CWB;2026-02-09 22:50:40.800;TSRA;NSW
2026-02-09 22:10:00.000;4809;ERJ;BVH;VCP;CWB;2026-02-09 22:55:08.640;TSRA;NSW
2026-02-09 22:55:00.000;4410;ERJ;FLN;VCP;CWB;2026-02-09 23:40:08.640;TSRA;NSW
2026-02-09 23:10:00.000;2903;ERJ;SDU;VCP;CWB;2026-02-09 23:55:08.640;TSRA;NSW
2026-02-09 23:10:00.000;2861;ERJ 195LR;NVT;VCP;CWB;2026-02-09 23:55:08.640;TSRA;NSW
2026-02-13 14:20:00.000;2898;ERJ;SDU;VCP;CWB;2026-02-13 15:05:08.640;TSRA;NSW
2026-02-13 14:30:00.000;4206;ERJ 195LR;CWB;VCP;CWB;2026-02-13 15:15:08.640;TSRA;NSW
2026-02-13 14:45:00.000;4587;ERJ;CAC;VCP;CWB;2026-02-13 15:30:08.640;TSRA;NSW
2026-02-13 14:45:00.000;4198;ERJ;NVT;VCP;CWB;2026-02-13 15:30:08.640;TSRA;NSW
2026-02-13 14:50:00.000;4274;ERJ;XAP;VCP;CWB;2026-02-13 15:35:08.640;TSRA;NSW
2026-02-13 14:50:00.000;2970;ERJ;CGR;VCP;CWB;2026-02-13 15:35:08.640;TSRA;NSW
2026-02-13 15:00:00.000;4483;ERJ;FLN;VCP;CWB;2026-02-13 15:45:08.640;TSRA;NSW
2026-02-13 15:10:00.000;4508;A321-251NEO;REC;VCP;CWB;2026-02-13 15:55:08.640;TSRA;NSW
2026-02-13 15:15:00.000;4241;ERJ 195LR;UDI;VCP;CWB;2026-02-13 16:00:08.640;TSRA;VCSH
2026-02-13 15:15:00.000;4927;ERJ 195LR;PMG;VCP;CWB;2026-02-13 16:00:08.640;TSRA;VCSH
2026-02-13 15:25:00.000;4395;ERJ;BSB;VCP;CWB;2026-02-13 16:10:08.640;TSRA;VCSH
2026-02-13 15:05:00.000;4233;ERJ 195LR;CWB;IGU;CWB;2026-02-13 16:14:04.319;TSRA;VCSH
2026-02-13 16:20:00.000;2876;A321-251NEO;REC;VCP;CWB;2026-02-13 17:05:08.640;TSRA;VCSH
2026-02-13 16:50:00.000;4321;ERJ;CNF;VCP;CWB;2026-02-13 17:35:08.640;TSRA;VCSH
2026-02-13 17:35:00.000;4733;ERJ 195LR;VCP;LDB;CWB;2026-02-13 18:15:40.800;TSRA;NSW
2026-02-13 17:55:00.000;2656;ERJ;SDU;VCP;CWB;2026-02-13 18:40:08.640;TSRA;NSW
2026-02-13 18:05:00.000;2753;ERJ 195LR;CWB;VCP;CWB;2026-02-13 18:50:08.640;TSRA;NSW
2026-02-13 18:15:00.000;4917;ERJ;CNF;VCP;CWB;2026-02-13 19:00:08.640;TSRA;NSW
2026-02-13 18:40:00.000;4635;ERJ;NVT;VCP;CWB;2026-02-13 19:25:08.640;TSRA;NSW
2026-02-13 18:55:00.000;2823;A321-251NEO;REC;VCP;CWB;2026-02-13 19:40:08.640;TSRA;NSW
2026-02-13 19:10:00.000;2776;ERJ;POA;VCP;CWB;2026-02-13 19:55:08.640;TSRA;NSW
2026-02-17 17:55:00.000;2707;ATR72-600;VCP;JOI;CWB;2026-02-17 18:10:30.000;TSRA;NSW
2026-02-17 17:30:00.000;2849;ERJ;SDU;VCP;CWB;2026-02-17 18:15:08.640;TSRA;NSW
2026-02-17 17:35:00.000;4733;ERJ 195LR;VCP;LDB;CWB;2026-02-17 18:15:40.800;TSRA;NSW
2026-02-17 18:10:00.000;4558;ERJ 195LR;VCP;NVT;CWB;2026-02-17 18:30:36.960;TSRA;NSW
2026-02-17 17:55:00.000;2656;ERJ;SDU;VCP;CWB;2026-02-17 18:40:08.640;TSRA;NSW
2026-02-17 18:10:00.000;2753;ERJ;CWB;VCP;CWB;2026-02-17 18:55:08.640;TSRA;NSW
2026-02-17 18:15:00.000;4917;ERJ;CNF;VCP;CWB;2026-02-17 19:00:08.640;TSRA;NSW
2026-02-17 19:10:00.000;2776;ERJ;POA;VCP;CWB;2026-02-17 19:55:08.640;TSRA;NSW
2026-02-17 19:15:00.000;4650;ERJ 195LR;LDB;VCP;CWB;2026-02-17 20:00:08.640;TSRA;NSW
2026-02-17 19:20:00.000;2916;ERJ;SDU;VCP;CWB;2026-02-17 20:05:08.640;TSRA;NSW
2026-02-17 19:20:00.000;4669;A321-251NEO;FOR;VCP;CWB;2026-02-17 20:05:08.640;TSRA;NSW
2026-02-17 19:30:00.000;2600;ERJ 195LR;CWB;IGU;CWB;2026-02-17 20:39:04.319;TSRA;NSW
2026-02-17 20:00:00.000;4635;ERJ 195LR;NVT;VCP;CWB;2026-02-17 20:45:08.640;TSRA;NSW
2026-02-17 20:10:00.000;4046;ERJ;CNF;VCP;CWB;2026-02-17 20:55:08.640;TSRA;NSW
2026-02-17 20:10:00.000;4696;ERJ;BSB;VCP;CWB;2026-02-17 20:55:08.640;TSRA;NSW
2026-02-17 20:20:00.000;4247;ERJ;CGR;VCP;CWB;2026-02-17 21:05:08.640;TSRA;NSW
2026-02-18 13:10:00.000;4333;ATR72-600;VCP;JOI;CWB;2026-02-18 13:25:30.000;TSRA;NSW
2026-02-18 13:15:00.000;4206;ERJ;CWB;VCP;CWB;2026-02-18 14:00:08.640;TSRA;NSW
2026-02-18 13:40:00.000;4028;ERJ;GIG;VCP;CWB;2026-02-18 14:25:08.640;TSRA;NSW
2026-02-18 13:50:00.000;2687;ERJ;POA;VCP;CWB;2026-02-18 14:35:08.640;TSRA;NSW
2026-02-18 13:05:00.000;4926;ERJ 195LR;VCP;PMG;CWB;2026-02-18 14:41:00.000;TSRA;NSW
2026-02-18 14:00:00.000;4350;ERJ;CNF;VCP;CWB;2026-02-18 14:45:08.640;TSRA;NSW
2026-02-18 14:05:00.000;2898;ERJ;SDU;VCP;CWB;2026-02-18 14:50:08.640;TSRA;NSW
2026-02-18 14:35:00.000;6408;ERJ 195LR;CGH;NVT;CWB;2026-02-18 14:55:36.960;TSRA;NSW
2026-02-18 14:40:00.000;4081;ERJ;CNF;VCP;CWB;2026-02-18 15:25:08.640;TSRA;NSW
2026-02-18 14:45:00.000;2597;ERJ;NVT;VCP;CWB;2026-02-18 15:30:08.640;TSRA;NSW
2026-02-18 14:45:00.000;4587;ERJ;CAC;VCP;CWB;2026-02-18 15:30:08.640;TSRA;NSW
2026-02-18 14:50:00.000;4274;ERJ;XAP;VCP;CWB;2026-02-18 15:35:08.640;TSRA;NSW
2026-02-18 15:00:00.000;4483;ERJ;FLN;VCP;CWB;2026-02-18 15:45:08.640;TSRA;NSW
2026-02-18 15:10:00.000;4508;A321-251NEO;REC;VCP;CWB;2026-02-18 15:55:08.640;TSRA;NSW
2026-02-18 15:15:00.000;4241;ERJ 195LR;UDI;VCP;CWB;2026-02-18 16:00:08.640;TSRA;NSW
2026-02-18 15:15:00.000;4927;ERJ 195LR;PMG;VCP;CWB;2026-02-18 16:00:08.640;TSRA;NSW
2026-02-18 15:05:00.000;4233;ERJ 195LR;CWB;IGU;CWB;2026-02-18 16:14:04.319;TSRA;NSW
2026-02-18 16:20:00.000;2876;A321-251NEO;REC;VCP;CWB;2026-02-18 17:05:08.640;TSRA;NSW
2026-02-18 16:40:00.000;2753;ERJ;CWB;VCP;CWB;2026-02-18 17:25:08.640;TSRA;NSW
2026-02-18 16:50:00.000;4321;ERJ;CNF;VCP;CWB;2026-02-18 17:35:08.640;TSRA;NSW
2026-02-18 16:55:00.000;4215;A321-251NEO;SSA;VCP;CWB;2026-02-18 17:40:08.640;TSRA;NSW
2026-02-20 17:30:00.000;2849;ERJ;SDU;VCP;CWB;2026-02-20 18:15:08.640;TSRA;NSW
2026-02-20 18:05:00.000;2753;ERJ;CWB;VCP;CWB;2026-02-20 18:50:08.640;TSRA;NSW
2026-02-20 18:15:00.000;4917;ERJ 195LR;CNF;VCP;CWB;2026-02-20 19:00:08.640;TSRA;NSW
2026-02-20 18:40:00.000;9241;ERJ;VIX;VCP;CWB;2026-02-20 19:25:08.640;TSRA;NSW
2026-02-20 18:55:00.000;4635;ERJ;NVT;VCP;CWB;2026-02-20 19:40:08.640;TSRA;NSW
2026-02-20 18:55:00.000;2823;A321-251NEO;REC;VCP;CWB;2026-02-20 19:40:08.640;TSRA;NSW
2026-02-20 19:10:00.000;2776;ERJ;POA;VCP;CWB;2026-02-20 19:55:08.640;TSRA;NSW
2026-02-20 19:20:00.000;4669;A321-251NEO;FOR;VCP;CWB;2026-02-20 20:05:08.640;TSRA;NSW
2026-02-20 19:25:00.000;2916;ERJ;SDU;VCP;CWB;2026-02-20 20:10:08.640;TSRA;NSW
2026-02-20 19:50:00.000;4140;ERJ 195LR;SJP;VCP;CWB;2026-02-20 20:35:08.640;TSRA;NSW
2026-02-20 19:30:00.000;2600;ERJ 195LR;CWB;IGU;CWB;2026-02-20 20:39:04.319;TSRA;NSW
2026-02-20 20:10:00.000;4046;ERJ;CNF;VCP;CWB;2026-02-20 20:55:08.640;TSRA;NSW
2026-02-20 20:10:00.000;4696;ERJ;BSB;VCP;CWB;2026-02-20 20:55:08.640;TSRA;NSW
2026-02-24 16:20:00.000;2876;A321-251NEO;REC;VCP;CWB;2026-02-24 17:05:08.640;TSRA;NSW
2026-02-24 16:20:00.000;2928;ERJ 195LR;PMW;VCP;CWB;2026-02-24 17:05:08.640;TSRA;NSW
2026-02-24 16:50:00.000;9805;ERJ;XAP;VCP;CWB;2026-02-24 17:35:08.640;TSRA;NSW
2026-02-24 17:15:00.000;4321;ERJ;CNF;VCP;CWB;2026-02-24 18:00:08.640;-TSRA;VCSH
2026-02-24 17:55:00.000;2707;ATR72-600;VCP;JOI;CWB;2026-02-24 18:10:30.000;-TSRA;VCSH
2026-02-24 17:30:00.000;2970;ERJ;CGR;VCP;CWB;2026-02-24 18:15:08.640;-TSRA;VCSH
2026-02-24 17:35:00.000;2676;ERJ 195LR;VCP;MGF;CWB;2026-02-24 18:22:32.640;-TSRA;VCSH
2026-02-24 17:45:00.000;2849;ERJ;GIG;VCP;CWB;2026-02-24 18:30:08.640;-TSRA;VCSH
2026-02-24 17:45:00.000;4397;ERJ;BSB;VCP;CWB;2026-02-24 18:30:08.640;-TSRA;VCSH
2026-02-24 18:15:00.000;4917;ERJ 195LR;CNF;VCP;CWB;2026-02-24 19:00:08.640;-TSRA;-SHRA
2026-02-24 18:40:00.000;4635;ERJ;NVT;VCP;CWB;2026-02-24 19:25:08.640;-TSRA;-SHRA
2026-02-24 19:10:00.000;2776;ERJ;POA;VCP;CWB;2026-02-24 19:55:08.640;-TSRA;-SHRA
2026-02-24 19:20:00.000;2916;ERJ;SDU;VCP;CWB;2026-02-24 20:05:08.640;-TSRA;-SHRA
2026-02-24 19:30:00.000;4611;ERJ 195LR;MGF;VCP;CWB;2026-02-24 20:15:08.640;-TSRA;-SHRA
2026-02-24 19:40:00.000;2965;ERJ 195LR;CWB;POA;CWB;2026-02-24 20:49:10.080;-TSRA;-SHRA
2026-02-24 20:05:00.000;4867;A321-251NEO;GYN;VCP;CWB;2026-02-24 20:50:08.640;-TSRA;-SHRA
2026-02-24 20:10:00.000;4696;ERJ;BSB;VCP;CWB;2026-02-24 20:55:08.640;-TSRA;-SHRA
2026-02-24 20:10:00.000;4046;ERJ;CNF;VCP;CWB;2026-02-24 20:55:08.640;-TSRA;-SHRA
2026-02-25 17:55:00.000;2707;ATR72-600;VCP;JOI;CWB;2026-02-25 18:10:30.000;TSRA;NSW
2026-02-25 17:30:00.000;2970;ERJ;CGR;VCP;CWB;2026-02-25 18:15:08.640;TSRA;NSW
2026-02-25 17:35:00.000;2676;ERJ 195LR;VCP;MGF;CWB;2026-02-25 18:22:32.640;TSRA;NSW
2026-02-25 17:45:00.000;2849;ERJ;GIG;VCP;CWB;2026-02-25 18:30:08.640;TSRA;NSW
2026-02-25 17:45:00.000;4397;ERJ;BSB;VCP;CWB;2026-02-25 18:30:08.640;TSRA;NSW
2026-02-25 18:15:00.000;4917;ERJ;CNF;VCP;CWB;2026-02-25 19:00:08.640;TSRA;NSW
2026-02-25 18:55:00.000;2823;A321-251NEO;REC;VCP;CWB;2026-02-25 19:40:08.640;TSRA;NSW
2026-02-25 19:10:00.000;2776;ERJ;POA;VCP;CWB;2026-02-25 19:55:08.640;TSRA;NSW
2026-02-25 19:20:00.000;4669;A321-251NEO;FOR;VCP;CWB;2026-02-25 20:05:08.640;TSRA;NSW
2026-02-25 19:25:00.000;2916;ERJ;SDU;VCP;CWB;2026-02-25 20:10:08.640;TSRA;NSW
2026-02-25 19:30:00.000;4611;ERJ 195LR;MGF;VCP;CWB;2026-02-25 20:15:08.640;TSRA;NSW
2026-02-25 19:40:00.000;2965;ERJ 195LR;CWB;POA;CWB;2026-02-25 20:49:10.080;TSRA;NSW
2026-02-25 20:10:00.000;4696;ERJ;BSB;VCP;CWB;2026-02-25 20:55:08.640;TSRA;NSW
2026-02-25 20:10:00.000;4046;ERJ;CNF;VCP;CWB;2026-02-25 20:55:08.640;TSRA;NSW
2026-02-25 20:15:00.000;2862;ERJ;CWB;VCP;CWB;2026-02-25 21:00:08.640;TSRA;NSW
2026-02-25 20:20:00.000;4247;ERJ;CGR;VCP;CWB;2026-02-25 21:05:08.640;TSRA;NSW
2026-02-25 20:25:00.000;4385;ERJ 195LR;ROO;VCP;CWB;2026-02-25 21:10:08.640;TSRA;NSW
2026-02-25 21:20:00.000;4958;ERJ 195LR;VCP;NVT;CWB;2026-02-25 21:40:36.960;TSRA;NSW
2026-02-25 21:35:00.000;2995;ATR72-600;VCP;JOI;CWB;2026-02-25 21:50:30.000;TSRA;NSW
2026-03-09 17:15:00.000;4321;ERJ;CNF;VCP;CWB;2026-03-09 18:00:08.640;TSRA;NSW
2026-03-09 17:45:00.000;2849;ERJ;GIG;VCP;CWB;2026-03-09 18:30:08.640;TSRA;NSW
2026-03-09 17:45:00.000;4397;ERJ;BSB;VCP;CWB;2026-03-09 18:30:08.640;TSRA;NSW
2026-03-09 18:05:00.000;2676;ERJ 195LR;VCP;MGF;CWB;2026-03-09 18:52:32.640;TSRA;NSW
2026-03-09 19:10:00.000;2710;ERJ 195LR;JOI;VCP;CWB;2026-03-09 19:55:08.640;TSRA;NSW
2026-03-09 19:10:00.000;2823;A321-251NEO;REC;VCP;CWB;2026-03-09 19:55:08.640;TSRA;NSW
2026-03-09 19:15:00.000;2776;ERJ;POA;VCP;CWB;2026-03-09 20:00:08.640;TSRA;-DZ
2026-03-09 19:20:00.000;4669;A321-251NEO;FOR;VCP;CWB;2026-03-09 20:05:08.640;TSRA;-DZ
2026-03-09 19:25:00.000;2916;ERJ;SDU;VCP;CWB;2026-03-09 20:10:08.640;TSRA;-DZ
2026-03-09 20:00:00.000;2862;ERJ;CWB;VCP;CWB;2026-03-09 20:45:08.640;TSRA;-DZ
2026-03-09 20:00:00.000;4046;ERJ;CNF;VCP;CWB;2026-03-09 20:45:08.640;TSRA;-DZ
2026-03-09 20:05:00.000;4281;ERJ;VIX;VCP;CWB;2026-03-09 20:50:08.640;TSRA;-DZ
2026-03-09 20:05:00.000;4635;ERJ;NVT;VCP;CWB;2026-03-09 20:50:08.640;TSRA;-DZ
2026-03-09 20:10:00.000;4696;ERJ 195LR;BSB;VCP;CWB;2026-03-09 20:55:08.640;TSRA;-DZ
2026-03-09 20:10:00.000;4611;ERJ 195LR;MGF;VCP;CWB;2026-03-09 20:55:08.640;TSRA;-DZ
2026-03-09 20:25:00.000;4385;ERJ;ROO;VCP;CWB;2026-03-09 21:10:08.640;TSRA;NSW
2026-03-09 21:35:00.000;2995;ATR72-600;VCP;JOI;CWB;2026-03-09 21:50:30.000;TSRA;NSW
2026-03-09 21:30:00.000;4584;ERJ 195LR;VCP;LDB;CWB;2026-03-09 22:10:40.800;TSRA;-DZ
2026-03-09 21:30:00.000;4031;ERJ;CWB;VCP;CWB;2026-03-09 22:15:08.640;TSRA;-DZ
2026-03-09 21:35:00.000;4176;ERJ;SDU;VCP;CWB;2026-03-09 22:20:08.640;TSRA;-DZ
2026-03-09 21:45:00.000;4087;ERJ;GIG;VCP;CWB;2026-03-09 22:30:08.640;TSRA;-DZ
2026-03-12 17:15:00.000;4321;ERJ;CNF;VCP;CWB;2026-03-12 18:00:08.640;TSRA;-DZ
2026-03-12 17:45:00.000;2849;ERJ;GIG;VCP;CWB;2026-03-12 18:30:08.640;TSRA;-DZ
2026-03-12 17:45:00.000;4397;ERJ;BSB;VCP;CWB;2026-03-12 18:30:08.640;TSRA;-DZ
2026-03-12 18:10:00.000;9901;A321-231;SCL;VCP;CWB;2026-03-12 18:55:08.640;TSRA;-DZ
2026-03-12 18:20:00.000;4917;ERJ;CNF;VCP;CWB;2026-03-12 19:05:08.640;TSRA;NSW
2026-03-12 18:30:00.000;2679;ERJ;JDO;VCP;CWB;2026-03-12 19:15:08.640;TSRA;NSW
2026-03-12 19:10:00.000;2710;ERJ 195LR;JOI;VCP;CWB;2026-03-12 19:55:08.640;TSRA;NSW
2026-03-12 19:10:00.000;2823;A321-251NEO;REC;VCP;CWB;2026-03-12 19:55:08.640;TSRA;NSW
2026-03-12 19:15:00.000;2776;ERJ;POA;VCP;CWB;2026-03-12 20:00:08.640;TSRA;NSW
2026-03-12 19:20:00.000;4669;A321-251NEO;FOR;VCP;CWB;2026-03-12 20:05:08.640;TSRA;NSW
2026-03-12 19:25:00.000;2916;ERJ;SDU;VCP;CWB;2026-03-12 20:10:08.640;TSRA;NSW
2026-03-12 20:00:00.000;2862;ERJ 195LR;CWB;VCP;CWB;2026-03-12 20:45:08.640;TSRA;NSW
2026-03-12 20:00:00.000;4046;ERJ;CNF;VCP;CWB;2026-03-12 20:45:08.640;TSRA;NSW
2026-03-12 20:05:00.000;4635;ERJ;NVT;VCP;CWB;2026-03-12 20:50:08.640;TSRA;NSW
2026-03-12 20:10:00.000;4696;ERJ;BSB;VCP;CWB;2026-03-12 20:55:08.640;TSRA;NSW
2026-03-18 15:15:00.000;4508;A321-251NEO;REC;VCP;CWB;2026-03-18 16:00:08.640;TSRA;NSW
2026-03-18 15:15:00.000;4927;ERJ;PMG;VCP;CWB;2026-03-18 16:00:08.640;TSRA;NSW
2026-03-18 15:30:00.000;4650;ERJ 195LR;LDB;VCP;CWB;2026-03-18 16:15:08.640;TSRA;NSW
2026-03-18 15:35:00.000;2753;ERJ 195LR;CWB;VCP;CWB;2026-03-18 16:20:08.640;TSRA;NSW
2026-03-18 15:40:00.000;2650;ERJ;SDU;VCP;CWB;2026-03-18 16:25:08.640;TSRA;NSW
2026-03-18 15:55:00.000;2597;ERJ;NVT;VCP;CWB;2026-03-18 16:40:08.640;TSRA;NSW
2026-03-18 16:10:00.000;2691;ERJ;CMG;VCP;CWB;2026-03-18 16:55:08.640;TSRA;NSW
2026-03-18 16:15:00.000;2876;A321-251NEO;REC;VCP;CWB;2026-03-18 17:00:08.640;TSRA;NSW
2026-03-18 16:20:00.000;9805;ERJ;CNF;VCP;CWB;2026-03-18 17:05:08.640;TSRA;NSW
2026-03-18 17:20:00.000;2707;ATR72-600;VCP;JOI;CWB;2026-03-18 17:35:30.000;TSRA;NSW
2026-03-23 16:15:00.000;2876;A321-251NEO;REC;VCP;CWB;2026-03-23 17:00:08.640;TSRA;NSW
2026-03-23 17:20:00.000;2707;ERJ 195LR;VCP;JOI;CWB;2026-03-23 17:31:09.600;TSRA;NSW
2026-03-27 17:15:00.000;4321;ERJ;CNF;VCP;CWB;2026-03-27 18:00:08.640;TS;NSW
2026-03-27 17:45:00.000;2849;ERJ;GIG;VCP;CWB;2026-03-27 18:30:08.640;TS;NSW
2026-03-27 17:45:00.000;4397;ERJ;BSB;VCP;CWB;2026-03-27 18:30:08.640;TS;NSW
2026-03-27 18:20:00.000;4917;ERJ;CNF;VCP;CWB;2026-03-27 19:05:08.640;TS;NSW
2026-03-27 18:30:00.000;2679;ERJ 195LR;JDO;VCP;CWB;2026-03-27 19:15:08.640;TS;NSW
2026-03-27 18:50:00.000;9804;A321-251NEO;GRU;VCP;CWB;2026-03-27 19:35:08.640;TS;NSW
2026-03-27 19:10:00.000;2710;ERJ 195LR;JOI;VCP;CWB;2026-03-27 19:55:08.640;TS;NSW
2026-03-30 15:15:00.000;4508;A321-251NEO;REC;VCP;CWB;2026-03-30 16:00:08.640;-TSRA;NSW
2026-03-30 15:15:00.000;4927;ERJ;PMG;VCP;CWB;2026-03-30 16:00:08.640;-TSRA;NSW
2026-03-30 15:30:00.000;4650;ERJ 195LR;LDB;VCP;CWB;2026-03-30 16:15:08.640;-TSRA;NSW
2026-03-30 15:35:00.000;2753;ERJ;CWB;VCP;CWB;2026-03-30 16:20:08.640;-TSRA;NSW
2026-03-30 15:40:00.000;2650;ERJ;GIG;VCP;CWB;2026-03-30 16:25:08.640;-TSRA;NSW
2026-03-30 16:10:00.000;2691;ERJ;CMG;VCP;CWB;2026-03-30 16:55:08.640;-TSRA;NSW
2026-03-30 16:10:00.000;4198;ERJ;NVT;VCP;CWB;2026-03-30 16:55:08.640;-TSRA;NSW
2026-03-30 17:20:00.000;2707;ERJ 195LR;VCP;JOI;CWB;2026-03-30 17:31:09.600;-TSRA;NSW
2026-03-30 17:40:00.000;2849;ERJ;GIG;VCP;CWB;2026-03-30 18:25:08.640;TSRA;NSW
2026-03-30 17:45:00.000;4397;ERJ;BSB;VCP;CWB;2026-03-30 18:30:08.640;TSRA;NSW
2026-03-30 17:55:00.000;4308;ERJ 195LR;VCP;LDB;CWB;2026-03-30 18:35:40.800;TSRA;NSW
2026-03-30 19:10:00.000;2710;ERJ 195LR;JOI;VCP;CWB;2026-03-30 19:55:08.640;TSRA;NSW
2026-03-30 19:10:00.000;2823;A321-251NEO;REC;VCP;CWB;2026-03-30 19:55:08.640;TSRA;NSW
2026-03-30 19:15:00.000;2776;ERJ;POA;VCP;CWB;2026-03-30 20:00:08.640;TSRA;NSW
2026-03-30 19:20:00.000;4669;A321-251NEO;FOR;VCP;CWB;2026-03-30 20:05:08.640;TSRA;NSW
2026-03-30 19:25:00.000;2916;ERJ;SDU;VCP;CWB;2026-03-30 20:10:08.640;TSRA;NSW
2026-03-30 19:45:00.000;4309;ERJ 195LR;LDB;VCP;CWB;2026-03-30 20:30:08.640;TSRA;NSW
2026-03-30 20:00:00.000;2862;ERJ;CWB;VCP;CWB;2026-03-30 20:45:08.640;TSRA;NSW
2026-03-30 20:00:00.000;4046;ERJ;CNF;VCP;CWB;2026-03-30 20:45:08.640;TSRA;NSW
2026-03-30 20:10:00.000;4696;ERJ;BSB;VCP;CWB;2026-03-30 20:55:08.640;TSRA;NSW
2026-03-30 20:10:00.000;4635;ERJ;NVT;VCP;CWB;2026-03-30 20:55:08.640;TSRA;NSW
2026-04-02 14:15:00.000;2898;ERJ;SDU;VCP;CWB;2026-04-02 15:00:08.640;TSRA;NSW
2026-04-02 14:50:00.000;4395;ERJ;BSB;VCP;CWB;2026-04-02 15:35:08.640;TSRA;NSW
2026-04-02 14:55:00.000;4274;ERJ;XAP;VCP;CWB;2026-04-02 15:40:08.640;TSRA;NSW
2026-04-02 15:00:00.000;2479;ERJ;FLN;VCP;CWB;2026-04-02 15:45:08.640;TSRA;NSW
2026-04-02 15:00:00.000;4587;ERJ;CAC;VCP;CWB;2026-04-02 15:45:08.640;TSRA;NSW
2026-04-02 15:00:00.000;4584;ERJ;LDB;VCP;CWB;2026-04-02 15:45:08.640;TSRA;NSW
2026-04-02 15:20:00.000;4508;A321-251NEO;REC;VCP;CWB;2026-04-02 16:05:08.640;TSRA;NSW
2026-04-02 15:05:00.000;4233;ERJ 195LR;CWB;IGU;CWB;2026-04-02 16:14:04.319;TSRA;NSW
2026-04-02 15:35:00.000;2753;ERJ;CWB;VCP;CWB;2026-04-02 16:20:08.640;TSRA;NSW
2026-04-02 15:35:00.000;2630;ERJ;SDU;VCP;CWB;2026-04-02 16:20:08.640;TSRA;NSW
2026-04-02 15:40:00.000;2491;ERJ;BYO;VCP;CWB;2026-04-02 16:25:08.640;TSRA;NSW
2026-04-02 16:00:00.000;4170;ERJ;NVT;VCP;CWB;2026-04-02 16:45:08.640;TSRA;NSW
2026-04-02 16:15:00.000;2876;A321-251NEO;REC;VCP;CWB;2026-04-02 17:00:08.640;TSRA;NSW
2026-04-02 16:20:00.000;2816;ERJ;SMT;VCP;CWB;2026-04-02 17:05:08.640;TSRA;NSW
2026-04-02 17:00:00.000;9004;ERJ;FLN;VCP;CWB;2026-04-02 17:45:08.640;TSRA;NSW
2026-04-02 17:25:00.000;4321;ERJ;CNF;VCP;CWB;2026-04-02 18:10:08.640;TSRA;-SHRA
2026-04-02 17:35:00.000;2849;ERJ;GIG;VCP;CWB;2026-04-02 18:20:08.640;TSRA;-SHRA
2026-04-02 18:15:00.000;4558;ERJ 195LR;VCP;NVT;CWB;2026-04-02 18:35:36.960;TSRA;-SHRA
2026-04-02 18:25:00.000;4917;ERJ;CNF;VCP;CWB;2026-04-02 19:10:08.640;TSRA;NSW
2026-04-02 19:00:00.000;2718;ERJ;POA;VCP;CWB;2026-04-02 19:45:08.640;TSRA;NSW
2026-04-29 12:55:00.000;4048;ERJ;BSB;VCP;CWB;2026-04-29 13:40:08.640;TSRA;-RA
2026-04-29 13:40:00.000;4333;ATR72-600;VCP;JOI;CWB;2026-04-29 13:55:30.000;TSRA;-RA
2026-04-29 13:35:00.000;2794;A320-251NEO;CNF;FLN;CWB;2026-04-29 14:06:53.760;TSRA;-RA BR
2026-04-29 13:55:00.000;4028;ERJ;GIG;VCP;CWB;2026-04-29 14:40:08.640;TSRA;-RA BR
2026-04-29 14:00:00.000;4328;ERJ;CNF;VCP;CWB;2026-04-29 14:45:08.640;TSRA;-RA BR
2026-04-29 14:15:00.000;2898;ERJ;SDU;VCP;CWB;2026-04-29 15:00:08.640;TSRA;-RA BR
2026-04-29 14:45:00.000;4508;A321-251NEO;REC;VCP;CWB;2026-04-29 15:30:08.640;TSRA;-RA BR
2026-04-29 14:50:00.000;4395;ERJ;BSB;VCP;CWB;2026-04-29 15:35:08.640;TSRA;-RA BR
2026-04-29 14:55:00.000;4274;ERJ;XAP;VCP;CWB;2026-04-29 15:40:08.640;TSRA;-RA BR
2026-04-29 15:00:00.000;4483;ERJ;FLN;VCP;CWB;2026-04-29 15:45:08.640;TSRA;-RA BR
2026-04-29 15:25:00.000;4927;ERJ;PMG;VCP;CWB;2026-04-29 16:10:08.640;TSRA;-RA
2026-04-29 15:30:00.000;2597;ERJ;NVT;VCP;CWB;2026-04-29 16:15:08.640;TSRA;-RA
2026-04-29 15:35:00.000;2753;ERJ;CWB;VCP;CWB;2026-04-29 16:20:08.640;TSRA;-RA
2026-04-29 15:35:00.000;2630;ERJ;SDU;VCP;CWB;2026-04-29 16:20:08.640;TSRA;-RA
2026-04-29 16:10:00.000;2691;ERJ;CMG;VCP;CWB;2026-04-29 16:55:08.640;TSRA;-RA
2026-04-29 16:15:00.000;2876;A321-251NEO;REC;VCP;CWB;2026-04-29 17:00:08.640;TSRA;-RA BR
2026-04-29 16:35:00.000;2816;ERJ;SMT;VCP;CWB;2026-04-29 17:20:08.640;TSRA;-RA BR
2026-04-29 17:30:00.000;2707;ATR72-600;VCP;JOI;CWB;2026-04-29 17:45:30.000;TSRA;-RA BR
2026-04-29 17:25:00.000;4321;ERJ;CNF;VCP;CWB;2026-04-29 18:10:08.640;TSRA;RA BR
2026-04-29 17:35:00.000;2849;ERJ;GIG;VCP;CWB;2026-04-29 18:20:08.640;TSRA;RA BR
2026-04-29 17:40:00.000;4397;ERJ;BSB;VCP;CWB;2026-04-29 18:25:08.640;TSRA;RA BR
2026-04-29 18:20:00.000;4917;ERJ;CNF;VCP;CWB;2026-04-29 19:05:08.640;TSRA;RA
2026-04-29 19:00:00.000;2718;ERJ;POA;VCP;CWB;2026-04-29 19:45:08.640;TSRA;RA
2026-05-09 08:10:00.000;4341;ERJ;CGB;VCP;CWB;2026-05-09 08:55:08.640;TSRA;NSW
2026-05-09 17:15:00.000;4321;ERJ;CNF;VCP;CWB;2026-05-09 18:00:08.640;TSRA;BR
2026-05-09 17:35:00.000;2849;ERJ;GIG;VCP;CWB;2026-05-09 18:20:08.640;TSRA;BR
2026-05-09 18:20:00.000;4917;ERJ;CNF;VCP;CWB;2026-05-09 19:05:08.640;TSRA;NSW
2026-05-09 18:25:00.000;2659;ERJ;SDU;VCP;CWB;2026-05-09 19:10:08.640;TSRA;NSW
2026-05-09 18:35:00.000;4131;ERJ 195LR;CGH;POA;CWB;2026-05-09 19:44:10.080;TSRA;NSW
2026-05-09 19:20:00.000;4669;A321-251NEO;FOR;VCP;CWB;2026-05-09 20:05:08.640;TSRA;-RA BR
2026-05-09 19:25:00.000;2916;ERJ;SDU;VCP;CWB;2026-05-09 20:10:08.640;TSRA;-RA BR
2026-05-09 19:40:00.000;4867;ERJ;GYN;VCP;CWB;2026-05-09 20:25:08.640;TSRA;-RA BR
2026-05-09 19:55:00.000;2727;ERJ;POA;VCP;CWB;2026-05-09 20:40:08.640;TSRA;-RA BR
2026-05-09 20:00:00.000;4630;ERJ;NVT;VCP;CWB;2026-05-09 20:45:08.640;TSRA;-RA BR
2026-05-09 20:05:00.000;4031;ERJ;CWB;VCP;CWB;2026-05-09 20:50:08.640;TSRA;-RA BR
2026-05-09 20:10:00.000;4696;ERJ;BSB;VCP;CWB;2026-05-09 20:55:08.640;TSRA;-RA BR
2026-05-09 20:50:00.000;4087;ERJ;SDU;VCP;CWB;2026-05-09 21:35:08.640;TSRA;-RA BR
2026-05-09 21:30:00.000;2995;ATR72-600;VCP;JOI;CWB;2026-05-09 21:45:30.000;TSRA;-RA BR
2026-05-17 12:00:00.000;4206;ERJ;CWB;VCP;CWB;2026-05-17 12:45:08.640;TS;-RA
2026-05-17 12:00:00.000;2704;ERJ;NVT;VCP;CWB;2026-05-17 12:45:08.640;TS;-RA
2026-05-17 12:05:00.000;4096;ERJ;CNF;VCP;CWB;2026-05-17 12:50:08.640;TS;-RA
2026-05-17 13:35:00.000;4333;ATR72-600;VCP;JOI;CWB;2026-05-17 13:50:30.000;TS;-RA
2026-05-17 13:35:00.000;2794;ERJ 195LR;CNF;FLN;CWB;2026-05-17 14:06:53.760;TS;-RA
2026-05-17 13:35:00.000;6035;ERJ 195LR;CGH;POA;CWB;2026-05-17 14:44:10.080;TS;-RA
2026-05-17 14:15:00.000;4328;ERJ;CNF;VCP;CWB;2026-05-17 15:00:08.640;TS;NSW
2026-05-17 14:15:00.000;2898;ERJ;SDU;VCP;CWB;2026-05-17 15:00:08.640;TS;NSW
2026-05-17 14:55:00.000;4361;ERJ;CGR;VCP;CWB;2026-05-17 15:40:08.640;TS;NSW
2026-05-17 14:55:00.000;2869;A321-251NEO;GYN;VCP;CWB;2026-05-17 15:40:08.640;TS;NSW
2026-05-17 15:00:00.000;2479;ERJ;FLN;VCP;CWB;2026-05-17 15:45:08.640;TS;NSW
2026-05-17 15:00:00.000;4587;ERJ;CAC;VCP;CWB;2026-05-17 15:45:08.640;TS;NSW
2026-05-17 15:10:00.000;2688;ERJ;POA;VCP;CWB;2026-05-17 15:55:08.640;TS;NSW
2026-05-17 15:10:00.000;4508;A321-251NEO;REC;VCP;CWB;2026-05-17 15:55:08.640;TS;NSW
2026-05-17 15:05:00.000;4233;ERJ 195LR;CWB;IGU;CWB;2026-05-17 16:14:04.319;TS;NSW
2026-05-17 15:35:00.000;5093;ERJ;VIX;VCP;CWB;2026-05-17 16:20:08.640;TS;NSW
2026-05-17 15:40:00.000;2491;ERJ;BYO;VCP;CWB;2026-05-17 16:25:08.640;TS;NSW
2026-05-17 15:45:00.000;2753;ERJ;CWB;VCP;CWB;2026-05-17 16:30:08.640;TS;NSW
2026-05-17 15:50:00.000;2597;ERJ;NVT;VCP;CWB;2026-05-17 16:35:08.640;TS;NSW
2026-05-17 16:55:00.000;4215;ERJ;SSA;VCP;CWB;2026-05-17 17:40:08.640;TS;NSW
2026-05-26 17:15:00.000;4321;ERJ;CNF;VCP;CWB;2026-05-26 18:00:08.640;-TSRA;NSW
2026-05-26 17:40:00.000;4397;ERJ;BSB;VCP;CWB;2026-05-26 18:25:08.640;-TSRA;NSW
2026-05-26 17:45:00.000;2849;ERJ;GIG;VCP;CWB;2026-05-26 18:30:08.640;-TSRA;NSW
2026-05-26 18:20:00.000;4917;ERJ;CNF;VCP;CWB;2026-05-26 19:05:08.640;-TSRA;NSW
2026-05-26 19:05:00.000;2718;ERJ;POA;VCP;CWB;2026-05-26 19:50:08.640;-TSRA;NSW
2026-05-26 19:15:00.000;2823;A321-251NEO;REC;VCP;CWB;2026-05-26 20:00:08.640;-TSRA;NSW
2026-05-26 19:20:00.000;4669;A321-251NEO;FOR;VCP;CWB;2026-05-26 20:05:08.640;-TSRA;NSW
2026-05-26 19:25:00.000;2916;ERJ;SDU;VCP;CWB;2026-05-26 20:10:08.640;-TSRA;NSW
2026-05-26 19:45:00.000;2965;ERJ 195LR;CWB;POA;CWB;2026-05-26 20:54:10.080;-TSRA;NSW
2026-05-26 20:10:00.000;4696;ERJ;BSB;VCP;CWB;2026-05-26 20:55:08.640;-TSRA;NSW
2026-05-26 20:25:00.000;4385;ERJ;ROO;VCP;CWB;2026-05-26 21:10:08.640;-TSRA;NSW
2026-05-26 20:40:00.000;4046;ERJ;CNF;VCP;CWB;2026-05-26 21:25:08.640;-TSRA;NSW
2026-05-26 20:50:00.000;4087;ERJ;SDU;VCP;CWB;2026-05-26 21:35:08.640;-TSRA;NSW
2026-05-26 21:30:00.000;2995;ATR72-600;VCP;JOI;CWB;2026-05-26 21:45:30.000;-TSRA;NSW
2026-06-10 17:15:00.000;4321;ERJ;CNF;VCP;CWB;2026-06-10 18:00:08.640;+RA;-RA
2026-06-10 17:40:00.000;4397;ERJ;BSB;VCP;CWB;2026-06-10 18:25:08.640;+RA;-RA
2026-06-10 17:45:00.000;2849;ERJ;GIG;VCP;CWB;2026-06-10 18:30:08.640;+RA;-RA
2026-06-10 18:10:00.000;9801;ERJ;REC;VCP;CWB;2026-06-10 18:55:08.640;+RA;-RA
2026-06-10 18:20:00.000;4917;ERJ;CNF;VCP;CWB;2026-06-10 19:05:08.640;+RA;-RA BR
2026-06-10 19:05:00.000;2718;ERJ;POA;VCP;CWB;2026-06-10 19:50:08.640;+RA;-RA BR
2026-06-10 19:20:00.000;4669;A321-251NEO;FOR;VCP;CWB;2026-06-10 20:05:08.640;+RA;-RA BR
2026-06-10 19:25:00.000;2916;ERJ;SDU;VCP;CWB;2026-06-10 20:10:08.640;+RA;-RA BR
2026-06-10 20:00:00.000;2862;ERJ;CWB;VCP;CWB;2026-06-10 20:45:08.640;+RA;-RA BR
2026-06-10 20:05:00.000;4281;ERJ;VIX;VCP;CWB;2026-06-10 20:50:08.640;+RA;-RA BR
2026-06-10 19:45:00.000;2965;ERJ 195LR;CWB;POA;CWB;2026-06-10 20:54:10.080;+RA;-RA BR
2026-06-10 20:10:00.000;4630;ERJ;NVT;VCP;CWB;2026-06-10 20:55:08.640;+RA;-RA BR
2026-06-10 20:25:00.000;4385;ERJ;ROO;VCP;CWB;2026-06-10 21:10:08.640;+RA;-RA
2026-06-10 20:40:00.000;4046;ERJ;CNF;VCP;CWB;2026-06-10 21:25:08.640;+RA;-RA
2026-06-10 21:30:00.000;2995;ATR72-600;VCP;JOI;CWB;2026-06-10 21:45:30.000;+RA;-RA
2026-06-10 21:15:00.000;4087;ERJ;GIG;VCP;CWB;2026-06-10 22:00:08.640;+RA;-RA
2026-06-10 21:30:00.000;4031;ERJ;CWB;VCP;CWB;2026-06-10 22:15:08.640;+RA;-RA
2026-06-10 21:40:00.000;4176;ERJ;SDU;VCP;CWB;2026-06-10 22:25:08.640;+RA;-RA
2026-06-10 22:55:00.000;4410;ERJ;FLN;VCP;CWB;2026-06-10 23:40:08.640;+RA;-RA
2026-06-10 23:00:00.000;2903;ERJ;SDU;VCP;CWB;2026-06-10 23:45:08.640;+RA;-RA
2026-06-10 23:05:00.000;2081;A321-231;SCL;VCP;CWB;2026-06-10 23:50:08.640;+RA;-RA
2026-06-10 23:10:00.000;4809;ERJ;BVH;VCP;CWB;2026-06-10 23:55:08.640;+RA;-RA
2026-06-12 11:35:00.000;2031;A321-231;MAO;VCP;CWB;2026-06-12 12:20:08.640;TSRA;-RA
2026-06-12 11:55:00.000;2747;ERJ;SDU;VCP;CWB;2026-06-12 12:40:08.640;TSRA;-RA
2026-06-12 11:35:00.000;2981;ERJ 195LR;CWB;POA;CWB;2026-06-12 12:44:10.080;TSRA;-RA
2026-06-12 12:00:00.000;4206;ERJ;CWB;VCP;CWB;2026-06-12 12:45:08.640;TSRA;-RA
2026-06-12 12:00:00.000;2704;ERJ;NVT;VCP;CWB;2026-06-12 12:45:08.640;TSRA;-RA
2026-06-20 18:25:00.000;2659;ERJ;SDU;VCP;CWB;2026-06-20 19:10:08.640;TSRA;-RA
2026-06-20 19:20:00.000;4669;A321-251NEO;FOR;VCP;CWB;2026-06-20 20:05:08.640;TSRA;NSW
2026-06-20 19:20:00.000;2823;A321-251NEO;REC;VCP;CWB;2026-06-20 20:05:08.640;TSRA;NSW
2026-06-20 19:25:00.000;2916;ERJ;SDU;VCP;CWB;2026-06-20 20:10:08.640;TSRA;NSW
2026-06-20 19:40:00.000;4867;ERJ;GYN;VCP;CWB;2026-06-20 20:25:08.640;TSRA;NSW
2026-06-20 19:40:00.000;4087;ERJ;GIG;VCP;CWB;2026-06-20 20:25:08.640;TSRA;NSW
2026-06-20 19:55:00.000;4031;ERJ;CWB;VCP;CWB;2026-06-20 20:40:08.640;TSRA;NSW
2026-06-20 19:55:00.000;2727;ERJ;POA;VCP;CWB;2026-06-20 20:40:08.640;TSRA;NSW
2026-06-20 20:10:00.000;4630;ERJ 195LR;NVT;VCP;CWB;2026-06-20 20:55:08.640;TSRA;NSW
2026-06-20 20:10:00.000;4696;ERJ;BSB;VCP;CWB;2026-06-20 20:55:08.640;TSRA;NSW
2026-06-20 20:40:00.000;4046;ERJ;CNF;VCP;CWB;2026-06-20 21:25:08.640;TSRA;NSW
2026-06-20 21:15:00.000;2411;ERJ;IOS;VCP;CWB;2026-06-20 22:00:08.640;TSRA;MIFG
2026-06-22 18:20:00.000;4917;ERJ;CNF;VCP;CWB;2026-06-22 19:05:08.640;TSRA;NSW
2026-06-22 20:40:00.000;4046;ERJ;CNF;VCP;CWB;2026-06-22 21:25:08.640;TSRA;NSW
2026-06-22 21:30:00.000;2995;ATR72-600;VCP;JOI;CWB;2026-06-22 21:45:30.000;TSRA;NSW
2026-06-22 21:15:00.000;4087;ERJ;GIG;VCP;CWB;2026-06-22 22:00:08.640;TSRA;NSW
2026-06-22 21:30:00.000;4031;ERJ;CWB;VCP;CWB;2026-06-22 22:15:08.640;TSRA;NSW
2026-06-22 21:40:00.000;4176;ERJ;SDU;VCP;CWB;2026-06-22 22:25:08.640;TSRA;NSW
2026-06-22 21:50:00.000;9001;A321-231;MAO;VCP;CWB;2026-06-22 22:35:08.640;TSRA;NSW
2026-06-22 22:55:00.000;4410;ERJ;FLN;VCP;CWB;2026-06-22 23:40:08.640;TSRA;-RA
2026-06-22 23:00:00.000;2903;ERJ;SDU;VCP;CWB;2026-06-22 23:45:08.640;TSRA;-RA
2026-06-22 23:10:00.000;4809;ERJ;BVH;VCP;CWB;2026-06-22 23:55:08.640;TSRA;-RA
2026-06-29 10:30:00.000;2666;ERJ;SDU;VCP;CWB;2026-06-29 11:15:08.640;TSRA;NSW
2026-06-29 11:55:00.000;2747;ERJ;SDU;VCP;CWB;2026-06-29 12:40:08.640;-TSRA;-RADZ
2026-06-29 11:35:00.000;2981;ERJ 195LR;CWB;POA;CWB;2026-06-29 12:44:10.080;-TSRA;-RADZ
2026-06-29 12:00:00.000;4206;ERJ;CWB;VCP;CWB;2026-06-29 12:45:08.640;-TSRA;-RADZ
2026-06-29 12:00:00.000;2704;ERJ;NVT;VCP;CWB;2026-06-29 12:45:08.640;-TSRA;-RADZ
2026-06-29 19:15:00.000;2823;A321-251NEO;REC;VCP;CWB;2026-06-29 20:00:08.640;TSRA;VCTS
2026-06-29 19:20:00.000;4669;A321-251NEO;FOR;VCP;CWB;2026-06-29 20:05:08.640;TSRA;VCTS
2026-06-29 19:25:00.000;2916;ERJ;SDU;VCP;CWB;2026-06-29 20:10:08.640;TSRA;VCTS
2026-06-29 20:00:00.000;2862;ERJ;CWB;VCP;CWB;2026-06-29 20:45:08.640;TSRA;VCTS
2026-06-29 19:45:00.000;2965;ERJ 195LR;CWB;POA;CWB;2026-06-29 20:54:10.080;TSRA;VCTS
2026-06-29 20:10:00.000;4630;ERJ;NVT;VCP;CWB;2026-06-29 20:55:08.640;TSRA;VCTS
2026-06-29 20:10:00.000;4696;ERJ;BSB;VCP;CWB;2026-06-29 20:55:08.640;TSRA;VCTS
2026-06-29 20:25:00.000;4285;ERJ;CGR;VCP;CWB;2026-06-29 21:10:08.640;TSRA;VCTS
2026-06-29 20:25:00.000;4385;ERJ;ROO;VCP;CWB;2026-06-29 21:10:08.640;TSRA;VCTS
2026-06-29 20:40:00.000;4046;ERJ;CNF;VCP;CWB;2026-06-29 21:25:08.640;TSRA;VCTS
2026-06-29 21:30:00.000;2995;ATR72-600;VCP;JOI;CWB;2026-06-29 21:45:30.000;TSRA;VCTS
2026-06-29 21:10:00.000;9901;A321-231;MAO;VCP;CWB;2026-06-29 21:55:08.640;TSRA;VCTS
2026-06-29 21:15:00.000;4087;ERJ;GIG;VCP;CWB;2026-06-29 22:00:08.640;TSRA;NSW
2026-06-29 21:40:00.000;4176;ERJ;SDU;VCP;CWB;2026-06-29 22:25:08.640;TSRA;NSW
2026-06-29 22:45:00.000;4339;ERJ;CGB;VCP;CWB;2026-06-29 23:30:08.640;TSRA;-DZ
2026-06-29 22:55:00.000;4410;ERJ;FLN;VCP;CWB;2026-06-29 23:40:08.640;TSRA;-DZ
2026-06-29 23:00:00.000;2903;ERJ;SDU;VCP;CWB;2026-06-29 23:45:08.640;TSRA;-DZ
2026-06-29 23:10:00.000;4809;ERJ;BVH;VCP;CWB;2026-06-29 23:55:08.640;TSRA;-DZ
2026-06-29 23:25:00.000;4175;ERJ;CAC;VCP;CWB;2026-06-30 00:10:08.640;TSRA;NSW
2026-06-29 23:35:00.000;4583;ERJ;CWB;VCP;CWB;2026-06-30 00:20:08.640;TSRA;NSW
2026-06-29 23:40:00.000;4791;ERJ;OAL;VCP;CWB;2026-06-30 00:25:08.640;TSRA;NSW
2026-06-29 23:30:00.000;2985;ERJ 195LR;CWB;POA;CWB;2026-06-30 00:39:10.080;TSRA;NSW
2026-06-29 23:55:00.000;2861;ERJ;NVT;VCP;CWB;2026-06-30 00:40:08.640;TSRA;NSW
2026-06-30 00:15:00.000;2779;ERJ;FLN;VCP;CWB;2026-06-30 01:00:08.640;TSRA;NSW
2026-06-30 00:25:00.000;4493;A321-251NEO;REC;VCP;CWB;2026-06-30 01:10:08.640;TSRA;NSW
2026-06-30 00:35:00.000;2921;ERJ;CNF;VCP;CWB;2026-06-30 01:20:08.640;TSRA;NSW
2026-06-30 00:45:00.000;4525;ERJ;BSB;VCP;CWB;2026-06-30 01:30:08.640;TSRA;NSW
2026-06-30 01:00:00.000;2743;ERJ;CGR;VCP;CWB;2026-06-30 01:45:08.640;TSRA;NSW
2026-06-30 01:05:00.000;4386;ERJ;SSA;VCP;CWB;2026-06-30 01:50:08.640;TSRA;NSW
2026-07-11 17:15:00.000;4321;ERJ;CNF;VCP;CWB;2026-07-11 18:00:08.640;TSRA;VCSH
2026-07-11 17:50:00.000;2849;ERJ;GIG;VCP;CWB;2026-07-11 18:35:08.640;TSRA;VCSH
2026-07-11 18:00:00.000;2207;ERJ;AJU;VCP;CWB;2026-07-11 18:45:08.640;TSRA;VCSH
2026-07-11 18:20:00.000;4917;ERJ 195LR;CNF;VCP;CWB;2026-07-11 19:05:08.640;TSRA;NSW
2026-07-11 18:25:00.000;2659;ERJ;SDU;VCP;CWB;2026-07-11 19:10:08.640;TSRA;NSW
2026-07-11 19:20:00.000;4669;A321-251NEO;FOR;VCP;CWB;2026-07-11 20:05:08.640;TSRA;-RA
2026-07-11 19:25:00.000;2916;ERJ;SDU;VCP;CWB;2026-07-11 20:10:08.640;TSRA;-RA
2026-07-11 19:40:00.000;4867;ERJ;GYN;VCP;CWB;2026-07-11 20:25:08.640;TSRA;-RA
2026-07-11 19:50:00.000;2407;ERJ;IGU;VCP;CWB;2026-07-11 20:35:08.640;TSRA;-RA
2026-07-11 19:55:00.000;4031;ERJ;CWB;VCP;CWB;2026-07-11 20:40:08.640;TSRA;-RA
2026-07-11 19:55:00.000;2727;ERJ;POA;VCP;CWB;2026-07-11 20:40:08.640;TSRA;-RA
2026-07-11 20:10:00.000;4630;ERJ;NVT;VCP;CWB;2026-07-11 20:55:08.640;TSRA;-RA
2026-07-11 20:10:00.000;4696;ERJ;BSB;VCP;CWB;2026-07-11 20:55:08.640;TSRA;-RA
2026-07-22 15:25:00.000;4927;ERJ;PMG;VCP;CWB;2026-07-22 16:10:08.640;TSRA;-RA BR
2026-07-22 15:35:00.000;2630;ERJ;SDU;VCP;CWB;2026-07-22 16:20:08.640;TSRA;-RA BR
2026-07-22 15:45:00.000;2753;ERJ;CWB;VCP;CWB;2026-07-22 16:30:08.640;TSRA;-RA BR
2026-07-22 16:05:00.000;2691;ERJ;CMG;VCP;CWB;2026-07-22 16:50:08.640;TSRA;RA
2026-07-22 16:45:00.000;2816;ERJ;SMT;VCP;CWB;2026-07-22 17:30:08.640;TSRA;-RA
2026-07-22 17:25:00.000;2707;ATR72-600;VCP;JOI;CWB;2026-07-22 17:40:30.000;TSRA;-RA
2026-07-22 17:10:00.000;5041;ERJ;CGB;VCP;CWB;2026-07-22 17:55:08.640;TSRA;-RA
2026-07-22 17:15:00.000;4321;ERJ;CNF;VCP;CWB;2026-07-22 18:00:08.640;TSRA;-RA
2026-07-22 17:30:00.000;9062;ERJ;CWB;VCP;CWB;2026-07-22 18:15:08.640;TSRA;-RA
2026-07-22 17:50:00.000;2849;ERJ;GIG;VCP;CWB;2026-07-22 18:35:08.640;TSRA;-RA
2026-07-22 18:20:00.000;4917;ERJ;CNF;VCP;CWB;2026-07-22 19:05:08.640;TSRA;-RA
2026-07-22 18:55:00.000;9503;A320-253NEO;BPS;FLN;CWB;2026-07-22 19:26:53.760;TSRA;-RA
2026-07-22 19:05:00.000;2718;ERJ;POA;VCP;CWB;2026-07-22 19:50:08.640;TSRA;-RA
2026-07-22 19:15:00.000;2823;A321-251NEO;REC;VCP;CWB;2026-07-22 20:00:08.640;TSRA;-RA
2026-07-22 19:20:00.000;4669;A321-251NEO;FOR;VCP;CWB;2026-07-22 20:05:08.640;TSRA;-RA
2026-07-22 19:25:00.000;2916;ERJ;SDU;VCP;CWB;2026-07-22 20:10:08.640;TSRA;-RA
2026-07-22 19:55:00.000;2727;A321-251NEO;POA;VCP;CWB;2026-07-22 20:40:08.640;TSRA;-RA
2026-07-22 20:00:00.000;2862;ERJ;CWB;VCP;CWB;2026-07-22 20:45:08.640;TSRA;-RA
2026-07-22 20:10:00.000;4630;ERJ;NVT;VCP;CWB;2026-07-22 20:55:08.640;TSRA;-RA
2026-07-22 20:25:00.000;4385;ERJ;ROO;VCP;CWB;2026-07-22 21:10:08.640;TSRA;-RA
2026-07-22 21:30:00.000;2995;ATR72-600;VCP;JOI;CWB;2026-07-22 21:45:30.000;TSRA;-RA
2025-08-27 09:45:00.000;2771;ERJ;REC;POA;FLN;2025-08-27 10:32:00.960;TSRA;NSW
2025-09-21 19:30:00.000;2965;ERJ;CWB;POA;FLN;2025-09-21 20:17:00.960;TSRA;NSW
2025-09-21 20:10:00.000;4150;ERJ;REC;POA;FLN;2025-09-21 20:57:00.960;TSRA;NSW
2025-09-21 20:35:00.000;2432;ERJ;CNF;POA;FLN;2025-09-21 21:22:00.960;TSRA;NSW
2025-09-21 21:40:00.000;6030;A320-251NEO;CGH;POA;FLN;2025-09-21 22:27:00.960;TSRA;NSW
2025-09-21 21:50:00.000;2660;A321-251NEO;VCP;POA;FLN;2025-09-21 22:37:00.960;TSRA;NSW
2025-09-21 22:45:00.000;2675;ERJ;VCP;POA;FLN;2025-09-21 23:32:00.960;TSRA;NSW
2025-09-21 22:55:00.000;2939;A320-251NEO;GRU;POA;FLN;2025-09-21 23:42:00.960;TSRA;NSW
2025-09-21 23:10:00.000;2887;A320-251NEO;GIG;POA;FLN;2025-09-21 23:57:00.960;TSRA;NSW
2025-09-30 17:30:00.000;2624;A320-253NEO;VCP;POA;FLN;2025-09-30 18:17:00.960;TSRA;NSW
2025-09-30 18:10:00.000;4558;ERJ;VCP;NVT;FLN;2025-09-30 18:21:28.319;TSRA;NSW
2025-09-30 17:35:00.000;2836;A320-251NEO;GRU;POA;FLN;2025-09-30 18:22:00.960;TSRA;NSW
2025-09-30 17:40:00.000;6006;A320-251NEO;CGH;POA;FLN;2025-09-30 18:27:00.960;TSRA;NSW
2025-09-30 19:10:00.000;2914;A320-251NEO;GRU;POA;FLN;2025-09-30 19:57:00.960;TSRA;NSW
2025-09-30 20:10:00.000;4150;ERJ;REC;POA;FLN;2025-09-30 20:57:00.960;TSRA;NSW
2025-10-12 17:30:00.000;2624;A320-253NEO;VCP;POA;FLN;2025-10-12 18:17:00.960;TSRA;NSW
2025-10-12 17:30:00.000;2859;A320-251NEO;GRU;POA;FLN;2025-10-12 18:17:00.960;TSRA;NSW
2025-10-12 20:30:00.000;2432;A320-253NEO;CNF;POA;FLN;2025-10-12 21:17:00.960;TSRA;-RA
2025-10-12 21:40:00.000;6030;A320-253NEO;CGH;POA;FLN;2025-10-12 22:27:00.960;TSRA;-RA
2025-10-12 21:45:00.000;2660;A321-251NEO;VCP;POA;FLN;2025-10-12 22:32:00.960;TSRA;-RA
2025-10-12 22:50:00.000;2675;ERJ;VCP;POA;FLN;2025-10-12 23:37:00.960;TSRA;NSW
2025-10-12 22:55:00.000;2939;A320-251NEO;GRU;POA;FLN;2025-10-12 23:42:00.960;TSRA;NSW
2025-10-12 23:10:00.000;2887;A320-253NEO;GIG;POA;FLN;2025-10-12 23:57:00.960;TSRA;NSW
2025-10-13 02:00:00.000;6023;A320-251NEO;CGH;POA;FLN;2025-10-13 02:47:00.960;-TSRA;NSW
2025-10-13 02:15:00.000;4671;A320-251NEO;GRU;POA;FLN;2025-10-13 03:02:00.960;-TSRA;NSW
2025-10-13 02:55:00.000;2681;A320-251NEO;VCP;POA;FLN;2025-10-13 03:42:00.960;-TSRA;NSW
2025-10-13 03:20:00.000;2923;A320-251NEO;CNF;POA;FLN;2025-10-13 04:07:00.960;-TSRA;NSW
2025-11-28 17:20:00.000;2836;A320-251NEO;GRU;POA;FLN;2025-11-28 18:07:00.960;TS;NSW
2025-11-28 17:35:00.000;2624;ERJ;VCP;POA;FLN;2025-11-28 18:22:00.960;TS;NSW
2025-11-28 17:40:00.000;2232;A320-251NEO;CGH;POA;FLN;2025-11-28 18:27:00.960;TS;NSW
2025-11-28 19:20:00.000;2914;A320-251NEO;GRU;POA;FLN;2025-11-28 20:07:00.960;TS;NSW
2025-11-28 19:55:00.000;2757;A320-251NEO;CNF;POA;FLN;2025-11-28 20:42:00.960;TS;NSW
2025-11-28 20:10:00.000;4150;ERJ;REC;POA;FLN;2025-11-28 20:57:00.960;TS;NSW
2025-12-10 13:50:00.000;2622;A320-251NEO;GRU;POA;FLN;2025-12-10 14:37:00.960;TSRA;NSW
2025-12-10 16:10:00.000;2662;A320-251NEO;GIG;POA;FLN;2025-12-10 16:57:00.960;TSRA;VCSH
2025-12-10 16:10:00.000;2619;A320-251NEO;VCP;POA;FLN;2025-12-10 16:57:00.960;TSRA;VCSH
2025-12-10 16:50:00.000;2595;ERJ;VCP;NVT;FLN;2025-12-10 17:01:28.319;TSRA;NSW
2025-12-10 16:50:00.000;6032;ERJ;CGH;POA;FLN;2025-12-10 17:37:00.960;TSRA;NSW
2025-12-10 19:40:00.000;2965;ERJ;CWB;POA;FLN;2025-12-10 20:27:00.960;TSRA;NSW
2025-12-10 19:55:00.000;2757;A320-253NEO;CNF;POA;FLN;2025-12-10 20:42:00.960;TSRA;NSW
2025-12-24 01:05:00.000;4150;ERJ;REC;POA;FLN;2025-12-24 01:52:00.960;TSRA;NSW
2025-12-24 01:45:00.000;4671;A320-251NEO;GRU;POA;FLN;2025-12-24 02:32:00.960;TSRA;-RA
2025-12-24 02:30:00.000;4910;ERJ;VCP;NVT;FLN;2025-12-24 02:41:28.319;TSRA;-RA
2025-12-24 17:30:00.000;2624;ERJ;VCP;POA;FLN;2025-12-24 18:17:00.960;TSRA;NSW
2025-12-24 17:40:00.000;2232;A320-253NEO;CGH;POA;FLN;2025-12-24 18:27:00.960;TSRA;NSW
2025-12-24 17:40:00.000;2836;A320-253NEO;GRU;POA;FLN;2025-12-24 18:27:00.960;TSRA;NSW
2025-12-25 17:30:00.000;2624;A320-251NEO;VCP;POA;FLN;2025-12-25 18:17:00.960;TSRA;NSW
2025-12-25 17:30:00.000;6006;A320-251NEO;CGH;POA;FLN;2025-12-25 18:17:00.960;TSRA;NSW
2025-12-25 17:40:00.000;2836;A320-253NEO;GRU;POA;FLN;2025-12-25 18:27:00.960;TSRA;NSW
2025-12-25 19:50:00.000;6030;ERJ;CGH;POA;FLN;2025-12-25 20:37:00.960;TSRA;VCSH
2025-12-25 20:55:00.000;4958;ERJ;VCP;NVT;FLN;2025-12-25 21:06:28.319;TSRA;NSW
2025-12-25 20:30:00.000;2432;A320-253NEO;CNF;POA;FLN;2025-12-25 21:17:00.960;TSRA;NSW
2025-12-26 16:10:00.000;2662;A320-251NEO;GIG;POA;FLN;2025-12-26 16:57:00.960;TS;NSW
2025-12-26 16:10:00.000;2399;ERJ;VCP;POA;FLN;2025-12-26 16:57:00.960;TS;NSW
2025-12-26 16:50:00.000;4558;ERJ;VCP;NVT;FLN;2025-12-26 17:01:28.319;TS;NSW
2025-12-26 16:55:00.000;6032;ERJ;CGH;POA;FLN;2025-12-26 17:42:00.960;TS;NSW
2025-12-27 21:50:00.000;2660;A321-251NEO;VCP;POA;FLN;2025-12-27 22:37:00.960;TSRA;VCTS
2025-12-27 23:10:00.000;2887;A320-251NEO;GIG;POA;FLN;2025-12-27 23:57:00.960;TSRA;VCTS
2025-12-28 00:50:00.000;4150;ERJ;REC;POA;FLN;2025-12-28 01:37:00.960;TSRA;-RA
2025-12-29 17:30:00.000;6006;A320-251NEO;CGH;POA;FLN;2025-12-29 18:17:00.960;TSRA;SHRA
2025-12-29 17:30:00.000;2624;A320-251NEO;VCP;POA;FLN;2025-12-29 18:17:00.960;TSRA;SHRA
2025-12-29 17:40:00.000;2836;A320-251NEO;GRU;POA;FLN;2025-12-29 18:27:00.960;TSRA;SHRA
2025-12-31 20:55:00.000;4958;ERJ;VCP;NVT;FLN;2025-12-31 21:06:28.319;TSRA;VCSH
2026-01-01 16:10:00.000;2662;A320-251NEO;GIG;POA;FLN;2026-01-01 16:57:00.960;TSRA;NSW
2026-01-01 16:50:00.000;4558;ERJ;VCP;NVT;FLN;2026-01-01 17:01:28.319;TSRA;NSW
2026-01-01 17:30:00.000;2428;A320-251NEO;VCP;POA;FLN;2026-01-01 18:17:00.960;TSRA;NSW
2026-01-01 17:30:00.000;6006;A320-251NEO;CGH;POA;FLN;2026-01-01 18:17:00.960;TSRA;NSW
2026-01-01 17:40:00.000;2836;A320-253NEO;GRU;POA;FLN;2026-01-01 18:27:00.960;TSRA;NSW
2026-01-01 20:30:00.000;2432;A320-251NEO;CNF;POA;FLN;2026-01-01 21:17:00.960;TSRA;-RA VCTS
2026-01-01 21:20:00.000;4958;ERJ;VCP;NVT;FLN;2026-01-01 21:31:28.319;TSRA;-RA VCTS
2026-01-08 17:25:00.000;6006;A320-253NEO;CGH;POA;FLN;2026-01-08 18:12:00.960;TSRA;-RA VCTS
2026-01-08 17:30:00.000;2624;A320-251NEO;VCP;POA;FLN;2026-01-08 18:17:00.960;TSRA;-RA VCTS
2026-01-08 20:30:00.000;2432;A320-251NEO;CNF;POA;FLN;2026-01-08 21:17:00.960;TSRA;NSW
2026-01-08 20:35:00.000;6030;A320-251NEO;CGH;POA;FLN;2026-01-08 21:22:00.960;TSRA;NSW
2026-01-09 21:20:00.000;6038;ERJ;CGH;POA;FLN;2026-01-09 22:07:00.960;TS;NSW
2026-01-09 21:20:00.000;2864;A320-253NEO;GRU;POA;FLN;2026-01-09 22:07:00.960;TS;NSW
2026-01-09 21:50:00.000;2660;A320-251NEO;VCP;POA;FLN;2026-01-09 22:37:00.960;TS;NSW
2026-01-09 23:00:00.000;2939;A320-253NEO;GRU;POA;FLN;2026-01-09 23:47:00.960;TS;NSW
2026-01-09 23:10:00.000;2887;A320-253NEO;GIG;POA;FLN;2026-01-09 23:57:00.960;TS;NSW
2026-01-11 17:30:00.000;2624;ERJ;VCP;POA;FLN;2026-01-11 18:17:00.960;TSRA;NSW
2026-01-11 17:50:00.000;2859;A320-251NEO;GRU;POA;FLN;2026-01-11 18:37:00.960;TSRA;NSW
2026-01-13 17:25:00.000;6006;A320-253NEO;CGH;POA;FLN;2026-01-13 18:12:00.960;TS;NSW
2026-01-13 17:30:00.000;2624;ERJ;VCP;POA;FLN;2026-01-13 18:17:00.960;TS;NSW
2026-01-13 17:40:00.000;2836;A320-251NEO;GRU;POA;FLN;2026-01-13 18:27:00.960;TS;NSW
2026-01-17 17:35:00.000;2675;ERJ;VCP;POA;FLN;2026-01-17 18:22:00.960;-TSRA;NSW
2026-01-17 19:10:00.000;2820;A320-251NEO;GRU;POA;FLN;2026-01-17 19:57:00.960;-TSRA;NSW
2026-01-18 16:10:00.000;2662;A320-251NEO;GIG;POA;FLN;2026-01-18 16:57:00.960;TS;NSW
2026-01-18 16:50:00.000;2595;ERJ;VCP;NVT;FLN;2026-01-18 17:01:28.319;TS;NSW
2026-01-18 17:25:00.000;2353;ERJ;CNF;NVT;FLN;2026-01-18 17:36:28.319;TS;NSW
2026-01-18 17:30:00.000;2624;ERJ;VCP;POA;FLN;2026-01-18 18:17:00.960;-TSRA;NSW
2026-01-18 17:50:00.000;2859;A320-251NEO;GRU;POA;FLN;2026-01-18 18:37:00.960;-TSRA;NSW
2026-01-18 21:20:00.000;4958;ERJ;VCP;NVT;FLN;2026-01-18 21:31:28.319;-TSRA;-RA
2026-01-18 20:50:00.000;6030;A320-251NEO;CGH;POA;FLN;2026-01-18 21:37:00.960;-TSRA;-RA
2026-01-29 20:30:00.000;2432;A320-251NEO;CNF;POA;FLN;2026-01-29 21:17:00.960;TSRA;-RA VCTS
2026-01-29 21:20:00.000;4958;ERJ;VCP;NVT;FLN;2026-01-29 21:31:28.319;TSRA;-RA VCTS
2026-02-07 16:10:00.000;2662;ERJ;GIG;POA;FLN;2026-02-07 16:57:00.960;TSRA;NSW
2026-02-07 16:50:00.000;4558;ERJ;VCP;NVT;FLN;2026-02-07 17:01:28.319;TSRA;NSW
2026-02-07 16:40:00.000;2914;A320-253NEO;GRU;POA;FLN;2026-02-07 17:27:00.960;TSRA;NSW
2026-02-07 19:10:00.000;2820;A320-251NEO;GRU;POA;FLN;2026-02-07 19:57:00.960;TSRA;-SHRA
2026-02-08 10:40:00.000;2901;ERJ;GIG;POA;FLN;2026-02-08 11:27:00.960;TSRA;NSW
2026-02-08 10:40:00.000;2842;A320-253NEO;GRU;POA;FLN;2026-02-08 11:27:00.960;TSRA;NSW
2026-02-08 16:10:00.000;2662;ERJ;GIG;POA;FLN;2026-02-08 16:57:00.960;TSRA;NSW
2026-02-08 17:15:00.000;2353;ERJ;CNF;NVT;FLN;2026-02-08 17:26:28.319;TSRA;NSW
2026-02-08 17:35:00.000;2624;ERJ;VCP;POA;FLN;2026-02-08 18:22:00.960;TS;NSW
2026-02-08 17:50:00.000;2859;A320-251NEO;GRU;POA;FLN;2026-02-08 18:37:00.960;TS;NSW
2026-02-14 17:40:00.000;2675;ERJ;VCP;POA;FLN;2026-02-14 18:27:00.960;TSRA;-RA
2026-02-14 19:10:00.000;2820;A320-253NEO;GRU;POA;FLN;2026-02-14 19:57:00.960;TSRA;VCSH
2026-02-20 17:30:00.000;2624;A320-253NEO;VCP;POA;FLN;2026-02-20 18:17:00.960;TSRA;VCSH
2026-02-20 17:40:00.000;2232;A320-251NEO;CGH;POA;FLN;2026-02-20 18:27:00.960;TSRA;VCSH
2026-02-20 19:55:00.000;2388;A320-251NEO;CNF;POA;FLN;2026-02-20 20:42:00.960;TSRA;NSW
2026-02-24 17:40:00.000;6006;ERJ;CGH;POA;FLN;2026-02-24 18:27:00.960;TSRA;NSW
2026-02-24 17:40:00.000;2624;A321-251NEO;VCP;POA;FLN;2026-02-24 18:27:00.960;TSRA;NSW
2026-02-24 19:20:00.000;2914;A320-253NEO;GRU;POA;FLN;2026-02-24 20:07:00.960;TSRA;VCSH
2026-02-24 20:15:00.000;2757;A320-251NEO;CNF;POA;FLN;2026-02-24 21:02:00.960;TSRA;-RA
2026-02-24 21:20:00.000;4958;ERJ;VCP;NVT;FLN;2026-02-24 21:31:28.319;TSRA;-RA
2026-02-24 20:50:00.000;2657;ERJ;VCP;POA;FLN;2026-02-24 21:37:00.960;TSRA;-RA
2026-02-24 21:15:00.000;6038;ERJ;CGH;POA;FLN;2026-02-24 22:02:00.960;TSRA;VCSH
2026-02-24 21:25:00.000;2864;A320-253NEO;GRU;POA;FLN;2026-02-24 22:12:00.960;TSRA;VCSH
2026-02-24 21:30:00.000;2675;ERJ;VCP;POA;FLN;2026-02-24 22:17:00.960;TSRA;VCSH
2026-02-24 21:50:00.000;2660;A320-251NEO;VCP;POA;FLN;2026-02-24 22:37:00.960;TSRA;VCSH
2026-02-24 23:05:00.000;2939;A320-251NEO;GRU;POA;FLN;2026-02-24 23:52:00.960;TSRA;VCSH
2026-02-24 23:10:00.000;2887;ERJ;GIG;POA;FLN;2026-02-24 23:57:00.960;TSRA;VCSH
2026-02-25 16:50:00.000;2595;A320-253NEO;VCP;NVT;FLN;2026-02-25 17:01:28.319;TS;-RA VCSH
2026-02-25 16:50:00.000;6032;ERJ;CGH;POA;FLN;2026-02-25 17:37:00.960;TS;-RA VCSH
2026-02-25 17:20:00.000;2836;A320-251NEO;GRU;POA;FLN;2026-02-25 18:07:00.960;TSRA;VCSH
2026-02-25 17:40:00.000;2232;ERJ;CGH;POA;FLN;2026-02-25 18:27:00.960;TSRA;VCSH
2026-03-12 17:25:00.000;2624;A320-251NEO;VCP;POA;FLN;2026-03-12 18:12:00.960;TS;NSW
2026-03-12 18:15:00.000;4558;ERJ;VCP;NVT;FLN;2026-03-12 18:26:28.319;TS;NSW
2026-03-12 17:40:00.000;6006;ERJ;CGH;POA;FLN;2026-03-12 18:27:00.960;TS;NSW
2026-03-12 17:50:00.000;2836;A320-251NEO;GRU;POA;FLN;2026-03-12 18:37:00.960;TS;NSW
2026-03-12 19:40:00.000;2965;ERJ;CWB;POA;FLN;2026-03-12 20:27:00.960;TS;NSW
2026-03-13 16:30:00.000;6032;ERJ;CGH;POA;FLN;2026-03-13 17:17:00.960;TS;NSW
2026-03-13 16:30:00.000;2976;ERJ;CWB;POA;FLN;2026-03-13 17:17:00.960;TS;NSW
2026-03-19 17:25:00.000;2624;A320-251NEO;VCP;POA;FLN;2026-03-19 18:12:00.960;TSRA;NSW
2026-03-19 18:15:00.000;4558;ERJ;VCP;NVT;FLN;2026-03-19 18:26:28.319;TSRA;NSW
2026-03-19 17:40:00.000;6006;ERJ;CGH;POA;FLN;2026-03-19 18:27:00.960;TSRA;NSW
2026-03-19 17:50:00.000;2836;A320-251NEO;GRU;POA;FLN;2026-03-19 18:37:00.960;TSRA;NSW
2026-03-19 19:40:00.000;2965;ERJ;CWB;POA;FLN;2026-03-19 20:27:00.960;TSRA;NSW
2026-03-19 20:30:00.000;2432;A320-251NEO;CNF;POA;FLN;2026-03-19 21:17:00.960;TSRA;NSW
2026-03-19 21:20:00.000;4958;A320-251NEO;VCP;NVT;FLN;2026-03-19 21:31:28.319;TSRA;NSW
2026-03-19 20:55:00.000;2657;ERJ;VCP;POA;FLN;2026-03-19 21:42:00.960;TSRA;NSW
2026-03-22 17:35:00.000;2624;ERJ;VCP;POA;FLN;2026-03-22 18:22:00.960;TSRA;NSW
2026-03-22 18:15:00.000;2595;ERJ;VCP;NVT;FLN;2026-03-22 18:26:28.319;TSRA;NSW
2026-03-22 18:25:00.000;2859;A320-251NEO;GRU;POA;FLN;2026-03-22 19:12:00.960;TSRA;NSW
2026-03-22 18:45:00.000;9291;A320-253NEO;CGH;POA;FLN;2026-03-22 19:32:00.960;TSRA;NSW
2026-03-22 19:40:00.000;2965;ERJ;CWB;POA;FLN;2026-03-22 20:27:00.960;TSRA;NSW
2026-03-22 20:30:00.000;2432;A320-251NEO;CNF;POA;FLN;2026-03-22 21:17:00.960;TSRA;NSW
2026-03-22 21:20:00.000;4958;ERJ;VCP;NVT;FLN;2026-03-22 21:31:28.319;TSRA;NSW
2026-03-27 17:25:00.000;2836;A320-253NEO;GRU;POA;FLN;2026-03-27 18:12:00.960;TS;NSW
2026-03-27 17:35:00.000;2624;A320-253NEO;VCP;POA;FLN;2026-03-27 18:22:00.960;TS;NSW
2026-03-27 18:15:00.000;4558;ERJ;VCP;NVT;FLN;2026-03-27 18:26:28.319;TS;NSW
2026-03-27 17:40:00.000;2232;ERJ;CGH;POA;FLN;2026-03-27 18:27:00.960;TS;NSW
2026-04-01 18:15:00.000;2595;ERJ;VCP;NVT;FLN;2026-04-01 18:26:28.319;TS;NSW
2026-04-01 17:40:00.000;6006;ERJ;CGH;POA;FLN;2026-04-01 18:27:00.960;TS;NSW
2026-05-09 01:20:00.000;4150;ERJ;REC;POA;FLN;2026-05-09 02:07:00.960;TSRA;RA
2026-05-09 03:20:00.000;2923;A320-251NEO;CNF;POA;FLN;2026-05-09 04:07:00.960;TSRA;RA
2026-05-26 12:35:00.000;6030;ERJ;CGH;POA;FLN;2026-05-26 13:22:00.960;TSRA;-RA
2026-05-26 12:50:00.000;2608;A320-251NEO;VCP;POA;FLN;2026-05-26 13:37:00.960;TSRA;-RA
2026-05-26 13:50:00.000;4165;ERJ;VCP;NVT;FLN;2026-05-26 14:01:28.319;TSRA;NSW
2026-05-26 13:20:00.000;2622;A320-251NEO;GRU;POA;FLN;2026-05-26 14:07:00.960;TSRA;NSW
2026-05-26 13:45:00.000;2739;A320-251NEO;CNF;POA;FLN;2026-05-26 14:32:00.960;TSRA;NSW
2026-05-26 16:10:00.000;2662;ERJ;GIG;POA;FLN;2026-05-26 16:57:00.960;TSRA;NSW
2026-05-26 16:10:00.000;2976;ERJ;CWB;POA;FLN;2026-05-26 16:57:00.960;TSRA;NSW
2026-05-26 16:10:00.000;2619;A320-251NEO;VCP;POA;FLN;2026-05-26 16:57:00.960;TSRA;NSW
2026-05-26 16:45:00.000;6032;ERJ;CGH;POA;FLN;2026-05-26 17:32:00.960;TSRA;NSW
2026-05-26 17:05:00.000;2836;A320-251NEO;GRU;POA;FLN;2026-05-26 17:52:00.960;TSRA;NSW
2026-06-20 17:20:00.000;4131;ERJ;CGH;POA;FLN;2026-06-20 18:07:00.960;TSRA;RA
2026-06-20 17:30:00.000;2624;ERJ;VCP;POA;FLN;2026-06-20 18:17:00.960;TSRA;RA
2026-06-20 17:35:00.000;2914;A320-251NEO;GRU;POA;FLN;2026-06-20 18:22:00.960;TSRA;-RA
2026-06-20 19:10:00.000;2820;A320-251NEO;GRU;POA;FLN;2026-06-20 19:57:00.960;TSRA;RA
2026-06-20 19:40:00.000;2965;ERJ;CWB;POA;FLN;2026-06-20 20:27:00.960;TSRA;RA
2026-06-20 19:50:00.000;2757;ERJ;CNF;POA;FLN;2026-06-20 20:37:00.960;TSRA;RA
2026-06-20 22:00:00.000;4958;ERJ;VCP;NVT;FLN;2026-06-20 22:11:28.319;TSRA;-RA
2026-06-20 21:50:00.000;2660;A321-251NEO;VCP;POA;FLN;2026-06-20 22:37:00.960;TSRA;-RA
2026-06-20 23:10:00.000;2887;ERJ;GIG;POA;FLN;2026-06-20 23:57:00.960;TSRA;NSW
2026-06-22 19:25:00.000;2914;A320-251NEO;GRU;POA;FLN;2026-06-22 20:12:00.960;TSRA;-RA
2026-06-22 19:50:00.000;2757;A320-251NEO;CNF;POA;FLN;2026-06-22 20:37:00.960;TSRA;-RA
2026-06-22 20:50:00.000;2657;A320-253NEO;VCP;POA;FLN;2026-06-22 21:37:00.960;TSRA;RA
2026-06-28 22:00:00.000;4958;A320-253NEO;VCP;NVT;FLN;2026-06-28 22:11:28.319;TSRA;-RA VCTS
2026-06-28 21:50:00.000;2660;A320-251NEO;VCP;POA;FLN;2026-06-28 22:37:00.960;TSRA;-RA VCTS
2026-06-28 21:50:00.000;6030;ERJ;CGH;POA;FLN;2026-06-28 22:37:00.960;TSRA;-RA VCTS
2026-06-28 21:55:00.000;8749;A320-251NEO;BRC;POA;FLN;2026-06-28 22:42:00.960;TSRA;-RA VCTS
2026-06-28 22:50:00.000;2675;ERJ;VCP;POA;FLN;2026-06-28 23:37:00.960;TSRA;-RA
2026-06-28 23:10:00.000;2939;A320-251NEO;GRU;POA;FLN;2026-06-28 23:57:00.960;TSRA;-RA
2026-06-28 23:10:00.000;2887;ERJ;GIG;POA;FLN;2026-06-28 23:57:00.960;TSRA;-RA
2026-06-30 19:25:00.000;2914;A320-251NEO;GRU;POA;FLN;2026-06-30 20:12:00.960;TSRA;VCSH
2026-06-30 19:50:00.000;2972;A320-251NEO;VCP;CWB;FLN;2026-06-30 20:21:53.760;TSRA;VCSH
2026-06-30 19:45:00.000;2965;ERJ;CWB;POA;FLN;2026-06-30 20:32:00.960;TSRA;VCSH
2026-06-30 19:50:00.000;2432;A320-251NEO;CNF;POA;FLN;2026-06-30 20:37:00.960;TSRA;VCSH
2026-06-30 22:00:00.000;4958;ERJ;VCP;NVT;FLN;2026-06-30 22:11:28.319;TSRA;-DZ BR
2026-06-30 21:35:00.000;6038;ERJ;CGH;POA;FLN;2026-06-30 22:22:00.960;TSRA;BR
2026-06-30 21:50:00.000;2660;A320-251NEO;VCP;POA;FLN;2026-06-30 22:37:00.960;TSRA;BR
2026-06-30 22:10:00.000;2864;A320-253NEO;GRU;POA;FLN;2026-06-30 22:57:00.960;TSRA;BR
2026-06-30 22:50:00.000;2675;A320-251NEO;VCP;POA;FLN;2026-06-30 23:37:00.960;TSRA;-DZ BR
2026-06-30 23:05:00.000;2939;A320-251NEO;GRU;POA;FLN;2026-06-30 23:52:00.960;TSRA;-DZ BR
2026-07-01 11:35:00.000;2981;ERJ;CWB;POA;FLN;2026-07-01 12:22:00.960;TSRA;NSW
2026-07-01 11:55:00.000;6036;A320-253NEO;CGH;POA;FLN;2026-07-01 12:42:00.960;TSRA;NSW
2026-07-01 12:40:00.000;6030;ERJ;CGH;POA;FLN;2026-07-01 13:27:00.960;TSRA;-RA
2026-07-01 12:45:00.000;2608;A320-251NEO;VCP;POA;FLN;2026-07-01 13:32:00.960;TSRA;-RA
2026-07-01 13:50:00.000;4165;ERJ;VCP;NVT;FLN;2026-07-01 14:01:28.319;TSRA;NSW
2026-07-01 13:50:00.000;4147;A320-251NEO;VCP;CWB;FLN;2026-07-01 14:21:53.760;TSRA;NSW
2026-07-01 14:00:00.000;2622;A320-251NEO;GRU;POA;FLN;2026-07-01 14:47:00.960;TSRA;NSW
2026-07-01 17:20:00.000;2836;A320-251NEO;GRU;POA;FLN;2026-07-01 18:07:00.960;TSRA;NSW
2026-07-01 17:30:00.000;2624;A320-251NEO;VCP;POA;FLN;2026-07-01 18:17:00.960;TSRA;BR
2026-07-01 18:15:00.000;2595;ERJ;VCP;NVT;FLN;2026-07-01 18:26:28.319;TSRA;BR
2026-07-01 19:20:00.000;2914;A320-251NEO;GRU;POA;FLN;2026-07-01 20:07:00.960;TSRA;BR
2026-07-01 19:45:00.000;2965;ERJ;CWB;POA;FLN;2026-07-01 20:32:00.960;TSRA;BR
2026-07-01 20:10:00.000;2757;ERJ;CNF;POA;FLN;2026-07-01 20:57:00.960;TSRA;BR
2026-07-02 11:35:00.000;2981;ERJ;CWB;POA;FLN;2026-07-02 12:22:00.960;TSRA;BR
2026-07-02 11:55:00.000;6036;A320-253NEO;CGH;POA;FLN;2026-07-02 12:42:00.960;TSRA;BR
2026-07-02 12:40:00.000;6030;ERJ;CGH;POA;FLN;2026-07-02 13:27:00.960;TSRA;-RA BR VCTS
2026-07-02 12:45:00.000;2608;A320-251NEO;VCP;POA;FLN;2026-07-02 13:32:00.960;TSRA;-RA BR VCTS
2026-07-02 12:55:00.000;2901;ERJ;GIG;POA;FLN;2026-07-02 13:42:00.960;TSRA;-RA BR VCTS
2026-07-02 13:45:00.000;2739;A320-251NEO;CNF;POA;FLN;2026-07-02 14:32:00.960;TSRA;BR VCTS
2026-07-02 13:55:00.000;2622;A320-251NEO;GRU;POA;FLN;2026-07-02 14:42:00.960;TSRA;BR VCTS
2026-07-02 17:30:00.000;2624;A321-251NEO;VCP;POA;FLN;2026-07-02 18:17:00.960;TSRA;-RA BR
2026-07-02 18:15:00.000;4558;ERJ;VCP;NVT;FLN;2026-07-02 18:26:28.319;TSRA;-RA BR
2026-07-02 18:40:00.000;2836;A320-251NEO;GRU;POA;FLN;2026-07-02 19:27:00.960;TSRA;-RA BR
2026-07-02 19:45:00.000;2965;ERJ;CWB;POA;FLN;2026-07-02 20:32:00.960;TSRA;BR
2026-07-02 20:30:00.000;2432;A320-253NEO;CNF;POA;FLN;2026-07-02 21:17:00.960;TSRA;-RA BR
2026-07-02 21:20:00.000;2864;A320-253NEO;GRU;POA;FLN;2026-07-02 22:07:00.960;TSRA;BR
2026-07-02 22:00:00.000;4958;A320-251NEO;VCP;NVT;FLN;2026-07-02 22:11:28.319;TSRA;BR
2026-07-02 21:45:00.000;6038;ERJ;CGH;POA;FLN;2026-07-02 22:32:00.960;TSRA;BR
2026-07-02 21:50:00.000;2660;A321-251NEO;VCP;POA;FLN;2026-07-02 22:37:00.960;TSRA;BR
2026-07-02 22:25:00.000;2675;A321-251NEO;VCP;POA;FLN;2026-07-02 23:12:00.960;TSRA;-RA
2026-07-02 23:30:00.000;2985;ERJ;CWB;POA;FLN;2026-07-03 00:17:00.960;TSRA;-RA
2026-07-02 23:30:00.000;2939;A320-251NEO;GRU;POA;FLN;2026-07-03 00:17:00.960;TSRA;-RA
2026-07-03 01:10:00.000;2771;A320-251NEO;REC;POA;FLN;2026-07-03 01:57:00.960;TSRA;NSW
2026-07-03 01:45:00.000;4671;A320-251NEO;GRU;POA;FLN;2026-07-03 02:32:00.960;TSRA;NSW
2026-07-11 12:50:00.000;2842;A320-251NEO;GRU;POA;FLN;2026-07-11 13:37:00.960;TSRA;-RA
2026-07-11 13:50:00.000;4165;ERJ;VCP;NVT;FLN;2026-07-11 14:01:28.319;TSRA;BR
2026-07-11 13:50:00.000;4147;A320-251NEO;VCP;CWB;FLN;2026-07-11 14:21:53.760;TSRA;BR
2026-07-11 13:45:00.000;2739;A320-253NEO;CNF;POA;FLN;2026-07-11 14:32:00.960;TSRA;-RA BR
2026-07-11 16:10:00.000;2976;ERJ;CWB;POA;FLN;2026-07-11 16:57:00.960;TS;RA
2026-07-29 11:35:00.000;2981;ERJ;CWB;POA;FLN;2026-07-29 12:22:00.960;TSRA;-SHRA
2026-07-29 11:55:00.000;6036;A320-251NEO;CGH;POA;FLN;2026-07-29 12:42:00.960;TSRA;-SHRA
2026-07-29 12:40:00.000;6030;ERJ;CGH;POA;FLN;2026-07-29 13:27:00.960;TSRA;-RA
2026-07-29 12:45:00.000;2608;A320-251NEO;VCP;POA;FLN;2026-07-29 13:32:00.960;TSRA;-RA
2026-07-29 13:40:00.000;2080;A321-231;VCP;POA;FLN;2026-07-29 14:27:00.960;TSRA;NSW
2026-07-29 14:00:00.000;2622;A320-253NEO;GRU;POA;FLN;2026-07-29 14:47:00.960;TSRA;NSW
2026-02-05 19:50:00.000;2337;ERJ;CNF;JJD;FOR;2026-02-05 20:19:05.280;TS;NSW
2026-02-14 19:50:00.000;2337;ERJ;CNF;JJD;FOR;2026-02-14 20:19:05.280;TS;NSW
2026-03-18 19:50:00.000;2516;A320-251NEO;CNF;JJD;FOR;2026-03-18 20:19:05.280;TSRA;NSW
2026-04-01 19:50:00.000;2516;A320-251NEO;CNF;JJD;FOR;2026-04-01 20:19:05.280;TSRA;NSW
2026-05-13 19:50:00.000;2516;A320-253NEO;CNF;JJD;FOR;2026-05-13 20:19:05.280;TSRA;NSW
2025-08-08 18:15:00.000;4957;ERJ 195LR;VCP;CNF;GIG;2025-08-08 19:01:45.120;TS;NSW
2025-08-08 18:20:00.000;4002;ERJ 195LR;VIX;CNF;GIG;2025-08-08 19:06:45.120;TS;NSW
2025-08-08 19:10:00.000;2670;ERJ 195LR;CGH;SDU;GIG;2025-08-08 19:11:50.880;TS;NSW
2025-08-08 18:55:00.000;4125;ERJ;GYN;CNF;GIG;2025-08-08 19:41:45.120;TS;NSW
2025-08-08 19:00:00.000;4797;ERJ 195LR;CGH;CNF;GIG;2025-08-08 19:46:45.120;TS;NSW
2025-08-08 19:45:00.000;5086;ERJ;VCP;SDU;GIG;2025-08-08 19:46:50.880;TS;NSW
2025-08-08 19:10:00.000;4721;A320-251NEO;BSB;CNF;GIG;2025-08-08 19:56:45.120;TS;NSW
2025-08-08 19:25:00.000;4609;ERJ;IOS;CNF;GIG;2025-08-08 20:11:45.120;TS;NSW
2025-08-08 20:10:00.000;2610;ERJ 195LR;CGH;SDU;GIG;2025-08-08 20:11:50.880;TS;NSW
2025-08-08 20:05:00.000;2962;A320-251NEO;SSA;CNF;GIG;2025-08-08 20:51:45.120;TS;NSW
2025-08-08 20:10:00.000;5071;ERJ 195LR;CGH;CNF;GIG;2025-08-08 20:56:45.120;TS;NSW
2025-08-08 21:05:00.000;4751;ERJ;CNF;SDU;GIG;2025-08-08 21:06:50.880;TS;VCTS
2025-08-08 21:10:00.000;4305;ERJ;VCP;SDU;GIG;2025-08-08 21:11:50.880;TS;VCTS
2025-08-08 20:30:00.000;2573;A320-251NEO;REC;CNF;GIG;2025-08-08 21:16:45.120;TS;VCTS
2025-09-16 21:15:00.000;4437;ERJ 195LR;GIG;CNF;GIG;2025-09-16 22:01:45.120;TSRA;-RA BR
2025-09-16 21:25:00.000;4289;ERJ;CPV;CNF;GIG;2025-09-16 22:11:45.120;TSRA;-RA BR
2025-09-16 22:00:00.000;2930;A320-251NEO;REC;CNF;GIG;2025-09-16 22:46:45.120;TSRA;-RA BR
2025-09-16 22:45:00.000;4008;ERJ;CGH;SDU;GIG;2025-09-16 22:46:50.880;TSRA;-RA BR
2025-09-16 22:25:00.000;4419;ERJ;CGB;CNF;GIG;2025-09-16 23:11:45.120;TSRA;-RA
2025-09-16 22:25:00.000;5070;ERJ 195LR;CGH;CNF;GIG;2025-09-16 23:11:45.120;TSRA;-RA
2025-09-16 22:35:00.000;2994;ERJ 195LR;VIX;CNF;GIG;2025-09-16 23:21:45.120;TSRA;-RA
2025-09-16 22:40:00.000;2811;A320-251NEO;CKS;CNF;GIG;2025-09-16 23:26:45.120;TSRA;-RA
2025-09-16 23:25:00.000;2917;ERJ;VCP;SDU;GIG;2025-09-16 23:26:50.880;TSRA;-RA
2025-09-16 22:45:00.000;4577;A320-251NEO;BEL;CNF;GIG;2025-09-16 23:31:45.120;TSRA;-RA
2025-09-16 23:20:00.000;2576;A320-251NEO;MCZ;CNF;GIG;2025-09-17 00:06:45.120;TSRA;NSW
2025-09-17 00:05:00.000;4915;ERJ 195LR;CGH;SDU;GIG;2025-09-17 00:06:50.880;TSRA;NSW
2025-09-16 23:25:00.000;9111;ERJ;VCP;CNF;GIG;2025-09-17 00:11:45.120;TSRA;NSW
2025-09-16 23:25:00.000;2763;A320-251NEO;POA;CNF;GIG;2025-09-17 00:11:45.120;TSRA;NSW
2025-09-16 23:30:00.000;2856;ERJ 195LR;CGH;CNF;GIG;2025-09-17 00:16:45.120;TSRA;NSW
2025-09-16 23:35:00.000;4547;ERJ;GRU;CNF;GIG;2025-09-17 00:21:45.120;TSRA;NSW
2025-09-16 23:35:00.000;2935;ERJ;SDU;CNF;GIG;2025-09-17 00:21:45.120;TSRA;NSW
2025-09-16 23:40:00.000;4521;ERJ;BSB;CNF;GIG;2025-09-17 00:26:45.120;TSRA;NSW
2025-09-16 23:40:00.000;4298;A320-251NEO;THE;CNF;GIG;2025-09-17 00:26:45.120;TSRA;NSW
2025-09-16 23:45:00.000;4185;ERJ;GYN;CNF;GIG;2025-09-17 00:31:45.120;TSRA;NSW
2025-09-16 23:50:00.000;4787;A320-251NEO;BEL;CNF;GIG;2025-09-17 00:36:45.120;TSRA;NSW
2025-09-16 23:50:00.000;4267;A320-251NEO;REC;CNF;GIG;2025-09-17 00:36:45.120;TSRA;NSW
2025-09-16 23:55:00.000;4163;A320-253NEO;MAO;CNF;GIG;2025-09-17 00:41:45.120;TSRA;NSW
2025-09-17 00:40:00.000;2729;ERJ 195LR;CGH;SDU;GIG;2025-09-17 00:41:50.880;TSRA;NSW
2025-09-17 00:05:00.000;4312;A320-251NEO;FOR;CNF;GIG;2025-09-17 00:51:45.120;TSRA;NSW
2025-09-17 00:05:00.000;2951;ERJ;CWB;CNF;GIG;2025-09-17 00:51:45.120;TSRA;NSW
2025-09-17 00:15:00.000;2643;ERJ;VCP;CNF;GIG;2025-09-17 01:01:45.120;TSRA;NSW
2025-09-17 01:10:00.000;2908;ERJ;CNF;SDU;GIG;2025-09-17 01:11:50.880;TSRA;NSW
2025-09-17 01:15:00.000;6060;ERJ 195LR;CGH;SDU;GIG;2025-09-17 01:16:50.880;TSRA;NSW
2025-09-17 01:25:00.000;2884;ERJ;VCP;SDU;GIG;2025-09-17 01:26:50.880;TSRA;NSW
2025-09-17 00:50:00.000;2573;A320-251NEO;REC;CNF;GIG;2025-09-17 01:36:45.120;TSRA;NSW
2025-09-17 00:50:00.000;2975;ERJ;BPS;CNF;GIG;2025-09-17 01:36:45.120;TSRA;NSW
2025-09-17 00:55:00.000;4752;ERJ 195LR;GIG;CNF;GIG;2025-09-17 01:41:45.120;TSRA;NSW
2025-09-17 01:05:00.000;4472;A320-251NEO;SSA;CNF;GIG;2025-09-17 01:51:45.120;TSRA;NSW
2025-09-22 21:05:00.000;4751;ERJ;CNF;SDU;GIG;2025-09-22 21:06:50.880;TS;-RA
2025-09-22 21:10:00.000;4305;ERJ;VCP;SDU;GIG;2025-09-22 21:11:50.880;TS;-RA
2025-09-22 21:30:00.000;6047;ERJ 195LR;CGH;SDU;GIG;2025-09-22 21:31:50.880;TS;-RA
2025-09-22 20:50:00.000;2626;ERJ;BPS;CNF;GIG;2025-09-22 21:36:45.120;TS;-RA
2025-09-22 21:15:00.000;4437;ERJ 195LR;GIG;CNF;GIG;2025-09-22 22:01:45.120;TS;NSW
2025-09-22 21:35:00.000;9579;A320-251NEO;CKS;CNF;GIG;2025-09-22 22:21:45.120;TS;NSW
2025-09-22 21:40:00.000;2930;A320-251NEO;REC;CNF;GIG;2025-09-22 22:26:45.120;TS;NSW
2025-09-22 22:45:00.000;4008;ERJ;CGH;SDU;GIG;2025-09-22 22:46:50.880;TS;NSW
2025-09-23 08:50:00.000;4088;A320-251NEO;MAB;CNF;GIG;2025-09-23 09:36:45.120;TSRA;NSW
2025-09-23 08:50:00.000;4409;ERJ;PMW;CNF;GIG;2025-09-23 09:36:45.120;TSRA;NSW
2025-09-23 08:55:00.000;4357;A320-251NEO;NAT;CNF;GIG;2025-09-23 09:41:45.120;TSRA;NSW
2025-09-23 08:55:00.000;2879;ERJ 195LR;IMP;CNF;GIG;2025-09-23 09:41:45.120;TSRA;NSW
2025-09-23 09:00:00.000;4257;ERJ;CGB;CNF;GIG;2025-09-23 09:46:45.120;TSRA;NSW
2025-09-23 09:00:00.000;4605;A320-251NEO;REC;CNF;GIG;2025-09-23 09:46:45.120;TSRA;NSW
2025-09-23 09:10:00.000;4290;A320-251NEO;MCZ;CNF;GIG;2025-09-23 09:56:45.120;TSRA;NSW
2025-10-13 18:20:00.000;4002;ERJ 195LR;VIX;CNF;GIG;2025-10-13 19:06:45.120;TS;NSW
2025-10-13 19:10:00.000;2670;ERJ;CGH;SDU;GIG;2025-10-13 19:11:50.880;TS;NSW
2025-10-13 18:45:00.000;4957;A320-251NEO;VCP;CNF;GIG;2025-10-13 19:31:45.120;TS;NSW
2025-10-13 18:55:00.000;4125;ERJ;GYN;CNF;GIG;2025-10-13 19:41:45.120;TS;NSW
2025-10-13 19:00:00.000;4797;ERJ 195LR;CGH;CNF;GIG;2025-10-13 19:46:45.120;TS;NSW
2025-10-13 19:45:00.000;5086;ERJ;VCP;SDU;GIG;2025-10-13 19:46:50.880;TS;NSW
2025-10-13 19:10:00.000;4721;ERJ;BSB;CNF;GIG;2025-10-13 19:56:45.120;TS;NSW
2025-10-13 19:25:00.000;4609;ERJ;IOS;CNF;GIG;2025-10-13 20:11:45.120;TS;-RA
2025-10-13 20:10:00.000;2610;ERJ 195LR;CGH;SDU;GIG;2025-10-13 20:11:50.880;TS;-RA
2025-10-13 20:05:00.000;2962;A320-251NEO;SSA;CNF;GIG;2025-10-13 20:51:45.120;TS;-RA
2025-10-13 20:10:00.000;5071;ERJ 195LR;CGH;CNF;GIG;2025-10-13 20:56:45.120;TS;-RA
2025-10-13 21:10:00.000;4305;ERJ;VCP;SDU;GIG;2025-10-13 21:11:50.880;TS;NSW
2025-10-13 21:10:00.000;4751;ERJ;CNF;SDU;GIG;2025-10-13 21:11:50.880;TS;NSW
2025-10-13 20:50:00.000;2626;A320-253NEO;BPS;CNF;GIG;2025-10-13 21:36:45.120;TS;NSW
2025-10-18 10:05:00.000;2797;ERJ;VCP;SDU;GIG;2025-10-18 10:06:50.880;TSRA;NSW
2025-10-18 09:30:00.000;4599;A320-251NEO;RBR;CNF;GIG;2025-10-18 10:16:45.120;TSRA;NSW
2025-10-18 09:55:00.000;4413;ERJ 195LR;VIX;CNF;GIG;2025-10-18 10:41:45.120;TSRA;NSW
2025-10-18 09:55:00.000;2604;ERJ;BSB;CNF;GIG;2025-10-18 10:41:45.120;TSRA;NSW
2025-10-18 10:00:00.000;4060;ERJ;CWB;CNF;GIG;2025-10-18 10:46:45.120;TSRA;NSW
2025-10-18 10:00:00.000;4553;ERJ;SSA;CNF;GIG;2025-10-18 10:46:45.120;TSRA;NSW
2025-10-18 10:10:00.000;4522;A320-251NEO;GRU;CNF;GIG;2025-10-18 10:56:45.120;TSRA;NSW
2025-10-18 10:10:00.000;2957;ERJ 195LR;GYN;CNF;GIG;2025-10-18 10:56:45.120;TSRA;NSW
2025-10-18 10:15:00.000;2936;ERJ;SDU;CNF;GIG;2025-10-18 11:01:45.120;TSRA;NSW
2025-10-18 10:15:00.000;4505;ERJ;GIG;CNF;GIG;2025-10-18 11:01:45.120;TSRA;NSW
2025-10-18 10:20:00.000;4030;A320-253NEO;CGH;CNF;GIG;2025-10-18 11:06:45.120;TSRA;NSW
2025-10-18 10:25:00.000;2909;A320-251NEO;POA;CNF;GIG;2025-10-18 11:11:45.120;TSRA;NSW
2025-10-18 10:25:00.000;2967;ERJ;FLN;CNF;GIG;2025-10-18 11:11:45.120;TSRA;NSW
2025-10-18 10:30:00.000;4043;ERJ;VCP;CNF;GIG;2025-10-18 11:16:45.120;TSRA;NSW
2025-10-18 11:40:00.000;4193;ERJ 195LR;GRU;SDU;GIG;2025-10-18 11:41:50.880;TSRA;NSW
2025-10-18 19:25:00.000;2425;ERJ;IOS;CNF;GIG;2025-10-18 20:11:45.120;TSRA;NSW
2025-10-18 19:50:00.000;2587;A320-251NEO;BPS;CNF;GIG;2025-10-18 20:36:45.120;TSRA;NSW
2025-10-18 19:55:00.000;2962;ERJ;SSA;CNF;GIG;2025-10-18 20:41:45.120;TSRA;NSW
2025-10-18 20:10:00.000;4667;ERJ;VCP;CNF;GIG;2025-10-18 20:56:45.120;TSRA;NSW
2025-10-18 21:10:00.000;4305;ERJ;VCP;SDU;GIG;2025-10-18 21:11:50.880;TSRA;NSW
2025-10-18 21:25:00.000;4289;ERJ;CPV;CNF;GIG;2025-10-18 22:11:45.120;TSRA;NSW
2025-10-18 22:00:00.000;2930;A320-251NEO;REC;CNF;GIG;2025-10-18 22:46:45.120;TSRA;NSW
2025-10-18 22:15:00.000;2576;A320-251NEO;MCZ;CNF;GIG;2025-10-18 23:01:45.120;TSRA;-RA BR
2025-10-18 23:05:00.000;4880;ERJ 195LR;CGH;SDU;GIG;2025-10-18 23:06:50.880;TSRA;-RA BR
2025-10-18 22:30:00.000;2920;ERJ 195LR;VCP;CNF;GIG;2025-10-18 23:16:45.120;TSRA;-RA BR
2025-10-18 22:35:00.000;2994;ERJ 195LR;VIX;CNF;GIG;2025-10-18 23:21:45.120;TSRA;-RA BR
2025-10-18 22:40:00.000;2763;ERJ;POA;CNF;GIG;2025-10-18 23:26:45.120;TSRA;-RA BR
2025-10-18 22:50:00.000;2212;ERJ 195LR;BPS;CNF;GIG;2025-10-18 23:36:45.120;TSRA;-RA BR
2025-10-18 22:55:00.000;4577;A320-253NEO;BEL;CNF;GIG;2025-10-18 23:41:45.120;TSRA;-RA BR
2025-10-18 23:00:00.000;2517;ERJ;JJD;CNF;GIG;2025-10-18 23:46:45.120;TSRA;-RA BR
2025-10-18 23:05:00.000;4437;ERJ 195LR;GIG;CNF;GIG;2025-10-18 23:51:45.120;TSRA;-RA BR
2025-10-18 23:05:00.000;4419;ERJ;CGB;CNF;GIG;2025-10-18 23:51:45.120;TSRA;-RA BR
2025-10-18 23:10:00.000;2553;A320-253NEO;FOR;CNF;GIG;2025-10-18 23:56:45.120;TSRA;-RA BR
2025-10-18 23:10:00.000;4454;ERJ 195LR;CGH;CNF;GIG;2025-10-18 23:56:45.120;TSRA;-RA BR
2025-10-28 17:15:00.000;2553;A320-251NEO;FOR;CNF;GIG;2025-10-28 18:01:45.120;TS;NSW
2025-10-28 18:00:00.000;6068;ERJ 195LR;CGH;SDU;GIG;2025-10-28 18:01:50.880;TS;NSW
2025-10-28 17:40:00.000;4205;ERJ 195LR;GIG;CNF;GIG;2025-10-28 18:26:45.120;TS;NSW
2025-10-28 17:45:00.000;4117;ERJ;SDU;CNF;GIG;2025-10-28 18:31:45.120;TS;NSW
2025-10-28 18:05:00.000;5031;ERJ;GRU;CNF;GIG;2025-10-28 18:51:45.120;TS;NSW
2025-10-28 19:00:00.000;6410;ERJ;CGH;SDU;GIG;2025-10-28 19:01:50.880;TS;NSW
2025-10-28 18:20:00.000;4002;ERJ 195LR;VIX;CNF;GIG;2025-10-28 19:06:45.120;TS;NSW
2025-10-28 19:45:00.000;4311;ERJ;GRU;SDU;GIG;2025-10-28 19:46:50.880;TS;NSW
2025-10-28 19:05:00.000;4957;ERJ;VCP;CNF;GIG;2025-10-28 19:51:45.120;TS;NSW
2025-10-28 19:10:00.000;4721;ERJ;BSB;CNF;GIG;2025-10-28 19:56:45.120;TS;NSW
2025-10-28 19:25:00.000;4609;ERJ;IOS;CNF;GIG;2025-10-28 20:11:45.120;TS;NSW
2025-10-28 20:10:00.000;2610;ERJ 195LR;CGH;SDU;GIG;2025-10-28 20:11:50.880;TS;NSW
2025-10-28 19:30:00.000;4797;ERJ;CGH;CNF;GIG;2025-10-28 20:16:45.120;TS;NSW
2025-10-28 20:00:00.000;2962;A320-251NEO;SSA;CNF;GIG;2025-10-28 20:46:45.120;TS;NSW
2025-10-28 20:15:00.000;6402;ERJ 195LR;CGH;CNF;GIG;2025-10-28 21:01:45.120;TS;NSW
2025-10-28 21:10:00.000;4305;ERJ;VCP;SDU;GIG;2025-10-28 21:11:50.880;TS;NSW
2025-10-28 21:10:00.000;4751;ERJ;CNF;SDU;GIG;2025-10-28 21:11:50.880;TS;NSW
2025-10-28 21:30:00.000;6047;ERJ 195LR;CGH;SDU;GIG;2025-10-28 21:31:50.880;TS;NSW
2025-10-28 20:50:00.000;2626;A320-253NEO;BPS;CNF;GIG;2025-10-28 21:36:45.120;TS;NSW
2025-10-28 21:10:00.000;4437;ERJ 195LR;GIG;CNF;GIG;2025-10-28 21:56:45.120;TS;NSW
2025-10-28 21:15:00.000;4289;ERJ;CPV;CNF;GIG;2025-10-28 22:01:45.120;TS;-DZ
2025-10-28 21:40:00.000;2930;A320-253NEO;REC;CNF;GIG;2025-10-28 22:26:45.120;TS;-DZ
2025-10-28 22:55:00.000;4008;ERJ;CGH;SDU;GIG;2025-10-28 22:56:50.880;TS;-DZ
2025-10-29 18:00:00.000;6068;ERJ 195LR;CGH;SDU;GIG;2025-10-29 18:01:50.880;TSRA;NSW
2025-10-29 17:40:00.000;4205;ERJ 195LR;GIG;CNF;GIG;2025-10-29 18:26:45.120;TSRA;NSW
2025-10-29 17:45:00.000;4117;ERJ;SDU;CNF;GIG;2025-10-29 18:31:45.120;TSRA;NSW
2025-10-29 18:05:00.000;5031;ERJ;GRU;CNF;GIG;2025-10-29 18:51:45.120;TSRA;NSW
2025-10-29 19:00:00.000;6410;ERJ;CGH;SDU;GIG;2025-10-29 19:01:50.880;TSRA;NSW
2025-10-29 18:20:00.000;4002;ERJ 195LR;VIX;CNF;GIG;2025-10-29 19:06:45.120;TSRA;NSW
2025-10-29 19:40:00.000;4311;ERJ;GRU;SDU;GIG;2025-10-29 19:41:50.880;TSRA;NSW
2025-10-29 19:05:00.000;4957;ERJ;VCP;CNF;GIG;2025-10-29 19:51:45.120;TSRA;NSW
2025-10-29 19:10:00.000;4721;ERJ;BSB;CNF;GIG;2025-10-29 19:56:45.120;TSRA;NSW
2025-10-29 19:25:00.000;4609;ERJ;IOS;CNF;GIG;2025-10-29 20:11:45.120;TSRA;NSW
2025-10-29 20:10:00.000;2610;ERJ 195LR;CGH;SDU;GIG;2025-10-29 20:11:50.880;TSRA;NSW
2025-10-29 19:30:00.000;4797;ERJ 195LR;CGH;CNF;GIG;2025-10-29 20:16:45.120;TSRA;NSW
2025-10-29 20:00:00.000;2962;A320-251NEO;SSA;CNF;GIG;2025-10-29 20:46:45.120;TSRA;NSW
2025-10-29 20:15:00.000;6402;ERJ 195LR;CGH;CNF;GIG;2025-10-29 21:01:45.120;TSRA;NSW
2025-10-29 21:10:00.000;4305;ERJ;VCP;SDU;GIG;2025-10-29 21:11:50.880;TSRA;NSW
2025-10-29 21:10:00.000;4751;ERJ;CNF;SDU;GIG;2025-10-29 21:11:50.880;TSRA;NSW
2025-10-29 21:30:00.000;6047;ERJ 195LR;CGH;SDU;GIG;2025-10-29 21:31:50.880;TSRA;NSW
2025-10-29 20:50:00.000;2626;A320-251NEO;BPS;CNF;GIG;2025-10-29 21:36:45.120;TSRA;NSW
2025-10-29 21:15:00.000;4437;ERJ 195LR;GIG;CNF;GIG;2025-10-29 22:01:45.120;TSRA;NSW
2025-10-29 21:40:00.000;2930;A320-251NEO;REC;CNF;GIG;2025-10-29 22:26:45.120;TSRA;NSW
2025-10-29 22:55:00.000;4008;ERJ;CGH;SDU;GIG;2025-10-29 22:56:50.880;TSRA;NSW
2025-10-29 22:20:00.000;5070;ERJ 195LR;CGH;CNF;GIG;2025-10-29 23:06:45.120;TSRA;NSW
2025-10-29 22:20:00.000;9073;ERJ;SSA;CNF;GIG;2025-10-29 23:06:45.120;TSRA;NSW
2025-10-29 22:30:00.000;4419;ERJ;CGB;CNF;GIG;2025-10-29 23:16:45.120;TSRA;NSW
2025-10-29 22:30:00.000;2920;ERJ;VCP;CNF;GIG;2025-10-29 23:16:45.120;TSRA;NSW
2025-10-29 22:35:00.000;2811;A320-251NEO;CKS;CNF;GIG;2025-10-29 23:21:45.120;TSRA;NSW
2025-10-29 22:45:00.000;2763;A320-251NEO;POA;CNF;GIG;2025-10-29 23:31:45.120;TSRA;NSW
2025-10-29 22:50:00.000;2856;ERJ;CGH;CNF;GIG;2025-10-29 23:36:45.120;TSRA;NSW
2025-10-29 22:55:00.000;4577;A320-253NEO;BEL;CNF;GIG;2025-10-29 23:41:45.120;TSRA;NSW
2025-10-29 23:00:00.000;2994;ERJ 195LR;VIX;CNF;GIG;2025-10-29 23:46:45.120;TSRA;NSW
2025-11-08 19:50:00.000;2587;A320-251NEO;BPS;CNF;GIG;2025-11-08 20:36:45.120;TSRA;NSW
2025-11-08 20:05:00.000;2962;A320-251NEO;SSA;CNF;GIG;2025-11-08 20:51:45.120;TSRA;NSW
2025-11-08 20:10:00.000;4667;ERJ;VCP;CNF;GIG;2025-11-08 20:56:45.120;TSRA;NSW
2025-11-08 21:10:00.000;4751;ERJ;CNF;SDU;GIG;2025-11-08 21:11:50.880;TSRA;NSW
2025-11-08 21:10:00.000;4305;ERJ 195LR;VCP;SDU;GIG;2025-11-08 21:11:50.880;TSRA;NSW
2025-11-08 20:50:00.000;9804;ERJ 195LR;PLU;CNF;GIG;2025-11-08 21:36:45.120;TSRA;NSW
2025-11-08 21:10:00.000;4419;ERJ;CGB;CNF;GIG;2025-11-08 21:56:45.120;TSRA;NSW
2025-11-08 21:25:00.000;4289;ERJ;CPV;CNF;GIG;2025-11-08 22:11:45.120;TSRA;NSW
2025-11-08 21:40:00.000;2930;A320-251NEO;REC;CNF;GIG;2025-11-08 22:26:45.120;TSRA;NSW
2025-11-17 19:00:00.000;6410;ERJ;CGH;SDU;GIG;2025-11-17 19:01:50.880;TSRA;NSW
2025-11-17 18:20:00.000;4002;ERJ 195LR;VIX;CNF;GIG;2025-11-17 19:06:45.120;TSRA;NSW
2025-11-17 19:40:00.000;4311;ERJ;GRU;SDU;GIG;2025-11-17 19:41:50.880;TSRA;NSW
2025-11-17 19:05:00.000;4957;ERJ;VCP;CNF;GIG;2025-11-17 19:51:45.120;TSRA;NSW
2025-11-17 19:10:00.000;4721;ERJ;BSB;CNF;GIG;2025-11-17 19:56:45.120;TSRA;NSW
2025-11-17 19:15:00.000;4180;A320-251NEO;UDI;CNF;GIG;2025-11-17 20:01:45.120;TSRA;NSW
2025-11-17 19:25:00.000;4609;ERJ;IOS;CNF;GIG;2025-11-17 20:11:45.120;TSRA;NSW
2025-11-17 20:10:00.000;2610;ERJ 195LR;CGH;SDU;GIG;2025-11-17 20:11:50.880;TSRA;NSW
2025-11-17 19:30:00.000;4797;ERJ 195LR;CGH;CNF;GIG;2025-11-17 20:16:45.120;TSRA;NSW
2025-11-17 20:00:00.000;2962;A320-251NEO;SSA;CNF;GIG;2025-11-17 20:46:45.120;TSRA;NSW
2025-11-17 20:15:00.000;6402;ERJ 195LR;CGH;CNF;GIG;2025-11-17 21:01:45.120;TSRA;NSW
2025-11-17 21:10:00.000;4305;ERJ;VCP;SDU;GIG;2025-11-17 21:11:50.880;TSRA;NSW
2025-11-17 21:10:00.000;4751;ERJ;CNF;SDU;GIG;2025-11-17 21:11:50.880;TSRA;NSW
2025-11-17 21:30:00.000;6047;ERJ 195LR;CGH;SDU;GIG;2025-11-17 21:31:50.880;TSRA;NSW
2025-11-17 20:50:00.000;2626;A320-251NEO;BPS;CNF;GIG;2025-11-17 21:36:45.120;TSRA;NSW
2025-11-17 21:10:00.000;4419;ERJ;CGB;CNF;GIG;2025-11-17 21:56:45.120;TSRA;NSW
2025-11-18 23:20:00.000;2576;A320-251NEO;MCZ;CNF;GIG;2025-11-19 00:06:45.120;TSRA;NSW
2025-11-19 00:10:00.000;4915;ERJ 195LR;CGH;SDU;GIG;2025-11-19 00:11:50.880;TSRA;NSW
2025-11-18 23:35:00.000;4547;ERJ;GRU;CNF;GIG;2025-11-19 00:21:45.120;TSRA;NSW
2025-11-18 23:40:00.000;4521;ERJ;BSB;CNF;GIG;2025-11-19 00:26:45.120;TSRA;NSW
2025-11-18 23:40:00.000;4298;A320-251NEO;THE;CNF;GIG;2025-11-19 00:26:45.120;TSRA;NSW
2025-11-18 23:45:00.000;4125;ERJ;GYN;CNF;GIG;2025-11-19 00:31:45.120;TSRA;NSW
2025-11-18 23:50:00.000;4267;A320-251NEO;REC;CNF;GIG;2025-11-19 00:36:45.120;TSRA;NSW
2025-11-18 23:55:00.000;4163;A320-251NEO;MAO;CNF;GIG;2025-11-19 00:41:45.120;TSRA;NSW
2025-11-19 00:40:00.000;6406;ERJ 195LR;CGH;SDU;GIG;2025-11-19 00:41:50.880;TSRA;NSW
2025-11-19 00:05:00.000;4787;A320-253NEO;BEL;CNF;GIG;2025-11-19 00:51:45.120;TSRA;NSW
2025-11-19 00:05:00.000;4312;A320-251NEO;FOR;CNF;GIG;2025-11-19 00:51:45.120;TSRA;NSW
2025-11-19 00:10:00.000;2951;ERJ;CWB;CNF;GIG;2025-11-19 00:56:45.120;TSRA;NSW
2025-11-19 00:15:00.000;4922;A320-251NEO;UDI;CNF;GIG;2025-11-19 01:01:45.120;TSRA;RA BR
2025-11-19 00:15:00.000;2643;ERJ;VCP;CNF;GIG;2025-11-19 01:01:45.120;TSRA;RA BR
2025-11-19 01:10:00.000;2908;ERJ;CNF;SDU;GIG;2025-11-19 01:11:50.880;TSRA;RA BR
2025-11-19 01:15:00.000;6060;ERJ 195LR;CGH;SDU;GIG;2025-11-19 01:16:50.880;TSRA;RA BR
2025-11-19 01:25:00.000;2884;ERJ;VCP;SDU;GIG;2025-11-19 01:26:50.880;TSRA;RA BR
2025-11-19 00:50:00.000;2975;A320-251NEO;BPS;CNF;GIG;2025-11-19 01:36:45.120;TSRA;RA BR
2025-11-19 00:55:00.000;4752;ERJ 195LR;GIG;CNF;GIG;2025-11-19 01:41:45.120;TSRA;RA BR
2025-11-19 00:55:00.000;2935;ERJ;SDU;CNF;GIG;2025-11-19 01:41:45.120;TSRA;RA BR
2025-11-19 01:00:00.000;2573;A320-251NEO;REC;CNF;GIG;2025-11-19 01:46:45.120;TSRA;RA BR
2025-11-19 01:05:00.000;4472;A320-251NEO;SSA;CNF;GIG;2025-11-19 01:51:45.120;TSRA;RA BR
2025-11-19 01:25:00.000;2881;ERJ;GRU;CNF;GIG;2025-11-19 02:11:45.120;TSRA;RA BR
2025-11-19 01:40:00.000;4484;ERJ;VCP;CNF;GIG;2025-11-19 02:26:45.120;TSRA;RA
2025-11-19 01:50:00.000;2665;ERJ 195LR;VIX;CNF;GIG;2025-11-19 02:36:45.120;TSRA;RA
2025-11-23 19:25:00.000;2457;A320-251NEO;UNA;CNF;GIG;2025-11-23 20:11:45.120;TS;NSW
2025-11-23 19:25:00.000;2425;ERJ;IOS;CNF;GIG;2025-11-23 20:11:45.120;TS;NSW
2025-11-23 19:55:00.000;4797;ERJ 195LR;CGH;CNF;GIG;2025-11-23 20:41:45.120;TS;NSW
2025-11-23 20:00:00.000;2962;ERJ;SSA;CNF;GIG;2025-11-23 20:46:45.120;TS;NSW
2025-11-23 20:45:00.000;4311;ERJ 195LR;GRU;SDU;GIG;2025-11-23 20:46:50.880;TS;NSW
2025-11-23 20:20:00.000;2893;ERJ;BPS;CNF;GIG;2025-11-23 21:06:45.120;TS;NSW
2025-11-23 21:10:00.000;4305;ERJ;VCP;SDU;GIG;2025-11-23 21:11:50.880;TS;NSW
2025-11-23 21:45:00.000;4915;ERJ 195LR;CGH;SDU;GIG;2025-11-23 21:46:50.880;TS;NSW
2025-11-23 21:10:00.000;4419;ERJ;CGB;CNF;GIG;2025-11-23 21:56:45.120;TS;NSW
2025-11-23 21:10:00.000;4289;ERJ;CPV;CNF;GIG;2025-11-23 21:56:45.120;TS;NSW
2025-11-23 21:15:00.000;4437;ERJ 195LR;GIG;CNF;GIG;2025-11-23 22:01:45.120;TS;NSW
2025-11-23 23:05:00.000;4751;ERJ;CNF;SDU;GIG;2025-11-23 23:06:50.880;TS;NSW
2025-11-23 22:25:00.000;2994;ERJ 195LR;VIX;CNF;GIG;2025-11-23 23:11:45.120;TS;NSW
2025-11-23 22:30:00.000;2920;ERJ;VCP;CNF;GIG;2025-11-23 23:16:45.120;TS;NSW
2025-11-23 22:35:00.000;2811;ERJ;CKS;CNF;GIG;2025-11-23 23:21:45.120;TS;NSW
2025-11-23 22:40:00.000;2930;A320-251NEO;REC;CNF;GIG;2025-11-23 23:26:45.120;TS;NSW
2025-11-23 23:30:00.000;2719;ERJ 195LR;CGH;SDU;GIG;2025-11-23 23:31:50.880;TS;NSW
2025-11-23 22:55:00.000;4577;A320-253NEO;BEL;CNF;GIG;2025-11-23 23:41:45.120;TS;NSW
2025-11-23 23:00:00.000;2517;ERJ;JJD;CNF;GIG;2025-11-23 23:46:45.120;TS;NSW
2025-11-23 23:15:00.000;2576;A320-251NEO;MCZ;CNF;GIG;2025-11-24 00:01:45.120;TS;NSW
2025-11-23 23:20:00.000;4267;A320-251NEO;REC;CNF;GIG;2025-11-24 00:06:45.120;TS;NSW
2025-11-23 23:25:00.000;2433;A320-253NEO;POA;CNF;GIG;2025-11-24 00:11:45.120;TS;NSW
2025-11-23 23:30:00.000;4547;ERJ 195LR;GRU;CNF;GIG;2025-11-24 00:16:45.120;TS;NSW
2025-11-23 23:40:00.000;4521;ERJ;BSB;CNF;GIG;2025-11-24 00:26:45.120;TS;NSW
2025-11-23 23:40:00.000;4298;A320-251NEO;THE;CNF;GIG;2025-11-24 00:26:45.120;TS;NSW
2025-11-23 23:45:00.000;4125;ERJ;GYN;CNF;GIG;2025-11-24 00:31:45.120;TS;NSW
2025-11-23 23:45:00.000;4456;ERJ;CGH;CNF;GIG;2025-11-24 00:31:45.120;TS;NSW
2025-11-23 23:55:00.000;4163;A320-253NEO;MAO;CNF;GIG;2025-11-24 00:41:45.120;TS;NSW
2025-11-24 00:05:00.000;2553;A320-251NEO;FOR;CNF;GIG;2025-11-24 00:51:45.120;TS;NSW
2025-11-24 00:05:00.000;4787;A320-251NEO;BEL;CNF;GIG;2025-11-24 00:51:45.120;TS;NSW
2025-11-24 00:15:00.000;2643;ERJ;VCP;CNF;GIG;2025-11-24 01:01:45.120;TS;NSW
2025-11-24 00:20:00.000;2626;ERJ 195LR;BPS;CNF;GIG;2025-11-24 01:06:45.120;TS;NSW
2025-11-24 01:05:00.000;2711;ERJ 195LR;VCP;SDU;GIG;2025-11-24 01:06:50.880;TS;NSW
2025-11-24 01:20:00.000;2980;ERJ 195LR;CGH;SDU;GIG;2025-11-24 01:21:50.880;TS;NSW
2025-11-24 01:20:00.000;2908;ERJ;CNF;SDU;GIG;2025-11-24 01:21:50.880;TS;NSW
2025-11-24 01:25:00.000;2884;ERJ;VCP;SDU;GIG;2025-11-24 01:26:50.880;TS;NSW
2025-11-24 00:50:00.000;2935;ERJ;SDU;CNF;GIG;2025-11-24 01:36:45.120;TS;NSW
2025-11-24 00:50:00.000;2446;ERJ;SSA;CNF;GIG;2025-11-24 01:36:45.120;TS;NSW
2025-11-24 00:55:00.000;4752;ERJ 195LR;GIG;CNF;GIG;2025-11-24 01:41:45.120;TS;NSW
2025-11-24 01:00:00.000;2573;A320-251NEO;REC;CNF;GIG;2025-11-24 01:46:45.120;TS;NSW
2025-11-24 01:40:00.000;4484;ERJ;VCP;CNF;GIG;2025-11-24 02:26:45.120;TS;RA BR
2025-11-24 01:50:00.000;2665;ERJ 195LR;VIX;CNF;GIG;2025-11-24 02:36:45.120;TS;RA BR
2025-11-24 02:30:00.000;2561;A320-251NEO;NAT;CNF;GIG;2025-11-24 03:16:45.120;TS;NSW
2025-11-25 08:00:00.000;4290;A320-251NEO;MCZ;CNF;GIG;2025-11-25 08:46:45.120;TS;NSW
2025-11-25 08:05:00.000;4439;A320-253NEO;BEL;CNF;GIG;2025-11-25 08:51:45.120;TS;NSW
2025-11-25 08:05:00.000;4257;ERJ;CGB;CNF;GIG;2025-11-25 08:51:45.120;TS;NSW
2025-11-25 08:10:00.000;4088;A320-253NEO;MAB;CNF;GIG;2025-11-25 08:56:45.120;TS;NSW
2025-11-25 08:10:00.000;2879;ERJ;IMP;CNF;GIG;2025-11-25 08:56:45.120;TS;NSW
2025-11-25 08:15:00.000;4409;A320-251NEO;PMW;CNF;GIG;2025-11-25 09:01:45.120;TS;NSW
2025-11-25 08:20:00.000;4605;A320-251NEO;REC;CNF;GIG;2025-11-25 09:06:45.120;TS;NSW
2025-11-25 08:25:00.000;4370;A320-251NEO;SLZ;CNF;GIG;2025-11-25 09:11:45.120;TS;NSW
2025-11-25 08:30:00.000;4026;A320-251NEO;NAT;CNF;GIG;2025-11-25 09:16:45.120;TS;NSW
2025-11-28 18:00:00.000;6068;ERJ 195LR;CGH;SDU;GIG;2025-11-28 18:01:50.880;TS;NSW
2025-11-28 17:40:00.000;4205;ERJ 195LR;GIG;CNF;GIG;2025-11-28 18:26:45.120;TS;NSW
2025-11-28 17:45:00.000;4117;ERJ;SDU;CNF;GIG;2025-11-28 18:31:45.120;TS;NSW
2025-11-28 17:55:00.000;2562;A320-251NEO;NAT;CNF;GIG;2025-11-28 18:41:45.120;TS;NSW
2025-11-28 18:05:00.000;5031;ERJ;GRU;CNF;GIG;2025-11-28 18:51:45.120;TS;NSW
2025-11-28 19:00:00.000;6410;ERJ;CGH;SDU;GIG;2025-11-28 19:01:50.880;TS;NSW
2025-11-28 18:20:00.000;4002;ERJ 195LR;VIX;CNF;GIG;2025-11-28 19:06:45.120;TS;NSW
2025-11-28 19:40:00.000;4311;ERJ;GRU;SDU;GIG;2025-11-28 19:41:50.880;TS;NSW
2025-11-28 19:05:00.000;4957;ERJ;VCP;CNF;GIG;2025-11-28 19:51:45.120;TS;NSW
2025-11-28 19:10:00.000;4721;ERJ;BSB;CNF;GIG;2025-11-28 19:56:45.120;TS;NSW
2025-11-28 19:25:00.000;4609;ERJ;IOS;CNF;GIG;2025-11-28 20:11:45.120;TS;NSW
2025-11-28 20:10:00.000;2610;ERJ 195LR;CGH;SDU;GIG;2025-11-28 20:11:50.880;TS;NSW
2025-11-28 19:30:00.000;4797;ERJ 195LR;CGH;CNF;GIG;2025-11-28 20:16:45.120;TS;NSW
2025-11-28 20:00:00.000;2962;A320-253NEO;SSA;CNF;GIG;2025-11-28 20:46:45.120;TS;NSW
2025-11-28 20:15:00.000;6402;ERJ 195LR;CGH;CNF;GIG;2025-11-28 21:01:45.120;TS;NSW
2025-11-28 21:10:00.000;4305;ERJ;VCP;SDU;GIG;2025-11-28 21:11:50.880;TS;NSW
2025-11-28 21:10:00.000;4751;ERJ;CNF;SDU;GIG;2025-11-28 21:11:50.880;TS;NSW
2025-11-28 21:30:00.000;6047;ERJ 195LR;CGH;SDU;GIG;2025-11-28 21:31:50.880;TS;NSW
2025-11-28 20:50:00.000;2626;A320-251NEO;BPS;CNF;GIG;2025-11-28 21:36:45.120;TS;NSW
2025-11-28 21:10:00.000;4419;ERJ;CGB;CNF;GIG;2025-11-28 21:56:45.120;TS;NSW
2025-11-28 21:15:00.000;4437;ERJ 195LR;GIG;CNF;GIG;2025-11-28 22:01:45.120;TS;NSW
2025-11-28 21:35:00.000;9579;A320-251NEO;CKS;CNF;GIG;2025-11-28 22:21:45.120;TS;NSW
2025-11-28 21:40:00.000;2930;A320-251NEO;REC;CNF;GIG;2025-11-28 22:26:45.120;TS;NSW
2025-11-28 22:55:00.000;4008;ERJ;CGH;SDU;GIG;2025-11-28 22:56:50.880;TS;NSW
2025-12-10 14:20:00.000;6400;ERJ 195LR;CGH;CNF;GIG;2025-12-10 15:06:45.120;TSRA;NSW
2025-12-10 14:40:00.000;2802;A320-253NEO;REC;CNF;GIG;2025-12-10 15:26:45.120;TSRA;NSW
2025-12-10 15:25:00.000;6054;ERJ;CGH;SDU;GIG;2025-12-10 15:26:50.880;TSRA;NSW
2025-12-10 14:45:00.000;5068;ERJ;BSB;CNF;GIG;2025-12-10 15:31:45.120;TSRA;NSW
2025-12-10 14:45:00.000;2672;ERJ 195LR;VIX;CNF;GIG;2025-12-10 15:31:45.120;TSRA;NSW
2025-12-10 14:55:00.000;4542;ERJ;CWB;CNF;GIG;2025-12-10 15:41:45.120;TSRA;NSW
2025-12-10 15:00:00.000;4115;ERJ 195LR;VDC;CNF;GIG;2025-12-10 15:46:45.120;TSRA;NSW
2025-12-10 15:05:00.000;4693;A320-251NEO;SSA;CNF;GIG;2025-12-10 15:51:45.120;TSRA;NSW
2025-12-10 15:10:00.000;4016;ERJ;GYN;CNF;GIG;2025-12-10 15:56:45.120;TSRA;NSW
2025-12-10 16:00:00.000;2905;ERJ;CNF;SDU;GIG;2025-12-10 16:01:50.880;TSRA;-RA
2025-12-10 16:05:00.000;2963;ERJ;VCP;SDU;GIG;2025-12-10 16:06:50.880;TSRA;-RA
2025-12-10 15:50:00.000;5020;ERJ 195LR;CGH;CNF;GIG;2025-12-10 16:36:45.120;TSRA;-RA
2025-12-10 16:00:00.000;2896;ERJ;FLN;CNF;GIG;2025-12-10 16:46:45.120;TSRA;-RA
2025-12-10 16:15:00.000;2607;ERJ;VCP;CNF;GIG;2025-12-10 17:01:45.120;TSRA;-RA
2025-12-10 16:20:00.000;2893;A320-253NEO;BPS;CNF;GIG;2025-12-10 17:06:45.120;TSRA;-RA
2025-12-10 17:30:00.000;5086;ERJ;VCP;SDU;GIG;2025-12-10 17:31:50.880;TSRA;-RA
2025-12-10 17:05:00.000;2649;A320-251NEO;JPA;CNF;GIG;2025-12-10 17:51:45.120;TSRA;-RA
2025-12-10 17:05:00.000;4012;A320-253NEO;AJU;CNF;GIG;2025-12-10 17:51:45.120;TSRA;-RA
2025-12-10 17:10:00.000;2562;A320-251NEO;NAT;CNF;GIG;2025-12-10 17:56:45.120;TSRA;-RA
2025-12-13 05:20:00.000;9021;ERJ 195LR;GIG;CNF;GIG;2025-12-13 06:06:45.120;TSRA;RA
2025-12-13 05:20:00.000;9112;ERJ 195LR;VIX;CNF;GIG;2025-12-13 06:06:45.120;TSRA;RA
2025-12-13 19:25:00.000;2425;ERJ;IOS;CNF;GIG;2025-12-13 20:11:45.120;TSRA;NSW
2025-12-13 19:50:00.000;2384;A320-251NEO;BPS;CNF;GIG;2025-12-13 20:36:45.120;TSRA;NSW
2025-12-13 20:35:00.000;4645;ERJ 195LR;CNF;SDU;GIG;2025-12-13 20:36:50.880;TSRA;NSW
2025-12-13 20:10:00.000;4667;ERJ;VCP;CNF;GIG;2025-12-13 20:56:45.120;TSRA;NSW
2025-12-13 21:15:00.000;4305;ERJ 195LR;VCP;SDU;GIG;2025-12-13 21:16:50.880;TSRA;NSW
2025-12-13 21:10:00.000;9071;ERJ;MCZ;CNF;GIG;2025-12-13 21:56:45.120;TSRA;NSW
2025-12-13 21:15:00.000;4419;ERJ;CGB;CNF;GIG;2025-12-13 22:01:45.120;TSRA;NSW
2025-12-13 21:35:00.000;2930;A320-251NEO;REC;CNF;GIG;2025-12-13 22:21:45.120;TSRA;NSW
2025-12-13 22:45:00.000;4751;ERJ 195LR;CNF;SDU;GIG;2025-12-13 22:46:50.880;TSRA;NSW
2025-12-13 22:10:00.000;4880;ERJ 195LR;SDU;CNF;GIG;2025-12-13 22:56:45.120;TSRA;NSW
2025-12-13 22:30:00.000;2920;ERJ;VCP;CNF;GIG;2025-12-13 23:16:45.120;TSRA;NSW
2025-12-13 23:15:00.000;4311;ERJ 195LR;GRU;SDU;GIG;2025-12-13 23:16:50.880;TSRA;NSW
2025-12-13 22:50:00.000;4289;ERJ;CPV;CNF;GIG;2025-12-13 23:36:45.120;TSRA;NSW
2025-12-13 22:55:00.000;4577;A320-251NEO;BEL;CNF;GIG;2025-12-13 23:41:45.120;TSRA;NSW
2025-12-13 23:05:00.000;2553;A320-251NEO;FOR;CNF;GIG;2025-12-13 23:51:45.120;TSRA;NSW
2025-12-13 23:05:00.000;2994;ERJ;VIX;CNF;GIG;2025-12-13 23:51:45.120;TSRA;NSW
2025-12-13 23:10:00.000;2349;ERJ;JJD;CNF;GIG;2025-12-13 23:56:45.120;TSRA;NSW
2025-12-13 23:10:00.000;4454;ERJ;CGH;CNF;GIG;2025-12-13 23:56:45.120;TSRA;NSW
2025-12-13 23:20:00.000;2576;A320-253NEO;MCZ;CNF;GIG;2025-12-14 00:06:45.120;TSRA;NSW
2025-12-13 23:20:00.000;2427;A320-251NEO;BPS;CNF;GIG;2025-12-14 00:06:45.120;TSRA;NSW
2025-12-13 23:35:00.000;4547;ERJ;GRU;CNF;GIG;2025-12-14 00:21:45.120;TSRA;NSW
2025-12-13 23:40:00.000;2811;ERJ;CKS;CNF;GIG;2025-12-14 00:26:45.120;TSRA;NSW
2025-12-13 23:40:00.000;2473;A320-251NEO;REC;CNF;GIG;2025-12-14 00:26:45.120;TSRA;NSW
2025-12-13 23:55:00.000;4163;A320-251NEO;MAO;CNF;GIG;2025-12-14 00:41:45.120;TSRA;NSW
2025-12-13 23:55:00.000;4298;A320-251NEO;THE;CNF;GIG;2025-12-14 00:41:45.120;TSRA;NSW
2025-12-14 00:15:00.000;2643;ERJ;VCP;CNF;GIG;2025-12-14 01:01:45.120;TSRA;NSW
2025-12-14 00:20:00.000;2445;A320-251NEO;JPA;CNF;GIG;2025-12-14 01:06:45.120;TSRA;NSW
2025-12-14 00:30:00.000;2935;ERJ 195LR;SDU;CNF;GIG;2025-12-14 01:16:45.120;TSRA;NSW
2025-12-14 01:20:00.000;2908;ERJ;CNF;SDU;GIG;2025-12-14 01:21:50.880;TSRA;NSW
2025-12-14 01:25:00.000;2884;ERJ;VCP;SDU;GIG;2025-12-14 01:26:50.880;TSRA;NSW
2025-12-14 00:50:00.000;2809;ERJ 195LR;SDU;CNF;GIG;2025-12-14 01:36:45.120;TSRA;NSW
2025-12-14 01:00:00.000;2562;A320-251NEO;NAT;CNF;GIG;2025-12-14 01:46:45.120;TSRA;NSW
2025-12-14 17:40:00.000;4117;ERJ;SDU;CNF;GIG;2025-12-14 18:26:45.120;TS;NSW
2025-12-14 18:00:00.000;4205;A320-251NEO;GIG;CNF;GIG;2025-12-14 18:46:45.120;TS;NSW
2025-12-14 18:15:00.000;9134;ERJ;REC;CNF;GIG;2025-12-14 19:01:45.120;TS;NSW
2025-12-14 18:45:00.000;5031;ERJ 195LR;GRU;CNF;GIG;2025-12-14 19:31:45.120;TS;NSW
2025-12-14 19:20:00.000;4180;ERJ 195LR;UDI;CNF;GIG;2025-12-14 20:06:45.120;TS;NSW
2025-12-14 19:25:00.000;2457;A320-251NEO;UNA;CNF;GIG;2025-12-14 20:11:45.120;TS;NSW
2025-12-14 19:25:00.000;2425;ERJ;IOS;CNF;GIG;2025-12-14 20:11:45.120;TS;NSW
2025-12-14 19:40:00.000;2354;ERJ;NVT;CNF;GIG;2025-12-14 20:26:45.120;TS;NSW
2025-12-14 19:55:00.000;4797;ERJ 195LR;CGH;CNF;GIG;2025-12-14 20:41:45.120;TS;NSW
2025-12-14 19:55:00.000;2962;ERJ;SSA;CNF;GIG;2025-12-14 20:41:45.120;TS;NSW
2025-12-14 20:45:00.000;4311;ERJ 195LR;GRU;SDU;GIG;2025-12-14 20:46:50.880;TS;NSW
2025-12-15 18:45:00.000;4957;ERJ;VCP;CNF;GIG;2025-12-15 19:31:45.120;TS;NSW
2025-12-15 19:45:00.000;5086;ERJ;VCP;SDU;GIG;2025-12-15 19:46:50.880;TS;NSW
2025-12-15 19:10:00.000;4721;ERJ;BSB;CNF;GIG;2025-12-15 19:56:45.120;TS;NSW
2025-12-15 19:10:00.000;4797;ERJ 195LR;CGH;CNF;GIG;2025-12-15 19:56:45.120;TS;NSW
2025-12-15 20:00:00.000;2610;ERJ 195LR;CGH;SDU;GIG;2025-12-15 20:01:50.880;TS;NSW
2025-12-15 19:20:00.000;6068;ERJ 195LR;CGH;CNF;GIG;2025-12-15 20:06:45.120;TS;NSW
2025-12-15 19:25:00.000;4609;ERJ;IOS;CNF;GIG;2025-12-15 20:11:45.120;TS;NSW
2025-12-15 21:10:00.000;4305;ERJ;VCP;SDU;GIG;2025-12-15 21:11:50.880;TS;NSW
2025-12-15 21:30:00.000;6047;ERJ 195LR;CGH;SDU;GIG;2025-12-15 21:31:50.880;TS;NSW
2025-12-15 20:50:00.000;2626;ERJ;BPS;CNF;GIG;2025-12-15 21:36:45.120;TS;NSW
2025-12-15 21:00:00.000;2950;ERJ;VIX;CNF;GIG;2025-12-15 21:46:45.120;TS;NSW
2025-12-15 21:00:00.000;4419;ERJ;CGB;CNF;GIG;2025-12-15 21:46:45.120;TS;NSW
2025-12-15 21:10:00.000;6504;ERJ 195LR;CGH;CNF;GIG;2025-12-15 21:56:45.120;TS;NSW
2025-12-16 17:20:00.000;2553;A320-251NEO;FOR;CNF;GIG;2025-12-16 18:06:45.120;TSRA;NSW
2025-12-16 17:25:00.000;4205;ERJ 195LR;GIG;CNF;GIG;2025-12-16 18:11:45.120;TSRA;NSW
2025-12-16 17:25:00.000;4117;ERJ;SDU;CNF;GIG;2025-12-16 18:11:45.120;TSRA;NSW
2025-12-16 18:20:00.000;6067;ERJ 195LR;CGH;SDU;GIG;2025-12-16 18:21:50.880;TSRA;NSW
2025-12-16 18:05:00.000;5031;ERJ;GRU;CNF;GIG;2025-12-16 18:51:45.120;TSRA;NSW
2025-12-16 18:45:00.000;4957;ERJ;VCP;CNF;GIG;2025-12-16 19:31:45.120;TSRA;NSW
2025-12-16 19:45:00.000;5086;ERJ;VCP;SDU;GIG;2025-12-16 19:46:50.880;TSRA;NSW
2025-12-16 19:10:00.000;4797;ERJ 195LR;CGH;CNF;GIG;2025-12-16 19:56:45.120;TSRA;NSW
2025-12-16 20:00:00.000;2610;ERJ 195LR;CGH;SDU;GIG;2025-12-16 20:01:50.880;TSRA;VCSH
2025-12-16 19:20:00.000;6068;ERJ 195LR;CGH;CNF;GIG;2025-12-16 20:06:45.120;TSRA;VCSH
2025-12-16 19:25:00.000;4609;ERJ;IOS;CNF;GIG;2025-12-16 20:11:45.120;TSRA;VCSH
2025-12-16 19:40:00.000;2354;ERJ 195LR;NVT;CNF;GIG;2025-12-16 20:26:45.120;TSRA;VCSH
2025-12-16 21:10:00.000;4305;ERJ;VCP;SDU;GIG;2025-12-16 21:11:50.880;TSRA;NSW
2025-12-16 21:30:00.000;6047;ERJ 195LR;CGH;SDU;GIG;2025-12-16 21:31:50.880;TSRA;NSW
2025-12-16 20:50:00.000;2626;A320-251NEO;BPS;CNF;GIG;2025-12-16 21:36:45.120;TSRA;NSW
2025-12-16 21:00:00.000;2950;ERJ;VIX;CNF;GIG;2025-12-16 21:46:45.120;TSRA;NSW
2025-12-16 21:00:00.000;4419;ERJ;CGB;CNF;GIG;2025-12-16 21:46:45.120;TSRA;NSW
2025-12-16 21:10:00.000;6504;ERJ 195LR;CGH;CNF;GIG;2025-12-16 21:56:45.120;TSRA;NSW
2025-12-16 21:35:00.000;2930;A320-251NEO;REC;CNF;GIG;2025-12-16 22:21:45.120;TSRA;NSW
2025-12-16 21:40:00.000;4289;ERJ;CPV;CNF;GIG;2025-12-16 22:26:45.120;TSRA;NSW
2025-12-16 22:45:00.000;4751;ERJ;CNF;SDU;GIG;2025-12-16 22:46:50.880;TSRA;NSW
2025-12-17 08:15:00.000;4439;A320-251NEO;BEL;CNF;GIG;2025-12-17 09:01:45.120;TSRA;-RA BR
2025-12-17 08:20:00.000;4605;A320-251NEO;REC;CNF;GIG;2025-12-17 09:06:45.120;TSRA;-RA BR
2025-12-17 08:25:00.000;4370;A320-251NEO;SLZ;CNF;GIG;2025-12-17 09:11:45.120;TSRA;-RA BR
2025-12-17 08:30:00.000;4026;A320-251NEO;NAT;CNF;GIG;2025-12-17 09:16:45.120;TSRA;-RA BR
2025-12-17 09:30:00.000;9640;ERJ;GIG;SDU;GIG;2025-12-17 09:31:50.880;TSRA;-RA BR
2025-12-17 09:20:00.000;2696;A320-253NEO;PVH;CNF;GIG;2025-12-17 10:06:45.120;TSRA;-RA BR
2025-12-17 10:05:00.000;2797;ERJ;VCP;SDU;GIG;2025-12-17 10:06:50.880;TSRA;-RA BR
2025-12-17 10:20:00.000;4039;ERJ;CNF;SDU;GIG;2025-12-17 10:21:50.880;TSRA;-RA BR
2025-12-17 09:40:00.000;4060;ERJ;CWB;CNF;GIG;2025-12-17 10:26:45.120;TSRA;-RA BR
2025-12-17 10:35:00.000;4193;ERJ 195LR;GRU;SDU;GIG;2025-12-17 10:36:50.880;TSRA;-RA BR
2025-12-17 09:55:00.000;2604;ERJ;BSB;CNF;GIG;2025-12-17 10:41:45.120;TSRA;-RA BR
2025-12-17 10:00:00.000;4553;ERJ;SSA;CNF;GIG;2025-12-17 10:46:45.120;TSRA;-RA BR
2025-12-17 10:10:00.000;4522;ERJ;GRU;CNF;GIG;2025-12-17 10:56:45.120;TSRA;-RA BR
2025-12-17 10:10:00.000;2957;ERJ 195LR;GYN;CNF;GIG;2025-12-17 10:56:45.120;TSRA;-RA BR
2025-12-17 10:15:00.000;2936;ERJ;SDU;CNF;GIG;2025-12-17 11:01:45.120;TSRA;-RA BR
2025-12-17 10:20:00.000;4030;A320-251NEO;CGH;CNF;GIG;2025-12-17 11:06:45.120;TSRA;-RA BR
2025-12-17 10:25:00.000;2967;ERJ;FLN;CNF;GIG;2025-12-17 11:11:45.120;TSRA;-RA BR
2025-12-17 10:25:00.000;4043;A320-251NEO;VCP;CNF;GIG;2025-12-17 11:11:45.120;TSRA;-RA BR
2025-12-17 10:25:00.000;2909;A320-251NEO;POA;CNF;GIG;2025-12-17 11:11:45.120;TSRA;-RA BR
2025-12-17 11:50:00.000;6050;ERJ 195LR;CGH;SDU;GIG;2025-12-17 11:51:50.880;TSRA;NSW
2025-12-17 12:10:00.000;2924;ERJ;VCP;SDU;GIG;2025-12-17 12:11:50.880;TSRA;NSW
2025-12-17 11:35:00.000;4051;ERJ;SDU;CNF;GIG;2025-12-17 12:21:45.120;TSRA;NSW
2025-12-17 12:20:00.000;2948;ERJ 195LR;CNF;SDU;GIG;2025-12-17 12:21:50.880;TSRA;NSW
2025-12-17 12:05:00.000;2658;ERJ 195LR;VCP;CNF;GIG;2025-12-17 12:51:45.120;TSRA;NSW
2025-12-17 13:00:00.000;4231;ERJ 195LR;CGH;SDU;GIG;2025-12-17 13:01:50.880;TSRA;NSW
2025-12-17 12:25:00.000;2475;A320-251NEO;BPS;CNF;GIG;2025-12-17 13:11:45.120;TSRA;NSW
2025-12-17 12:55:00.000;4045;A320-251NEO;VCP;CNF;GIG;2025-12-17 13:41:45.120;TSRA;NSW
2025-12-17 13:40:00.000;2978;ERJ;VCP;SDU;GIG;2025-12-17 13:41:50.880;TSRA;NSW
2025-12-17 14:00:00.000;2672;ERJ 195LR;VIX;CNF;GIG;2025-12-17 14:46:45.120;TSRA;NSW
2025-12-17 14:45:00.000;6054;ERJ 195LR;CGH;SDU;GIG;2025-12-17 14:46:50.880;TSRA;NSW
2025-12-17 14:05:00.000;4118;ERJ 195LR;SDU;CNF;GIG;2025-12-17 14:51:45.120;TSRA;NSW
2025-12-17 14:10:00.000;4570;ERJ;GRU;CNF;GIG;2025-12-17 14:56:45.120;TSRA;NSW
2025-12-31 17:20:00.000;2553;A320-251NEO;FOR;CNF;GIG;2025-12-31 18:06:45.120;TSRA;NSW
2025-12-31 17:25:00.000;4117;ERJ;SDU;CNF;GIG;2025-12-31 18:11:45.120;TSRA;NSW
2025-12-31 17:25:00.000;4205;ERJ 195LR;GIG;CNF;GIG;2025-12-31 18:11:45.120;TSRA;NSW
2025-12-31 18:20:00.000;6067;ERJ 195LR;CGH;SDU;GIG;2025-12-31 18:21:50.880;TSRA;NSW
2025-12-31 18:05:00.000;5031;ERJ;GRU;CNF;GIG;2025-12-31 18:51:45.120;TSRA;NSW
2025-12-31 18:35:00.000;2811;A320-251NEO;CKS;CNF;GIG;2025-12-31 19:21:45.120;TSRA;NSW
2025-12-31 18:45:00.000;4957;ERJ;VCP;CNF;GIG;2025-12-31 19:31:45.120;TSRA;NSW
2025-12-31 19:45:00.000;5086;ERJ;VCP;SDU;GIG;2025-12-31 19:46:50.880;TSRA;NSW
2025-12-31 19:10:00.000;4721;ERJ;BSB;CNF;GIG;2025-12-31 19:56:45.120;TSRA;NSW
2025-12-31 20:00:00.000;2610;ERJ 195LR;CGH;SDU;GIG;2025-12-31 20:01:50.880;TSRA;NSW
2025-12-31 19:20:00.000;6068;ERJ 195LR;CGH;CNF;GIG;2025-12-31 20:06:45.120;TSRA;NSW
2025-12-31 19:25:00.000;4609;ERJ;IOS;CNF;GIG;2025-12-31 20:11:45.120;TSRA;NSW
2025-12-31 19:30:00.000;4797;ERJ 195LR;CGH;CNF;GIG;2025-12-31 20:16:45.120;TSRA;NSW
2025-12-31 20:40:00.000;4037;ERJ;VCP;SDU;GIG;2025-12-31 20:41:50.880;TSRA;NSW
2025-12-31 21:30:00.000;6047;ERJ 195LR;CGH;SDU;GIG;2025-12-31 21:31:50.880;TSRA;NSW
2025-12-31 20:50:00.000;2626;ERJ;BPS;CNF;GIG;2025-12-31 21:36:45.120;TSRA;NSW
2025-12-31 21:00:00.000;2950;ERJ 195LR;VIX;CNF;GIG;2025-12-31 21:46:45.120;TSRA;NSW
2025-12-31 21:00:00.000;4419;ERJ;CGB;CNF;GIG;2025-12-31 21:46:45.120;TSRA;NSW
2025-12-31 21:10:00.000;6504;ERJ;CGH;CNF;GIG;2025-12-31 21:56:45.120;TSRA;NSW
2026-01-02 21:10:00.000;4305;ERJ;VCP;SDU;GIG;2026-01-02 21:11:50.880;TSRA;VCSH
2026-01-02 21:30:00.000;6047;ERJ 195LR;CGH;SDU;GIG;2026-01-02 21:31:50.880;TSRA;VCSH
2026-01-02 20:50:00.000;2626;ERJ;BPS;CNF;GIG;2026-01-02 21:36:45.120;TSRA;VCSH
2026-01-02 21:00:00.000;2950;ERJ;VIX;CNF;GIG;2026-01-02 21:46:45.120;TSRA;VCSH
2026-01-02 21:00:00.000;4419;ERJ;CGB;CNF;GIG;2026-01-02 21:46:45.120;TSRA;VCSH
2026-01-02 21:10:00.000;6504;ERJ 195LR;CGH;CNF;GIG;2026-01-02 21:56:45.120;TSRA;VCSH
2026-01-02 21:35:00.000;9579;A320-251NEO;CKS;CNF;GIG;2026-01-02 22:21:45.120;TSRA;VCSH
2026-01-02 21:35:00.000;2930;A320-251NEO;REC;CNF;GIG;2026-01-02 22:21:45.120;TSRA;VCSH
2026-01-02 22:45:00.000;4751;ERJ;CNF;SDU;GIG;2026-01-02 22:46:50.880;TSRA;VCSH
2026-01-02 23:20:00.000;2576;A320-251NEO;MCZ;CNF;GIG;2026-01-03 00:06:45.120;TSRA;-RA BR
2026-01-03 00:10:00.000;4915;ERJ 195LR;CGH;SDU;GIG;2026-01-03 00:11:50.880;TSRA;-RA BR
2026-01-02 23:35:00.000;4547;ERJ;GRU;CNF;GIG;2026-01-03 00:21:45.120;TSRA;-RA BR
2026-01-02 23:35:00.000;5070;ERJ 195LR;CGH;CNF;GIG;2026-01-03 00:21:45.120;TSRA;-RA BR
2026-01-02 23:40:00.000;4298;ERJ;THE;CNF;GIG;2026-01-03 00:26:45.120;TSRA;-RA BR
2026-01-02 23:45:00.000;4185;ERJ 195LR;GYN;CNF;GIG;2026-01-03 00:31:45.120;TSRA;-RA BR
2026-01-02 23:50:00.000;4787;A320-251NEO;BEL;CNF;GIG;2026-01-03 00:36:45.120;TSRA;-RA BR
2026-01-02 23:50:00.000;4267;A320-251NEO;REC;CNF;GIG;2026-01-03 00:36:45.120;TSRA;-RA BR
2026-01-02 23:55:00.000;4163;A320-251NEO;MAO;CNF;GIG;2026-01-03 00:41:45.120;TSRA;-RA BR
2026-01-03 00:05:00.000;4312;A320-253NEO;FOR;CNF;GIG;2026-01-03 00:51:45.120;TSRA;-RA BR
2026-01-03 00:05:00.000;2951;ERJ;CWB;CNF;GIG;2026-01-03 00:51:45.120;TSRA;-RA BR
2026-01-03 00:15:00.000;2643;ERJ;VCP;CNF;GIG;2026-01-03 01:01:45.120;TSRA;-RA BR
2026-01-03 01:10:00.000;2908;ERJ 195LR;CNF;SDU;GIG;2026-01-03 01:11:50.880;TSRA;-RA BR
2026-01-03 01:15:00.000;6060;ERJ 195LR;CGH;SDU;GIG;2026-01-03 01:16:50.880;TSRA;-RA BR
2026-01-03 00:40:00.000;2935;ERJ;SDU;CNF;GIG;2026-01-03 01:26:45.120;TSRA;-RA BR
2026-01-03 01:25:00.000;2884;ERJ;VCP;SDU;GIG;2026-01-03 01:26:50.880;TSRA;-RA BR
2026-01-03 00:45:00.000;2975;ERJ;BPS;CNF;GIG;2026-01-03 01:31:45.120;TSRA;-RA BR
2026-01-03 01:00:00.000;2573;A320-251NEO;REC;CNF;GIG;2026-01-03 01:46:45.120;TSRA;-RA BR
2026-01-03 01:10:00.000;4105;ERJ;SDU;CNF;GIG;2026-01-03 01:56:45.120;TSRA;-RA BR
2026-01-03 01:35:00.000;4472;A320-251NEO;SSA;CNF;GIG;2026-01-03 02:21:45.120;TSRA;-RA
2026-01-03 01:45:00.000;4484;ERJ;VCP;CNF;GIG;2026-01-03 02:31:45.120;TSRA;-RA
2026-01-03 20:15:00.000;4667;ERJ 195LR;VCP;CNF;GIG;2026-01-03 21:01:45.120;TSRA;VCSH
2026-01-03 21:10:00.000;4305;ERJ;VCP;SDU;GIG;2026-01-03 21:11:50.880;TSRA;VCSH
2026-01-03 21:30:00.000;6047;ERJ 195LR;CGH;SDU;GIG;2026-01-03 21:31:50.880;TSRA;VCSH
2026-01-03 21:50:00.000;4751;ERJ;CNF;SDU;GIG;2026-01-03 21:51:50.880;TSRA;VCSH
2026-01-03 21:15:00.000;4419;ERJ;CGB;CNF;GIG;2026-01-03 22:01:45.120;TSRA;NSW
2026-01-03 21:35:00.000;2930;A320-253NEO;REC;CNF;GIG;2026-01-03 22:21:45.120;TSRA;NSW
2026-01-13 17:20:00.000;2553;A320-251NEO;FOR;CNF;GIG;2026-01-13 18:06:45.120;TS;NSW
2026-01-13 18:10:00.000;6068;ERJ 195LR;CGH;SDU;GIG;2026-01-13 18:11:50.880;TS;NSW
2026-01-13 17:45:00.000;2729;ERJ;POA;CNF;GIG;2026-01-13 18:31:45.120;TS;NSW
2026-01-13 18:05:00.000;5031;ERJ;GRU;CNF;GIG;2026-01-13 18:51:45.120;TS;NSW
2026-01-13 18:05:00.000;4117;ERJ;SDU;CNF;GIG;2026-01-13 18:51:45.120;TS;NSW
2026-01-13 18:35:00.000;4797;ERJ 195LR;CGH;CNF;GIG;2026-01-13 19:21:45.120;TS;NSW
2026-01-13 18:45:00.000;4957;ERJ;VCP;CNF;GIG;2026-01-13 19:31:45.120;TS;NSW
2026-01-13 19:45:00.000;5086;ERJ;VCP;SDU;GIG;2026-01-13 19:46:50.880;TS;NSW
2026-01-14 18:15:00.000;9057;ERJ;REC;CNF;GIG;2026-01-14 19:01:45.120;TS;VCSH
2026-01-14 18:35:00.000;4797;ERJ 195LR;CGH;CNF;GIG;2026-01-14 19:21:45.120;TS;VCSH
2026-01-14 18:45:00.000;4957;ERJ;VCP;CNF;GIG;2026-01-14 19:31:45.120;TS;VCSH
2026-01-14 19:45:00.000;5086;ERJ;VCP;SDU;GIG;2026-01-14 19:46:50.880;TS;VCSH
2026-01-14 19:10:00.000;4721;ERJ;BSB;CNF;GIG;2026-01-14 19:56:45.120;TS;VCSH
2026-01-14 20:00:00.000;2610;ERJ 195LR;CGH;SDU;GIG;2026-01-14 20:01:50.880;TS;VCSH
2026-01-14 19:25:00.000;4609;ERJ;IOS;CNF;GIG;2026-01-14 20:11:45.120;TS;VCSH
2026-01-14 19:30:00.000;6056;ERJ 195LR;CGH;CNF;GIG;2026-01-14 20:16:45.120;TS;VCSH
2026-01-14 21:10:00.000;4305;ERJ;VCP;SDU;GIG;2026-01-14 21:11:50.880;TS;NSW
2026-01-14 20:30:00.000;6504;ERJ 195LR;CGH;CNF;GIG;2026-01-14 21:16:45.120;TS;NSW
2026-01-14 21:30:00.000;6047;ERJ 195LR;CGH;SDU;GIG;2026-01-14 21:31:50.880;TS;NSW
2026-01-14 20:50:00.000;2626;ERJ;BPS;CNF;GIG;2026-01-14 21:36:45.120;TS;NSW
2026-01-14 21:00:00.000;4419;ERJ;CGB;CNF;GIG;2026-01-14 21:46:45.120;TS;NSW
2026-01-14 21:20:00.000;2607;ERJ;VCP;CNF;GIG;2026-01-14 22:06:45.120;TS;NSW
2026-01-14 21:30:00.000;2950;ERJ;VIX;CNF;GIG;2026-01-14 22:16:45.120;TS;NSW
2026-01-14 21:35:00.000;2930;A320-251NEO;REC;CNF;GIG;2026-01-14 22:21:45.120;TS;NSW
2026-01-14 21:55:00.000;4205;ERJ 195LR;GIG;CNF;GIG;2026-01-14 22:41:45.120;TS;NSW
2026-01-14 22:45:00.000;4751;ERJ;CNF;SDU;GIG;2026-01-14 22:46:50.880;TS;NSW
2026-01-14 22:30:00.000;5070;ERJ;CGH;CNF;GIG;2026-01-14 23:16:45.120;TS;NSW
2026-01-14 22:35:00.000;2811;A320-251NEO;CKS;CNF;GIG;2026-01-14 23:21:45.120;TS;NSW
2026-01-14 22:40:00.000;9223;ERJ 195LR;CWB;CNF;GIG;2026-01-14 23:26:45.120;TS;NSW
2026-01-14 23:25:00.000;2917;ERJ;VCP;SDU;GIG;2026-01-14 23:26:50.880;TS;NSW
2026-01-14 23:30:00.000;4014;ERJ 195LR;CNF;SDU;GIG;2026-01-14 23:31:50.880;TS;NSW
2026-01-14 22:55:00.000;2856;ERJ;CGH;CNF;GIG;2026-01-14 23:41:45.120;TS;NSW
2026-01-14 22:55:00.000;4577;A320-251NEO;BEL;CNF;GIG;2026-01-14 23:41:45.120;TS;NSW
2026-01-14 23:00:00.000;2387;A320-253NEO;POA;CNF;GIG;2026-01-14 23:46:45.120;TS;NSW
2026-01-14 23:10:00.000;9235;ERJ;REC;CNF;GIG;2026-01-14 23:56:45.120;TS;NSW
2026-01-16 23:20:00.000;2576;A320-251NEO;MCZ;CNF;GIG;2026-01-17 00:06:45.120;TS;NSW
2026-01-17 00:10:00.000;4915;ERJ 195LR;CGH;SDU;GIG;2026-01-17 00:11:50.880;TS;NSW
2026-01-16 23:35:00.000;4547;ERJ;GRU;CNF;GIG;2026-01-17 00:21:45.120;TS;NSW
2026-01-16 23:40:00.000;4298;ERJ;THE;CNF;GIG;2026-01-17 00:26:45.120;TS;NSW
2026-01-16 23:45:00.000;4185;ERJ;GYN;CNF;GIG;2026-01-17 00:31:45.120;TS;NSW
2026-01-16 23:50:00.000;4787;A320-253NEO;BEL;CNF;GIG;2026-01-17 00:36:45.120;TS;NSW
2026-01-16 23:50:00.000;4267;A320-251NEO;REC;CNF;GIG;2026-01-17 00:36:45.120;TS;NSW
2026-01-16 23:55:00.000;4163;A320-251NEO;MAO;CNF;GIG;2026-01-17 00:41:45.120;TS;NSW
2026-01-17 00:05:00.000;4312;A320-251NEO;FOR;CNF;GIG;2026-01-17 00:51:45.120;TS;NSW
2026-01-17 00:05:00.000;2951;ERJ 195LR;CWB;CNF;GIG;2026-01-17 00:51:45.120;TS;NSW
2026-01-17 00:15:00.000;2643;ERJ;VCP;CNF;GIG;2026-01-17 01:01:45.120;TS;NSW
2026-01-17 01:10:00.000;2908;ERJ;CNF;SDU;GIG;2026-01-17 01:11:50.880;TS;NSW
2026-01-17 00:30:00.000;2935;ERJ;SDU;CNF;GIG;2026-01-17 01:16:45.120;TS;NSW
2026-01-17 01:15:00.000;6060;ERJ 195LR;CGH;SDU;GIG;2026-01-17 01:16:50.880;TS;NSW
2026-01-17 01:25:00.000;2884;ERJ;VCP;SDU;GIG;2026-01-17 01:26:50.880;TS;NSW
2026-01-17 00:45:00.000;2975;ERJ;BPS;CNF;GIG;2026-01-17 01:31:45.120;TS;NSW
2026-01-17 01:00:00.000;2573;A320-253NEO;REC;CNF;GIG;2026-01-17 01:46:45.120;TS;NSW
2026-01-17 01:10:00.000;4015;ERJ 195LR;SDU;CNF;GIG;2026-01-17 01:56:45.120;TS;NSW
2026-01-17 01:30:00.000;4752;ERJ;GIG;CNF;GIG;2026-01-17 02:16:45.120;TS;NSW
2026-01-17 01:35:00.000;4472;A320-251NEO;SSA;CNF;GIG;2026-01-17 02:21:45.120;TS;NSW
2026-01-17 01:45:00.000;4484;ERJ;VCP;CNF;GIG;2026-01-17 02:31:45.120;TS;NSW
2026-01-17 17:25:00.000;2365;A320-253NEO;FOR;CNF;GIG;2026-01-17 18:11:45.120;TSRA;NSW
2026-01-17 17:45:00.000;2729;ERJ;POA;CNF;GIG;2026-01-17 18:31:45.120;TSRA;NSW
2026-01-17 17:45:00.000;4117;ERJ;SDU;CNF;GIG;2026-01-17 18:31:45.120;TSRA;NSW
2026-01-17 18:15:00.000;9057;ERJ;REC;CNF;GIG;2026-01-17 19:01:45.120;TSRA;NSW
2026-01-17 18:30:00.000;6038;ERJ 195LR;CGH;CNF;GIG;2026-01-17 19:16:45.120;TSRA;NSW
2026-01-17 18:45:00.000;4667;ERJ 195LR;VCP;CNF;GIG;2026-01-17 19:31:45.120;TSRA;NSW
2026-01-17 19:35:00.000;2600;ERJ 195LR;CGH;SDU;GIG;2026-01-17 19:36:50.880;TSRA;NSW
2026-01-17 18:55:00.000;4205;ERJ 195LR;GIG;CNF;GIG;2026-01-17 19:41:45.120;TSRA;NSW
2026-01-17 19:10:00.000;4721;ERJ;BSB;CNF;GIG;2026-01-17 19:56:45.120;TSRA;NSW
2026-01-17 19:25:00.000;2425;ERJ;IOS;CNF;GIG;2026-01-17 20:11:45.120;TSRA;VCTS
2026-01-17 19:35:00.000;2587;A320-251NEO;BPS;CNF;GIG;2026-01-17 20:21:45.120;TSRA;VCTS
2026-01-17 19:50:00.000;2384;A320-251NEO;BPS;CNF;GIG;2026-01-17 20:36:45.120;TSRA;VCTS
2026-01-17 21:10:00.000;4305;ERJ;VCP;SDU;GIG;2026-01-17 21:11:50.880;TSRA;NSW
2026-01-17 21:30:00.000;6047;ERJ 195LR;CGH;SDU;GIG;2026-01-17 21:31:50.880;TSRA;NSW
2026-01-17 21:50:00.000;4751;ERJ;CNF;SDU;GIG;2026-01-17 21:51:50.880;TSRA;NSW
2026-01-17 21:20:00.000;2607;ERJ;VCP;CNF;GIG;2026-01-17 22:06:45.120;TSRA;NSW
2026-01-17 21:30:00.000;2523;A320-251NEO;AJU;CNF;GIG;2026-01-17 22:16:45.120;TSRA;NSW
2026-01-17 21:35:00.000;2930;A320-251NEO;REC;CNF;GIG;2026-01-17 22:21:45.120;TSRA;NSW
2026-01-17 22:30:00.000;2920;ERJ;VCP;CNF;GIG;2026-01-17 23:16:45.120;TSRA;NSW
2026-01-17 23:25:00.000;4014;ERJ;CNF;SDU;GIG;2026-01-17 23:26:50.880;TSRA;NSW
2026-01-17 22:50:00.000;9512;ERJ;BPS;CNF;GIG;2026-01-17 23:36:45.120;TSRA;NSW
2026-01-17 22:50:00.000;4289;ERJ;CPV;CNF;GIG;2026-01-17 23:36:45.120;TSRA;NSW
2026-01-17 22:55:00.000;4577;A320-251NEO;BEL;CNF;GIG;2026-01-17 23:41:45.120;TSRA;NSW
2026-01-17 23:05:00.000;2553;A320-251NEO;FOR;CNF;GIG;2026-01-17 23:51:45.120;TSRA;NSW
2026-01-17 23:05:00.000;2950;ERJ 195LR;VIX;CNF;GIG;2026-01-17 23:51:45.120;TSRA;NSW
2026-01-17 23:10:00.000;9235;ERJ;REC;CNF;GIG;2026-01-17 23:56:45.120;TSRA;NSW
2026-01-18 17:40:00.000;4205;ERJ 195LR;GIG;CNF;GIG;2026-01-18 18:26:45.120;TS;NSW
2026-01-18 18:05:00.000;4117;ERJ;SDU;CNF;GIG;2026-01-18 18:51:45.120;TS;NSW
2026-01-18 18:15:00.000;9057;ERJ;REC;CNF;GIG;2026-01-18 19:01:45.120;TS;NSW
2026-01-18 18:45:00.000;5031;ERJ 195LR;GRU;CNF;GIG;2026-01-18 19:31:45.120;TS;NSW
2026-01-18 19:25:00.000;2457;A320-251NEO;UNA;CNF;GIG;2026-01-18 20:11:45.120;TS;NSW
2026-01-18 19:25:00.000;2425;ERJ;IOS;CNF;GIG;2026-01-18 20:11:45.120;TS;NSW
2026-01-18 19:45:00.000;2354;ERJ;NVT;CNF;GIG;2026-01-18 20:31:45.120;TS;NSW
2026-01-18 19:55:00.000;4797;ERJ 195LR;CGH;CNF;GIG;2026-01-18 20:41:45.120;TS;NSW
2026-01-18 19:55:00.000;2962;ERJ;SSA;CNF;GIG;2026-01-18 20:41:45.120;TS;NSW
2026-01-18 20:45:00.000;4311;ERJ 195LR;GRU;SDU;GIG;2026-01-18 20:46:50.880;TS;NSW
2026-01-18 20:20:00.000;2893;ERJ;BPS;CNF;GIG;2026-01-18 21:06:45.120;TS;NSW
2026-01-18 21:10:00.000;4305;ERJ;VCP;SDU;GIG;2026-01-18 21:11:50.880;TS;NSW
2026-01-18 21:35:00.000;4915;ERJ 195LR;CGH;SDU;GIG;2026-01-18 21:36:50.880;TS;NSW
2026-01-18 21:05:00.000;2950;ERJ 195LR;VIX;CNF;GIG;2026-01-18 21:51:45.120;TS;NSW
2026-01-18 21:50:00.000;4751;ERJ;CNF;SDU;GIG;2026-01-18 21:51:50.880;TS;NSW
2026-01-18 21:20:00.000;4419;ERJ;CGB;CNF;GIG;2026-01-18 22:06:45.120;TS;NSW
2026-01-19 17:20:00.000;2553;A320-251NEO;FOR;CNF;GIG;2026-01-19 18:06:45.120;TSRA;RA VCTS
2026-01-19 18:10:00.000;6068;ERJ 195LR;CGH;SDU;GIG;2026-01-19 18:11:50.880;TSRA;RA VCTS
2026-01-19 17:45:00.000;2729;ERJ;POA;CNF;GIG;2026-01-19 18:31:45.120;TSRA;NSW
2026-01-19 18:05:00.000;5031;ERJ 195LR;GRU;CNF;GIG;2026-01-19 18:51:45.120;TSRA;NSW
2026-01-19 18:05:00.000;4117;ERJ;SDU;CNF;GIG;2026-01-19 18:51:45.120;TSRA;NSW
2026-01-19 18:35:00.000;4797;ERJ 195LR;CGH;CNF;GIG;2026-01-19 19:21:45.120;TSRA;NSW
2026-01-19 18:45:00.000;4957;ERJ;VCP;CNF;GIG;2026-01-19 19:31:45.120;TSRA;NSW
2026-01-19 19:45:00.000;5086;ERJ;VCP;SDU;GIG;2026-01-19 19:46:50.880;TSRA;NSW
2026-01-19 19:10:00.000;4721;ERJ;BSB;CNF;GIG;2026-01-19 19:56:45.120;TSRA;NSW
2026-01-19 20:00:00.000;2610;ERJ 195LR;CGH;SDU;GIG;2026-01-19 20:01:50.880;TSRA;NSW
2026-01-19 19:25:00.000;4609;ERJ;IOS;CNF;GIG;2026-01-19 20:11:45.120;TSRA;NSW
2026-01-19 19:30:00.000;6056;ERJ 195LR;CGH;CNF;GIG;2026-01-19 20:16:45.120;TSRA;NSW
2026-01-19 21:10:00.000;4305;ERJ;VCP;SDU;GIG;2026-01-19 21:11:50.880;TSRA;NSW
2026-01-19 20:30:00.000;6504;ERJ 195LR;CGH;CNF;GIG;2026-01-19 21:16:45.120;TSRA;NSW
2026-01-19 21:30:00.000;6047;ERJ 195LR;CGH;SDU;GIG;2026-01-19 21:31:50.880;TSRA;NSW
2026-01-19 20:50:00.000;2626;ERJ;BPS;CNF;GIG;2026-01-19 21:36:45.120;TSRA;NSW
2026-01-19 21:00:00.000;4419;ERJ;CGB;CNF;GIG;2026-01-19 21:46:45.120;TSRA;NSW
2026-01-19 21:20:00.000;2607;ERJ;VCP;CNF;GIG;2026-01-19 22:06:45.120;TSRA;-RA
2026-01-19 21:30:00.000;2950;ERJ;VIX;CNF;GIG;2026-01-19 22:16:45.120;TSRA;-RA
2026-01-19 21:35:00.000;2930;A320-251NEO;REC;CNF;GIG;2026-01-19 22:21:45.120;TSRA;-RA
2026-01-19 21:55:00.000;4205;ERJ 195LR;GIG;CNF;GIG;2026-01-19 22:41:45.120;TSRA;-RA
2026-01-19 22:45:00.000;4751;ERJ;CNF;SDU;GIG;2026-01-19 22:46:50.880;TSRA;-RA
2026-01-20 05:20:00.000;9021;A320-251NEO;GIG;CNF;GIG;2026-01-20 06:06:45.120;TSRA;-RA
2026-01-20 05:20:00.000;9112;A320-251NEO;VIX;CNF;GIG;2026-01-20 06:06:45.120;TSRA;-RA
2026-01-20 08:00:00.000;4290;A320-251NEO;MCZ;CNF;GIG;2026-01-20 08:46:45.120;TSRA;NSW
2026-01-20 08:05:00.000;4257;ERJ;CGB;CNF;GIG;2026-01-20 08:51:45.120;TSRA;NSW
2026-01-20 08:10:00.000;2879;ERJ;IMP;CNF;GIG;2026-01-20 08:56:45.120;TSRA;NSW
2026-01-20 08:15:00.000;4439;A320-251NEO;BEL;CNF;GIG;2026-01-20 09:01:45.120;TSRA;-RA
2026-01-20 08:20:00.000;4605;A320-251NEO;REC;CNF;GIG;2026-01-20 09:06:45.120;TSRA;-RA
2026-01-20 08:25:00.000;4370;A320-251NEO;SLZ;CNF;GIG;2026-01-20 09:11:45.120;TSRA;-RA
2026-01-20 08:30:00.000;4026;A320-251NEO;NAT;CNF;GIG;2026-01-20 09:16:45.120;TSRA;-RA
2026-01-20 08:40:00.000;2352;A320-251NEO;JPA;CNF;GIG;2026-01-20 09:26:45.120;TSRA;-RA
2026-01-20 10:05:00.000;2797;ERJ;VCP;SDU;GIG;2026-01-20 10:06:50.880;TSRA;-RA
2026-01-20 09:30:00.000;4599;A320-251NEO;RBR;CNF;GIG;2026-01-20 10:16:45.120;TSRA;-RA
2026-01-20 10:20:00.000;4039;ERJ;CNF;SDU;GIG;2026-01-20 10:21:50.880;TSRA;-RA
2026-01-20 10:35:00.000;4193;ERJ;GRU;SDU;GIG;2026-01-20 10:36:50.880;TSRA;-RA
2026-01-20 09:55:00.000;2604;ERJ;BSB;CNF;GIG;2026-01-20 10:41:45.120;TSRA;-RA
2026-01-20 10:00:00.000;4060;ERJ;CWB;CNF;GIG;2026-01-20 10:46:45.120;TSRA;-RA
2026-01-20 10:00:00.000;4553;ERJ;SSA;CNF;GIG;2026-01-20 10:46:45.120;TSRA;-RA
2026-01-20 10:05:00.000;4413;ERJ;VIX;CNF;GIG;2026-01-20 10:51:45.120;TSRA;-RA
2026-01-20 10:10:00.000;4522;ERJ;GRU;CNF;GIG;2026-01-20 10:56:45.120;TSRA;-RA
2026-01-20 10:15:00.000;2936;ERJ;SDU;CNF;GIG;2026-01-20 11:01:45.120;TSRA;BR
2026-01-20 10:15:00.000;2957;ERJ;GYN;CNF;GIG;2026-01-20 11:01:45.120;TSRA;BR
2026-01-20 10:20:00.000;4505;ERJ;GIG;CNF;GIG;2026-01-20 11:06:45.120;TSRA;BR
2026-01-20 10:20:00.000;4030;A320-253NEO;CGH;CNF;GIG;2026-01-20 11:06:45.120;TSRA;BR
2026-01-20 10:25:00.000;2909;A320-253NEO;POA;CNF;GIG;2026-01-20 11:11:45.120;TSRA;BR
2026-01-20 10:30:00.000;2967;ERJ;FLN;CNF;GIG;2026-01-20 11:16:45.120;TSRA;BR
2026-01-20 10:30:00.000;4043;A320-251NEO;VCP;CNF;GIG;2026-01-20 11:16:45.120;TSRA;BR
2026-01-20 11:50:00.000;6050;ERJ 195LR;CGH;SDU;GIG;2026-01-20 11:51:50.880;TSRA;BR
2026-01-25 14:15:00.000;2672;ERJ 195LR;VIX;CNF;GIG;2026-01-25 15:01:45.120;TSRA;NSW
2026-01-25 14:35:00.000;4570;ERJ;GRU;CNF;GIG;2026-01-25 15:21:45.120;TSRA;NSW
2026-01-25 14:40:00.000;5020;ERJ;CGH;CNF;GIG;2026-01-25 15:26:45.120;TSRA;NSW
2026-01-25 14:40:00.000;2802;A320-251NEO;REC;CNF;GIG;2026-01-25 15:26:45.120;TSRA;NSW
2026-01-25 14:45:00.000;4542;ERJ;CWB;CNF;GIG;2026-01-25 15:31:45.120;TSRA;NSW
2026-01-25 14:55:00.000;4016;ERJ 195LR;GYN;CNF;GIG;2026-01-25 15:41:45.120;TSRA;NSW
2026-01-25 15:40:00.000;4173;ERJ;VCP;SDU;GIG;2026-01-25 15:41:50.880;TSRA;NSW
2026-01-25 15:05:00.000;2475;A320-251NEO;BPS;CNF;GIG;2026-01-25 15:51:45.120;TSRA;NSW
2026-01-25 15:15:00.000;5068;ERJ;BSB;CNF;GIG;2026-01-25 16:01:45.120;TSRA;NSW
2026-01-25 16:00:00.000;2905;ERJ;CNF;SDU;GIG;2026-01-25 16:01:50.880;TSRA;NSW
2026-01-25 15:30:00.000;9003;ERJ;IOS;CNF;GIG;2026-01-25 16:16:45.120;TSRA;NSW
2026-01-25 15:50:00.000;2523;A320-251NEO;AJU;CNF;GIG;2026-01-25 16:36:45.120;TSRA;NSW
2026-01-25 15:55:00.000;4693;ERJ;SSA;CNF;GIG;2026-01-25 16:41:45.120;TSRA;NSW
2026-01-25 16:00:00.000;2395;ERJ;FLN;CNF;GIG;2026-01-25 16:46:45.120;TSRA;NSW
2026-01-25 16:55:00.000;6067;ERJ 195LR;CGH;SDU;GIG;2026-01-25 16:56:50.880;TSRA;NSW
2026-01-25 16:15:00.000;2433;A320-251NEO;POA;CNF;GIG;2026-01-25 17:01:45.120;TSRA;VCSH
2026-01-25 17:35:00.000;4204;ERJ;VCP;SDU;GIG;2026-01-25 17:36:50.880;TSRA;VCSH
2026-01-25 17:00:00.000;2445;A320-251NEO;JPA;CNF;GIG;2026-01-25 17:46:45.120;TSRA;VCSH
2026-01-25 17:50:00.000;4116;ERJ 195LR;CGH;SDU;GIG;2026-01-25 17:51:50.880;TSRA;VCSH
2026-01-26 17:15:00.000;9577;A320-251NEO;CKS;CNF;GIG;2026-01-26 18:01:45.120;TSRA;VCTS
2026-01-26 17:20:00.000;2553;A320-251NEO;FOR;CNF;GIG;2026-01-26 18:06:45.120;TSRA;VCTS
2026-01-26 18:10:00.000;6068;ERJ 195LR;CGH;SDU;GIG;2026-01-26 18:11:50.880;TSRA;VCTS
2026-01-26 17:45:00.000;2729;ERJ;POA;CNF;GIG;2026-01-26 18:31:45.120;TSRA;VCTS
2026-01-26 18:05:00.000;5031;ERJ;GRU;CNF;GIG;2026-01-26 18:51:45.120;TSRA;VCTS
2026-01-26 18:05:00.000;4117;ERJ;SDU;CNF;GIG;2026-01-26 18:51:45.120;TSRA;VCTS
2026-01-26 18:35:00.000;4797;ERJ 195LR;CGH;CNF;GIG;2026-01-26 19:21:45.120;TSRA;VCSH
2026-01-26 18:45:00.000;4957;ERJ;VCP;CNF;GIG;2026-01-26 19:31:45.120;TSRA;VCSH
2026-01-26 19:45:00.000;5086;ERJ;VCP;SDU;GIG;2026-01-26 19:46:50.880;TSRA;VCSH
2026-01-26 19:10:00.000;4721;ERJ;BSB;CNF;GIG;2026-01-26 19:56:45.120;TSRA;VCSH
2026-01-26 20:00:00.000;2610;ERJ 195LR;CGH;SDU;GIG;2026-01-26 20:01:50.880;TSRA;VCSH
2026-01-26 19:25:00.000;4609;ERJ;IOS;CNF;GIG;2026-01-26 20:11:45.120;TSRA;VCSH
2026-01-26 19:30:00.000;6056;ERJ 195LR;CGH;CNF;GIG;2026-01-26 20:16:45.120;TSRA;VCSH
2026-01-27 17:20:00.000;2545;A320-251NEO;FOR;CNF;GIG;2026-01-27 18:06:45.120;TSRA;VCTS
2026-01-27 18:10:00.000;6068;ERJ 195LR;CGH;SDU;GIG;2026-01-27 18:11:50.880;TSRA;VCTS
2026-01-27 17:45:00.000;2729;ERJ;POA;CNF;GIG;2026-01-27 18:31:45.120;TSRA;VCTS
2026-01-27 18:05:00.000;5031;ERJ 195LR;GRU;CNF;GIG;2026-01-27 18:51:45.120;TSRA;VCTS
2026-01-27 18:05:00.000;4117;ERJ;SDU;CNF;GIG;2026-01-27 18:51:45.120;TSRA;VCTS
2026-01-27 18:35:00.000;4797;ERJ 195LR;CGH;CNF;GIG;2026-01-27 19:21:45.120;TSRA;VCTS
2026-01-27 18:45:00.000;4251;ERJ 195LR;MOC;CNF;GIG;2026-01-27 19:31:45.120;TSRA;VCTS
2026-01-27 18:45:00.000;4957;ERJ;VCP;CNF;GIG;2026-01-27 19:31:45.120;TSRA;VCTS
2026-01-27 19:45:00.000;5086;ERJ;VCP;SDU;GIG;2026-01-27 19:46:50.880;TSRA;VCTS
2026-01-27 20:00:00.000;2610;ERJ 195LR;CGH;SDU;GIG;2026-01-27 20:01:50.880;TSRA;VCTS
2026-01-27 19:25:00.000;4609;ERJ;IOS;CNF;GIG;2026-01-27 20:11:45.120;TSRA;VCTS
2026-01-27 19:30:00.000;6056;ERJ 195LR;CGH;CNF;GIG;2026-01-27 20:16:45.120;TSRA;VCTS
2026-01-27 19:45:00.000;2354;ERJ;NVT;CNF;GIG;2026-01-27 20:31:45.120;TSRA;VCTS
2026-01-29 17:20:00.000;2545;A320-253NEO;FOR;CNF;GIG;2026-01-29 18:06:45.120;TSRA;NSW
2026-01-29 17:45:00.000;2729;ERJ;POA;CNF;GIG;2026-01-29 18:31:45.120;TSRA;NSW
2026-01-29 18:05:00.000;5031;ERJ;GRU;CNF;GIG;2026-01-29 18:51:45.120;TSRA;NSW
2026-01-29 18:05:00.000;4117;ERJ;SDU;CNF;GIG;2026-01-29 18:51:45.120;TSRA;NSW
2026-01-29 19:05:00.000;6068;ERJ 195LR;CGH;SDU;GIG;2026-01-29 19:06:50.880;TSRA;VCTS
2026-01-29 18:35:00.000;6056;ERJ 195LR;CGH;CNF;GIG;2026-01-29 19:21:45.120;TSRA;VCTS
2026-01-29 18:45:00.000;4957;ERJ;VCP;CNF;GIG;2026-01-29 19:31:45.120;TSRA;VCTS
2026-01-29 19:45:00.000;5086;ERJ;VCP;SDU;GIG;2026-01-29 19:46:50.880;TSRA;VCTS
2026-01-29 19:10:00.000;4721;ERJ 195LR;BSB;CNF;GIG;2026-01-29 19:56:45.120;TSRA;VCTS
2026-01-29 19:25:00.000;2425;ERJ;IOS;CNF;GIG;2026-01-29 20:11:45.120;TSRA;VCSH VCTS
2026-01-29 20:20:00.000;2610;ERJ 195LR;CGH;SDU;GIG;2026-01-29 20:21:50.880;TSRA;VCSH VCTS
2026-01-29 20:00:00.000;4797;ERJ 195LR;CGH;CNF;GIG;2026-01-29 20:46:45.120;TSRA;VCSH VCTS
2026-01-29 20:05:00.000;6504;ERJ 195LR;CGH;CNF;GIG;2026-01-29 20:51:45.120;TSRA;VCSH VCTS
2026-01-29 21:10:00.000;4305;ERJ;VCP;SDU;GIG;2026-01-29 21:11:50.880;TSRA;VCSH
2026-01-29 20:50:00.000;2626;A320-251NEO;BPS;CNF;GIG;2026-01-29 21:36:45.120;TSRA;VCSH
2026-01-29 21:00:00.000;4419;ERJ;CGB;CNF;GIG;2026-01-29 21:46:45.120;TSRA;VCSH
2026-01-29 21:20:00.000;2607;ERJ;VCP;CNF;GIG;2026-01-29 22:06:45.120;TSRA;VCSH
2026-01-29 21:30:00.000;2950;ERJ;VIX;CNF;GIG;2026-01-29 22:16:45.120;TSRA;VCSH
2026-01-29 21:35:00.000;2930;A320-251NEO;REC;CNF;GIG;2026-01-29 22:21:45.120;TSRA;VCSH
2026-01-29 21:40:00.000;4289;ERJ;CPV;CNF;GIG;2026-01-29 22:26:45.120;TSRA;VCSH
2026-01-29 21:55:00.000;4205;ERJ 195LR;GIG;CNF;GIG;2026-01-29 22:41:45.120;TSRA;VCSH
2026-01-29 22:45:00.000;4751;ERJ;CNF;SDU;GIG;2026-01-29 22:46:50.880;TSRA;VCSH
2026-02-01 18:05:00.000;4117;ERJ;SDU;CNF;GIG;2026-02-01 18:51:45.120;TS;NSW
2026-02-01 18:45:00.000;5031;ERJ;GRU;CNF;GIG;2026-02-01 19:31:45.120;TS;VCSH
2026-02-01 19:00:00.000;2987;ERJ;SDU;CNF;GIG;2026-02-01 19:46:45.120;TS;VCSH
2026-02-02 20:00:00.000;2986;ERJ;CNF;SDU;GIG;2026-02-02 20:01:50.880;TS;NSW
2026-02-02 19:25:00.000;4609;ERJ;IOS;CNF;GIG;2026-02-02 20:11:45.120;TS;NSW
2026-02-02 20:05:00.000;4797;ERJ 195LR;CGH;CNF;GIG;2026-02-02 20:51:45.120;TS;NSW
2026-02-02 20:05:00.000;2962;A320-251NEO;SSA;CNF;GIG;2026-02-02 20:51:45.120;TS;NSW
2026-02-02 21:20:00.000;4305;ERJ;VCP;SDU;GIG;2026-02-02 21:21:50.880;TS;NSW
2026-02-02 20:50:00.000;2626;ERJ;BPS;CNF;GIG;2026-02-02 21:36:45.120;TS;NSW
2026-02-02 20:50:00.000;4419;ERJ;CGB;CNF;GIG;2026-02-02 21:36:45.120;TS;NSW
2026-02-02 21:40:00.000;6047;ERJ 195LR;CGH;SDU;GIG;2026-02-02 21:41:50.880;TS;NSW
2026-02-03 19:25:00.000;4609;ERJ;IOS;CNF;GIG;2026-02-03 20:11:45.120;TSRA;VCTS
2026-02-03 19:40:00.000;2354;ERJ;NVT;CNF;GIG;2026-02-03 20:26:45.120;TSRA;VCTS
2026-02-03 20:05:00.000;4797;ERJ 195LR;CGH;CNF;GIG;2026-02-03 20:51:45.120;TSRA;VCTS
2026-02-03 20:05:00.000;2962;A320-251NEO;SSA;CNF;GIG;2026-02-03 20:51:45.120;TSRA;VCTS
2026-02-03 21:20:00.000;4305;ERJ;VCP;SDU;GIG;2026-02-03 21:21:50.880;TSRA;NSW
2026-02-03 20:50:00.000;4419;ERJ;CGB;CNF;GIG;2026-02-03 21:36:45.120;TSRA;NSW
2026-02-03 20:50:00.000;2626;A320-253NEO;BPS;CNF;GIG;2026-02-03 21:36:45.120;TSRA;NSW
2026-02-03 21:40:00.000;6047;ERJ 195LR;CGH;SDU;GIG;2026-02-03 21:41:50.880;TSRA;NSW
2026-02-03 21:20:00.000;4289;ERJ;CPV;CNF;GIG;2026-02-03 22:06:45.120;TSRA;NSW
2026-02-03 21:30:00.000;2950;ERJ;VIX;CNF;GIG;2026-02-03 22:16:45.120;TSRA;NSW
2026-02-03 21:30:00.000;2930;A320-253NEO;REC;CNF;GIG;2026-02-03 22:16:45.120;TSRA;NSW
2026-02-03 21:35:00.000;5070;ERJ;CGH;CNF;GIG;2026-02-03 22:21:45.120;TSRA;NSW
2026-02-03 22:40:00.000;4751;ERJ;CNF;SDU;GIG;2026-02-03 22:41:50.880;TSRA;NSW
2026-02-03 22:45:00.000;4915;ERJ 195LR;CGH;SDU;GIG;2026-02-03 22:46:50.880;TSRA;NSW
2026-02-03 22:35:00.000;2811;A320-251NEO;CKS;CNF;GIG;2026-02-03 23:21:45.120;TSRA;NSW
2026-02-03 23:25:00.000;2917;ERJ;VCP;SDU;GIG;2026-02-03 23:26:50.880;TSRA;NSW
2026-02-03 22:45:00.000;2856;ERJ;CGH;CNF;GIG;2026-02-03 23:31:45.120;TSRA;NSW
2026-02-03 22:45:00.000;2387;A320-251NEO;POA;CNF;GIG;2026-02-03 23:31:45.120;TSRA;NSW
2026-02-03 22:55:00.000;4577;A320-251NEO;BEL;CNF;GIG;2026-02-03 23:41:45.120;TSRA;NSW
2026-02-03 23:10:00.000;4471;ERJ 195LR;MOC;CNF;GIG;2026-02-03 23:56:45.120;TSRA;NSW
2026-02-03 23:20:00.000;2576;A320-251NEO;MCZ;CNF;GIG;2026-02-04 00:06:45.120;TSRA;NSW
2026-02-03 23:25:00.000;2349;ERJ;JJD;CNF;GIG;2026-02-04 00:11:45.120;TSRA;NSW
2026-02-03 23:35:00.000;4547;ERJ;GRU;CNF;GIG;2026-02-04 00:21:45.120;TSRA;NSW
2026-02-03 23:35:00.000;2645;ERJ;REC;CNF;GIG;2026-02-04 00:21:45.120;TSRA;NSW
2026-02-03 23:40:00.000;4012;ERJ;AJU;CNF;GIG;2026-02-04 00:26:45.120;TSRA;NSW
2026-02-03 23:40:00.000;4298;A320-251NEO;THE;CNF;GIG;2026-02-04 00:26:45.120;TSRA;NSW
2026-02-03 23:45:00.000;4185;ERJ;GYN;CNF;GIG;2026-02-04 00:31:45.120;TSRA;NSW
2026-02-03 23:50:00.000;4787;A320-251NEO;BEL;CNF;GIG;2026-02-04 00:36:45.120;TSRA;NSW
2026-02-03 23:50:00.000;4267;A320-251NEO;REC;CNF;GIG;2026-02-04 00:36:45.120;TSRA;NSW
2026-02-03 23:55:00.000;4163;A320-251NEO;MAO;CNF;GIG;2026-02-04 00:41:45.120;TSRA;NSW
2026-02-04 00:00:00.000;4312;A320-251NEO;FOR;CNF;GIG;2026-02-04 00:46:45.120;TSRA;NSW
2026-02-04 00:05:00.000;2951;ERJ;CWB;CNF;GIG;2026-02-04 00:51:45.120;TSRA;NSW
2026-02-04 00:15:00.000;2643;ERJ;VCP;CNF;GIG;2026-02-04 01:01:45.120;TSRA;NSW
2026-02-04 00:25:00.000;6061;ERJ 195LR;CGH;CNF;GIG;2026-02-04 01:11:45.120;TSRA;NSW
2026-02-04 00:25:00.000;2935;ERJ;SDU;CNF;GIG;2026-02-04 01:11:45.120;TSRA;NSW
2026-02-04 01:10:00.000;2908;ERJ;CNF;SDU;GIG;2026-02-04 01:11:50.880;TSRA;NSW
2026-02-04 01:20:00.000;6060;ERJ 195LR;CGH;SDU;GIG;2026-02-04 01:21:50.880;TSRA;NSW
2026-02-04 01:25:00.000;2884;ERJ;VCP;SDU;GIG;2026-02-04 01:26:50.880;TSRA;NSW
2026-02-04 00:45:00.000;2975;A320-253NEO;BPS;CNF;GIG;2026-02-04 01:31:45.120;TSRA;NSW
2026-02-04 01:00:00.000;2573;A320-251NEO;REC;CNF;GIG;2026-02-04 01:46:45.120;TSRA;NSW
2026-02-04 01:00:00.000;4752;ERJ;GIG;CNF;GIG;2026-02-04 01:46:45.120;TSRA;NSW
2026-02-04 01:05:00.000;4472;A320-251NEO;SSA;CNF;GIG;2026-02-04 01:51:45.120;TSRA;NSW
2026-02-04 01:05:00.000;2756;ERJ;VIX;CNF;GIG;2026-02-04 01:51:45.120;TSRA;NSW
2026-02-04 17:15:00.000;2649;A320-251NEO;JPA;CNF;GIG;2026-02-04 18:01:45.120;TS;-RA
2026-02-04 17:30:00.000;4205;ERJ;GIG;CNF;GIG;2026-02-04 18:16:45.120;TS;-RA
2026-02-04 17:30:00.000;9806;ERJ;SDU;CNF;GIG;2026-02-04 18:16:45.120;TS;-RA
2026-02-04 18:15:00.000;6067;ERJ 195LR;CGH;SDU;GIG;2026-02-04 18:16:50.880;TS;-RA
2026-02-04 18:00:00.000;6068;ERJ 195LR;CGH;CNF;GIG;2026-02-04 18:46:45.120;TS;-RA
2026-02-04 18:05:00.000;5031;ERJ;GRU;CNF;GIG;2026-02-04 18:51:45.120;TS;-RA
2026-02-04 18:05:00.000;4117;ERJ;SDU;CNF;GIG;2026-02-04 18:51:45.120;TS;-RA
2026-02-04 18:40:00.000;4957;ERJ 195LR;VCP;CNF;GIG;2026-02-04 19:26:45.120;TS;-RA
2026-02-04 19:00:00.000;4008;ERJ 195LR;CGH;CNF;GIG;2026-02-04 19:46:45.120;TS;-RA
2026-02-04 19:45:00.000;5086;ERJ;VCP;SDU;GIG;2026-02-04 19:46:50.880;TS;-RA
2026-02-04 19:50:00.000;2610;ERJ;CGH;SDU;GIG;2026-02-04 19:51:50.880;TS;-RA
2026-02-04 19:10:00.000;4721;ERJ;BSB;CNF;GIG;2026-02-04 19:56:45.120;TS;-RA
2026-02-04 20:00:00.000;2986;ERJ;CNF;SDU;GIG;2026-02-04 20:01:50.880;TS;NSW
2026-02-04 19:20:00.000;4180;A320-253NEO;UDI;CNF;GIG;2026-02-04 20:06:45.120;TS;NSW
2026-02-04 19:25:00.000;4609;ERJ;IOS;CNF;GIG;2026-02-04 20:11:45.120;TS;NSW
2026-02-04 20:05:00.000;4797;ERJ 195LR;CGH;CNF;GIG;2026-02-04 20:51:45.120;TS;NSW
2026-02-04 20:05:00.000;2962;A320-251NEO;SSA;CNF;GIG;2026-02-04 20:51:45.120;TS;NSW
2026-02-04 21:20:00.000;4305;ERJ 195LR;VCP;SDU;GIG;2026-02-04 21:21:50.880;TS;NSW
2026-02-04 20:50:00.000;4419;ERJ;CGB;CNF;GIG;2026-02-04 21:36:45.120;TS;NSW
2026-02-04 20:50:00.000;2626;ERJ;BPS;CNF;GIG;2026-02-04 21:36:45.120;TS;NSW
2026-02-04 21:40:00.000;6047;ERJ 195LR;CGH;SDU;GIG;2026-02-04 21:41:50.880;TS;NSW
2026-02-04 21:30:00.000;2950;ERJ;VIX;CNF;GIG;2026-02-04 22:16:45.120;TS;NSW
2026-02-04 21:30:00.000;2930;ERJ;REC;CNF;GIG;2026-02-04 22:16:45.120;TS;NSW
2026-02-04 21:35:00.000;9579;A320-251NEO;CKS;CNF;GIG;2026-02-04 22:21:45.120;TS;NSW
2026-02-04 21:35:00.000;5070;ERJ;CGH;CNF;GIG;2026-02-04 22:21:45.120;TS;NSW
2026-02-04 21:45:00.000;2987;ERJ;SDU;CNF;GIG;2026-02-04 22:31:45.120;TS;NSW
2026-02-04 22:40:00.000;4751;ERJ;CNF;SDU;GIG;2026-02-04 22:41:50.880;TS;NSW
2026-02-04 22:45:00.000;4915;ERJ 195LR;CGH;SDU;GIG;2026-02-04 22:46:50.880;TS;NSW
2026-02-05 17:15:00.000;2649;A320-251NEO;JPA;CNF;GIG;2026-02-05 18:01:45.120;TSRA;NSW
2026-02-05 17:20:00.000;2545;A320-251NEO;FOR;CNF;GIG;2026-02-05 18:06:45.120;TSRA;NSW
2026-02-05 17:30:00.000;4205;ERJ;GIG;CNF;GIG;2026-02-05 18:16:45.120;TSRA;NSW
2026-02-05 18:05:00.000;5031;ERJ;GRU;CNF;GIG;2026-02-05 18:51:45.120;TSRA;NSW
2026-02-05 18:05:00.000;4117;ERJ;SDU;CNF;GIG;2026-02-05 18:51:45.120;TSRA;NSW
2026-02-05 21:20:00.000;4305;ERJ;VCP;SDU;GIG;2026-02-05 21:21:50.880;TSRA;NSW
2026-02-05 20:50:00.000;4419;ERJ 195LR;CGB;CNF;GIG;2026-02-05 21:36:45.120;TSRA;NSW
2026-02-05 20:50:00.000;2626;A320-253NEO;BPS;CNF;GIG;2026-02-05 21:36:45.120;TSRA;NSW
2026-02-06 17:15:00.000;2649;ERJ;JPA;CNF;GIG;2026-02-06 18:01:45.120;TSRA;NSW
2026-02-06 18:15:00.000;6067;ERJ 195LR;CGH;SDU;GIG;2026-02-06 18:16:50.880;TSRA;NSW
2026-02-06 18:00:00.000;6068;ERJ 195LR;CGH;CNF;GIG;2026-02-06 18:46:45.120;TSRA;NSW
2026-02-06 18:05:00.000;5031;ERJ;GRU;CNF;GIG;2026-02-06 18:51:45.120;TSRA;NSW
2026-02-06 18:05:00.000;4117;ERJ;SDU;CNF;GIG;2026-02-06 18:51:45.120;TSRA;NSW
2026-02-06 18:40:00.000;4957;ERJ;VCP;CNF;GIG;2026-02-06 19:26:45.120;TSRA;VCSH
2026-02-06 19:00:00.000;4008;ERJ 195LR;CGH;CNF;GIG;2026-02-06 19:46:45.120;TSRA;VCSH
2026-02-06 19:45:00.000;5086;ERJ;VCP;SDU;GIG;2026-02-06 19:46:50.880;TSRA;VCSH
2026-02-06 19:50:00.000;2610;ERJ 195LR;CGH;SDU;GIG;2026-02-06 19:51:50.880;TSRA;VCSH
2026-02-06 19:10:00.000;4721;ERJ;BSB;CNF;GIG;2026-02-06 19:56:45.120;TSRA;VCSH
2026-02-06 21:20:00.000;4305;ERJ;VCP;SDU;GIG;2026-02-06 21:21:50.880;TSRA;-RA
2026-02-06 20:50:00.000;4419;ERJ;CGB;CNF;GIG;2026-02-06 21:36:45.120;TSRA;-RA
2026-02-06 20:50:00.000;2626;ERJ 195LR;BPS;CNF;GIG;2026-02-06 21:36:45.120;TSRA;-RA
2026-02-06 21:40:00.000;6047;ERJ 195LR;CGH;SDU;GIG;2026-02-06 21:41:50.880;TSRA;-RA
2026-02-06 21:30:00.000;2950;ERJ 195LR;VIX;CNF;GIG;2026-02-06 22:16:45.120;TSRA;NSW
2026-02-06 21:30:00.000;2930;A320-251NEO;REC;CNF;GIG;2026-02-06 22:16:45.120;TSRA;NSW
2026-02-06 21:35:00.000;9579;A320-251NEO;CKS;CNF;GIG;2026-02-06 22:21:45.120;TSRA;NSW
2026-02-06 21:35:00.000;5070;ERJ;CGH;CNF;GIG;2026-02-06 22:21:45.120;TSRA;NSW
2026-02-06 22:40:00.000;4751;ERJ;CNF;SDU;GIG;2026-02-06 22:41:50.880;TSRA;NSW
2026-02-06 22:45:00.000;4915;ERJ 195LR;CGH;SDU;GIG;2026-02-06 22:46:50.880;TSRA;NSW
2026-02-06 22:35:00.000;2811;A320-251NEO;CKS;CNF;GIG;2026-02-06 23:21:45.120;TSRA;NSW
2026-02-06 23:20:00.000;2986;ERJ;CNF;SDU;GIG;2026-02-06 23:21:50.880;TSRA;NSW
2026-02-06 22:40:00.000;2856;ERJ;CGH;CNF;GIG;2026-02-06 23:26:45.120;TSRA;NSW
2026-02-06 23:25:00.000;2917;ERJ;VCP;SDU;GIG;2026-02-06 23:26:50.880;TSRA;NSW
2026-02-06 22:45:00.000;2387;A320-253NEO;POA;CNF;GIG;2026-02-06 23:31:45.120;TSRA;NSW
2026-02-06 22:55:00.000;4577;A320-251NEO;BEL;CNF;GIG;2026-02-06 23:41:45.120;TSRA;NSW
2026-02-07 22:20:00.000;2626;ERJ;BPS;CNF;GIG;2026-02-07 23:06:45.120;TSRA;-RA
2026-02-07 22:30:00.000;2920;ERJ;VCP;CNF;GIG;2026-02-07 23:16:45.120;TSRA;-RA
2026-02-07 22:55:00.000;4289;ERJ;CPV;CNF;GIG;2026-02-07 23:41:45.120;TSRA;-RA
2026-02-07 23:05:00.000;2545;A320-251NEO;FOR;CNF;GIG;2026-02-07 23:51:45.120;TSRA;-RA
2026-02-07 23:05:00.000;2950;ERJ 195LR;VIX;CNF;GIG;2026-02-07 23:51:45.120;TSRA;-RA
2026-02-07 23:15:00.000;2702;ERJ;NAT;CNF;GIG;2026-02-08 00:01:45.120;TSRA;NSW
2026-02-07 23:20:00.000;2427;A320-251NEO;BPS;CNF;GIG;2026-02-08 00:06:45.120;TSRA;NSW
2026-02-07 23:25:00.000;2349;ERJ;JJD;CNF;GIG;2026-02-08 00:11:45.120;TSRA;NSW
2026-02-07 23:25:00.000;4454;ERJ 195LR;CGH;CNF;GIG;2026-02-08 00:11:45.120;TSRA;NSW
2026-02-07 23:30:00.000;4547;ERJ;GRU;CNF;GIG;2026-02-08 00:16:45.120;TSRA;NSW
2026-02-07 23:35:00.000;2645;ERJ;REC;CNF;GIG;2026-02-08 00:21:45.120;TSRA;NSW
2026-02-07 23:40:00.000;2935;ERJ;SDU;CNF;GIG;2026-02-08 00:26:45.120;TSRA;NSW
2026-02-07 23:40:00.000;2473;A320-251NEO;REC;CNF;GIG;2026-02-08 00:26:45.120;TSRA;NSW
2026-02-07 23:55:00.000;4163;A320-253NEO;MAO;CNF;GIG;2026-02-08 00:41:45.120;TSRA;NSW
2026-02-07 23:55:00.000;4298;A320-251NEO;THE;CNF;GIG;2026-02-08 00:41:45.120;TSRA;NSW
2026-02-08 00:15:00.000;2576;ERJ;MCZ;CNF;GIG;2026-02-08 01:01:45.120;TSRA;NSW
2026-02-08 00:15:00.000;2643;ERJ;VCP;CNF;GIG;2026-02-08 01:01:45.120;TSRA;NSW
2026-02-08 00:20:00.000;2445;A320-251NEO;JPA;CNF;GIG;2026-02-08 01:06:45.120;TSRA;NSW
2026-02-08 00:25:00.000;4185;ERJ;GYN;CNF;GIG;2026-02-08 01:11:45.120;TSRA;NSW
2026-02-08 01:20:00.000;2908;ERJ;CNF;SDU;GIG;2026-02-08 01:21:50.880;TSRA;NSW
2026-02-08 00:40:00.000;2809;ERJ 195LR;SDU;CNF;GIG;2026-02-08 01:26:45.120;TSRA;NSW
2026-02-08 01:25:00.000;2884;ERJ;VCP;SDU;GIG;2026-02-08 01:26:50.880;TSRA;NSW
2026-02-08 00:50:00.000;9356;ERJ;SLZ;CNF;GIG;2026-02-08 01:36:45.120;TSRA;NSW
2026-02-08 01:00:00.000;2562;A320-251NEO;NAT;CNF;GIG;2026-02-08 01:46:45.120;TSRA;NSW
2026-02-08 01:05:00.000;4472;A320-251NEO;SSA;CNF;GIG;2026-02-08 01:51:45.120;TSRA;NSW
2026-02-08 01:40:00.000;4484;ERJ;VCP;CNF;GIG;2026-02-08 02:26:45.120;TSRA;NSW
2026-02-08 08:00:00.000;2436;A320-251NEO;MCZ;CNF;GIG;2026-02-08 08:46:45.120;TSRA;-RA
2026-02-08 08:10:00.000;4088;A320-251NEO;MAB;CNF;GIG;2026-02-08 08:56:45.120;TSRA;-RA
2026-02-08 08:10:00.000;2879;ERJ;IMP;CNF;GIG;2026-02-08 08:56:45.120;TSRA;-RA
2026-02-08 08:25:00.000;4370;A320-251NEO;SLZ;CNF;GIG;2026-02-08 09:11:45.120;TSRA;NSW
2026-02-08 08:35:00.000;2761;ERJ;FOR;CNF;GIG;2026-02-08 09:21:45.120;TSRA;NSW
2026-02-08 08:45:00.000;2542;A320-251NEO;NAT;CNF;GIG;2026-02-08 09:31:45.120;TSRA;NSW
2026-02-08 08:55:00.000;4439;A320-251NEO;BEL;CNF;GIG;2026-02-08 09:41:45.120;TSRA;NSW
2026-02-08 16:15:00.000;2433;A320-251NEO;POA;CNF;GIG;2026-02-08 17:01:45.120;TSRA;NSW
2026-02-08 16:25:00.000;2787;ERJ;IGU;CNF;GIG;2026-02-08 17:11:45.120;TSRA;NSW
2026-02-08 17:20:00.000;2986;ERJ 195LR;CNF;SDU;GIG;2026-02-08 17:21:50.880;TSRA;NSW
2026-02-08 18:45:00.000;5031;ERJ;GRU;CNF;GIG;2026-02-08 19:31:45.120;TSRA;-RA
2026-02-08 19:00:00.000;2987;ERJ 195LR;SDU;CNF;GIG;2026-02-08 19:46:45.120;TSRA;-RA
2026-02-08 19:25:00.000;2457;A320-253NEO;UNA;CNF;GIG;2026-02-08 20:11:45.120;TSRA;-RA
2026-02-08 19:25:00.000;2425;ERJ;IOS;CNF;GIG;2026-02-08 20:11:45.120;TSRA;-RA
2026-02-08 20:20:00.000;4311;ERJ 195LR;GRU;SDU;GIG;2026-02-08 20:21:50.880;TSRA;-RA
2026-02-08 19:40:00.000;2354;ERJ;NVT;CNF;GIG;2026-02-08 20:26:45.120;TSRA;-RA
2026-02-08 19:55:00.000;4797;ERJ 195LR;CGH;CNF;GIG;2026-02-08 20:41:45.120;TSRA;-RA
2026-02-08 20:00:00.000;2962;ERJ;SSA;CNF;GIG;2026-02-08 20:46:45.120;TSRA;-RA
2026-02-08 20:20:00.000;2893;ERJ;BPS;CNF;GIG;2026-02-08 21:06:45.120;TSRA;-RA BR
2026-02-08 21:20:00.000;4305;ERJ;VCP;SDU;GIG;2026-02-08 21:21:50.880;TSRA;-RA BR
2026-02-08 20:50:00.000;4419;ERJ;CGB;CNF;GIG;2026-02-08 21:36:45.120;TSRA;-RA BR
2026-02-08 21:45:00.000;4915;ERJ 195LR;CGH;SDU;GIG;2026-02-08 21:46:50.880;TSRA;-RA BR
2026-02-08 21:05:00.000;2950;ERJ 195LR;VIX;CNF;GIG;2026-02-08 21:51:45.120;TSRA;-RA BR
2026-02-08 21:50:00.000;4751;ERJ;CNF;SDU;GIG;2026-02-08 21:51:50.880;TSRA;-RA BR
2026-02-08 23:15:00.000;2576;A320-251NEO;MCZ;CNF;GIG;2026-02-09 00:01:45.120;TSRA;-RA BR
2026-02-08 23:25:00.000;2349;ERJ;JJD;CNF;GIG;2026-02-09 00:11:45.120;TSRA;-RA BR
2026-02-08 23:30:00.000;4547;ERJ;GRU;CNF;GIG;2026-02-09 00:16:45.120;TSRA;-RA BR
2026-02-08 23:35:00.000;2545;A320-251NEO;FOR;CNF;GIG;2026-02-09 00:21:45.120;TSRA;-RA BR
2026-02-08 23:35:00.000;2645;ERJ;REC;CNF;GIG;2026-02-09 00:21:45.120;TSRA;-RA BR
2026-02-08 23:40:00.000;4521;ERJ;BSB;CNF;GIG;2026-02-09 00:26:45.120;TSRA;-RA BR
2026-02-08 23:40:00.000;4298;ERJ;THE;CNF;GIG;2026-02-09 00:26:45.120;TSRA;-RA BR
2026-02-08 23:45:00.000;4185;ERJ;GYN;CNF;GIG;2026-02-09 00:31:45.120;TSRA;-RA BR
2026-02-08 23:45:00.000;4456;ERJ;CGH;CNF;GIG;2026-02-09 00:31:45.120;TSRA;-RA BR
2026-02-08 23:50:00.000;4267;A320-251NEO;REC;CNF;GIG;2026-02-09 00:36:45.120;TSRA;-RA BR
2026-02-08 23:55:00.000;2935;ERJ;SDU;CNF;GIG;2026-02-09 00:41:45.120;TSRA;-RA BR
2026-02-09 00:15:00.000;2643;ERJ;VCP;CNF;GIG;2026-02-09 01:01:45.120;TSRA;-RA BR
2026-02-09 00:20:00.000;4163;A320-253NEO;MAO;CNF;GIG;2026-02-09 01:06:45.120;TSRA;-RA BR
2026-02-09 00:20:00.000;2626;ERJ;BPS;CNF;GIG;2026-02-09 01:06:45.120;TSRA;-RA BR
2026-02-09 01:05:00.000;2711;ERJ 195LR;VCP;SDU;GIG;2026-02-09 01:06:50.880;TSRA;-RA BR
2026-02-09 00:30:00.000;4752;ERJ 195LR;GIG;CNF;GIG;2026-02-09 01:16:45.120;TSRA;-RA BR
2026-02-09 01:20:00.000;2980;ERJ 195LR;CGH;SDU;GIG;2026-02-09 01:21:50.880;TSRA;-RA BR
2026-02-09 01:20:00.000;2908;ERJ;CNF;SDU;GIG;2026-02-09 01:21:50.880;TSRA;-RA BR
2026-02-09 01:25:00.000;2884;ERJ;VCP;SDU;GIG;2026-02-09 01:26:50.880;TSRA;-RA BR
2026-02-09 00:50:00.000;2446;A320-253NEO;SSA;CNF;GIG;2026-02-09 01:36:45.120;TSRA;-RA BR
2026-02-09 01:00:00.000;2573;A320-251NEO;REC;CNF;GIG;2026-02-09 01:46:45.120;TSRA;-RA BR
2026-02-09 01:00:00.000;4787;A320-251NEO;CKS;CNF;GIG;2026-02-09 01:46:45.120;TSRA;-RA BR
2026-02-09 01:40:00.000;4484;ERJ;VCP;CNF;GIG;2026-02-09 02:26:45.120;TSRA;-RA BR
2026-02-09 01:45:00.000;2561;A320-251NEO;NAT;CNF;GIG;2026-02-09 02:31:45.120;TSRA;-RA BR
2026-02-09 08:15:00.000;4439;A320-253NEO;BEL;CNF;GIG;2026-02-09 09:01:45.120;TSRA;NSW
2026-02-09 08:15:00.000;4409;ERJ;PMW;CNF;GIG;2026-02-09 09:01:45.120;TSRA;NSW
2026-02-09 08:20:00.000;4605;A320-251NEO;REC;CNF;GIG;2026-02-09 09:06:45.120;TSRA;NSW
2026-02-09 08:25:00.000;4370;A320-251NEO;SLZ;CNF;GIG;2026-02-09 09:11:45.120;TSRA;NSW
2026-02-09 08:30:00.000;4026;A320-251NEO;NAT;CNF;GIG;2026-02-09 09:16:45.120;TSRA;NSW
2026-02-09 10:05:00.000;2797;ERJ;VCP;SDU;GIG;2026-02-09 10:06:50.880;TSRA;NSW
2026-02-09 09:35:00.000;4599;A320-253NEO;RBR;CNF;GIG;2026-02-09 10:21:45.120;TSRA;NSW
2026-02-09 10:20:00.000;4039;ERJ;CNF;SDU;GIG;2026-02-09 10:21:50.880;TSRA;NSW
2026-02-09 10:35:00.000;4193;ERJ 195LR;GRU;SDU;GIG;2026-02-09 10:36:50.880;TSRA;NSW
2026-02-09 09:55:00.000;2604;ERJ;BSB;CNF;GIG;2026-02-09 10:41:45.120;TSRA;NSW
2026-02-09 10:00:00.000;4060;ERJ;CWB;CNF;GIG;2026-02-09 10:46:45.120;TSRA;NSW
2026-02-09 10:05:00.000;4413;ERJ;VIX;CNF;GIG;2026-02-09 10:51:45.120;TSRA;NSW
2026-02-09 10:10:00.000;4522;ERJ;GRU;CNF;GIG;2026-02-09 10:56:45.120;TSRA;NSW
2026-02-09 10:10:00.000;2957;ERJ;GYN;CNF;GIG;2026-02-09 10:56:45.120;TSRA;NSW
2026-02-09 10:15:00.000;2936;ERJ;SDU;CNF;GIG;2026-02-09 11:01:45.120;TSRA;NSW
2026-02-09 10:15:00.000;4505;ERJ;GIG;CNF;GIG;2026-02-09 11:01:45.120;TSRA;NSW
2026-02-09 10:20:00.000;2967;ERJ;FLN;CNF;GIG;2026-02-09 11:06:45.120;TSRA;NSW
2026-02-09 10:20:00.000;4030;A320-251NEO;CGH;CNF;GIG;2026-02-09 11:06:45.120;TSRA;NSW
2026-02-09 10:25:00.000;2909;A320-251NEO;POA;CNF;GIG;2026-02-09 11:11:45.120;TSRA;NSW
2026-02-09 10:30:00.000;4043;A320-251NEO;VCP;CNF;GIG;2026-02-09 11:16:45.120;TSRA;NSW
2026-02-09 11:50:00.000;6050;ERJ 195LR;CGH;SDU;GIG;2026-02-09 11:51:50.880;TSRA;NSW
2026-02-11 17:15:00.000;2649;A320-251NEO;JPA;CNF;GIG;2026-02-11 18:01:45.120;TS;NSW
2026-02-11 18:15:00.000;6067;ERJ 195LR;CGH;SDU;GIG;2026-02-11 18:16:50.880;TS;NSW
2026-02-11 18:00:00.000;6068;ERJ 195LR;CGH;CNF;GIG;2026-02-11 18:46:45.120;TS;NSW
2026-02-11 18:05:00.000;5031;ERJ;GRU;CNF;GIG;2026-02-11 18:51:45.120;TS;NSW
2026-02-11 18:05:00.000;4117;ERJ 195LR;SDU;CNF;GIG;2026-02-11 18:51:45.120;TS;NSW
2026-02-11 18:15:00.000;9057;ERJ;REC;CNF;GIG;2026-02-11 19:01:45.120;TS;NSW
2026-02-11 18:40:00.000;4957;ERJ;VCP;CNF;GIG;2026-02-11 19:26:45.120;TS;NSW
2026-02-11 19:00:00.000;4008;ERJ;CGH;CNF;GIG;2026-02-11 19:46:45.120;TS;NSW
2026-02-11 19:45:00.000;5086;ERJ;VCP;SDU;GIG;2026-02-11 19:46:50.880;TS;NSW
2026-02-11 19:50:00.000;2610;ERJ 195LR;CGH;SDU;GIG;2026-02-11 19:51:50.880;TS;NSW
2026-02-11 19:10:00.000;4721;ERJ;BSB;CNF;GIG;2026-02-11 19:56:45.120;TS;NSW
2026-02-11 19:25:00.000;4609;ERJ;IOS;CNF;GIG;2026-02-11 20:11:45.120;TS;VCSH
2026-02-11 19:50:00.000;2740;ERJ;CWB;CNF;GIG;2026-02-11 20:36:45.120;TS;VCSH
2026-02-11 20:05:00.000;4797;ERJ 195LR;CGH;CNF;GIG;2026-02-11 20:51:45.120;TS;VCSH
2026-02-11 20:05:00.000;2962;A320-251NEO;SSA;CNF;GIG;2026-02-11 20:51:45.120;TS;VCSH
2026-02-12 17:15:00.000;2649;A320-251NEO;JPA;CNF;GIG;2026-02-12 18:01:45.120;TS;NSW
2026-02-12 17:20:00.000;2545;A320-251NEO;FOR;CNF;GIG;2026-02-12 18:06:45.120;TS;NSW
2026-02-12 17:30:00.000;4205;ERJ;GIG;CNF;GIG;2026-02-12 18:16:45.120;TS;NSW
2026-02-12 18:00:00.000;6067;ERJ 195LR;CGH;CNF;GIG;2026-02-12 18:46:45.120;TS;NSW
2026-02-12 18:05:00.000;5031;ERJ;GRU;CNF;GIG;2026-02-12 18:51:45.120;TS;NSW
2026-02-12 18:05:00.000;4117;ERJ;SDU;CNF;GIG;2026-02-12 18:51:45.120;TS;NSW
2026-02-12 18:30:00.000;6024;ERJ 195LR;CGH;CNF;GIG;2026-02-12 19:16:45.120;TS;NSW
2026-02-12 19:15:00.000;6068;ERJ 195LR;CGH;SDU;GIG;2026-02-12 19:16:50.880;TS;NSW
2026-02-12 18:40:00.000;4957;ERJ;VCP;CNF;GIG;2026-02-12 19:26:45.120;TS;NSW
2026-02-12 19:45:00.000;5086;ERJ;VCP;SDU;GIG;2026-02-12 19:46:50.880;TS;NSW
2026-02-12 19:10:00.000;4721;ERJ;BSB;CNF;GIG;2026-02-12 19:56:45.120;TS;NSW
2026-02-12 19:25:00.000;2425;ERJ;IOS;CNF;GIG;2026-02-12 20:11:45.120;TS;NSW
2026-02-12 20:35:00.000;2610;ERJ 195LR;CGH;SDU;GIG;2026-02-12 20:36:50.880;TS;NSW
2026-02-12 20:00:00.000;4797;ERJ 195LR;CGH;CNF;GIG;2026-02-12 20:46:45.120;TS;NSW
2026-02-12 20:05:00.000;2962;A320-251NEO;SSA;CNF;GIG;2026-02-12 20:51:45.120;TS;NSW
2026-02-12 21:20:00.000;4305;ERJ;VCP;SDU;GIG;2026-02-12 21:21:50.880;TS;NSW
2026-02-12 20:50:00.000;4419;ERJ;CGB;CNF;GIG;2026-02-12 21:36:45.120;TS;NSW
2026-02-12 20:50:00.000;2626;A320-253NEO;BPS;CNF;GIG;2026-02-12 21:36:45.120;TS;NSW
2026-02-18 17:15:00.000;2649;A320-251NEO;JPA;CNF;GIG;2026-02-18 18:01:45.120;TS;VCSH
2026-02-18 17:30:00.000;4205;ERJ;GIG;CNF;GIG;2026-02-18 18:16:45.120;TS;VCSH
2026-02-18 18:20:00.000;6067;ERJ 195LR;CGH;SDU;GIG;2026-02-18 18:21:50.880;TS;VCSH
2026-02-18 18:00:00.000;6068;ERJ 195LR;CGH;CNF;GIG;2026-02-18 18:46:45.120;TS;VCSH
2026-02-18 18:05:00.000;4117;ERJ;SDU;CNF;GIG;2026-02-18 18:51:45.120;TS;VCSH
2026-02-18 18:05:00.000;5031;ERJ;GRU;CNF;GIG;2026-02-18 18:51:45.120;TS;VCSH
2026-02-18 18:40:00.000;4957;ERJ;VCP;CNF;GIG;2026-02-18 19:26:45.120;TS;VCSH
2026-02-18 19:45:00.000;5086;ERJ;VCP;SDU;GIG;2026-02-18 19:46:50.880;TS;VCSH
2026-02-18 19:10:00.000;4008;ERJ 195LR;CGH;CNF;GIG;2026-02-18 19:56:45.120;TS;VCSH
2026-02-18 19:10:00.000;4721;ERJ;BSB;CNF;GIG;2026-02-18 19:56:45.120;TS;VCSH
2026-02-18 19:25:00.000;4609;ERJ;IOS;CNF;GIG;2026-02-18 20:11:45.120;TS;VCSH VCTS
2026-02-18 20:20:00.000;2610;ERJ 195LR;CGH;SDU;GIG;2026-02-18 20:21:50.880;TS;VCSH VCTS
2026-02-18 19:50:00.000;2740;ERJ;CWB;CNF;GIG;2026-02-18 20:36:45.120;TS;VCSH VCTS
2026-02-18 20:05:00.000;4797;ERJ 195LR;CGH;CNF;GIG;2026-02-18 20:51:45.120;TS;VCSH VCTS
2026-02-18 20:05:00.000;2962;A320-253NEO;SSA;CNF;GIG;2026-02-18 20:51:45.120;TS;VCSH VCTS
2026-02-19 14:35:00.000;4144;ERJ 195LR;CGH;CNF;GIG;2026-02-19 15:21:45.120;TSRA;NSW
2026-02-19 14:40:00.000;2802;A320-251NEO;REC;CNF;GIG;2026-02-19 15:26:45.120;TSRA;NSW
2026-02-19 15:30:00.000;2782;ERJ 195LR;CGH;SDU;GIG;2026-02-19 15:31:50.880;TSRA;NSW
2026-02-19 14:50:00.000;5068;ERJ;BSB;CNF;GIG;2026-02-19 15:36:45.120;TSRA;NSW
2026-02-19 14:55:00.000;4016;ERJ;GYN;CNF;GIG;2026-02-19 15:41:45.120;TSRA;NSW
2026-02-19 15:40:00.000;4173;ERJ;VCP;SDU;GIG;2026-02-19 15:41:50.880;TSRA;NSW
2026-02-19 15:00:00.000;4115;ERJ;VDC;CNF;GIG;2026-02-19 15:46:45.120;TSRA;NSW
2026-02-19 15:10:00.000;4693;A320-251NEO;SSA;CNF;GIG;2026-02-19 15:56:45.120;TSRA;NSW
2026-02-19 15:55:00.000;2963;ERJ;VCP;SDU;GIG;2026-02-19 15:56:50.880;TSRA;NSW
2026-02-19 16:00:00.000;2905;ERJ;CNF;SDU;GIG;2026-02-19 16:01:50.880;TSRA;NSW
2026-02-19 15:40:00.000;6079;ERJ;CGH;CNF;GIG;2026-02-19 16:26:45.120;TSRA;NSW
2026-02-19 16:00:00.000;2395;ERJ;FLN;CNF;GIG;2026-02-19 16:46:45.120;TSRA;NSW
2026-02-19 16:20:00.000;2607;ERJ;VCP;CNF;GIG;2026-02-19 17:06:45.120;TSRA;NSW
2026-02-19 16:20:00.000;2893;A320-253NEO;BPS;CNF;GIG;2026-02-19 17:06:45.120;TSRA;NSW
2026-02-19 16:45:00.000;4012;ERJ;AJU;CNF;GIG;2026-02-19 17:31:45.120;TSRA;NSW
2026-02-19 17:35:00.000;4311;ERJ;GRU;SDU;GIG;2026-02-19 17:36:50.880;TSRA;NSW
2026-02-19 16:55:00.000;4283;ERJ;REC;CNF;GIG;2026-02-19 17:41:45.120;TSRA;NSW
2026-02-19 17:10:00.000;2562;A320-251NEO;NAT;CNF;GIG;2026-02-19 17:56:45.120;TSRA;NSW
2026-02-19 17:15:00.000;2649;A320-251NEO;JPA;CNF;GIG;2026-02-19 18:01:45.120;TSRA;NSW
2026-02-19 17:20:00.000;2545;A320-251NEO;FOR;CNF;GIG;2026-02-19 18:06:45.120;TSRA;NSW
2026-02-19 17:21:00.000;9353;ERJ 195LR;RAO;CNF;GIG;2026-02-19 18:07:45.120;TSRA;NSW
2026-02-19 18:20:00.000;6067;ERJ 195LR;CGH;SDU;GIG;2026-02-19 18:21:50.880;TSRA;NSW
2026-02-19 17:40:00.000;4117;ERJ;SDU;CNF;GIG;2026-02-19 18:26:45.120;TSRA;NSW
2026-02-19 18:05:00.000;5031;ERJ;GRU;CNF;GIG;2026-02-19 18:51:45.120;TSRA;NSW
2026-02-19 18:10:00.000;6024;ERJ 195LR;CGH;CNF;GIG;2026-02-19 18:56:45.120;TSRA;NSW
2026-02-19 19:00:00.000;6068;ERJ 195LR;CGH;CNF;GIG;2026-02-19 19:46:45.120;TSRA;NSW
2026-02-19 19:45:00.000;5086;ERJ;VCP;SDU;GIG;2026-02-19 19:46:50.880;TSRA;NSW
2026-02-19 19:10:00.000;4721;ERJ;BSB;CNF;GIG;2026-02-19 19:56:45.120;TSRA;NSW
2026-02-19 21:20:00.000;4305;ERJ;VCP;SDU;GIG;2026-02-19 21:21:50.880;TSRA;VCSH
2026-02-20 17:15:00.000;2649;ERJ;JPA;CNF;GIG;2026-02-20 18:01:45.120;TSRA;NSW
2026-02-20 18:20:00.000;6067;ERJ 195LR;CGH;SDU;GIG;2026-02-20 18:21:50.880;TSRA;NSW
2026-02-20 18:00:00.000;6068;ERJ 195LR;CGH;CNF;GIG;2026-02-20 18:46:45.120;TSRA;NSW
2026-02-20 18:00:00.000;4205;ERJ;GIG;CNF;GIG;2026-02-20 18:46:45.120;TSRA;NSW
2026-02-20 18:05:00.000;4117;ERJ;SDU;CNF;GIG;2026-02-20 18:51:45.120;TSRA;NSW
2026-02-20 18:05:00.000;5031;ERJ;GRU;CNF;GIG;2026-02-20 18:51:45.120;TSRA;NSW
2026-02-20 18:40:00.000;4957;ERJ;VCP;CNF;GIG;2026-02-20 19:26:45.120;TSRA;NSW
2026-02-20 19:45:00.000;5086;ERJ;VCP;SDU;GIG;2026-02-20 19:46:50.880;TSRA;NSW
2026-02-20 19:10:00.000;4008;ERJ 195LR;CGH;CNF;GIG;2026-02-20 19:56:45.120;TSRA;NSW
2026-02-20 19:25:00.000;4609;ERJ;IOS;CNF;GIG;2026-02-20 20:11:45.120;TSRA;NSW
2026-02-20 20:20:00.000;2610;ERJ 195LR;CGH;SDU;GIG;2026-02-20 20:21:50.880;TSRA;NSW
2026-02-20 19:50:00.000;2740;ERJ;CWB;CNF;GIG;2026-02-20 20:36:45.120;TSRA;NSW
2026-02-20 20:05:00.000;4797;ERJ 195LR;CGH;CNF;GIG;2026-02-20 20:51:45.120;TSRA;NSW
2026-02-20 20:05:00.000;2962;A320-251NEO;SSA;CNF;GIG;2026-02-20 20:51:45.120;TSRA;NSW
2026-02-21 17:35:00.000;2365;ERJ;FOR;CNF;GIG;2026-02-21 18:21:45.120;TSRA;NSW
2026-02-21 18:40:00.000;4173;ERJ;VCP;SDU;GIG;2026-02-21 18:41:50.880;TSRA;NSW
2026-02-21 18:00:00.000;2607;ERJ 195LR;VCP;CNF;GIG;2026-02-21 18:46:45.120;TSRA;NSW
2026-02-21 18:05:00.000;4117;ERJ;SDU;CNF;GIG;2026-02-21 18:51:45.120;TSRA;NSW
2026-02-21 18:30:00.000;6038;ERJ 195LR;CGH;CNF;GIG;2026-02-21 19:16:45.120;TSRA;NSW
2026-02-21 18:40:00.000;4205;ERJ 195LR;GIG;CNF;GIG;2026-02-21 19:26:45.120;TSRA;NSW
2026-02-21 19:35:00.000;2600;ERJ 195LR;CGH;SDU;GIG;2026-02-21 19:36:50.880;TSRA;NSW
2026-02-21 18:55:00.000;2587;A320-251NEO;BPS;CNF;GIG;2026-02-21 19:41:45.120;TSRA;NSW
2026-02-21 19:10:00.000;4721;ERJ;BSB;CNF;GIG;2026-02-21 19:56:45.120;TSRA;NSW
2026-02-21 23:15:00.000;9051;ERJ;VCP;CNF;GIG;2026-02-22 00:01:45.120;TSRA;-RA VCTS
2026-02-21 23:15:00.000;2702;ERJ;NAT;CNF;GIG;2026-02-22 00:01:45.120;TSRA;-RA VCTS
2026-02-21 23:20:00.000;2576;A320-253NEO;MCZ;CNF;GIG;2026-02-22 00:06:45.120;TSRA;-RA VCTS
2026-02-21 23:25:00.000;2349;ERJ;JJD;CNF;GIG;2026-02-22 00:11:45.120;TSRA;-RA VCTS
2026-02-21 23:30:00.000;4547;ERJ 195LR;GRU;CNF;GIG;2026-02-22 00:16:45.120;TSRA;-RA VCTS
2026-02-21 23:35:00.000;2645;ERJ;REC;CNF;GIG;2026-02-22 00:21:45.120;TSRA;-RA VCTS
2026-02-21 23:35:00.000;2811;ERJ;CKS;CNF;GIG;2026-02-22 00:21:45.120;TSRA;-RA VCTS
2026-02-21 23:40:00.000;2935;ERJ;SDU;CNF;GIG;2026-02-22 00:26:45.120;TSRA;-RA VCTS
2026-02-21 23:40:00.000;2473;A320-251NEO;REC;CNF;GIG;2026-02-22 00:26:45.120;TSRA;-RA VCTS
2026-02-21 23:50:00.000;2427;A320-251NEO;BPS;CNF;GIG;2026-02-22 00:36:45.120;TSRA;-RA VCTS
2026-02-21 23:55:00.000;4163;A320-251NEO;MAO;CNF;GIG;2026-02-22 00:41:45.120;TSRA;-RA VCTS
2026-02-21 23:55:00.000;4298;ERJ;THE;CNF;GIG;2026-02-22 00:41:45.120;TSRA;-RA VCTS
2026-02-22 00:15:00.000;2643;ERJ;VCP;CNF;GIG;2026-02-22 01:01:45.120;TSRA;NSW
2026-02-22 00:20:00.000;2445;A320-251NEO;JPA;CNF;GIG;2026-02-22 01:06:45.120;TSRA;NSW
2026-02-22 00:20:00.000;4185;ERJ;GYN;CNF;GIG;2026-02-22 01:06:45.120;TSRA;NSW
2026-02-22 01:20:00.000;2908;ERJ;CNF;SDU;GIG;2026-02-22 01:21:50.880;TSRA;NSW
2026-02-22 00:40:00.000;2809;ERJ 195LR;SDU;CNF;GIG;2026-02-22 01:26:45.120;TSRA;NSW
2026-02-22 01:25:00.000;2884;ERJ;VCP;SDU;GIG;2026-02-22 01:26:50.880;TSRA;NSW
2026-02-22 01:00:00.000;2562;A320-251NEO;NAT;CNF;GIG;2026-02-22 01:46:45.120;TSRA;NSW
2026-02-22 01:05:00.000;4472;A320-251NEO;SSA;CNF;GIG;2026-02-22 01:51:45.120;TSRA;NSW
2026-02-22 01:10:00.000;9030;ERJ 195LR;CGH;CNF;GIG;2026-02-22 01:56:45.120;TSRA;NSW
2026-02-22 16:00:00.000;2905;ERJ;CNF;SDU;GIG;2026-02-22 16:01:50.880;TSRA;NSW
2026-02-22 15:25:00.000;9003;ERJ;IOS;CNF;GIG;2026-02-22 16:11:45.120;TSRA;NSW
2026-02-22 15:55:00.000;4693;A320-251NEO;SSA;CNF;GIG;2026-02-22 16:41:45.120;TSRA;NSW
2026-02-22 16:00:00.000;2395;ERJ;FLN;CNF;GIG;2026-02-22 16:46:45.120;TSRA;NSW
2026-02-22 16:05:00.000;2523;A320-253NEO;AJU;CNF;GIG;2026-02-22 16:51:45.120;TSRA;NSW
2026-02-22 16:55:00.000;6067;ERJ 195LR;CGH;SDU;GIG;2026-02-22 16:56:50.880;TSRA;NSW
2026-02-22 16:15:00.000;2433;ERJ;POA;CNF;GIG;2026-02-22 17:01:45.120;TSRA;NSW
2026-02-22 16:25:00.000;2787;ERJ;IGU;CNF;GIG;2026-02-22 17:11:45.120;TSRA;NSW
2026-02-22 17:20:00.000;2986;ERJ;CNF;SDU;GIG;2026-02-22 17:21:50.880;TSRA;NSW
2026-02-22 17:30:00.000;4204;ERJ;VCP;SDU;GIG;2026-02-22 17:31:50.880;TSRA;NSW
2026-02-22 17:00:00.000;2445;A320-251NEO;JPA;CNF;GIG;2026-02-22 17:46:45.120;TSRA;NSW
2026-02-22 17:50:00.000;4116;ERJ 195LR;CGH;SDU;GIG;2026-02-22 17:51:50.880;TSRA;NSW
2026-02-22 17:40:00.000;4205;ERJ 195LR;GIG;CNF;GIG;2026-02-22 18:26:45.120;TSRA;VCSH
2026-02-22 18:05:00.000;4117;ERJ;SDU;CNF;GIG;2026-02-22 18:51:45.120;TSRA;VCSH
2026-02-22 18:45:00.000;5031;ERJ 195LR;GRU;CNF;GIG;2026-02-22 19:31:45.120;TSRA;VCSH
2026-02-22 18:50:00.000;9038;ERJ 195LR;GIG;CNF;GIG;2026-02-22 19:36:45.120;TSRA;VCSH
2026-02-22 19:00:00.000;2987;ERJ;SDU;CNF;GIG;2026-02-22 19:46:45.120;TSRA;VCSH
2026-02-22 19:25:00.000;2457;A320-251NEO;UNA;CNF;GIG;2026-02-22 20:11:45.120;TSRA;NSW
2026-02-22 19:25:00.000;2425;ERJ;IOS;CNF;GIG;2026-02-22 20:11:45.120;TSRA;NSW
2026-02-22 19:40:00.000;2354;ERJ;NVT;CNF;GIG;2026-02-22 20:26:45.120;TSRA;NSW
2026-02-22 19:55:00.000;4797;ERJ 195LR;CGH;CNF;GIG;2026-02-22 20:41:45.120;TSRA;NSW
2026-02-22 20:00:00.000;2962;ERJ;SSA;CNF;GIG;2026-02-22 20:46:45.120;TSRA;NSW
2026-02-22 20:45:00.000;4311;ERJ 195LR;GRU;SDU;GIG;2026-02-22 20:46:50.880;TSRA;NSW
2026-02-22 20:20:00.000;2893;ERJ;BPS;CNF;GIG;2026-02-22 21:06:45.120;TSRA;NSW
2026-02-22 21:20:00.000;4305;ERJ;VCP;SDU;GIG;2026-02-22 21:21:50.880;TSRA;NSW
2026-02-22 20:50:00.000;4419;ERJ;CGB;CNF;GIG;2026-02-22 21:36:45.120;TSRA;NSW
2026-02-22 21:45:00.000;4915;ERJ 195LR;CGH;SDU;GIG;2026-02-22 21:46:50.880;TSRA;NSW
2026-02-22 21:50:00.000;4751;ERJ;CNF;SDU;GIG;2026-02-22 21:51:50.880;TSRA;NSW
2026-02-22 21:10:00.000;2950;ERJ 195LR;VIX;CNF;GIG;2026-02-22 21:56:45.120;TSRA;NSW
2026-02-22 22:30:00.000;2920;ERJ;VCP;CNF;GIG;2026-02-22 23:16:45.120;TSRA;NSW
2026-02-22 22:35:00.000;2811;ERJ;CKS;CNF;GIG;2026-02-22 23:21:45.120;TSRA;NSW
2026-02-22 22:40:00.000;2930;A320-251NEO;REC;CNF;GIG;2026-02-22 23:26:45.120;TSRA;NSW
2026-02-22 22:50:00.000;2789;ERJ;MCZ;CNF;GIG;2026-02-22 23:36:45.120;TSRA;NSW
2026-02-22 22:55:00.000;4577;A320-251NEO;BEL;CNF;GIG;2026-02-22 23:41:45.120;TSRA;NSW
2026-02-22 23:15:00.000;2576;A320-251NEO;MCZ;CNF;GIG;2026-02-23 00:01:45.120;TSRA;NSW
2026-02-22 23:25:00.000;2349;ERJ;JJD;CNF;GIG;2026-02-23 00:11:45.120;TSRA;NSW
2026-02-23 00:10:00.000;9032;ERJ 195LR;VCP;SDU;GIG;2026-02-23 00:11:50.880;TSRA;NSW
2026-02-22 23:30:00.000;4547;ERJ;GRU;CNF;GIG;2026-02-23 00:16:45.120;TSRA;NSW
2026-02-22 23:35:00.000;2545;A320-253NEO;FOR;CNF;GIG;2026-02-23 00:21:45.120;TSRA;NSW
2026-02-22 23:35:00.000;2645;ERJ;REC;CNF;GIG;2026-02-23 00:21:45.120;TSRA;NSW
2026-02-22 23:40:00.000;4521;ERJ;BSB;CNF;GIG;2026-02-23 00:26:45.120;TSRA;NSW
2026-02-22 23:40:00.000;4298;A320-251NEO;THE;CNF;GIG;2026-02-23 00:26:45.120;TSRA;NSW
2026-02-22 23:45:00.000;4456;ERJ;CGH;CNF;GIG;2026-02-23 00:31:45.120;TSRA;NSW
2026-02-22 23:50:00.000;4787;A320-253NEO;BEL;CNF;GIG;2026-02-23 00:36:45.120;TSRA;NSW
2026-02-22 23:50:00.000;4267;A320-251NEO;REC;CNF;GIG;2026-02-23 00:36:45.120;TSRA;NSW
2026-02-22 23:55:00.000;2935;ERJ;SDU;CNF;GIG;2026-02-23 00:41:45.120;TSRA;NSW
2026-02-23 00:15:00.000;2643;ERJ;VCP;CNF;GIG;2026-02-23 01:01:45.120;TSRA;NSW
2026-02-23 00:20:00.000;4163;A320-251NEO;MAO;CNF;GIG;2026-02-23 01:06:45.120;TSRA;NSW
2026-02-23 00:20:00.000;2626;ERJ;BPS;CNF;GIG;2026-02-23 01:06:45.120;TSRA;NSW
2026-02-23 01:05:00.000;2711;ERJ 195LR;VCP;SDU;GIG;2026-02-23 01:06:50.880;TSRA;NSW
2026-02-23 00:30:00.000;4752;ERJ 195LR;GIG;CNF;GIG;2026-02-23 01:16:45.120;TSRA;NSW
2026-02-23 01:20:00.000;2980;ERJ 195LR;CGH;SDU;GIG;2026-02-23 01:21:50.880;TSRA;NSW
2026-02-23 01:20:00.000;2908;ERJ;CNF;SDU;GIG;2026-02-23 01:21:50.880;TSRA;NSW
2026-02-23 01:25:00.000;2884;ERJ;VCP;SDU;GIG;2026-02-23 01:26:50.880;TSRA;NSW
2026-02-23 00:50:00.000;2446;A320-251NEO;SSA;CNF;GIG;2026-02-23 01:36:45.120;TSRA;NSW
2026-02-23 01:00:00.000;2573;A320-251NEO;REC;CNF;GIG;2026-02-23 01:46:45.120;TSRA;NSW
2026-02-23 17:15:00.000;9577;A320-251NEO;CKS;CNF;GIG;2026-02-23 18:01:45.120;TSRA;-RA
2026-02-23 17:15:00.000;2649;A320-253NEO;JPA;CNF;GIG;2026-02-23 18:01:45.120;TSRA;-RA
2026-02-23 17:25:00.000;4002;ERJ;VIX;CNF;GIG;2026-02-23 18:11:45.120;TSRA;-RA
2026-02-23 17:40:00.000;4205;ERJ 195LR;GIG;CNF;GIG;2026-02-23 18:26:45.120;TSRA;-RA
2026-02-23 17:45:00.000;4117;ERJ;SDU;CNF;GIG;2026-02-23 18:31:45.120;TSRA;-RA
2026-02-23 18:05:00.000;5031;ERJ;GRU;CNF;GIG;2026-02-23 18:51:45.120;TSRA;-RA
2026-02-23 19:05:00.000;6410;ERJ 195LR;CGH;SDU;GIG;2026-02-23 19:06:50.880;TSRA;-RA
2026-02-23 19:45:00.000;4311;ERJ;GRU;SDU;GIG;2026-02-23 19:46:50.880;TSRA;-RA
2026-02-23 19:05:00.000;4125;ERJ 195LR;GYN;CNF;GIG;2026-02-23 19:51:45.120;TSRA;-RA
2026-02-23 19:05:00.000;4957;ERJ;VCP;CNF;GIG;2026-02-23 19:51:45.120;TSRA;-RA
2026-02-23 19:10:00.000;4721;ERJ;BSB;CNF;GIG;2026-02-23 19:56:45.120;TSRA;-RA
2026-02-23 19:25:00.000;4609;ERJ;IOS;CNF;GIG;2026-02-23 20:11:45.120;TSRA;-RA
2026-02-23 19:30:00.000;4797;ERJ 195LR;CGH;CNF;GIG;2026-02-23 20:16:45.120;TSRA;-RA
2026-02-23 20:20:00.000;2610;ERJ 195LR;CGH;SDU;GIG;2026-02-23 20:21:50.880;TSRA;-RA
2026-02-23 19:50:00.000;2740;ERJ;CWB;CNF;GIG;2026-02-23 20:36:45.120;TSRA;-RA
2026-02-23 20:05:00.000;2962;A320-253NEO;SSA;CNF;GIG;2026-02-23 20:51:45.120;TSRA;-RA
2026-02-23 20:10:00.000;6402;ERJ 195LR;CGH;CNF;GIG;2026-02-23 20:56:45.120;TSRA;-RA
2026-02-23 21:20:00.000;4305;ERJ;VCP;SDU;GIG;2026-02-23 21:21:50.880;TSRA;-RA
2026-02-23 20:50:00.000;2626;ERJ;BPS;CNF;GIG;2026-02-23 21:36:45.120;TSRA;-RA
2026-02-23 20:50:00.000;4419;ERJ;CGB;CNF;GIG;2026-02-23 21:36:45.120;TSRA;-RA
2026-02-23 21:40:00.000;6047;ERJ 195LR;CGH;SDU;GIG;2026-02-23 21:41:50.880;TSRA;-RA
2026-02-23 21:40:00.000;4751;ERJ;CNF;SDU;GIG;2026-02-23 21:41:50.880;TSRA;-RA
2026-02-23 21:15:00.000;4437;ERJ 195LR;GIG;CNF;GIG;2026-02-23 22:01:45.120;TSRA;BR
2026-02-23 21:40:00.000;2930;A320-251NEO;REC;CNF;GIG;2026-02-23 22:26:45.120;TSRA;BR
2026-02-23 22:55:00.000;4008;ERJ 195LR;CGH;SDU;GIG;2026-02-23 22:56:50.880;TSRA;BR
2026-02-24 17:15:00.000;2649;A320-251NEO;JPA;CNF;GIG;2026-02-24 18:01:45.120;TSRA;NSW
2026-02-24 17:15:00.000;2545;A320-251NEO;FOR;CNF;GIG;2026-02-24 18:01:45.120;TSRA;NSW
2026-02-24 17:25:00.000;4002;ERJ;VIX;CNF;GIG;2026-02-24 18:11:45.120;TSRA;NSW
2026-02-24 17:25:00.000;9801;ERJ;VCP;CNF;GIG;2026-02-24 18:11:45.120;TSRA;NSW
2026-02-24 17:40:00.000;4205;ERJ 195LR;GIG;CNF;GIG;2026-02-24 18:26:45.120;TSRA;NSW
2026-02-24 17:45:00.000;4117;ERJ;SDU;CNF;GIG;2026-02-24 18:31:45.120;TSRA;NSW
2026-02-24 18:05:00.000;5031;ERJ;GRU;CNF;GIG;2026-02-24 18:51:45.120;TSRA;NSW
2026-02-24 19:45:00.000;4311;ERJ;GRU;SDU;GIG;2026-02-24 19:46:50.880;TSRA;NSW
2026-02-24 19:05:00.000;4957;ERJ;VCP;CNF;GIG;2026-02-24 19:51:45.120;TSRA;NSW
2026-02-24 19:10:00.000;4721;ERJ;BSB;CNF;GIG;2026-02-24 19:56:45.120;TSRA;NSW
2026-02-24 19:25:00.000;4609;ERJ;IOS;CNF;GIG;2026-02-24 20:11:45.120;TSRA;NSW
2026-02-24 19:30:00.000;4797;ERJ 195LR;CGH;CNF;GIG;2026-02-24 20:16:45.120;TSRA;NSW
2026-02-24 20:20:00.000;2610;ERJ 195LR;CGH;SDU;GIG;2026-02-24 20:21:50.880;TSRA;NSW
2026-02-24 19:50:00.000;2740;ERJ;CWB;CNF;GIG;2026-02-24 20:36:45.120;TSRA;NSW
2026-02-24 20:05:00.000;2962;ERJ 195LR;SSA;CNF;GIG;2026-02-24 20:51:45.120;TSRA;NSW
2026-02-24 20:10:00.000;6402;ERJ 195LR;CGH;CNF;GIG;2026-02-24 20:56:45.120;TSRA;NSW
2026-02-24 21:20:00.000;4305;ERJ;VCP;SDU;GIG;2026-02-24 21:21:50.880;TSRA;VCSH
2026-02-24 20:50:00.000;4419;ERJ;CGB;CNF;GIG;2026-02-24 21:36:45.120;TSRA;VCSH
2026-02-24 20:50:00.000;2626;A320-251NEO;BPS;CNF;GIG;2026-02-24 21:36:45.120;TSRA;VCSH
2026-02-24 21:40:00.000;6047;ERJ 195LR;CGH;SDU;GIG;2026-02-24 21:41:50.880;TSRA;VCSH
2026-02-24 21:40:00.000;4751;ERJ;CNF;SDU;GIG;2026-02-24 21:41:50.880;TSRA;VCSH
2026-02-24 21:15:00.000;4437;ERJ 195LR;GIG;CNF;GIG;2026-02-24 22:01:45.120;TSRA;VCTS
2026-02-24 21:25:00.000;4289;ERJ;CPV;CNF;GIG;2026-02-24 22:11:45.120;TSRA;VCTS
2026-02-24 21:40:00.000;2930;A320-251NEO;REC;CNF;GIG;2026-02-24 22:26:45.120;TSRA;VCTS
2026-02-24 22:55:00.000;4008;ERJ 195LR;CGH;SDU;GIG;2026-02-24 22:56:50.880;TSRA;VCTS
2026-02-25 17:15:00.000;2649;A320-251NEO;JPA;CNF;GIG;2026-02-25 18:01:45.120;TS;NSW
2026-02-25 17:25:00.000;4002;ERJ;VIX;CNF;GIG;2026-02-25 18:11:45.120;TS;NSW
2026-02-25 17:40:00.000;4205;ERJ 195LR;GIG;CNF;GIG;2026-02-25 18:26:45.120;TS;NSW
2026-02-25 17:45:00.000;4117;ERJ;SDU;CNF;GIG;2026-02-25 18:31:45.120;TS;NSW
2026-02-25 18:05:00.000;5031;ERJ;GRU;CNF;GIG;2026-02-25 18:51:45.120;TS;NSW
2026-02-25 19:05:00.000;6410;ERJ 195LR;CGH;SDU;GIG;2026-02-25 19:06:50.880;TS;NSW
2026-02-25 19:45:00.000;4311;ERJ;GRU;SDU;GIG;2026-02-25 19:46:50.880;TS;NSW
2026-02-25 19:10:00.000;4721;ERJ;BSB;CNF;GIG;2026-02-25 19:56:45.120;TS;NSW
2026-02-25 19:25:00.000;4609;ERJ;IOS;CNF;GIG;2026-02-25 20:11:45.120;TS;VCSH
2026-02-25 19:30:00.000;4797;ERJ 195LR;CGH;CNF;GIG;2026-02-25 20:16:45.120;TS;VCSH
2026-02-25 20:20:00.000;2610;ERJ 195LR;CGH;SDU;GIG;2026-02-25 20:21:50.880;TS;VCSH
2026-02-25 19:50:00.000;2740;ERJ;CWB;CNF;GIG;2026-02-25 20:36:45.120;TS;VCSH
2026-02-25 20:05:00.000;2962;ERJ;SSA;CNF;GIG;2026-02-25 20:51:45.120;TS;VCSH
2026-02-25 20:10:00.000;6402;ERJ 195LR;CGH;CNF;GIG;2026-02-25 20:56:45.120;TS;VCSH
2026-02-25 21:20:00.000;4305;ERJ;VCP;SDU;GIG;2026-02-25 21:21:50.880;TS;VCSH
2026-02-25 20:45:00.000;4419;ERJ;CGB;CNF;GIG;2026-02-25 21:31:45.120;TS;VCSH
2026-02-25 20:50:00.000;2626;ERJ;BPS;CNF;GIG;2026-02-25 21:36:45.120;TS;VCSH
2026-02-25 21:40:00.000;4751;ERJ;CNF;SDU;GIG;2026-02-25 21:41:50.880;TS;VCSH
2026-02-26 17:15:00.000;2649;A320-251NEO;JPA;CNF;GIG;2026-02-26 18:01:45.120;TSRA;NSW
2026-02-26 17:15:00.000;2545;A320-251NEO;FOR;CNF;GIG;2026-02-26 18:01:45.120;TSRA;NSW
2026-02-26 18:05:00.000;6068;ERJ 195LR;CGH;SDU;GIG;2026-02-26 18:06:50.880;TSRA;NSW
2026-02-26 17:25:00.000;4002;A320-251NEO;VIX;CNF;GIG;2026-02-26 18:11:45.120;TSRA;NSW
2026-02-26 17:40:00.000;4205;ERJ 195LR;GIG;CNF;GIG;2026-02-26 18:26:45.120;TSRA;NSW
2026-02-26 17:45:00.000;4117;ERJ;SDU;CNF;GIG;2026-02-26 18:31:45.120;TSRA;NSW
2026-02-26 18:05:00.000;5031;ERJ;GRU;CNF;GIG;2026-02-26 18:51:45.120;TSRA;NSW
2026-02-26 19:15:00.000;6410;ERJ 195LR;CGH;SDU;GIG;2026-02-26 19:16:50.880;TSRA;NSW
2026-02-26 19:45:00.000;4311;ERJ;GRU;SDU;GIG;2026-02-26 19:46:50.880;TSRA;NSW
2026-02-26 19:05:00.000;4957;ERJ;VCP;CNF;GIG;2026-02-26 19:51:45.120;TSRA;NSW
2026-02-26 19:10:00.000;4721;ERJ;BSB;CNF;GIG;2026-02-26 19:56:45.120;TSRA;NSW
2026-02-26 19:25:00.000;4609;ERJ;IOS;CNF;GIG;2026-02-26 20:11:45.120;TSRA;NSW
2026-02-26 19:30:00.000;4797;ERJ 195LR;CGH;CNF;GIG;2026-02-26 20:16:45.120;TSRA;NSW
2026-02-26 20:25:00.000;2610;ERJ 195LR;CGH;SDU;GIG;2026-02-26 20:26:50.880;TSRA;NSW
2026-02-26 19:50:00.000;2740;ERJ;CWB;CNF;GIG;2026-02-26 20:36:45.120;TSRA;NSW
2026-02-26 20:05:00.000;2962;A320-251NEO;SSA;CNF;GIG;2026-02-26 20:51:45.120;TSRA;-RA
2026-02-26 20:20:00.000;6402;ERJ;CGH;CNF;GIG;2026-02-26 21:06:45.120;TSRA;-RA BR
2026-02-26 21:20:00.000;4305;ERJ 195LR;VCP;SDU;GIG;2026-02-26 21:21:50.880;TSRA;-RA BR
2026-02-26 20:50:00.000;4419;ERJ;CGB;CNF;GIG;2026-02-26 21:36:45.120;TSRA;-RA BR
2026-02-26 20:50:00.000;2626;A320-251NEO;BPS;CNF;GIG;2026-02-26 21:36:45.120;TSRA;-RA BR
2026-02-26 21:40:00.000;4751;ERJ;CNF;SDU;GIG;2026-02-26 21:41:50.880;TSRA;-RA BR
2026-02-26 21:15:00.000;4437;ERJ 195LR;GIG;CNF;GIG;2026-02-26 22:01:45.120;TSRA;NSW
2026-02-26 21:25:00.000;4289;ERJ;CPV;CNF;GIG;2026-02-26 22:11:45.120;TSRA;NSW
2026-02-26 21:40:00.000;2930;A320-251NEO;REC;CNF;GIG;2026-02-26 22:26:45.120;TSRA;NSW
2026-02-26 22:55:00.000;4008;ERJ 195LR;CGH;SDU;GIG;2026-02-26 22:56:50.880;TSRA;NSW
2026-02-26 22:15:00.000;5070;ERJ;CGH;CNF;GIG;2026-02-26 23:01:45.120;TSRA;-RA BR
2026-02-26 22:30:00.000;2920;ERJ;VCP;CNF;GIG;2026-02-26 23:16:45.120;TSRA;-RA BR
2026-02-26 22:35:00.000;2811;A320-251NEO;CKS;CNF;GIG;2026-02-26 23:21:45.120;TSRA;-RA BR
2026-02-26 23:30:00.000;2917;ERJ;VCP;SDU;GIG;2026-02-26 23:31:50.880;TSRA;-RA BR
2026-02-26 22:50:00.000;2856;ERJ;CGH;CNF;GIG;2026-02-26 23:36:45.120;TSRA;-RA BR
2026-02-26 22:55:00.000;4577;A320-253NEO;BEL;CNF;GIG;2026-02-26 23:41:45.120;TSRA;-RA BR
2026-03-06 20:50:00.000;2626;ERJ;BPS;CNF;GIG;2026-03-06 21:36:45.120;TS;VCSH
2026-03-06 21:35:00.000;6047;ERJ 195LR;CGH;SDU;GIG;2026-03-06 21:36:50.880;TS;VCSH
2026-03-06 21:40:00.000;4751;ERJ;CNF;SDU;GIG;2026-03-06 21:41:50.880;TS;VCSH
2026-03-06 21:50:00.000;4305;ERJ;VCP;SDU;GIG;2026-03-06 21:51:50.880;TS;VCSH
2026-03-06 21:10:00.000;4419;ERJ;CGB;CNF;GIG;2026-03-06 21:56:45.120;TS;VCSH
2026-03-06 21:15:00.000;4437;ERJ;GIG;CNF;GIG;2026-03-06 22:01:45.120;TS;VCTS
2026-03-06 21:35:00.000;9579;A320-251NEO;CKS;CNF;GIG;2026-03-06 22:21:45.120;TS;VCTS
2026-03-06 21:40:00.000;2930;A320-251NEO;REC;CNF;GIG;2026-03-06 22:26:45.120;TS;VCTS
2026-03-06 22:55:00.000;4008;ERJ 195LR;CGH;SDU;GIG;2026-03-06 22:56:50.880;TS;VCTS
2026-03-06 22:15:00.000;5070;ERJ;CGH;CNF;GIG;2026-03-06 23:01:45.120;TS;VCTS
2026-03-06 22:30:00.000;2920;ERJ;VCP;CNF;GIG;2026-03-06 23:16:45.120;TS;VCTS
2026-03-06 22:35:00.000;2811;A320-251NEO;CKS;CNF;GIG;2026-03-06 23:21:45.120;TS;VCTS
2026-03-06 23:30:00.000;2917;ERJ;VCP;SDU;GIG;2026-03-06 23:31:50.880;TS;VCTS
2026-03-06 22:50:00.000;2856;ERJ;CGH;CNF;GIG;2026-03-06 23:36:45.120;TS;VCTS
2026-03-06 22:55:00.000;4577;A320-251NEO;BEL;CNF;GIG;2026-03-06 23:41:45.120;TS;VCTS
2026-03-06 23:00:00.000;2950;ERJ 195LR;VIX;CNF;GIG;2026-03-06 23:46:45.120;TS;VCTS
2026-03-06 23:05:00.000;2763;A320-251NEO;POA;CNF;GIG;2026-03-06 23:51:45.120;TS;VCTS
2026-03-06 23:20:00.000;2576;A320-251NEO;MCZ;CNF;GIG;2026-03-07 00:06:45.120;TS;NSW
2026-03-06 23:25:00.000;2935;ERJ;SDU;CNF;GIG;2026-03-07 00:11:45.120;TS;NSW
2026-03-07 00:10:00.000;4915;ERJ 195LR;CGH;SDU;GIG;2026-03-07 00:11:50.880;TS;NSW
2026-03-06 23:35:00.000;4547;ERJ;GRU;CNF;GIG;2026-03-07 00:21:45.120;TS;NSW
2026-03-06 23:35:00.000;2645;ERJ;REC;CNF;GIG;2026-03-07 00:21:45.120;TS;NSW
2026-03-06 23:40:00.000;4298;A320-251NEO;THE;CNF;GIG;2026-03-07 00:26:45.120;TS;NSW
2026-03-06 23:45:00.000;4787;A320-251NEO;BEL;CNF;GIG;2026-03-07 00:31:45.120;TS;NSW
2026-03-06 23:45:00.000;4521;ERJ;BSB;CNF;GIG;2026-03-07 00:31:45.120;TS;NSW
2026-03-06 23:50:00.000;4267;A320-251NEO;REC;CNF;GIG;2026-03-07 00:36:45.120;TS;NSW
2026-03-06 23:55:00.000;4163;A320-251NEO;MAO;CNF;GIG;2026-03-07 00:41:45.120;TS;NSW
2026-03-07 00:00:00.000;2756;ERJ;VIX;CNF;GIG;2026-03-07 00:46:45.120;TS;NSW
2026-03-07 00:00:00.000;4312;A320-253NEO;FOR;CNF;GIG;2026-03-07 00:46:45.120;TS;NSW
2026-03-07 00:45:00.000;6406;ERJ 195LR;CGH;SDU;GIG;2026-03-07 00:46:50.880;TS;NSW
2026-03-07 00:05:00.000;2951;ERJ;CWB;CNF;GIG;2026-03-07 00:51:45.120;TS;NSW
2026-03-07 00:15:00.000;2643;ERJ;VCP;CNF;GIG;2026-03-07 01:01:45.120;TS;NSW
2026-03-07 01:10:00.000;2908;ERJ;CNF;SDU;GIG;2026-03-07 01:11:50.880;TS;NSW
2026-03-07 00:35:00.000;4185;ERJ;GYN;CNF;GIG;2026-03-07 01:21:45.120;TS;NSW
2026-03-07 01:20:00.000;6060;ERJ 195LR;CGH;SDU;GIG;2026-03-07 01:21:50.880;TS;NSW
2026-03-07 01:25:00.000;2884;ERJ;VCP;SDU;GIG;2026-03-07 01:26:50.880;TS;NSW
2026-03-07 00:45:00.000;2975;ERJ;BPS;CNF;GIG;2026-03-07 01:31:45.120;TS;NSW
2026-03-07 00:50:00.000;2573;A320-251NEO;REC;CNF;GIG;2026-03-07 01:36:45.120;TS;NSW
2026-03-07 00:55:00.000;4752;ERJ;GIG;CNF;GIG;2026-03-07 01:41:45.120;TS;NSW
2026-03-07 01:05:00.000;4472;A320-253NEO;SSA;CNF;GIG;2026-03-07 01:51:45.120;TS;NSW
2026-03-07 18:00:00.000;2602;ERJ 195LR;CGH;SDU;GIG;2026-03-07 18:01:50.880;TSRA;NSW
2026-03-07 17:45:00.000;4117;ERJ 195LR;SDU;CNF;GIG;2026-03-07 18:31:45.120;TSRA;NSW
2026-03-07 18:20:00.000;6038;ERJ 195LR;CGH;CNF;GIG;2026-03-07 19:06:45.120;TSRA;NSW
2026-03-07 18:45:00.000;5031;ERJ;GRU;CNF;GIG;2026-03-07 19:31:45.120;TSRA;NSW
2026-03-08 17:45:00.000;4117;ERJ;SDU;CNF;GIG;2026-03-08 18:31:45.120;TSRA;NSW
2026-03-08 17:45:00.000;4205;ERJ 195LR;CGH;CNF;GIG;2026-03-08 18:31:45.120;TSRA;NSW
2026-03-08 18:45:00.000;5031;ERJ 195LR;GRU;CNF;GIG;2026-03-08 19:31:45.120;TSRA;NSW
2026-03-08 19:05:00.000;4957;ERJ;VCP;CNF;GIG;2026-03-08 19:51:45.120;TSRA;NSW
2026-03-08 19:10:00.000;4721;ERJ;BSB;CNF;GIG;2026-03-08 19:56:45.120;TSRA;NSW
2026-03-08 19:15:00.000;4125;ERJ;GYN;CNF;GIG;2026-03-08 20:01:45.120;TSRA;NSW
2026-03-08 19:25:00.000;2457;A320-251NEO;UNA;CNF;GIG;2026-03-08 20:11:45.120;TSRA;NSW
2026-03-08 19:25:00.000;2425;ERJ;IOS;CNF;GIG;2026-03-08 20:11:45.120;TSRA;NSW
2026-03-08 19:55:00.000;4797;ERJ 195LR;CGH;CNF;GIG;2026-03-08 20:41:45.120;TSRA;NSW
2026-03-08 20:45:00.000;4311;ERJ 195LR;GRU;SDU;GIG;2026-03-08 20:46:50.880;TSRA;NSW
2026-03-08 20:05:00.000;2962;ERJ;SSA;CNF;GIG;2026-03-08 20:51:45.120;TSRA;NSW
2026-03-08 20:20:00.000;2893;ERJ;BPS;CNF;GIG;2026-03-08 21:06:45.120;TSRA;NSW
2026-03-08 21:40:00.000;4915;ERJ 195LR;CGH;SDU;GIG;2026-03-08 21:41:50.880;TSRA;NSW
2026-03-08 21:45:00.000;4305;ERJ;VCP;SDU;GIG;2026-03-08 21:46:50.880;TSRA;NSW
2026-03-08 21:50:00.000;4751;ERJ;CNF;SDU;GIG;2026-03-08 21:51:50.880;TSRA;NSW
2026-03-08 21:15:00.000;4437;ERJ;GIG;CNF;GIG;2026-03-08 22:01:45.120;TSRA;NSW
2026-03-08 21:20:00.000;4419;ERJ;CGB;CNF;GIG;2026-03-08 22:06:45.120;TSRA;NSW
2026-03-08 21:25:00.000;4289;ERJ;CPV;CNF;GIG;2026-03-08 22:11:45.120;TSRA;NSW
2026-03-08 21:45:00.000;8725;ERJ;MVD;CNF;GIG;2026-03-08 22:31:45.120;TSRA;NSW
2026-03-08 22:35:00.000;2811;ERJ;CKS;CNF;GIG;2026-03-08 23:21:45.120;TSRA;NSW
2026-03-08 22:40:00.000;2930;A320-251NEO;REC;CNF;GIG;2026-03-08 23:26:45.120;TSRA;NSW
2026-03-08 22:45:00.000;2920;ERJ;VCP;CNF;GIG;2026-03-08 23:31:45.120;TSRA;NSW
2026-03-08 23:30:00.000;2719;ERJ 195LR;CGH;SDU;GIG;2026-03-08 23:31:50.880;TSRA;NSW
2026-03-08 22:55:00.000;2789;A320-253NEO;MCZ;CNF;GIG;2026-03-08 23:41:45.120;TSRA;NSW
2026-03-08 22:55:00.000;4577;A320-251NEO;BEL;CNF;GIG;2026-03-08 23:41:45.120;TSRA;NSW
2026-03-08 23:05:00.000;2950;ERJ;VIX;CNF;GIG;2026-03-08 23:51:45.120;TSRA;NSW
2026-03-08 23:20:00.000;2433;A320-251NEO;POA;CNF;GIG;2026-03-09 00:06:45.120;TSRA;VCTS
2026-03-08 23:30:00.000;4547;ERJ;GRU;CNF;GIG;2026-03-09 00:16:45.120;TSRA;VCTS
2026-03-08 23:30:00.000;2576;A320-253NEO;MCZ;CNF;GIG;2026-03-09 00:16:45.120;TSRA;VCTS
2026-03-08 23:35:00.000;2935;ERJ;SDU;CNF;GIG;2026-03-09 00:21:45.120;TSRA;VCTS
2026-03-08 23:35:00.000;2645;ERJ;REC;CNF;GIG;2026-03-09 00:21:45.120;TSRA;VCTS
2026-03-08 23:40:00.000;4298;A320-251NEO;THE;CNF;GIG;2026-03-09 00:26:45.120;TSRA;VCTS
2026-03-08 23:45:00.000;4521;ERJ;BSB;CNF;GIG;2026-03-09 00:31:45.120;TSRA;VCTS
2026-03-08 23:45:00.000;4456;ERJ;CGH;CNF;GIG;2026-03-09 00:31:45.120;TSRA;VCTS
2026-03-08 23:50:00.000;4267;A320-251NEO;REC;CNF;GIG;2026-03-09 00:36:45.120;TSRA;VCTS
2026-03-08 23:55:00.000;4163;A320-251NEO;MAO;CNF;GIG;2026-03-09 00:41:45.120;TSRA;VCTS
2026-03-09 00:40:00.000;2711;ERJ;VCP;SDU;GIG;2026-03-09 00:41:50.880;TSRA;VCTS
2026-03-09 00:05:00.000;2545;A320-251NEO;FOR;CNF;GIG;2026-03-09 00:51:45.120;TSRA;VCTS
2026-03-09 00:50:00.000;2819;ERJ 195LR;VCP;SDU;GIG;2026-03-09 00:51:50.880;TSRA;VCTS
2026-03-09 00:15:00.000;2643;ERJ;VCP;CNF;GIG;2026-03-09 01:01:45.120;TSRA;VCTS
2026-03-09 00:20:00.000;2626;ERJ;BPS;CNF;GIG;2026-03-09 01:06:45.120;TSRA;VCTS
2026-03-09 00:35:00.000;4185;ERJ;GYN;CNF;GIG;2026-03-09 01:21:45.120;TSRA;VCTS
2026-03-09 01:20:00.000;2980;ERJ 195LR;CGH;SDU;GIG;2026-03-09 01:21:50.880;TSRA;VCTS
2026-03-09 01:20:00.000;2908;ERJ;CNF;SDU;GIG;2026-03-09 01:21:50.880;TSRA;VCTS
2026-03-09 00:50:00.000;2573;A320-251NEO;REC;CNF;GIG;2026-03-09 01:36:45.120;TSRA;VCTS
2026-03-09 00:55:00.000;4752;ERJ;GIG;CNF;GIG;2026-03-09 01:41:45.120;TSRA;VCTS
2026-03-31 19:30:00.000;6410;ERJ 195LR;CGH;SDU;GIG;2026-03-31 19:31:50.880;TS;-RA BR
2026-03-31 19:45:00.000;4311;ERJ;VCP;SDU;GIG;2026-03-31 19:46:50.880;TS;-RA BR
2026-03-31 19:05:00.000;4957;ERJ 195LR;VCP;CNF;GIG;2026-03-31 19:51:45.120;TS;-RA BR
2026-03-31 19:50:00.000;4037;ERJ;VCP;SDU;GIG;2026-03-31 19:51:50.880;TS;-RA BR
2026-03-31 19:10:00.000;4721;ERJ;BSB;CNF;GIG;2026-03-31 19:56:45.120;TS;-RA BR
2026-04-01 17:15:00.000;2656;A320-251NEO;CGR;CNF;GIG;2026-04-01 18:01:45.120;TSRA;NSW
2026-04-01 17:15:00.000;4098;A320-251NEO;FOR;CNF;GIG;2026-04-01 18:01:45.120;TSRA;NSW
2026-04-01 18:00:00.000;6068;ERJ 195LR;CGH;SDU;GIG;2026-04-01 18:01:50.880;TSRA;NSW
2026-04-01 17:45:00.000;4117;ERJ 195LR;SDU;CNF;GIG;2026-04-01 18:31:45.120;TSRA;NSW
2026-04-01 18:05:00.000;5031;ERJ;GRU;CNF;GIG;2026-04-01 18:51:45.120;TSRA;NSW
2026-04-01 18:05:00.000;4002;ERJ;VIX;CNF;GIG;2026-04-01 18:51:45.120;TSRA;NSW
2026-04-01 19:30:00.000;6410;ERJ 195LR;CGH;SDU;GIG;2026-04-01 19:31:50.880;TSRA;NSW
2026-04-01 18:55:00.000;4205;ERJ;GIG;CNF;GIG;2026-04-01 19:41:45.120;TSRA;NSW
2026-04-01 19:45:00.000;4037;ERJ;VCP;SDU;GIG;2026-04-01 19:46:50.880;TSRA;NSW
2026-04-01 19:10:00.000;4721;ERJ 195LR;BSB;CNF;GIG;2026-04-01 19:56:45.120;TSRA;NSW
2026-04-01 19:15:00.000;4125;ERJ;GYN;CNF;GIG;2026-04-01 20:01:45.120;TSRA;NSW
2026-04-01 19:15:00.000;4957;ERJ;VCP;CNF;GIG;2026-04-01 20:01:45.120;TSRA;NSW
2026-04-01 19:15:00.000;9808;ERJ 195LR;CGH;CNF;GIG;2026-04-01 20:01:45.120;TSRA;NSW
2026-04-01 20:00:00.000;4311;ERJ;GRU;SDU;GIG;2026-04-01 20:01:50.880;TSRA;NSW
2026-04-01 20:05:00.000;2610;ERJ 195LR;CGH;SDU;GIG;2026-04-01 20:06:50.880;TSRA;NSW
2026-04-01 19:25:00.000;4797;ERJ 195LR;CGH;CNF;GIG;2026-04-01 20:11:45.120;TSRA;NSW
2026-04-01 19:25:00.000;4609;A320-251NEO;IOS;CNF;GIG;2026-04-01 20:11:45.120;TSRA;NSW
2026-04-01 20:10:00.000;2962;A320-251NEO;SSA;CNF;GIG;2026-04-01 20:56:45.120;TSRA;NSW
2026-04-01 20:15:00.000;6402;ERJ;CGH;CNF;GIG;2026-04-01 21:01:45.120;TSRA;NSW
2026-04-01 20:25:00.000;9807;ERJ 195LR;CWB;CNF;GIG;2026-04-01 21:11:45.120;TSRA;NSW
2026-04-01 21:10:00.000;4305;ERJ;VCP;SDU;GIG;2026-04-01 21:11:50.880;TSRA;NSW
2026-04-01 20:50:00.000;2626;ERJ;BPS;CNF;GIG;2026-04-01 21:36:45.120;TSRA;NSW
2026-04-01 21:40:00.000;4751;ERJ 195LR;CNF;SDU;GIG;2026-04-01 21:41:50.880;TSRA;NSW
2026-04-01 21:55:00.000;6047;ERJ 195LR;CGH;SDU;GIG;2026-04-01 21:56:50.880;TSRA;NSW
2026-04-02 17:15:00.000;2553;A320-251NEO;FOR;CNF;GIG;2026-04-02 18:01:45.120;TSRA;NSW
2026-04-02 17:15:00.000;2656;ERJ;CGR;CNF;GIG;2026-04-02 18:01:45.120;TSRA;NSW
2026-04-02 18:00:00.000;6068;ERJ;CGH;SDU;GIG;2026-04-02 18:01:50.880;TSRA;NSW
2026-04-02 17:45:00.000;4117;ERJ 195LR;SDU;CNF;GIG;2026-04-02 18:31:45.120;TSRA;NSW
2026-04-02 18:05:00.000;5031;ERJ;GRU;CNF;GIG;2026-04-02 18:51:45.120;TSRA;NSW
2026-04-02 19:30:00.000;6410;ERJ 195LR;CGH;SDU;GIG;2026-04-02 19:31:50.880;TSRA;NSW
2026-04-02 19:45:00.000;4311;ERJ;GRU;SDU;GIG;2026-04-02 19:46:50.880;TSRA;NSW
2026-04-02 19:45:00.000;4037;ERJ;VCP;SDU;GIG;2026-04-02 19:46:50.880;TSRA;NSW
2026-04-02 19:10:00.000;4721;ERJ;BSB;CNF;GIG;2026-04-02 19:56:45.120;TSRA;NSW
2026-04-02 19:15:00.000;4125;ERJ 195LR;GYN;CNF;GIG;2026-04-02 20:01:45.120;TSRA;VCSH
2026-04-02 19:15:00.000;4957;ERJ;VCP;CNF;GIG;2026-04-02 20:01:45.120;TSRA;VCSH
2026-04-02 20:05:00.000;2610;ERJ 195LR;CGH;SDU;GIG;2026-04-02 20:06:50.880;TSRA;VCSH
2026-04-02 19:25:00.000;4609;ERJ;IOS;CNF;GIG;2026-04-02 20:11:45.120;TSRA;VCSH
2026-04-02 21:15:00.000;4437;ERJ;GIG;CNF;GIG;2026-04-02 22:01:45.120;TSRA;VCSH VCTS
2026-04-02 21:20:00.000;4419;ERJ;CGB;CNF;GIG;2026-04-02 22:06:45.120;TSRA;VCSH VCTS
2026-04-02 21:25:00.000;4289;ERJ;CPV;CNF;GIG;2026-04-02 22:11:45.120;TSRA;VCSH VCTS
2026-04-02 21:30:00.000;9091;ERJ 195LR;VCP;CNF;GIG;2026-04-02 22:16:45.120;TSRA;VCSH VCTS
2026-04-02 21:40:00.000;2930;A320-253NEO;REC;CNF;GIG;2026-04-02 22:26:45.120;TSRA;VCSH VCTS
2026-04-02 22:55:00.000;4008;ERJ 195LR;CGH;SDU;GIG;2026-04-02 22:56:50.880;TSRA;VCSH VCTS
2026-04-02 22:30:00.000;5070;ERJ;CGH;CNF;GIG;2026-04-02 23:16:45.120;TSRA;NSW
2026-04-02 22:30:00.000;2920;ERJ;VCP;CNF;GIG;2026-04-02 23:16:45.120;TSRA;NSW
2026-04-02 22:35:00.000;2811;A320-251NEO;CKS;CNF;GIG;2026-04-02 23:21:45.120;TSRA;NSW
2026-04-02 22:45:00.000;4012;A320-251NEO;AJU;CNF;GIG;2026-04-02 23:31:45.120;TSRA;NSW
2026-04-02 22:55:00.000;4577;A320-251NEO;BEL;CNF;GIG;2026-04-02 23:41:45.120;TSRA;NSW
2026-04-02 23:00:00.000;2994;ERJ;VIX;CNF;GIG;2026-04-02 23:46:45.120;TSRA;NSW
2026-04-03 17:15:00.000;4098;A320-251NEO;FOR;CNF;GIG;2026-04-03 18:01:45.120;TSRA;NSW
2026-04-03 18:00:00.000;6068;ERJ;CGH;SDU;GIG;2026-04-03 18:01:50.880;TSRA;NSW
2026-04-03 18:05:00.000;5086;ERJ;VCP;SDU;GIG;2026-04-03 18:06:50.880;TSRA;NSW
2026-04-03 17:45:00.000;4117;ERJ 195LR;SDU;CNF;GIG;2026-04-03 18:31:45.120;TSRA;NSW
2026-04-03 18:05:00.000;5031;ERJ;GRU;CNF;GIG;2026-04-03 18:51:45.120;TSRA;NSW
2026-04-03 18:30:00.000;4002;ERJ;VIX;CNF;GIG;2026-04-03 19:16:45.120;TSRA;NSW
2026-04-03 18:50:00.000;4205;ERJ 195LR;GIG;CNF;GIG;2026-04-03 19:36:45.120;TSRA;NSW
2026-04-03 19:00:00.000;9350;A320-253NEO;CKS;CNF;GIG;2026-04-03 19:46:45.120;TSRA;NSW
2026-04-03 19:45:00.000;4311;ERJ;GRU;SDU;GIG;2026-04-03 19:46:50.880;TSRA;NSW
2026-04-03 19:10:00.000;4721;ERJ;BSB;CNF;GIG;2026-04-03 19:56:45.120;TSRA;NSW
2026-04-03 19:15:00.000;4125;ERJ;GYN;CNF;GIG;2026-04-03 20:01:45.120;TSRA;NSW
2026-04-03 19:15:00.000;4957;ERJ;VCP;CNF;GIG;2026-04-03 20:01:45.120;TSRA;NSW
2026-04-03 19:25:00.000;4609;ERJ;IOS;CNF;GIG;2026-04-03 20:11:45.120;TSRA;NSW
2026-04-03 21:10:00.000;4305;ERJ;VCP;SDU;GIG;2026-04-03 21:11:50.880;TSRA;NSW
2026-04-03 20:50:00.000;2626;ERJ;BPS;CNF;GIG;2026-04-03 21:36:45.120;TSRA;NSW
2026-04-03 21:40:00.000;4751;ERJ 195LR;CNF;SDU;GIG;2026-04-03 21:41:50.880;TSRA;NSW
2026-04-03 21:00:00.000;9800;ERJ 195LR;PLU;CNF;GIG;2026-04-03 21:46:45.120;TSRA;NSW
2026-04-03 21:55:00.000;6047;ERJ;CGH;SDU;GIG;2026-04-03 21:56:50.880;TSRA;NSW
2026-04-04 01:35:00.000;9014;A320-251NEO;REC;CNF;GIG;2026-04-04 02:21:45.120;TSRA;-RA
2026-04-04 01:55:00.000;4484;ERJ;VCP;CNF;GIG;2026-04-04 02:41:45.120;TSRA;-RA
2026-04-04 17:15:00.000;2553;A320-251NEO;FOR;CNF;GIG;2026-04-04 18:01:45.120;TSRA;VCSH
2026-04-04 18:05:00.000;4037;ERJ;VCP;SDU;GIG;2026-04-04 18:06:50.880;TSRA;VCSH
2026-04-04 21:50:00.000;9662;A320-253NEO;MVD;CFB;GIG;2026-04-04 22:05:44.639;TSRA;NSW
2026-04-04 21:20:00.000;4419;ERJ;CGB;CNF;GIG;2026-04-04 22:06:45.120;TSRA;NSW
2026-04-04 21:40:00.000;2930;A320-251NEO;REC;CNF;GIG;2026-04-04 22:26:45.120;TSRA;NSW
2026-04-04 23:05:00.000;4880;ERJ;CGH;SDU;GIG;2026-04-04 23:06:50.880;TSRA;NSW
2026-04-04 22:30:00.000;2920;ERJ;VCP;CNF;GIG;2026-04-04 23:16:45.120;TSRA;NSW
2026-04-04 23:15:00.000;4311;ERJ 195LR;GRU;SDU;GIG;2026-04-04 23:16:50.880;TSRA;NSW
2026-04-04 22:45:00.000;2763;A320-251NEO;POA;CNF;GIG;2026-04-04 23:31:45.120;TSRA;NSW
2026-04-04 22:45:00.000;2523;A320-251NEO;AJU;CNF;GIG;2026-04-04 23:31:45.120;TSRA;NSW
2026-04-04 23:00:00.000;2994;ERJ;VIX;CNF;GIG;2026-04-04 23:46:45.120;TSRA;NSW
2026-04-04 23:10:00.000;4454;ERJ 195LR;CGH;CNF;GIG;2026-04-04 23:56:45.120;TSRA;NSW
2026-04-05 17:35:00.000;4204;ERJ;VCP;SDU;GIG;2026-04-05 17:36:50.880;TS;NSW
2026-04-05 17:35:00.000;4116;ERJ 195LR;CGH;SDU;GIG;2026-04-05 17:36:50.880;TS;NSW
2026-04-05 17:00:00.000;2445;A320-251NEO;JPA;CNF;GIG;2026-04-05 17:46:45.120;TS;NSW
2026-04-05 17:15:00.000;2553;A320-251NEO;FOR;CNF;GIG;2026-04-05 18:01:45.120;TSRA;NSW
2026-04-05 17:45:00.000;4117;ERJ;SDU;CNF;GIG;2026-04-05 18:31:45.120;TSRA;NSW
2026-04-05 18:15:00.000;4957;ERJ;VCP;CNF;GIG;2026-04-05 19:01:45.120;TSRA;NSW
2026-04-05 18:20:00.000;4289;ERJ;CPV;CNF;GIG;2026-04-05 19:06:45.120;TSRA;NSW
2026-04-05 18:45:00.000;5031;ERJ 195LR;GRU;CNF;GIG;2026-04-05 19:31:45.120;TSRA;NSW
2026-04-05 18:55:00.000;4205;ERJ;GIG;CNF;GIG;2026-04-05 19:41:45.120;TSRA;NSW
2026-04-05 19:10:00.000;4721;ERJ;BSB;CNF;GIG;2026-04-05 19:56:45.120;TSRA;NSW
2026-04-05 19:15:00.000;4125;ERJ;GYN;CNF;GIG;2026-04-05 20:01:45.120;TSRA;NSW
2026-04-05 19:25:00.000;2457;A320-253NEO;UNA;CNF;GIG;2026-04-05 20:11:45.120;TSRA;NSW
2026-04-05 19:25:00.000;2425;ERJ;IOS;CNF;GIG;2026-04-05 20:11:45.120;TSRA;NSW
2026-04-05 19:30:00.000;9038;ERJ;CGH;CNF;GIG;2026-04-05 20:16:45.120;TSRA;NSW
2026-04-05 20:00:00.000;4797;ERJ 195LR;CGH;CNF;GIG;2026-04-05 20:46:45.120;TSRA;NSW
2026-04-05 20:45:00.000;4311;ERJ 195LR;GRU;SDU;GIG;2026-04-05 20:46:50.880;TSRA;NSW
2026-04-05 20:05:00.000;2962;ERJ;SSA;CNF;GIG;2026-04-05 20:51:45.120;TSRA;NSW
2026-04-05 21:10:00.000;4305;ERJ;VCP;SDU;GIG;2026-04-05 21:11:50.880;TSRA;NSW
2026-04-05 20:30:00.000;4599;A320-251NEO;RBR;CNF;GIG;2026-04-05 21:16:45.120;TSRA;NSW
2026-04-05 20:50:00.000;2626;ERJ;BPS;CNF;GIG;2026-04-05 21:36:45.120;TSRA;NSW
2026-04-05 21:45:00.000;4915;ERJ 195LR;CGH;SDU;GIG;2026-04-05 21:46:50.880;TSRA;NSW
2026-04-05 21:50:00.000;4751;ERJ 195LR;CNF;SDU;GIG;2026-04-05 21:51:50.880;TSRA;NSW
2026-04-05 21:40:00.000;9684;A320-251NEO;MVD;CFB;GIG;2026-04-05 21:55:44.639;TSRA;NSW
2026-04-05 21:15:00.000;4437;ERJ;GIG;CNF;GIG;2026-04-05 22:01:45.120;TSRA;NSW
2026-04-05 21:20:00.000;4419;ERJ;CGB;CNF;GIG;2026-04-05 22:06:45.120;TSRA;NSW
2026-04-05 21:45:00.000;8725;ERJ;MVD;CNF;GIG;2026-04-05 22:31:45.120;TSRA;NSW
2026-04-05 22:45:00.000;2719;ERJ 195LR;CGH;SDU;GIG;2026-04-05 22:46:50.880;TSRA;NSW
2026-04-05 22:30:00.000;2920;ERJ;VCP;CNF;GIG;2026-04-05 23:16:45.120;TSRA;NSW
2026-04-05 22:35:00.000;2811;ERJ;CKS;CNF;GIG;2026-04-05 23:21:45.120;TSRA;NSW
2026-04-05 22:40:00.000;2930;A320-251NEO;REC;CNF;GIG;2026-04-05 23:26:45.120;TSRA;NSW
2026-04-05 22:45:00.000;2523;A320-251NEO;AJU;CNF;GIG;2026-04-05 23:31:45.120;TSRA;NSW
2026-04-05 22:55:00.000;4577;A320-251NEO;BEL;CNF;GIG;2026-04-05 23:41:45.120;TSRA;NSW
2026-04-05 23:00:00.000;2994;ERJ;VIX;CNF;GIG;2026-04-05 23:46:45.120;TSRA;NSW
2026-04-08 20:15:00.000;6402;ERJ;CGH;CNF;GIG;2026-04-08 21:01:45.120;TS;NSW
2026-04-08 21:10:00.000;4305;ERJ;VCP;SDU;GIG;2026-04-08 21:11:50.880;TS;NSW
2026-04-08 20:30:00.000;4599;A320-251NEO;RBR;CNF;GIG;2026-04-08 21:16:45.120;TS;NSW
2026-04-08 20:50:00.000;2626;A320-253NEO;BPS;CNF;GIG;2026-04-08 21:36:45.120;TS;NSW
2026-04-08 21:40:00.000;4751;ERJ 195LR;CNF;SDU;GIG;2026-04-08 21:41:50.880;TS;NSW
2026-04-08 21:55:00.000;6047;ERJ 195LR;CGH;SDU;GIG;2026-04-08 21:56:50.880;TS;NSW
2026-04-08 21:15:00.000;4437;ERJ 195LR;GIG;CNF;GIG;2026-04-08 22:01:45.120;TS;NSW
2026-04-08 21:20:00.000;4419;ERJ;CGB;CNF;GIG;2026-04-08 22:06:45.120;TS;NSW
2026-04-08 21:40:00.000;2930;A320-251NEO;REC;CNF;GIG;2026-04-08 22:26:45.120;TS;NSW
2026-04-08 21:45:00.000;8725;ERJ;MVD;CNF;GIG;2026-04-08 22:31:45.120;TS;NSW
2026-04-08 22:55:00.000;4008;ERJ 195LR;CGH;SDU;GIG;2026-04-08 22:56:50.880;TS;NSW
2026-04-27 20:15:00.000;6402;ERJ;CGH;CNF;GIG;2026-04-27 21:01:45.120;TSRA;NSW
2026-04-27 21:10:00.000;4305;ERJ;VCP;SDU;GIG;2026-04-27 21:11:50.880;TSRA;NSW
2026-04-27 20:30:00.000;4599;A320-251NEO;RBR;CNF;GIG;2026-04-27 21:16:45.120;TSRA;NSW
2026-04-27 21:40:00.000;4751;ERJ 195LR;CNF;SDU;GIG;2026-04-27 21:41:50.880;TSRA;NSW
2026-04-27 21:00:00.000;2671;ERJ;CWB;CNF;GIG;2026-04-27 21:46:45.120;TSRA;NSW
2026-04-27 21:05:00.000;2626;ERJ;BPS;CNF;GIG;2026-04-27 21:51:45.120;TSRA;NSW
2026-04-27 21:15:00.000;4437;ERJ 195LR;GIG;CNF;GIG;2026-04-27 22:01:45.120;TSRA;NSW
2026-04-27 21:30:00.000;4419;ERJ;CGB;CNF;GIG;2026-04-27 22:16:45.120;TSRA;NSW
2026-04-27 21:40:00.000;2930;A320-251NEO;REC;CNF;GIG;2026-04-27 22:26:45.120;TSRA;NSW
2026-04-27 22:55:00.000;4008;ERJ;CGH;SDU;GIG;2026-04-27 22:56:50.880;TSRA;NSW
2026-04-27 22:30:00.000;5070;ERJ;CGH;CNF;GIG;2026-04-27 23:16:45.120;TSRA;NSW
2026-04-27 22:30:00.000;2920;A320-251NEO;VCP;CNF;GIG;2026-04-27 23:16:45.120;TSRA;NSW
2026-04-27 22:35:00.000;2811;A320-251NEO;CKS;CNF;GIG;2026-04-27 23:21:45.120;TSRA;NSW
2026-04-27 22:45:00.000;4012;A320-251NEO;AJU;CNF;GIG;2026-04-27 23:31:45.120;TSRA;NSW
2026-04-27 22:45:00.000;2763;A320-253NEO;POA;CNF;GIG;2026-04-27 23:31:45.120;TSRA;NSW
2026-04-27 22:55:00.000;4577;A320-251NEO;BEL;CNF;GIG;2026-04-27 23:41:45.120;TSRA;NSW
2026-04-27 23:15:00.000;2935;ERJ;SDU;CNF;GIG;2026-04-28 00:01:45.120;TSRA;NSW
2026-04-27 23:20:00.000;2576;A320-251NEO;MCZ;CNF;GIG;2026-04-28 00:06:45.120;TSRA;NSW
2026-04-28 00:05:00.000;4915;ERJ 195LR;CGH;SDU;GIG;2026-04-28 00:06:50.880;TSRA;NSW
2026-04-27 23:25:00.000;2643;ERJ 195LR;VCP;CNF;GIG;2026-04-28 00:11:45.120;TSRA;NSW
2026-04-27 23:30:00.000;2856;ERJ;CGH;CNF;GIG;2026-04-28 00:16:45.120;TSRA;NSW
2026-04-27 23:35:00.000;4547;ERJ;GRU;CNF;GIG;2026-04-28 00:21:45.120;TSRA;NSW
2026-04-27 23:35:00.000;4298;A320-251NEO;THE;CNF;GIG;2026-04-28 00:21:45.120;TSRA;NSW
2026-04-27 23:40:00.000;4521;ERJ;BSB;CNF;GIG;2026-04-28 00:26:45.120;TSRA;NSW
2026-04-27 23:45:00.000;2994;ERJ;VIX;CNF;GIG;2026-04-28 00:31:45.120;TSRA;NSW
2026-04-27 23:45:00.000;9579;A320-251NEO;CKS;CNF;GIG;2026-04-28 00:31:45.120;TSRA;NSW
2026-04-27 23:50:00.000;4787;A320-251NEO;BEL;CNF;GIG;2026-04-28 00:36:45.120;TSRA;NSW
2026-04-27 23:50:00.000;4267;A320-253NEO;REC;CNF;GIG;2026-04-28 00:36:45.120;TSRA;NSW
2026-04-27 23:55:00.000;2951;A320-251NEO;CWB;CNF;GIG;2026-04-28 00:41:45.120;TSRA;NSW
2026-04-28 00:05:00.000;4312;A320-251NEO;FOR;CNF;GIG;2026-04-28 00:51:45.120;TSRA;NSW
2026-04-28 00:10:00.000;4163;A320-251NEO;MAO;CNF;GIG;2026-04-28 00:56:45.120;TSRA;NSW
2026-04-28 01:10:00.000;2908;ERJ;CNF;SDU;GIG;2026-04-28 01:11:50.880;TSRA;NSW
2026-04-28 01:15:00.000;6060;ERJ 195LR;CGH;SDU;GIG;2026-04-28 01:16:50.880;TSRA;NSW
2026-04-28 01:25:00.000;2884;ERJ;VCP;SDU;GIG;2026-04-28 01:26:50.880;TSRA;NSW
2026-04-28 00:50:00.000;2573;A320-251NEO;REC;CNF;GIG;2026-04-28 01:36:45.120;TSRA;NSW
2026-04-28 00:55:00.000;4752;ERJ 195LR;GIG;CNF;GIG;2026-04-28 01:41:45.120;TSRA;NSW
2026-04-28 00:55:00.000;2665;A320-251NEO;VIX;CNF;GIG;2026-04-28 01:41:45.120;TSRA;NSW
2026-04-28 01:00:00.000;2975;ERJ;BPS;CNF;GIG;2026-04-28 01:46:45.120;TSRA;NSW
2026-04-28 01:05:00.000;4472;A320-253NEO;SSA;CNF;GIG;2026-04-28 01:51:45.120;TSRA;NSW
2026-04-28 01:25:00.000;2881;ERJ;GRU;CNF;GIG;2026-04-28 02:11:45.120;TSRA;NSW
2026-04-28 01:55:00.000;4484;ERJ;VCP;CNF;GIG;2026-04-28 02:41:45.120;TSRA;NSW
2026-05-20 13:45:00.000;2629;ERJ;VCP;SDU;GIG;2026-05-20 13:46:50.880;TSRA BR;RA BR
2026-05-20 14:10:00.000;6418;ERJ 195LR;CGH;SDU;GIG;2026-05-20 14:11:50.880;TSRA BR;RA BR
2026-05-20 14:00:00.000;4118;ERJ;SDU;CNF;GIG;2026-05-20 14:46:45.120;TSRA BR;-RA BR
2026-05-20 14:10:00.000;4570;ERJ;GRU;CNF;GIG;2026-05-20 14:56:45.120;TSRA BR;-RA BR
2026-05-20 14:10:00.000;4045;ERJ;VCP;CNF;GIG;2026-05-20 14:56:45.120;TSRA BR;-RA BR
2025-08-26 19:30:00.000;4436;ERJ 195LR;CNF;GIG;GRU;2025-08-26 20:13:35.040;TSRA BR;NSW
2025-08-26 19:50:00.000;4037;ERJ 195LR;VCP;GIG;GRU;2025-08-26 20:33:35.040;TSRA BR;NSW
2025-08-26 20:25:00.000;2663;A320-251NEO;POA;GIG;GRU;2025-08-26 21:08:35.040;TSRA BR;NSW
2025-08-26 21:05:00.000;4625;A320-251NEO;REC;GIG;GRU;2025-08-26 21:48:35.040;TSRA BR;NSW
2025-09-22 03:20:00.000;2785;ERJ;CWB;GIG;GRU;2025-09-22 04:03:35.040;TSRA;-RA
2025-09-22 03:30:00.000;4449;ERJ;VCP;GIG;GRU;2025-09-22 04:13:35.040;TSRA;-RA
2025-09-22 03:35:00.000;4110;ERJ 195LR;CNF;GIG;GRU;2025-09-22 04:18:35.040;TSRA;-RA
2025-10-03 19:50:00.000;4037;ERJ;VCP;GIG;GRU;2025-10-03 20:33:35.040;TSRA;HZ
2025-10-03 20:25:00.000;2663;A320-251NEO;POA;GIG;GRU;2025-10-03 21:08:35.040;TSRA;NSW
2025-10-03 21:05:00.000;4625;A320-251NEO;REC;GIG;GRU;2025-10-03 21:48:35.040;TSRA;NSW
2025-10-13 07:35:00.000;9111;ERJ 195LR;CNF;GIG;GRU;2025-10-13 08:18:35.040;TSRA;NSW
2025-10-13 07:40:00.000;9209;ERJ;VCP;GIG;GRU;2025-10-13 08:23:35.040;TSRA;NSW
2025-10-13 08:35:00.000;4032;A320-253NEO;REC;GIG;GRU;2025-10-13 09:18:35.040;TSRA;NSW
2025-10-13 19:30:00.000;4436;ERJ 195LR;CNF;GIG;GRU;2025-10-13 20:13:35.040;TSRA;NSW
2025-10-13 19:50:00.000;4037;ERJ;VCP;GIG;GRU;2025-10-13 20:33:35.040;TSRA;NSW
2025-10-13 20:25:00.000;2663;A320-251NEO;POA;GIG;GRU;2025-10-13 21:08:35.040;TSRA;NSW
2025-10-17 19:50:00.000;4037;ERJ;VCP;GIG;GRU;2025-10-17 20:33:35.040;TSRA;NSW
2025-10-18 19:40:00.000;9514;ERJ 195LR;GRU;GIG;GRU;2025-10-18 20:23:35.040;TSRA BR;-RA
2025-10-18 19:50:00.000;4037;ERJ;VCP;GIG;GRU;2025-10-18 20:33:35.040;TSRA BR;-RA
2025-10-28 19:30:00.000;4436;ERJ 195LR;CNF;GIG;GRU;2025-10-28 20:13:35.040;TSRA BR;NSW
2025-10-28 19:30:00.000;4037;ERJ;VCP;GIG;GRU;2025-10-28 20:13:35.040;TSRA BR;NSW
2025-10-29 11:45:00.000;4209;ERJ;CWB;GIG;GRU;2025-10-29 12:28:35.040;TSRA BR;NSW
2025-10-29 19:30:00.000;4436;ERJ 195LR;CNF;GIG;GRU;2025-10-29 20:13:35.040;TSRA BR;VCSH
2025-10-29 19:30:00.000;4037;ERJ;VCP;GIG;GRU;2025-10-29 20:13:35.040;TSRA BR;VCSH
2025-10-29 20:25:00.000;2663;A320-251NEO;POA;GIG;GRU;2025-10-29 21:08:35.040;TSRA BR;VCSH
2025-10-29 21:25:00.000;4625;A320-253NEO;REC;GIG;GRU;2025-10-29 22:08:35.040;TSRA BR;NSW
2025-10-29 23:10:00.000;2627;ERJ 195LR;CNF;GIG;GRU;2025-10-29 23:53:35.040;TSRA BR;RA
2025-10-29 23:15:00.000;4023;ERJ;CWB;GIG;GRU;2025-10-29 23:58:35.040;TSRA BR;RA
2025-11-03 19:30:00.000;4436;ERJ 195LR;CNF;GIG;GRU;2025-11-03 20:13:35.040;TSRA BR;NSW
2025-11-03 19:30:00.000;4037;A320-253NEO;VCP;GIG;GRU;2025-11-03 20:13:35.040;TSRA BR;NSW
2025-11-03 20:25:00.000;2663;A320-251NEO;POA;GIG;GRU;2025-11-03 21:08:35.040;TSRA BR;NSW
2025-11-03 21:40:00.000;4625;A320-251NEO;REC;GIG;GRU;2025-11-03 22:23:35.040;TSRA BR;NSW
2025-11-03 23:10:00.000;4023;ERJ;CWB;GIG;GRU;2025-11-03 23:53:35.040;TSRA BR;-RA
2025-11-03 23:10:00.000;2627;ERJ 195LR;CNF;GIG;GRU;2025-11-03 23:53:35.040;TSRA BR;-RA
2025-11-04 19:30:00.000;4436;ERJ 195LR;CNF;GIG;GRU;2025-11-04 20:13:35.040;TSRA;BR
2025-11-04 20:25:00.000;2663;A320-251NEO;POA;GIG;GRU;2025-11-04 21:08:35.040;TSRA;BR
2025-11-17 16:00:00.000;4417;ERJ 195LR;CNF;GIG;GRU;2025-11-17 16:43:35.040;TSRA;NSW
2025-11-17 19:30:00.000;4436;ERJ 195LR;CNF;GIG;GRU;2025-11-17 20:13:35.040;TSRA BR;-RA
2025-11-17 19:30:00.000;4037;ERJ 195LR;VCP;GIG;GRU;2025-11-17 20:13:35.040;TSRA BR;-RA
2025-11-17 20:25:00.000;2663;A320-251NEO;POA;GIG;GRU;2025-11-17 21:08:35.040;TSRA BR;NSW
2025-11-17 21:40:00.000;4625;A320-251NEO;REC;GIG;GRU;2025-11-17 22:23:35.040;TSRA BR;NSW
2025-11-24 19:30:00.000;4436;ERJ 195LR;CNF;GIG;GRU;2025-11-24 20:13:35.040;TSRA;NSW
2025-11-24 19:30:00.000;4037;ERJ 195LR;VCP;GIG;GRU;2025-11-24 20:13:35.040;TSRA;NSW
2025-11-24 20:25:00.000;2663;A320-251NEO;POA;GIG;GRU;2025-11-24 21:08:35.040;TSRA;NSW
2025-12-07 19:30:00.000;4436;ERJ 195LR;CNF;GIG;GRU;2025-12-07 20:13:35.040;TSRA;NSW
2025-12-07 19:50:00.000;4037;ERJ;VCP;GIG;GRU;2025-12-07 20:33:35.040;TSRA;NSW
2025-12-07 20:25:00.000;2663;A320-251NEO;POA;GIG;GRU;2025-12-07 21:08:35.040;TSRA;NSW
2025-12-07 21:25:00.000;4625;A320-251NEO;REC;GIG;GRU;2025-12-07 22:08:35.040;TSRA;NSW
2025-12-08 19:30:00.000;4436;ERJ;CNF;GIG;GRU;2025-12-08 20:13:35.040;TSRA;-RA BR
2025-12-08 19:30:00.000;4037;ERJ;VCP;GIG;GRU;2025-12-08 20:13:35.040;TSRA;-RA BR
2025-12-09 15:45:00.000;4173;ERJ;VCP;GIG;GRU;2025-12-09 16:28:35.040;TSRA;-RA
2025-12-09 16:00:00.000;4417;ERJ 195LR;CNF;GIG;GRU;2025-12-09 16:43:35.040;TSRA;-RA
2025-12-13 18:40:00.000;4173;ERJ;VCP;GIG;GRU;2025-12-13 19:23:35.040;TSRA;NSW
2025-12-13 21:40:00.000;4625;A320-253NEO;REC;GIG;GRU;2025-12-13 22:23:35.040;TSRA;RA
2025-12-13 22:20:00.000;4037;ERJ;VCP;GIG;GRU;2025-12-13 23:03:35.040;TSRA;-RA
2025-12-13 23:10:00.000;4023;ERJ;CWB;GIG;GRU;2025-12-13 23:53:35.040;TSRA;-RA
2025-12-14 14:20:00.000;5024;A320-251NEO;REC;GIG;GRU;2025-12-14 15:03:35.040;TSRA BR;NSW
2025-12-14 15:45:00.000;4173;ERJ 195LR;VCP;GIG;GRU;2025-12-14 16:28:35.040;TSRA BR;NSW
2025-12-14 16:20:00.000;4417;A320-251NEO;CNF;GIG;GRU;2025-12-14 17:03:35.040;TSRA BR;NSW
2026-01-01 17:25:00.000;4209;ERJ;CWB;GIG;GRU;2026-01-01 18:08:35.040;TSRA BR;NSW
2026-01-01 19:50:00.000;4037;ERJ;VCP;GIG;GRU;2026-01-01 20:33:35.040;TSRA BR;NSW
2026-01-01 20:25:00.000;2663;A320-253NEO;POA;GIG;GRU;2026-01-01 21:08:35.040;TSRA BR;NSW
2026-01-01 21:40:00.000;4625;A320-251NEO;REC;GIG;GRU;2026-01-01 22:23:35.040;TSRA BR;NSW
2026-01-02 19:50:00.000;4037;ERJ;VCP;GIG;GRU;2026-01-02 20:33:35.040;TSRA BR;NSW
2026-01-02 20:25:00.000;2663;A320-251NEO;POA;GIG;GRU;2026-01-02 21:08:35.040;TSRA BR;NSW
2026-01-02 21:40:00.000;4625;A320-251NEO;REC;GIG;GRU;2026-01-02 22:23:35.040;TSRA BR;NSW
2026-01-03 17:40:00.000;9571;A320-251NEO;BPS;GIG;GRU;2026-01-03 18:23:35.040;TSRA;NSW
2026-01-09 19:50:00.000;4037;ERJ;VCP;GIG;GRU;2026-01-09 20:33:35.040;TSRA;VCSH
2026-01-09 20:15:00.000;4417;ERJ 195LR;CNF;GIG;GRU;2026-01-09 20:58:35.040;TSRA;VCSH
2026-01-12 19:50:00.000;4037;ERJ;VCP;GIG;GRU;2026-01-12 20:33:35.040;TSRA BR;VCSH
2026-01-12 20:15:00.000;4417;ERJ 195LR;CNF;GIG;GRU;2026-01-12 20:58:35.040;TSRA BR;VCSH
2026-01-12 20:25:00.000;2663;A320-251NEO;POA;GIG;GRU;2026-01-12 21:08:35.040;TSRA BR;NSW
2026-01-12 21:40:00.000;4625;A320-251NEO;REC;GIG;GRU;2026-01-12 22:23:35.040;TSRA BR;VCSH
2026-01-12 23:10:00.000;4023;ERJ;CWB;GIG;GRU;2026-01-12 23:53:35.040;TSRA BR;VCTS
2026-01-13 19:50:00.000;4037;ERJ;VCP;GIG;GRU;2026-01-13 20:33:35.040;TSRA;NSW
2026-01-13 20:15:00.000;4417;ERJ 195LR;CNF;GIG;GRU;2026-01-13 20:58:35.040;TSRA;NSW
2026-01-13 20:25:00.000;2663;A320-253NEO;POA;GIG;GRU;2026-01-13 21:08:35.040;TSRA;VCSH
2026-01-14 20:15:00.000;4417;ERJ 195LR;CNF;GIG;GRU;2026-01-14 20:58:35.040;TS;NSW
2026-01-15 19:50:00.000;4037;ERJ;VCP;GIG;GRU;2026-01-15 20:33:35.040;TSRA;-RA
2026-01-15 20:15:00.000;4417;ERJ 195LR;CNF;GIG;GRU;2026-01-15 20:58:35.040;TSRA;-RA
2026-01-15 20:25:00.000;2663;A320-251NEO;POA;GIG;GRU;2026-01-15 21:08:35.040;TSRA;-RA
2026-01-16 19:50:00.000;4037;ERJ;VCP;GIG;GRU;2026-01-16 20:33:35.040;TSRA;VCSH
2026-01-16 20:15:00.000;4417;ERJ 195LR;CNF;GIG;GRU;2026-01-16 20:58:35.040;TSRA;VCSH
2026-01-26 19:50:00.000;4037;ERJ;VCP;GIG;GRU;2026-01-26 20:33:35.040;TS;NSW
2026-01-26 20:15:00.000;4417;ERJ 195LR;CNF;GIG;GRU;2026-01-26 20:58:35.040;TS;NSW
2026-01-26 20:25:00.000;2663;A320-253NEO;POA;GIG;GRU;2026-01-26 21:08:35.040;TS;NSW
2026-01-27 15:40:00.000;4166;ERJ;VCP;GIG;GRU;2026-01-27 16:23:35.040;TS VCSH;NSW
2026-01-28 19:50:00.000;4037;ERJ;VCP;GIG;GRU;2026-01-28 20:33:35.040;TSRA;NSW
2026-01-28 20:15:00.000;4417;ERJ 195LR;CNF;GIG;GRU;2026-01-28 20:58:35.040;TSRA;NSW
2026-01-29 19:50:00.000;4037;ERJ;VCP;GIG;GRU;2026-01-29 20:33:35.040;TSRA;NSW
2026-01-29 20:15:00.000;4417;ERJ 195LR;CNF;GIG;GRU;2026-01-29 20:58:35.040;TSRA;NSW
2026-01-29 20:25:00.000;2663;ERJ;POA;GIG;GRU;2026-01-29 21:08:35.040;TSRA;VCTS
2026-01-29 23:20:00.000;4023;ERJ;CWB;GIG;GRU;2026-01-30 00:03:35.040;TS;NSW
2026-01-29 23:30:00.000;4040;ERJ;VCP;GIG;GRU;2026-01-30 00:13:35.040;TS;NSW
2026-01-29 23:45:00.000;2627;ERJ;CNF;GIG;GRU;2026-01-30 00:28:35.040;TS;NSW
2026-01-30 00:55:00.000;2990;A320-251NEO;REC;GIG;GRU;2026-01-30 01:38:35.040;TS;NSW
2026-02-02 19:50:00.000;4037;ERJ;VCP;GIG;GRU;2026-02-02 20:33:35.040;TSRA;NSW
2026-02-02 20:25:00.000;2663;ERJ;POA;GIG;GRU;2026-02-02 21:08:35.040;TSRA;NSW
2026-02-02 21:40:00.000;4625;A320-253NEO;REC;GIG;GRU;2026-02-02 22:23:35.040;TSRA;NSW
2026-02-12 21:40:00.000;4625;A320-253NEO;REC;GIG;GRU;2026-02-12 22:23:35.040;TSRA;NSW
2026-02-13 19:50:00.000;4037;ERJ 195LR;VCP;GIG;GRU;2026-02-13 20:33:35.040;TS;VCSH
2026-02-14 02:00:00.000;2889;ERJ;POA;GIG;GRU;2026-02-14 02:43:35.040;TS;NSW
2026-02-18 19:50:00.000;4037;ERJ;VCP;GIG;GRU;2026-02-18 20:33:35.040;TSRA;NSW
2026-02-18 20:25:00.000;2663;ERJ;POA;GIG;GRU;2026-02-18 21:08:35.040;TSRA;NSW
2026-02-22 19:50:00.000;4037;ERJ;VCP;GIG;GRU;2026-02-22 20:33:35.040;TSRA;NSW
2026-02-22 20:25:00.000;2663;ERJ;POA;GIG;GRU;2026-02-22 21:08:35.040;TSRA;NSW
2026-02-25 19:30:00.000;4436;ERJ 195LR;CNF;GIG;GRU;2026-02-25 20:13:35.040;TSRA;NSW
2026-02-25 19:50:00.000;4037;ERJ;VCP;GIG;GRU;2026-02-25 20:33:35.040;TSRA;NSW
2026-02-26 14:20:00.000;5024;A320-251NEO;REC;GIG;GRU;2026-02-26 15:03:35.040;TSRA BR;NSW
2026-02-26 15:45:00.000;4173;ERJ;VCP;GIG;GRU;2026-02-26 16:28:35.040;TSRA BR;NSW
2026-02-26 15:55:00.000;4285;A320-251NEO;REC;GIG;GRU;2026-02-26 16:38:35.040;TSRA BR;NSW
2026-02-26 16:00:00.000;4417;ERJ 195LR;CNF;GIG;GRU;2026-02-26 16:43:35.040;TSRA BR;NSW
2026-03-06 19:30:00.000;4436;ERJ;CNF;GIG;GRU;2026-03-06 20:13:35.040;TSRA BR;NSW
2026-03-06 19:50:00.000;4037;ERJ;VCP;GIG;GRU;2026-03-06 20:33:35.040;TSRA BR;NSW
2026-03-06 20:25:00.000;2663;ERJ;POA;GIG;GRU;2026-03-06 21:08:35.040;TSRA BR;-RA
2026-03-07 19:50:00.000;4037;ERJ;VCP;GIG;GRU;2026-03-07 20:33:35.040;TSRA;NSW
2026-03-07 20:25:00.000;2663;ERJ;POA;GIG;GRU;2026-03-07 21:08:35.040;TSRA;NSW
2026-04-01 18:10:00.000;2786;A320-251NEO;REC;GIG;GRU;2026-04-01 18:53:35.040;TSRA;-RA
2026-04-01 19:10:00.000;4625;A321-251NEO;REC;GIG;GRU;2026-04-01 19:53:35.040;TSRA;NSW
2026-04-01 19:25:00.000;2663;A320-251NEO;POA;GIG;GRU;2026-04-01 20:08:35.040;TSRA;NSW
2026-04-01 19:30:00.000;4436;ERJ 195LR;CNF;GIG;GRU;2026-04-01 20:13:35.040;TSRA;NSW
2026-04-03 18:30:00.000;4023;ERJ;CWB;GIG;GRU;2026-04-03 19:13:35.040;TSRA;NSW
2026-04-03 19:10:00.000;4625;A321-251NEO;REC;GIG;GRU;2026-04-03 19:53:35.040;TSRA;NSW
2026-04-03 19:25:00.000;2663;A320-253NEO;POA;GIG;GRU;2026-04-03 20:08:35.040;TSRA;NSW
2026-04-04 17:30:00.000;4023;ERJ;CWB;GIG;GRU;2026-04-04 18:13:35.040;TS;NSW
2026-04-04 20:25:00.000;2663;ERJ;POA;GIG;GRU;2026-04-04 21:08:35.040;TS;-RA
2026-05-23 20:25:00.000;2663;ERJ;POA;GIG;GRU;2026-05-23 21:08:35.040;TSRA BR;-RA BR
2026-05-23 21:30:00.000;4436;ERJ;CNF;GIG;GRU;2026-05-23 22:13:35.040;TSRA BR;NSW
2026-05-23 21:45:00.000;2979;ERJ;VCP;GIG;GRU;2026-05-23 22:28:35.040;TSRA BR;NSW
2026-05-23 21:50:00.000;4023;ERJ;CWB;GIG;GRU;2026-05-23 22:33:35.040;TSRA BR;NSW
2026-05-25 19:15:00.000;4436;ERJ;CNF;GIG;GRU;2026-05-25 19:58:35.040;TSRA;NSW
2026-05-26 19:15:00.000;4436;ERJ;CNF;GIG;GRU;2026-05-26 19:58:35.040;TSRA BR;NSW
2026-05-26 20:25:00.000;2663;ERJ;POA;GIG;GRU;2026-05-26 21:08:35.040;TSRA BR;NSW
2026-05-26 21:50:00.000;4023;ERJ;CWB;GIG;GRU;2026-05-26 22:33:35.040;TSRA BR;NSW
2026-06-12 13:20:00.000;2885;ERJ;POA;GIG;GRU;2026-06-12 14:03:35.040;TSRA BR;NSW
2026-06-12 14:10:00.000;5024;A320-251NEO;REC;GIG;GRU;2026-06-12 14:53:35.040;TSRA BR;NSW
2026-06-12 15:50:00.000;4173;ERJ;VCP;GIG;GRU;2026-06-12 16:33:35.040;TSRA BR;NSW
2026-06-23 10:50:00.000;4469;A320-251NEO;VCP;GIG;GRU;2026-06-23 11:33:35.040;TSRA BR;-RA BR
2026-07-23 10:40:00.000;4469;A320-251NEO;VCP;GIG;GRU;2026-07-23 11:23:35.040;TSRA;NSW
2025-09-19 17:50:00.000;5007;ERJ;VCP;BSB;GYN;2025-09-19 18:11:04.320;TS;NSW
2025-09-19 17:55:00.000;4316;ERJ 195LR;VCP;UDI;GYN;2025-09-19 18:30:12.480;TS;NSW
2025-09-19 19:05:00.000;6004;ERJ;CGH;BSB;GYN;2025-09-19 19:26:04.320;TS;NSW
2025-09-22 17:50:00.000;5007;ERJ 195LR;VCP;BSB;GYN;2025-09-22 18:11:04.320;TSRA;NSW
2025-09-22 19:05:00.000;6004;ERJ;CGH;BSB;GYN;2025-09-22 19:26:04.320;TSRA;VCSH
2025-09-22 21:15:00.000;4612;A320-251NEO;REC;BSB;GYN;2025-09-22 21:36:04.320;TSRA;NSW
2025-09-22 17:10:00.000;4183;ERJ 195LR;MAO;TFF;GYN;2025-09-22 22:00:51.360;TSRA;NSW
2025-09-22 21:40:00.000;4799;ERJ;CNF;BSB;GYN;2025-09-22 22:01:04.320;TSRA;NSW
2025-09-22 22:20:00.000;4524;ERJ;CGH;BSB;GYN;2025-09-22 22:41:04.320;TSRA;NSW
2025-09-22 22:20:00.000;4548;ERJ 195LR;VCP;BSB;GYN;2025-09-22 22:41:04.320;TSRA;NSW
2025-09-22 18:50:00.000;4184;ERJ 195LR;TFF;MAO;GYN;2025-09-22 22:58:45.600;TSRA;NSW
2025-09-23 05:10:00.000;4256;ERJ 195LR;CNF;CGB;GYN;2025-09-23 06:46:28.800;TS;-RA
2025-09-24 17:50:00.000;5007;ERJ 195LR;VCP;BSB;GYN;2025-09-24 18:11:04.320;TS;VCSH
2025-09-24 19:05:00.000;6004;ERJ;CGH;BSB;GYN;2025-09-24 19:26:04.320;TS;VCSH
2025-09-24 21:15:00.000;4612;A320-251NEO;REC;BSB;GYN;2025-09-24 21:36:04.320;TSRA;NSW
2025-09-24 17:10:00.000;4183;ERJ 195LR;MAO;TFF;GYN;2025-09-24 22:00:51.360;TSRA;NSW
2025-09-24 21:40:00.000;4799;ERJ;CNF;BSB;GYN;2025-09-24 22:01:04.320;TSRA;NSW
2025-09-24 22:20:00.000;4524;ERJ;CGH;BSB;GYN;2025-09-24 22:41:04.320;TSRA;NSW
2025-09-24 22:20:00.000;4548;ERJ 195LR;VCP;BSB;GYN;2025-09-24 22:41:04.320;TSRA;NSW
2025-09-24 18:50:00.000;4184;ERJ 195LR;TFF;MAO;GYN;2025-09-24 22:58:45.600;TSRA;NSW
2025-09-25 00:15:00.000;6008;ERJ;CGH;BSB;GYN;2025-09-25 00:36:04.320;TSRA;NSW
2025-09-25 01:55:00.000;4302;A320-251NEO;REC;BSB;GYN;2025-09-25 02:16:04.320;TSRA;NSW
2025-09-25 02:35:00.000;4126;ERJ;CNF;BSB;GYN;2025-09-25 02:56:04.320;TSRA;NSW
2025-10-11 17:40:00.000;5007;ERJ 195LR;VCP;BSB;GYN;2025-10-11 18:01:04.320;TS;NSW
2025-10-11 18:00:00.000;4316;ERJ;VCP;UDI;GYN;2025-10-11 18:35:12.480;TS;NSW
2025-10-30 17:50:00.000;5007;ERJ;VCP;BSB;GYN;2025-10-30 18:11:04.320;TSRA;NSW
2025-10-30 19:05:00.000;6004;ERJ;CGH;BSB;GYN;2025-10-30 19:26:04.320;TSRA;NSW
2025-10-30 21:15:00.000;4612;A320-251NEO;REC;BSB;GYN;2025-10-30 21:36:04.320;TSRA;NSW
2025-10-30 16:10:00.000;4774;ERJ 195LR;MAO;SJL;GYN;2025-10-30 21:56:30.720;TSRA;NSW
2025-10-30 21:40:00.000;4799;ERJ;CNF;BSB;GYN;2025-10-30 22:01:04.320;TSRA;NSW
2025-10-30 18:15:00.000;4775;ERJ 195LR;SJL;MAO;GYN;2025-10-30 22:23:45.600;TSRA;NSW
2025-10-30 22:15:00.000;6416;ERJ;CGH;BSB;GYN;2025-10-30 22:36:04.320;TSRA;NSW
2025-10-30 22:25:00.000;4548;ERJ;VCP;BSB;GYN;2025-10-30 22:46:04.320;TSRA;NSW
2025-10-31 17:50:00.000;5007;ERJ 195LR;VCP;BSB;GYN;2025-10-31 18:11:04.320;TSRA;NSW
2025-10-31 17:55:00.000;4316;ERJ 195LR;VCP;UDI;GYN;2025-10-31 18:30:12.480;TSRA;NSW
2025-10-31 19:05:00.000;6004;ERJ;CGH;BSB;GYN;2025-10-31 19:26:04.320;TSRA;NSW
2025-10-31 21:15:00.000;4612;A320-251NEO;REC;BSB;GYN;2025-10-31 21:36:04.320;TSRA;NSW
2025-10-31 17:10:00.000;4183;ERJ 195LR;MAO;TFF;GYN;2025-10-31 22:00:51.360;TSRA;NSW
2025-10-31 21:40:00.000;4799;ERJ;CNF;BSB;GYN;2025-10-31 22:01:04.320;TSRA;NSW
2025-10-31 22:15:00.000;6416;ERJ;CGH;BSB;GYN;2025-10-31 22:36:04.320;TSRA;NSW
2025-10-31 22:25:00.000;4548;ERJ 195LR;VCP;BSB;GYN;2025-10-31 22:46:04.320;TSRA;NSW
2025-10-31 18:50:00.000;4184;ERJ 195LR;TFF;MAO;GYN;2025-10-31 22:58:45.600;TSRA;NSW
2025-11-01 17:40:00.000;5007;ERJ;VCP;BSB;GYN;2025-11-01 18:01:04.320;TSRA;NSW
2025-11-03 05:10:00.000;4256;ERJ 195LR;CNF;CGB;GYN;2025-11-03 06:46:28.800;TSRA;-RA
2025-11-03 17:50:00.000;4384;ERJ 195LR;VCP;ROO;GYN;2025-11-03 19:06:00.480;TSRA;NSW
2025-11-03 19:05:00.000;6004;ERJ 195LR;CGH;BSB;GYN;2025-11-03 19:26:04.320;TSRA;NSW
2025-11-03 13:55:00.000;9350;ERJ 195LR;MAO;TBT;GYN;2025-11-03 19:37:53.280;TSRA;NSW
2025-11-03 16:20:00.000;9351;ERJ 195LR;TBT;MAO;GYN;2025-11-03 20:28:45.600;TSRA;NSW
2025-11-04 00:50:00.000;6008;ERJ;CGH;BSB;GYN;2025-11-04 01:11:04.320;TS;NSW
2025-11-04 02:25:00.000;4126;ERJ;CNF;BSB;GYN;2025-11-04 02:46:04.320;TS;NSW
2025-11-05 21:15:00.000;4612;A320-251NEO;REC;BSB;GYN;2025-11-05 21:36:04.320;TSRA;NSW
2025-11-05 17:10:00.000;4183;ERJ 195LR;MAO;TFF;GYN;2025-11-05 22:00:51.360;TSRA;NSW
2025-11-05 21:40:00.000;4799;ERJ;CNF;BSB;GYN;2025-11-05 22:01:04.320;TSRA;NSW
2025-11-05 22:15:00.000;6416;ERJ;CGH;BSB;GYN;2025-11-05 22:36:04.320;TSRA;NSW
2025-11-05 22:25:00.000;4548;ERJ;VCP;BSB;GYN;2025-11-05 22:46:04.320;TSRA;NSW
2025-11-05 18:50:00.000;4184;ERJ 195LR;TFF;MAO;GYN;2025-11-05 22:58:45.600;TSRA;NSW
2025-11-06 17:50:00.000;5007;ERJ;VCP;BSB;GYN;2025-11-06 18:11:04.320;TS;NSW
2025-11-06 19:05:00.000;6004;ERJ;CGH;BSB;GYN;2025-11-06 19:26:04.320;TS;NSW
2025-11-06 21:15:00.000;4612;A320-251NEO;REC;BSB;GYN;2025-11-06 21:36:04.320;TS;NSW
2025-11-06 16:10:00.000;4774;ERJ 195LR;MAO;SJL;GYN;2025-11-06 21:56:30.720;TS;NSW
2025-11-06 21:50:00.000;4799;ERJ;CNF;BSB;GYN;2025-11-06 22:11:04.320;TS;NSW
2025-11-06 18:15:00.000;4775;ERJ 195LR;SJL;MAO;GYN;2025-11-06 22:23:45.600;TS;NSW
2025-11-06 22:15:00.000;6416;ERJ;CGH;BSB;GYN;2025-11-06 22:36:04.320;TS;NSW
2025-11-06 22:25:00.000;4548;ERJ;VCP;BSB;GYN;2025-11-06 22:46:04.320;TS;NSW
2025-11-08 17:40:00.000;5007;ERJ;VCP;BSB;GYN;2025-11-08 18:01:04.320;TSRA BR;NSW
2025-11-09 01:55:00.000;6008;A320-253NEO;CGH;BSB;GYN;2025-11-09 02:16:04.320;TSRA BR;NSW
2025-11-09 02:25:00.000;4126;ERJ;CNF;BSB;GYN;2025-11-09 02:46:04.320;TSRA BR;NSW
2025-11-09 02:45:00.000;4302;A320-251NEO;REC;BSB;GYN;2025-11-09 03:06:04.320;TSRA BR;NSW
2025-11-08 21:35:00.000;2683;ERJ 195LR;MAO;TBT;GYN;2025-11-09 03:17:53.280;TSRA BR;NSW
2025-11-09 03:35:00.000;4978;ERJ;VCP;BSB;GYN;2025-11-09 03:56:04.320;TSRA BR;NSW
2025-11-09 00:00:00.000;4186;ERJ 195LR;TBT;MAO;GYN;2025-11-09 04:08:45.600;TSRA BR;NSW
2025-11-09 02:00:00.000;4901;ERJ 195LR;MAO;PVH;GYN;2025-11-09 05:55:40.800;TSRA BR;NSW
2025-11-09 04:35:00.000;4902;ERJ 195LR;PVH;CGB;GYN;2025-11-09 06:11:28.800;TSRA BR;NSW
2025-11-09 04:55:00.000;4408;ERJ 195LR;CNF;PMW;GYN;2025-11-09 06:27:09.600;TSRA BR;NSW
2025-11-09 05:10:00.000;4256;ERJ 195LR;CNF;CGB;GYN;2025-11-09 06:46:28.800;TSRA BR;NSW
2025-11-09 05:30:00.000;2714;ERJ 195LR;GRU;CGB;GYN;2025-11-09 07:06:28.800;TSRA BR;NSW
2025-11-09 12:50:00.000;4673;ERJ;CNF;BSB;GYN;2025-11-09 13:11:04.320;TSRA;NSW
2025-11-09 14:10:00.000;2961;A320-251NEO;REC;BSB;GYN;2025-11-09 14:31:04.320;TSRA;NSW
2025-11-09 15:20:00.000;2593;ERJ;MCZ;UDI;GYN;2025-11-09 15:55:12.480;TSRA;NSW
2025-11-09 17:00:00.000;2780;ERJ 195LR;CNF;BSB;GYN;2025-11-09 17:21:04.320;TSRA;NSW
2025-11-09 14:00:00.000;4903;ERJ 195LR;CGB;PVH;GYN;2025-11-09 17:55:40.800;TSRA;NSW
2025-11-09 17:50:00.000;5007;ERJ;VCP;BSB;GYN;2025-11-09 18:11:04.320;TSRA;NSW
2025-11-09 17:55:00.000;4316;ERJ;VCP;UDI;GYN;2025-11-09 18:30:12.480;TSRA;NSW
2025-11-09 17:50:00.000;4384;ERJ 195LR;VCP;ROO;GYN;2025-11-09 19:06:00.480;TSRA;NSW
2025-11-09 19:15:00.000;4524;ERJ;CGH;BSB;GYN;2025-11-09 19:36:04.320;TSRA;NSW
2025-11-09 16:05:00.000;4904;ERJ 195LR;PVH;MAO;GYN;2025-11-09 20:13:45.600;TSRA;NSW
2025-11-09 19:20:00.000;4817;ERJ 195LR;GYN;PMW;GYN;2025-11-09 20:52:09.600;TSRA;NSW
2025-11-09 21:15:00.000;4612;A320-251NEO;REC;BSB;GYN;2025-11-09 21:36:04.320;TSRA;NSW
2025-11-09 21:40:00.000;4799;ERJ 195LR;CNF;BSB;GYN;2025-11-09 22:01:04.320;TSRA;NSW
2025-11-09 22:25:00.000;4548;ERJ;VCP;BSB;GYN;2025-11-09 22:46:04.320;TSRA;NSW
2025-11-11 00:50:00.000;6008;ERJ;CGH;BSB;GYN;2025-11-11 01:11:04.320;TSRA;NSW
2025-11-11 02:25:00.000;4126;ERJ;CNF;BSB;GYN;2025-11-11 02:46:04.320;TSRA;NSW
2025-11-18 21:15:00.000;4612;A320-253NEO;REC;BSB;GYN;2025-11-18 21:36:04.320;TSRA;NSW
2025-11-18 21:40:00.000;4799;ERJ;CNF;BSB;GYN;2025-11-18 22:01:04.320;TSRA;NSW
2025-11-18 22:15:00.000;6416;ERJ;CGH;BSB;GYN;2025-11-18 22:36:04.320;TSRA;NSW
2025-11-18 16:55:00.000;4774;ERJ 195LR;MAO;SJL;GYN;2025-11-18 22:41:30.720;TSRA;NSW
2025-11-18 22:25:00.000;4548;ERJ;VCP;BSB;GYN;2025-11-18 22:46:04.320;TSRA;NSW
2025-11-19 02:10:00.000;6100;ERJ 195LR;MAO;STM;GYN;2025-11-19 05:49:27.360;TS;NSW
2025-11-23 01:55:00.000;6008;A320-251NEO;CGH;BSB;GYN;2025-11-23 02:16:04.320;TSRA;NSW
2025-11-23 02:25:00.000;4126;ERJ;CNF;BSB;GYN;2025-11-23 02:46:04.320;TSRA;NSW
2025-11-23 02:45:00.000;4302;A320-251NEO;REC;BSB;GYN;2025-11-23 03:06:04.320;TSRA;NSW
2025-11-23 03:35:00.000;4978;ERJ;VCP;BSB;GYN;2025-11-23 03:56:04.320;TSRA;NSW
2025-11-25 17:50:00.000;5007;ERJ;VCP;BSB;GYN;2025-11-25 18:11:04.320;TSRA;NSW
2025-11-25 17:50:00.000;4384;ERJ 195LR;VCP;ROO;GYN;2025-11-25 19:06:00.480;TSRA;NSW
2025-11-25 19:05:00.000;6004;ERJ;CGH;BSB;GYN;2025-11-25 19:26:04.320;TSRA;NSW
2025-11-25 21:15:00.000;4612;A320-253NEO;REC;BSB;GYN;2025-11-25 21:36:04.320;TSRA;NSW
2025-11-25 21:40:00.000;4799;ERJ;CNF;BSB;GYN;2025-11-25 22:01:04.320;TSRA;NSW
2025-11-25 22:15:00.000;6416;ERJ;CGH;BSB;GYN;2025-11-25 22:36:04.320;TSRA;NSW
2025-11-25 16:55:00.000;4774;ERJ 195LR;MAO;SJL;GYN;2025-11-25 22:41:30.720;TSRA;NSW
2025-11-25 22:25:00.000;4548;ERJ;VCP;BSB;GYN;2025-11-25 22:46:04.320;TSRA;NSW
2025-11-25 22:25:00.000;4373;ERJ;VCP;UDI;GYN;2025-11-25 23:00:12.480;TSRA;NSW
2025-11-25 19:00:00.000;4775;ERJ 195LR;SJL;MAO;GYN;2025-11-25 23:08:45.600;TSRA;NSW
2025-11-26 17:50:00.000;5007;ERJ;VCP;BSB;GYN;2025-11-26 18:11:04.320;TSRA;NSW
2025-11-26 17:50:00.000;4316;ERJ 195LR;VCP;UDI;GYN;2025-11-26 18:25:12.480;TSRA;NSW
2025-11-26 17:50:00.000;4384;ERJ 195LR;VCP;ROO;GYN;2025-11-26 19:06:00.480;TSRA;NSW
2025-11-26 19:05:00.000;6004;ERJ;CGH;BSB;GYN;2025-11-26 19:26:04.320;TSRA;NSW
2025-11-26 17:10:00.000;4183;ERJ 195LR;MAO;TFF;GYN;2025-11-26 22:00:51.360;TSRA;NSW
2025-11-26 21:40:00.000;4799;ERJ;CNF;BSB;GYN;2025-11-26 22:01:04.320;TSRA;NSW
2025-11-26 22:15:00.000;6416;ERJ;CGH;BSB;GYN;2025-11-26 22:36:04.320;TSRA;NSW
2025-11-26 22:25:00.000;4548;ERJ;VCP;BSB;GYN;2025-11-26 22:46:04.320;TSRA;NSW
2025-11-26 18:50:00.000;4184;ERJ 195LR;TFF;MAO;GYN;2025-11-26 22:58:45.600;TSRA;NSW
2025-11-28 17:50:00.000;5007;ERJ;VCP;BSB;GYN;2025-11-28 18:11:04.320;TS;VCSH
2025-11-28 17:50:00.000;4384;ERJ 195LR;VCP;ROO;GYN;2025-11-28 19:06:00.480;TS;VCSH
2025-11-28 19:05:00.000;6004;ERJ;CGH;BSB;GYN;2025-11-28 19:26:04.320;TS;VCSH
2025-12-01 17:10:00.000;4183;ERJ 195LR;MAO;TFF;GYN;2025-12-01 22:00:51.360;TSRA;NSW
2025-12-01 21:45:00.000;4612;A320-251NEO;REC;BSB;GYN;2025-12-01 22:06:04.320;TSRA;NSW
2025-12-01 22:15:00.000;6416;ERJ;CGH;BSB;GYN;2025-12-01 22:36:04.320;TSRA;NSW
2025-12-01 22:25:00.000;4548;ERJ;VCP;BSB;GYN;2025-12-01 22:46:04.320;TSRA;NSW
2025-12-01 18:50:00.000;4184;ERJ 195LR;TFF;MAO;GYN;2025-12-01 22:58:45.600;TSRA;NSW
2025-12-02 00:50:00.000;6008;ERJ;CGH;BSB;GYN;2025-12-02 01:11:04.320;TSRA;NSW
2025-12-02 00:55:00.000;9505;ERJ 195LR;CAC;BSB;GYN;2025-12-02 01:16:04.320;TSRA;NSW
2025-12-02 02:05:00.000;4302;A320-251NEO;REC;BSB;GYN;2025-12-02 02:26:04.320;TSRA;NSW
2025-12-02 02:25:00.000;4126;ERJ;CNF;BSB;GYN;2025-12-02 02:46:04.320;TSRA;NSW
2025-12-02 17:50:00.000;5007;ERJ 195LR;VCP;BSB;GYN;2025-12-02 18:11:04.320;TS;NSW
2025-12-02 17:55:00.000;4316;ERJ 195LR;VCP;UDI;GYN;2025-12-02 18:30:12.480;TS;NSW
2025-12-04 17:50:00.000;5007;ERJ;VCP;BSB;GYN;2025-12-04 18:11:04.320;TSRA;-RA
2025-12-04 19:05:00.000;6004;ERJ;CGH;BSB;GYN;2025-12-04 19:26:04.320;TSRA;-RA
2025-12-04 21:15:00.000;4612;A320-251NEO;REC;BSB;GYN;2025-12-04 21:36:04.320;TSRA;NSW
2025-12-04 21:40:00.000;4799;ERJ;CNF;BSB;GYN;2025-12-04 22:01:04.320;TSRA;NSW
2025-12-04 21:55:00.000;4264;ERJ 195LR;CNF;UDI;GYN;2025-12-04 22:30:12.480;TSRA;NSW
2025-12-04 22:15:00.000;6416;ERJ;CGH;BSB;GYN;2025-12-04 22:36:04.320;TSRA;NSW
2025-12-04 16:55:00.000;4774;ERJ 195LR;MAO;SJL;GYN;2025-12-04 22:41:30.720;TSRA;NSW
2025-12-04 22:25:00.000;4548;ERJ;VCP;BSB;GYN;2025-12-04 22:46:04.320;TSRA;NSW
2025-12-04 22:25:00.000;4373;ERJ;VCP;UDI;GYN;2025-12-04 23:00:12.480;TSRA;NSW
2025-12-04 19:00:00.000;4775;ERJ 195LR;SJL;MAO;GYN;2025-12-04 23:08:45.600;TSRA;NSW
2025-12-05 00:50:00.000;6008;ERJ;CGH;BSB;GYN;2025-12-05 01:11:04.320;TSRA;NSW
2025-12-05 02:05:00.000;4302;A320-251NEO;REC;BSB;GYN;2025-12-05 02:26:04.320;TSRA;NSW
2025-12-05 02:25:00.000;4126;ERJ;CNF;BSB;GYN;2025-12-05 02:46:04.320;TSRA;NSW
2025-12-05 02:45:00.000;6595;A320-251NEO;VCP;BSB;GYN;2025-12-05 03:06:04.320;TSRA;NSW
2025-12-04 21:35:00.000;2683;ERJ 195LR;MAO;TBT;GYN;2025-12-05 03:17:53.280;TSRA;NSW
2025-12-05 03:10:00.000;4670;ERJ;VCP;UDI;GYN;2025-12-05 03:45:12.480;TSRA;NSW
2025-12-05 03:35:00.000;4978;ERJ;VCP;BSB;GYN;2025-12-05 03:56:04.320;TSRA;NSW
2025-12-05 17:50:00.000;5007;ERJ;VCP;BSB;GYN;2025-12-05 18:11:04.320;TSRA;VCSH
2025-12-05 17:50:00.000;4384;ERJ 195LR;VCP;ROO;GYN;2025-12-05 19:06:00.480;TSRA;VCSH
2025-12-05 19:05:00.000;6004;ERJ;CGH;BSB;GYN;2025-12-05 19:26:04.320;TSRA;VCSH
2025-12-05 21:15:00.000;4612;A320-253NEO;REC;BSB;GYN;2025-12-05 21:36:04.320;TSRA;NSW
2025-12-05 17:10:00.000;4183;ERJ 195LR;MAO;TFF;GYN;2025-12-05 22:00:51.360;TSRA;NSW
2025-12-05 22:15:00.000;6416;ERJ;CGH;BSB;GYN;2025-12-05 22:36:04.320;TSRA;NSW
2025-12-05 22:25:00.000;4548;ERJ;VCP;BSB;GYN;2025-12-05 22:46:04.320;TSRA;NSW
2025-12-05 18:50:00.000;4184;ERJ 195LR;TFF;MAO;GYN;2025-12-05 22:58:45.600;TSRA;NSW
2025-12-06 15:35:00.000;2961;A320-253NEO;REC;BSB;GYN;2025-12-06 15:56:04.320;TSRA;NSW
2025-12-06 16:55:00.000;2780;ERJ;CNF;BSB;GYN;2025-12-06 17:16:04.320;TSRA;-RA
2025-12-06 21:45:00.000;6006;ERJ 195LR;CGH;BSB;GYN;2025-12-06 22:06:04.320;TSRA;-RA
2025-12-06 21:50:00.000;4799;ERJ;CNF;BSB;GYN;2025-12-06 22:11:04.320;TSRA;-RA
2025-12-06 16:55:00.000;4774;ERJ 195LR;MAO;SJL;GYN;2025-12-06 22:41:30.720;TSRA;-RA
2025-12-07 17:50:00.000;4384;ERJ 195LR;VCP;ROO;GYN;2025-12-07 19:06:00.480;TS;VCSH
2025-12-07 19:15:00.000;4524;ERJ;CGH;BSB;GYN;2025-12-07 19:36:04.320;TS;VCSH
2025-12-07 20:25:00.000;4264;ERJ 195LR;CNF;UDI;GYN;2025-12-07 21:00:12.480;TS;NSW
2025-12-07 18:45:00.000;4216;ERJ 195LR;VCP;AFL;GYN;2025-12-07 21:02:11.039;TS;NSW
2025-12-07 21:15:00.000;4612;A320-253NEO;REC;BSB;GYN;2025-12-07 21:36:04.320;TS;NSW
2025-12-07 21:30:00.000;4799;ERJ;CNF;BSB;GYN;2025-12-07 21:51:04.320;TS;NSW
2025-12-08 17:50:00.000;5007;ERJ;VCP;BSB;GYN;2025-12-08 18:11:04.320;TSRA;-RA
2025-12-08 17:55:00.000;4384;ERJ 195LR;VCP;ROO;GYN;2025-12-08 19:11:00.480;TSRA;VCSH
2025-12-08 19:05:00.000;6004;ERJ;CGH;BSB;GYN;2025-12-08 19:26:04.320;TSRA;VCSH
2025-12-08 18:10:00.000;2700;ERJ 195LR;VCP;CGR;GYN;2025-12-08 19:42:45.600;TSRA;VCSH
2025-12-08 17:10:00.000;4183;ERJ 195LR;MAO;TFF;GYN;2025-12-08 22:00:51.360;TSRA;-RA
2025-12-08 21:45:00.000;4612;A320-253NEO;REC;BSB;GYN;2025-12-08 22:06:04.320;TSRA;-RA
2025-12-08 22:15:00.000;6416;ERJ;CGH;BSB;GYN;2025-12-08 22:36:04.320;TSRA;-RA
2025-12-08 22:25:00.000;4548;ERJ;VCP;BSB;GYN;2025-12-08 22:46:04.320;TSRA;-RA
2025-12-08 18:50:00.000;4184;ERJ 195LR;TFF;MAO;GYN;2025-12-08 22:58:45.600;TSRA;-RA
2025-12-09 15:25:00.000;4745;ERJ;VCP;BSB;GYN;2025-12-09 15:46:04.320;TSRA BR;-RA
2025-12-09 16:55:00.000;2780;ERJ;CNF;BSB;GYN;2025-12-09 17:16:04.320;TSRA BR;-RA
2025-12-09 12:00:00.000;9350;ERJ 195LR;MAO;TBT;GYN;2025-12-09 17:42:53.280;TSRA BR;-RA
2025-12-09 17:50:00.000;5007;ERJ;VCP;BSB;GYN;2025-12-09 18:11:04.320;TSRA;NSW
2025-12-09 17:55:00.000;4316;ERJ 195LR;VCP;UDI;GYN;2025-12-09 18:30:12.480;TSRA;NSW
2025-12-09 14:25:00.000;9351;ERJ 195LR;TBT;MAO;GYN;2025-12-09 18:33:45.600;TSRA;NSW
2025-12-09 18:00:00.000;4384;ERJ 195LR;VCP;ROO;GYN;2025-12-09 19:16:00.480;TSRA;VCSH
2025-12-09 19:05:00.000;6004;ERJ;CGH;BSB;GYN;2025-12-09 19:26:04.320;TSRA;VCSH
2025-12-09 18:30:00.000;2700;ERJ 195LR;VCP;CGR;GYN;2025-12-09 20:02:45.600;TSRA;VCSH
2025-12-09 21:15:00.000;4612;A320-251NEO;REC;BSB;GYN;2025-12-09 21:36:04.320;TSRA;NSW
2025-12-10 17:50:00.000;5007;ERJ;VCP;BSB;GYN;2025-12-10 18:11:04.320;TSRA;NSW
2025-12-10 17:55:00.000;4316;ERJ 195LR;VCP;UDI;GYN;2025-12-10 18:30:12.480;TSRA;NSW
2025-12-10 18:00:00.000;4384;ERJ 195LR;VCP;ROO;GYN;2025-12-10 19:16:00.480;TSRA;NSW
2025-12-10 19:20:00.000;4817;ERJ 195LR;GYN;PMW;GYN;2025-12-10 20:52:09.600;TSRA;VCSH
2025-12-10 21:15:00.000;4612;A320-251NEO;REC;BSB;GYN;2025-12-10 21:36:04.320;TSRA;NSW
2025-12-12 22:40:00.000;2742;ERJ 195LR;VCP;CGR;GYN;2025-12-13 00:12:45.600;TS;VCTS
2025-12-14 17:30:00.000;4179;ERJ 195LR;CNF;UDI;GYN;2025-12-14 18:05:12.480;TSRA;NSW
2025-12-14 18:15:00.000;5007;ERJ;VCP;BSB;GYN;2025-12-14 18:36:04.320;TSRA;NSW
2025-12-14 16:05:00.000;4904;ERJ 195LR;PVH;MAO;GYN;2025-12-14 20:13:45.600;TSRA;VCSH
2025-12-14 21:15:00.000;4612;A320-251NEO;REC;BSB;GYN;2025-12-14 21:36:04.320;TSRA;NSW
2025-12-14 21:30:00.000;4799;ERJ 195LR;CNF;BSB;GYN;2025-12-14 21:51:04.320;TSRA;VCSH
2025-12-15 17:40:00.000;6004;ERJ;CGH;BSB;GYN;2025-12-15 18:01:04.320;TSRA;NSW
2025-12-15 17:50:00.000;5007;ERJ;VCP;BSB;GYN;2025-12-15 18:11:04.320;TSRA;NSW
2025-12-15 18:00:00.000;4384;ERJ 195LR;VCP;ROO;GYN;2025-12-15 19:16:00.480;TSRA;VCSH
2025-12-15 21:15:00.000;4612;A320-251NEO;REC;BSB;GYN;2025-12-15 21:36:04.320;TSRA;VCSH
2025-12-15 17:10:00.000;4183;ERJ 195LR;MAO;TFF;GYN;2025-12-15 22:00:51.360;TSRA;-RA
2025-12-15 22:25:00.000;4548;ERJ;VCP;BSB;GYN;2025-12-15 22:46:04.320;TSRA;-RA
2025-12-15 18:50:00.000;4184;ERJ 195LR;TFF;MAO;GYN;2025-12-15 22:58:45.600;TSRA;-RA
2025-12-16 17:40:00.000;6004;ERJ;CGH;BSB;GYN;2025-12-16 18:01:04.320;TSRA;NSW
2025-12-16 17:50:00.000;5007;ERJ;VCP;BSB;GYN;2025-12-16 18:11:04.320;TSRA;NSW
2025-12-16 18:00:00.000;4384;ERJ 195LR;VCP;ROO;GYN;2025-12-16 19:16:00.480;TSRA;-SHRA
2025-12-16 16:55:00.000;4774;ERJ 195LR;MAO;SJL;GYN;2025-12-16 22:41:30.720;TSRA;-RA
2025-12-16 22:25:00.000;4548;ERJ;VCP;BSB;GYN;2025-12-16 22:46:04.320;TSRA;-RA
2025-12-16 19:00:00.000;4775;ERJ 195LR;SJL;MAO;GYN;2025-12-16 23:08:45.600;TSRA;-RA
2025-12-17 00:50:00.000;6008;ERJ;CGH;BSB;GYN;2025-12-17 01:11:04.320;TSRA;-RA
2025-12-17 02:05:00.000;4302;A320-251NEO;REC;BSB;GYN;2025-12-17 02:26:04.320;TSRA;-RA
2025-12-17 02:25:00.000;4126;ERJ;CNF;BSB;GYN;2025-12-17 02:46:04.320;TSRA;-RA
2025-12-17 17:40:00.000;6004;ERJ;CGH;BSB;GYN;2025-12-17 18:01:04.320;TSRA;NSW
2025-12-17 17:50:00.000;5007;ERJ;VCP;BSB;GYN;2025-12-17 18:11:04.320;TSRA;NSW
2025-12-17 18:00:00.000;4384;ERJ 195LR;VCP;ROO;GYN;2025-12-17 19:16:00.480;TSRA;NSW
2025-12-18 17:50:00.000;5007;ERJ 195LR;VCP;BSB;GYN;2025-12-18 18:11:04.320;TSRA;NSW
2025-12-18 17:50:00.000;6004;ERJ;CGH;BSB;GYN;2025-12-18 18:11:04.320;TSRA;NSW
2025-12-18 17:50:00.000;4384;ERJ 195LR;VCP;ROO;GYN;2025-12-18 19:06:00.480;TSRA;NSW
2025-12-18 21:15:00.000;4612;A320-251NEO;REC;BSB;GYN;2025-12-18 21:36:04.320;TSRA;NSW
2025-12-18 16:55:00.000;4774;ERJ 195LR;MAO;SJL;GYN;2025-12-18 22:41:30.720;TSRA;NSW
2025-12-18 22:25:00.000;4548;ERJ;VCP;BSB;GYN;2025-12-18 22:46:04.320;TSRA;NSW
2025-12-19 00:50:00.000;6008;ERJ;CGH;BSB;GYN;2025-12-19 01:11:04.320;TS;NSW
2025-12-19 02:05:00.000;4302;A320-251NEO;REC;BSB;GYN;2025-12-19 02:26:04.320;TS;-RA
2025-12-19 02:15:00.000;6595;A320-251NEO;VCP;BSB;GYN;2025-12-19 02:36:04.320;TS;-RA
2025-12-19 02:25:00.000;4126;ERJ;CNF;BSB;GYN;2025-12-19 02:46:04.320;TS;-RA
2025-12-19 17:40:00.000;6004;ERJ;CGH;BSB;GYN;2025-12-19 18:01:04.320;TSRA;NSW
2025-12-19 17:50:00.000;5007;ERJ 195LR;VCP;BSB;GYN;2025-12-19 18:11:04.320;TSRA;NSW
2025-12-19 18:00:00.000;4384;ERJ 195LR;VCP;ROO;GYN;2025-12-19 19:16:00.480;TSRA;VCSH
2025-12-19 21:15:00.000;4612;A320-251NEO;REC;BSB;GYN;2025-12-19 21:36:04.320;TSRA;-RA VCSH
2025-12-19 17:10:00.000;4183;ERJ 195LR;MAO;TFF;GYN;2025-12-19 22:00:51.360;TSRA;-RA
2025-12-20 00:50:00.000;6008;ERJ;CGH;BSB;GYN;2025-12-20 01:11:04.320;TS;-RA
2025-12-20 02:05:00.000;4302;A320-253NEO;REC;BSB;GYN;2025-12-20 02:26:04.320;TS;NSW
2025-12-20 02:15:00.000;6595;A320-251NEO;VCP;BSB;GYN;2025-12-20 02:36:04.320;TS;NSW
2025-12-20 02:25:00.000;4126;ERJ;CNF;BSB;GYN;2025-12-20 02:46:04.320;TS;NSW
2025-12-20 03:55:00.000;4435;ERJ 195LR;STM;MAO;GYN;2025-12-20 08:03:45.600;TSRA BR;NSW
2025-12-20 08:05:00.000;9219;ERJ 195LR;VCP;UDI;GYN;2025-12-20 08:40:12.480;TSRA BR;NSW
2025-12-20 12:35:00.000;4702;ERJ;VCP;BSB;GYN;2025-12-20 12:56:04.320;TSRA BR;NSW
2025-12-20 13:35:00.000;4673;ERJ 195LR;CNF;BSB;GYN;2025-12-20 13:56:04.320;TSRA BR;VCSH
2025-12-20 15:35:00.000;2961;A320-251NEO;REC;BSB;GYN;2025-12-20 15:56:04.320;TSRA BR;NSW
2025-12-20 17:00:00.000;6018;ERJ 195LR;CGH;BSB;GYN;2025-12-20 17:21:04.320;TSRA BR;NSW
2025-12-20 18:00:00.000;5007;ERJ;VCP;BSB;GYN;2025-12-20 18:21:04.320;TSRA;NSW
2025-12-20 18:30:00.000;2780;ERJ 195LR;CNF;BSB;GYN;2025-12-20 18:51:04.320;TSRA;NSW
2025-12-20 22:00:00.000;9361;ERJ;MCZ;BSB;GYN;2025-12-20 22:21:04.320;TSRA;NSW
2025-12-20 16:55:00.000;4774;ERJ 195LR;MAO;SJL;GYN;2025-12-20 22:41:30.720;TSRA;NSW
2025-12-20 19:00:00.000;4775;ERJ 195LR;SJL;MAO;GYN;2025-12-20 23:08:45.600;TSRA;NSW
2025-12-21 18:15:00.000;5007;ERJ;VCP;BSB;GYN;2025-12-21 18:36:04.320;TSRA;NSW
2025-12-21 16:05:00.000;4904;ERJ 195LR;PVH;MAO;GYN;2025-12-21 20:13:45.600;TSRA;NSW
2025-12-21 21:15:00.000;4612;A320-251NEO;REC;BSB;GYN;2025-12-21 21:36:04.320;TSRA;NSW
2025-12-21 21:30:00.000;4799;ERJ 195LR;CNF;BSB;GYN;2025-12-21 21:51:04.320;TSRA;NSW
2025-12-21 22:25:00.000;4548;ERJ;VCP;BSB;GYN;2025-12-21 22:46:04.320;TSRA;-RA
2025-12-25 17:50:00.000;4384;ERJ 195LR;VCP;ROO;GYN;2025-12-25 19:06:00.480;TS;VCSH
2025-12-25 21:15:00.000;4612;A320-251NEO;REC;BSB;GYN;2025-12-25 21:36:04.320;TS;VCSH
2025-12-28 18:15:00.000;5007;ERJ;VCP;BSB;GYN;2025-12-28 18:36:04.320;TSRA;NSW
2025-12-28 16:05:00.000;4904;ERJ 195LR;PVH;MAO;GYN;2025-12-28 20:13:45.600;TSRA;NSW
2025-12-28 21:15:00.000;4612;A320-251NEO;REC;BSB;GYN;2025-12-28 21:36:04.320;TSRA;NSW
2025-12-28 21:30:00.000;4799;ERJ 195LR;CNF;BSB;GYN;2025-12-28 21:51:04.320;TSRA;NSW
2025-12-28 22:25:00.000;4548;ERJ;VCP;BSB;GYN;2025-12-28 22:46:04.320;TSRA;NSW
2025-12-29 16:50:00.000;2780;ERJ;CNF;BSB;GYN;2025-12-29 17:11:04.320;TSRA;NSW
2025-12-29 17:40:00.000;6004;ERJ;CGH;BSB;GYN;2025-12-29 18:01:04.320;TSRA;NSW
2025-12-29 17:50:00.000;5007;ERJ;VCP;BSB;GYN;2025-12-29 18:11:04.320;TSRA;NSW
2025-12-29 18:15:00.000;4316;ERJ 195LR;VCP;UDI;GYN;2025-12-29 18:50:12.480;TSRA;NSW
2025-12-29 18:00:00.000;4384;ERJ 195LR;VCP;ROO;GYN;2025-12-29 19:16:00.480;TSRA;NSW
2025-12-29 21:15:00.000;4612;A320-251NEO;REC;BSB;GYN;2025-12-29 21:36:04.320;TSRA;NSW
2025-12-30 12:45:00.000;4673;ERJ;CNF;BSB;GYN;2025-12-30 13:06:04.320;TS;NSW
2025-12-30 14:10:00.000;2961;A320-251NEO;REC;BSB;GYN;2025-12-30 14:31:04.320;TS;NSW
2026-01-01 21:15:00.000;4612;A320-251NEO;REC;BSB;GYN;2026-01-01 21:36:04.320;TS;NSW
2026-01-01 22:25:00.000;4548;ERJ;VCP;BSB;GYN;2026-01-01 22:46:04.320;TS;NSW
2026-01-02 17:45:00.000;6004;ERJ;CGH;BSB;GYN;2026-01-02 18:06:04.320;TS;NSW
2026-01-02 17:50:00.000;5007;ERJ;VCP;BSB;GYN;2026-01-02 18:11:04.320;TS;NSW
2026-01-02 18:00:00.000;4384;ERJ 195LR;VCP;ROO;GYN;2026-01-02 19:16:00.480;TS;NSW
2026-01-03 18:05:00.000;5007;ERJ;VCP;BSB;GYN;2026-01-03 18:26:04.320;TSRA;VCSH
2026-01-03 16:55:00.000;4774;ERJ 195LR;MAO;SJL;GYN;2026-01-03 22:41:30.720;TSRA;-RA
2026-01-03 21:35:00.000;2683;ERJ 195LR;MAO;TBT;GYN;2026-01-04 03:17:53.280;TSRA;NSW
2026-01-04 03:35:00.000;4978;ERJ;VCP;BSB;GYN;2026-01-04 03:56:04.320;TSRA;NSW
2026-01-04 00:00:00.000;4186;ERJ 195LR;TBT;MAO;GYN;2026-01-04 04:08:45.600;TSRA;NSW
2026-01-04 02:00:00.000;4901;ERJ 195LR;MAO;PVH;GYN;2026-01-04 05:55:40.800;TSRA;NSW
2026-01-04 18:10:00.000;5007;ERJ;VCP;BSB;GYN;2026-01-04 18:31:04.320;TSRA;NSW
2026-01-04 16:05:00.000;4904;ERJ 195LR;PVH;MAO;GYN;2026-01-04 20:13:45.600;TSRA;NSW
2026-01-04 21:15:00.000;4612;A320-251NEO;REC;BSB;GYN;2026-01-04 21:36:04.320;TSRA;-RA
2026-01-04 21:30:00.000;4799;ERJ 195LR;CNF;BSB;GYN;2026-01-04 21:51:04.320;TSRA;-RA
2026-01-04 22:25:00.000;4548;ERJ;VCP;BSB;GYN;2026-01-04 22:46:04.320;TSRA;NSW
2026-01-05 17:10:00.000;4183;ERJ 195LR;MAO;TFF;GYN;2026-01-05 22:00:51.360;TSRA;-RA
2026-01-05 21:50:00.000;4373;ERJ 195LR;VCP;UDI;GYN;2026-01-05 22:25:12.480;TSRA;-RA
2026-01-05 22:25:00.000;4548;ERJ;VCP;BSB;GYN;2026-01-05 22:46:04.320;TSRA;-RA
2026-01-05 18:50:00.000;4184;ERJ 195LR;TFF;MAO;GYN;2026-01-05 22:58:45.600;TSRA;-RA
2026-01-05 23:40:00.000;9232;A320-251NEO;REC;BSB;GYN;2026-01-06 00:01:04.320;TSRA;-RA
2026-01-05 23:30:00.000;4373;ERJ 195LR;RAO;UDI;GYN;2026-01-06 00:05:12.480;TSRA;-RA
2026-01-06 00:50:00.000;6008;ERJ;CGH;BSB;GYN;2026-01-06 01:11:04.320;TSRA;-RA
2026-01-06 01:55:00.000;4302;A320-251NEO;REC;BSB;GYN;2026-01-06 02:16:04.320;TSRA;-RA
2026-01-06 02:25:00.000;4126;ERJ;CNF;BSB;GYN;2026-01-06 02:46:04.320;TSRA;-RA
2026-01-06 02:45:00.000;6595;A320-251NEO;VCP;BSB;GYN;2026-01-06 03:06:04.320;TSRA;NSW
2026-01-05 21:35:00.000;2683;ERJ 195LR;MAO;TBT;GYN;2026-01-06 03:17:53.280;TSRA;NSW
2026-01-06 03:10:00.000;4670;ERJ 195LR;VCP;UDI;GYN;2026-01-06 03:45:12.480;TSRA;NSW
2026-01-06 03:35:00.000;4978;ERJ;VCP;BSB;GYN;2026-01-06 03:56:04.320;TSRA;NSW
2026-01-06 00:00:00.000;4186;ERJ 195LR;TBT;MAO;GYN;2026-01-06 04:08:45.600;TSRA;NSW
2026-01-06 01:55:00.000;2799;ERJ 195LR;MAO;STM;GYN;2026-01-06 05:34:27.360;TSRA;NSW
2026-01-06 17:50:00.000;5007;ERJ;VCP;BSB;GYN;2026-01-06 18:11:04.320;TSRA;NSW
2026-01-06 20:55:00.000;4612;A320-251NEO;REC;BSB;GYN;2026-01-06 21:16:04.320;TSRA;NSW
2026-01-06 21:50:00.000;4373;ERJ;VCP;UDI;GYN;2026-01-06 22:25:12.480;TSRA;NSW
2026-01-06 16:55:00.000;4774;ERJ 195LR;MAO;SJL;GYN;2026-01-06 22:41:30.720;TSRA;NSW
2026-01-06 22:25:00.000;4548;ERJ;VCP;BSB;GYN;2026-01-06 22:46:04.320;TSRA;NSW
2026-01-06 19:00:00.000;4775;ERJ 195LR;SJL;MAO;GYN;2026-01-06 23:08:45.600;TSRA;VCTS
2026-01-06 23:40:00.000;9232;A320-251NEO;REC;BSB;GYN;2026-01-07 00:01:04.320;TSRA;VCTS
2026-01-07 00:50:00.000;6008;ERJ;CGH;BSB;GYN;2026-01-07 01:11:04.320;TSRA;NSW
2026-01-07 01:55:00.000;4302;A320-251NEO;REC;BSB;GYN;2026-01-07 02:16:04.320;TSRA;-RA
2026-01-07 02:25:00.000;4126;ERJ;CNF;BSB;GYN;2026-01-07 02:46:04.320;TSRA;-RA
2026-01-07 02:45:00.000;6595;A320-251NEO;VCP;BSB;GYN;2026-01-07 03:06:04.320;TSRA;NSW
2026-01-06 21:35:00.000;2683;ERJ 195LR;MAO;TBT;GYN;2026-01-07 03:17:53.280;TSRA;NSW
2026-01-07 03:10:00.000;4670;ERJ 195LR;VCP;UDI;GYN;2026-01-07 03:45:12.480;TSRA;NSW
2026-01-07 03:35:00.000;4978;ERJ;VCP;BSB;GYN;2026-01-07 03:56:04.320;TSRA;NSW
2026-01-07 00:00:00.000;4186;ERJ 195LR;TBT;MAO;GYN;2026-01-07 04:08:45.600;TSRA;NSW
2026-01-07 17:50:00.000;5007;ERJ;VCP;BSB;GYN;2026-01-07 18:11:04.320;TSRA BR;VCSH
2026-01-07 17:10:00.000;4183;ERJ 195LR;MAO;TFF;GYN;2026-01-07 22:00:51.360;TSRA BR;-RA
2026-01-07 22:25:00.000;4548;ERJ;VCP;BSB;GYN;2026-01-07 22:46:04.320;TSRA BR;-RA
2026-01-07 18:50:00.000;4184;ERJ 195LR;TFF;MAO;GYN;2026-01-07 22:58:45.600;TSRA BR;-RA
2026-01-08 17:50:00.000;5007;ERJ;VCP;BSB;GYN;2026-01-08 18:11:04.320;TSRA;VCSH
2026-01-08 17:50:00.000;4316;ERJ 195LR;VCP;UDI;GYN;2026-01-08 18:25:12.480;TSRA;VCSH
2026-01-09 17:50:00.000;5007;ERJ;VCP;BSB;GYN;2026-01-09 18:11:04.320;TSRA;NSW
2026-01-09 20:55:00.000;4612;A320-253NEO;REC;BSB;GYN;2026-01-09 21:16:04.320;TSRA;NSW
2026-01-09 17:10:00.000;4183;ERJ 195LR;MAO;TFF;GYN;2026-01-09 22:00:51.360;TSRA;-RA
2026-01-09 22:25:00.000;4548;ERJ 195LR;VCP;BSB;GYN;2026-01-09 22:46:04.320;TSRA;-RA
2026-01-09 18:50:00.000;4184;ERJ 195LR;TFF;MAO;GYN;2026-01-09 22:58:45.600;TSRA;-RA
2026-01-12 17:50:00.000;5007;ERJ;VCP;BSB;GYN;2026-01-12 18:11:04.320;TSRA;VCTS
2026-01-14 17:10:00.000;4183;ERJ 195LR;MAO;TFF;GYN;2026-01-14 22:00:51.360;TSRA;-RA
2026-01-14 21:50:00.000;4373;ERJ 195LR;VCP;UDI;GYN;2026-01-14 22:25:12.480;TSRA;-RA
2026-01-14 22:25:00.000;4548;ERJ;VCP;BSB;GYN;2026-01-14 22:46:04.320;TSRA;-RA
2026-01-14 18:50:00.000;4184;ERJ 195LR;TFF;MAO;GYN;2026-01-14 22:58:45.600;TSRA;-RA
2026-01-16 18:00:00.000;4384;ERJ 195LR;VCP;ROO;GYN;2026-01-16 19:16:00.480;TS;NSW
2026-01-16 20:55:00.000;4612;A320-253NEO;REC;BSB;GYN;2026-01-16 21:16:04.320;TS;NSW
2026-01-16 17:10:00.000;4183;ERJ 195LR;MAO;TFF;GYN;2026-01-16 22:00:51.360;TS;NSW
2026-01-16 22:25:00.000;4548;ERJ;VCP;BSB;GYN;2026-01-16 22:46:04.320;TS;NSW
2026-01-16 18:50:00.000;4184;ERJ 195LR;TFF;MAO;GYN;2026-01-16 22:58:45.600;TS;NSW
2026-01-17 18:05:00.000;5007;ERJ;VCP;BSB;GYN;2026-01-17 18:26:04.320;TSRA;NSW
2026-01-17 16:55:00.000;4774;ERJ 195LR;MAO;SJL;GYN;2026-01-17 22:41:30.720;TSRA;NSW
2026-01-18 18:10:00.000;5007;ERJ;VCP;BSB;GYN;2026-01-18 18:31:04.320;TSRA;NSW
2026-01-18 16:05:00.000;4904;ERJ 195LR;PVH;MAO;GYN;2026-01-18 20:13:45.600;TSRA;NSW
2026-01-18 20:55:00.000;4612;A320-251NEO;REC;BSB;GYN;2026-01-18 21:16:04.320;TSRA;VCSH
2026-01-18 21:30:00.000;4799;ERJ 195LR;CNF;BSB;GYN;2026-01-18 21:51:04.320;TSRA;VCSH
2026-01-18 21:50:00.000;4373;ERJ;VCP;UDI;GYN;2026-01-18 22:25:12.480;TSRA;NSW
2026-01-18 22:25:00.000;4548;ERJ;VCP;BSB;GYN;2026-01-18 22:46:04.320;TSRA;NSW
2026-01-19 17:50:00.000;5007;ERJ;VCP;BSB;GYN;2026-01-19 18:11:04.320;TSRA;NSW
2026-01-19 20:55:00.000;4612;A320-251NEO;REC;BSB;GYN;2026-01-19 21:16:04.320;TSRA;NSW
2026-01-19 17:10:00.000;4183;ERJ 195LR;MAO;TFF;GYN;2026-01-19 22:00:51.360;TSRA;NSW
2026-01-19 22:25:00.000;4548;ERJ;VCP;BSB;GYN;2026-01-19 22:46:04.320;TSRA;NSW
2026-01-19 18:50:00.000;4184;ERJ 195LR;TFF;MAO;GYN;2026-01-19 22:58:45.600;TSRA;NSW
2026-01-20 17:50:00.000;5007;ERJ;VCP;BSB;GYN;2026-01-20 18:11:04.320;TSRA;VCSH
2026-01-20 20:55:00.000;4612;A320-251NEO;REC;BSB;GYN;2026-01-20 21:16:04.320;TSRA;-RA
2026-01-20 16:55:00.000;4774;ERJ 195LR;MAO;SJL;GYN;2026-01-20 22:41:30.720;TSRA;-RA
2026-01-20 22:25:00.000;4548;ERJ;VCP;BSB;GYN;2026-01-20 22:46:04.320;TSRA;-RA
2026-01-20 19:00:00.000;4775;ERJ 195LR;SJL;MAO;GYN;2026-01-20 23:08:45.600;TSRA;NSW
2026-01-21 00:05:00.000;9232;A320-251NEO;REC;BSB;GYN;2026-01-21 00:26:04.320;TSRA;NSW
2026-01-21 00:50:00.000;6008;ERJ;CGH;BSB;GYN;2026-01-21 01:11:04.320;TSRA;NSW
2026-01-21 16:50:00.000;2780;ERJ;CNF;BSB;GYN;2026-01-21 17:11:04.320;TSRA;VCSH
2026-01-21 17:35:00.000;6004;ERJ;CGH;BSB;GYN;2026-01-21 17:56:04.320;TSRA;VCSH
2026-01-23 17:50:00.000;5007;ERJ 195LR;VCP;BSB;GYN;2026-01-23 18:11:04.320;TSRA;NSW
2026-01-23 18:00:00.000;4384;ERJ 195LR;VCP;ROO;GYN;2026-01-23 19:16:00.480;TSRA;NSW
2026-01-23 20:55:00.000;4612;A320-251NEO;REC;BSB;GYN;2026-01-23 21:16:04.320;TSRA;NSW
2026-01-23 17:10:00.000;4183;ERJ 195LR;MAO;TFF;GYN;2026-01-23 22:00:51.360;TSRA;-RA
2026-01-24 18:05:00.000;5007;ERJ;VCP;BSB;GYN;2026-01-24 18:26:04.320;TSRA;VCSH
2026-01-24 18:15:00.000;4316;ERJ 195LR;VCP;UDI;GYN;2026-01-24 18:50:12.480;TSRA;VCSH
2026-01-24 16:55:00.000;4774;ERJ 195LR;MAO;SJL;GYN;2026-01-24 22:41:30.720;TSRA;NSW
2026-01-24 19:00:00.000;4775;ERJ 195LR;SJL;MAO;GYN;2026-01-24 23:08:45.600;TSRA;NSW
2026-01-25 17:55:00.000;9502;ERJ 195LR;AJU;THE;GYN;2026-01-25 21:04:38.880;TSRA;RA
2026-01-25 20:55:00.000;4612;A320-251NEO;REC;BSB;GYN;2026-01-25 21:16:04.320;TSRA;RA
2026-01-25 21:30:00.000;4799;ERJ;CNF;BSB;GYN;2026-01-25 21:51:04.320;TSRA;RA
2026-01-25 21:50:00.000;4373;ERJ;VCP;UDI;GYN;2026-01-25 22:25:12.480;TSRA;NSW
2026-01-25 22:25:00.000;4548;ERJ;VCP;BSB;GYN;2026-01-25 22:46:04.320;TSRA;NSW
2026-01-27 17:50:00.000;5007;ERJ;VCP;BSB;GYN;2026-01-27 18:11:04.320;TSRA;VCSH
2026-01-27 20:55:00.000;4612;A320-253NEO;REC;BSB;GYN;2026-01-27 21:16:04.320;TSRA;VCTS
2026-01-27 16:55:00.000;4774;ERJ 195LR;MAO;SJL;GYN;2026-01-27 22:41:30.720;TSRA;VCTS
2026-01-27 22:25:00.000;4548;ERJ;VCP;BSB;GYN;2026-01-27 22:46:04.320;TSRA;VCTS
2026-01-28 17:50:00.000;5007;ERJ;VCP;BSB;GYN;2026-01-28 18:11:04.320;TSRA;VCSH
2026-01-29 00:05:00.000;9232;A320-251NEO;REC;BSB;GYN;2026-01-29 00:26:04.320;TSRA;-RA
2026-01-29 00:50:00.000;6008;ERJ;CGH;BSB;GYN;2026-01-29 01:11:04.320;TSRA;-RA
2026-01-29 01:55:00.000;4302;A320-251NEO;REC;BSB;GYN;2026-01-29 02:16:04.320;TSRA;NSW
2026-01-29 02:25:00.000;4126;ERJ;CNF;BSB;GYN;2026-01-29 02:46:04.320;TSRA;NSW
2026-01-29 17:50:00.000;5007;ERJ;VCP;BSB;GYN;2026-01-29 18:11:04.320;TSRA;NSW
2026-01-29 17:50:00.000;4384;ERJ 195LR;VCP;ROO;GYN;2026-01-29 19:06:00.480;TSRA;NSW
2026-01-29 20:55:00.000;4612;A320-251NEO;REC;BSB;GYN;2026-01-29 21:16:04.320;TSRA;NSW
2026-01-29 16:55:00.000;4774;ERJ 195LR;MAO;SJL;GYN;2026-01-29 22:41:30.720;TSRA;VCSH VCTS
2026-01-29 19:00:00.000;4775;ERJ 195LR;SJL;MAO;GYN;2026-01-29 23:08:45.600;TSRA;NSW
2026-01-30 00:05:00.000;9232;A320-251NEO;REC;BSB;GYN;2026-01-30 00:26:04.320;TSRA;VCTS
2026-01-30 00:50:00.000;6008;ERJ;CGH;BSB;GYN;2026-01-30 01:11:04.320;TSRA;NSW
2026-01-30 01:55:00.000;4302;A320-251NEO;REC;BSB;GYN;2026-01-30 02:16:04.320;TSRA;NSW
2026-01-30 02:25:00.000;4126;ERJ;CNF;BSB;GYN;2026-01-30 02:46:04.320;TSRA;NSW
2026-01-30 02:45:00.000;6595;A320-251NEO;VCP;BSB;GYN;2026-01-30 03:06:04.320;TSRA;NSW
2026-01-30 03:35:00.000;4978;ERJ;VCP;BSB;GYN;2026-01-30 03:56:04.320;TSRA;NSW
2026-01-30 20:55:00.000;4612;A320-251NEO;REC;BSB;GYN;2026-01-30 21:16:04.320;TSRA;-RA
2026-01-30 17:10:00.000;4183;ERJ 195LR;MAO;TFF;GYN;2026-01-30 22:00:51.360;TSRA;NSW
2026-01-30 22:25:00.000;4548;ERJ;VCP;BSB;GYN;2026-01-30 22:46:04.320;TSRA;NSW
2026-01-30 18:50:00.000;4184;ERJ 195LR;TFF;MAO;GYN;2026-01-30 22:58:45.600;TSRA;NSW
2026-01-31 17:50:00.000;4316;ERJ 195LR;VCP;UDI;GYN;2026-01-31 18:25:12.480;TSRA;NSW
2026-01-31 18:05:00.000;5007;ERJ;VCP;BSB;GYN;2026-01-31 18:26:04.320;TSRA;NSW
2026-02-01 18:15:00.000;5007;ERJ;VCP;BSB;GYN;2026-02-01 18:36:04.320;TSRA;NSW
2026-02-01 18:15:00.000;4316;ERJ 195LR;VCP;UDI;GYN;2026-02-01 18:50:12.480;TSRA;NSW
2026-02-01 16:05:00.000;4904;ERJ 195LR;PVH;MAO;GYN;2026-02-01 20:13:45.600;TSRA;NSW
2026-02-03 02:45:00.000;6595;A320-251NEO;VCP;BSB;GYN;2026-02-03 03:06:04.320;TSRA;NSW
2026-02-02 21:35:00.000;2683;ERJ 195LR;MAO;TBT;GYN;2026-02-03 03:17:53.280;TSRA;NSW
2026-02-03 03:35:00.000;4978;ERJ;VCP;BSB;GYN;2026-02-03 03:56:04.320;TSRA;NSW
2026-02-03 00:00:00.000;4186;ERJ 195LR;TBT;MAO;GYN;2026-02-03 04:08:45.600;TSRA;NSW
2026-02-03 01:55:00.000;2799;ERJ 195LR;MAO;STM;GYN;2026-02-03 05:34:27.360;TSRA;-RA
2026-02-03 17:40:00.000;6004;ERJ;CGH;BSB;GYN;2026-02-03 18:01:04.320;TSRA;NSW
2026-02-03 17:50:00.000;5007;ERJ;VCP;BSB;GYN;2026-02-03 18:11:04.320;TSRA;NSW
2026-02-03 21:15:00.000;4612;A320-253NEO;REC;BSB;GYN;2026-02-03 21:36:04.320;TSRA;NSW
2026-02-03 16:55:00.000;4774;ERJ 195LR;MAO;SJL;GYN;2026-02-03 22:41:30.720;TSRA;VCSH
2026-02-03 22:25:00.000;4548;ERJ;VCP;BSB;GYN;2026-02-03 22:46:04.320;TSRA;VCSH
2026-02-04 17:50:00.000;5007;ERJ;VCP;BSB;GYN;2026-02-04 18:11:04.320;TSRA;-RA
2026-02-04 18:10:00.000;6004;ERJ;CGH;BSB;GYN;2026-02-04 18:31:04.320;TSRA;SHRA
2026-02-04 18:20:00.000;4384;ERJ 195LR;VCP;ROO;GYN;2026-02-04 19:36:00.480;TSRA;VCSH
2026-02-04 17:52:00.000;4183;ERJ 195LR;MAO;TFF;GYN;2026-02-04 22:42:51.360;TSRA;NSW
2026-02-04 22:25:00.000;4548;ERJ;VCP;BSB;GYN;2026-02-04 22:46:04.320;TSRA;NSW
2026-02-04 18:50:00.000;4184;ERJ 195LR;TFF;MAO;GYN;2026-02-04 22:58:45.600;TSRA;NSW
2026-02-05 17:50:00.000;5007;ERJ;VCP;BSB;GYN;2026-02-05 18:11:04.320;TSRA;NSW
2026-02-05 18:10:00.000;6004;ERJ;CGH;BSB;GYN;2026-02-05 18:31:04.320;TSRA;NSW
2026-02-05 18:20:00.000;4384;ERJ 195LR;VCP;ROO;GYN;2026-02-05 19:36:00.480;TSRA;NSW
2026-02-05 21:15:00.000;4612;A320-251NEO;REC;BSB;GYN;2026-02-05 21:36:04.320;TSRA;NSW
2026-02-06 17:40:00.000;6004;ERJ;CGH;BSB;GYN;2026-02-06 18:01:04.320;TSRA;NSW
2026-02-06 17:50:00.000;5007;ERJ;VCP;BSB;GYN;2026-02-06 18:11:04.320;TSRA;NSW
2026-02-06 18:00:00.000;4384;ERJ 195LR;VCP;ROO;GYN;2026-02-06 19:16:00.480;TSRA;NSW
2026-02-06 21:15:00.000;4612;A320-253NEO;REC;BSB;GYN;2026-02-06 21:36:04.320;TSRA;NSW
2026-02-06 17:10:00.000;4183;ERJ 195LR;MAO;TFF;GYN;2026-02-06 22:00:51.360;TSRA;NSW
2026-02-06 22:25:00.000;4548;ERJ;VCP;BSB;GYN;2026-02-06 22:46:04.320;TSRA;NSW
2026-02-06 18:50:00.000;4184;ERJ 195LR;TFF;MAO;GYN;2026-02-06 22:58:45.600;TSRA;NSW
2026-02-06 23:50:00.000;9232;A320-253NEO;REC;BSB;GYN;2026-02-07 00:11:04.320;TSRA;NSW
2026-02-07 00:50:00.000;6008;ERJ;CGH;BSB;GYN;2026-02-07 01:11:04.320;TSRA;NSW
2026-02-07 02:00:00.000;4302;A320-253NEO;REC;BSB;GYN;2026-02-07 02:21:04.320;TSRA;NSW
2026-02-07 02:25:00.000;4126;ERJ;CNF;BSB;GYN;2026-02-07 02:46:04.320;TSRA;NSW
2026-02-07 18:05:00.000;5007;ERJ 195LR;VCP;BSB;GYN;2026-02-07 18:26:04.320;TSRA;VCSH
2026-02-07 16:55:00.000;4774;ERJ 195LR;MAO;SJL;GYN;2026-02-07 22:41:30.720;TSRA;NSW
2026-02-08 14:05:00.000;4903;ERJ 195LR;CGB;PVH;GYN;2026-02-08 18:00:40.800;TSRA;NSW
2026-02-08 18:15:00.000;5007;ERJ;VCP;BSB;GYN;2026-02-08 18:36:04.320;TSRA;NSW
2026-02-08 16:05:00.000;4904;ERJ 195LR;PVH;MAO;GYN;2026-02-08 20:13:45.600;TSRA;VCSH
2026-02-08 21:15:00.000;4612;A320-253NEO;REC;BSB;GYN;2026-02-08 21:36:04.320;TSRA;NSW
2026-02-08 21:40:00.000;4799;ERJ;CNF;BSB;GYN;2026-02-08 22:01:04.320;TSRA;VCSH
2026-02-08 22:25:00.000;4548;ERJ;VCP;BSB;GYN;2026-02-08 22:46:04.320;TSRA;VCSH
2026-02-09 17:40:00.000;6004;ERJ;CGH;BSB;GYN;2026-02-09 18:01:04.320;TSRA;NSW
2026-02-09 17:50:00.000;5007;ERJ;VCP;BSB;GYN;2026-02-09 18:11:04.320;TSRA;NSW
2026-02-09 21:15:00.000;4612;A320-251NEO;REC;BSB;GYN;2026-02-09 21:36:04.320;TSRA;VCSH
2026-02-09 17:10:00.000;4183;ERJ 195LR;MAO;TFF;GYN;2026-02-09 22:00:51.360;TSRA;RA
2026-02-09 22:25:00.000;4548;ERJ;VCP;BSB;GYN;2026-02-09 22:46:04.320;TSRA;RA
2026-02-09 18:50:00.000;4184;ERJ 195LR;TFF;MAO;GYN;2026-02-09 22:58:45.600;TSRA;RA
2026-02-10 17:40:00.000;6004;ERJ;CGH;BSB;GYN;2026-02-10 18:01:04.320;TSRA;-RA
2026-02-10 17:50:00.000;5007;ERJ;VCP;BSB;GYN;2026-02-10 18:11:04.320;TSRA;-RA
2026-02-10 21:15:00.000;4612;A320-251NEO;REC;BSB;GYN;2026-02-10 21:36:04.320;TSRA;NSW
2026-02-10 16:55:00.000;4774;ERJ 195LR;MAO;SJL;GYN;2026-02-10 22:41:30.720;TSRA;NSW
2026-02-10 22:25:00.000;4548;ERJ;VCP;BSB;GYN;2026-02-10 22:46:04.320;TSRA;NSW
2026-02-18 17:50:00.000;5007;ERJ;VCP;BSB;GYN;2026-02-18 18:11:04.320;TSRA;NSW
2026-02-18 18:00:00.000;6004;ERJ;CGH;BSB;GYN;2026-02-18 18:21:04.320;TSRA;NSW
2026-02-18 18:55:00.000;4808;ERJ 195LR;VCP;BVH;GYN;2026-02-18 21:36:51.360;TSRA;NSW
2026-02-18 17:10:00.000;4183;ERJ 195LR;MAO;TFF;GYN;2026-02-18 22:00:51.360;TSRA;NSW
2026-02-18 22:25:00.000;4548;ERJ 195LR;VCP;BSB;GYN;2026-02-18 22:46:04.320;TSRA;NSW
2026-02-18 18:50:00.000;4184;ERJ 195LR;TFF;MAO;GYN;2026-02-18 22:58:45.600;TSRA;NSW
2026-02-18 22:25:00.000;4373;ERJ;VCP;UDI;GYN;2026-02-18 23:00:12.480;TSRA;NSW
2026-02-19 17:50:00.000;5007;ERJ;VCP;BSB;GYN;2026-02-19 18:11:04.320;TSRA;NSW
2026-02-19 21:00:00.000;6004;ERJ;CGH;BSB;GYN;2026-02-19 21:21:04.320;TSRA;NSW
2026-02-19 21:15:00.000;4612;A320-253NEO;REC;BSB;GYN;2026-02-19 21:36:04.320;TSRA;NSW
2026-02-19 16:55:00.000;4774;ERJ 195LR;MAO;SJL;GYN;2026-02-19 22:41:30.720;TSRA;NSW
2026-02-19 22:25:00.000;4548;ERJ 195LR;VCP;BSB;GYN;2026-02-19 22:46:04.320;TSRA;NSW
2026-02-20 17:50:00.000;5007;ERJ;VCP;BSB;GYN;2026-02-20 18:11:04.320;TSRA;NSW
2026-02-20 18:10:00.000;6004;ERJ;CGH;BSB;GYN;2026-02-20 18:31:04.320;TSRA;NSW
2026-02-20 21:15:00.000;4612;A320-251NEO;REC;BSB;GYN;2026-02-20 21:36:04.320;TS;NSW
2026-02-20 17:10:00.000;4183;ERJ 195LR;MAO;TFF;GYN;2026-02-20 22:00:51.360;TS;NSW
2026-02-20 22:25:00.000;4548;ERJ;VCP;BSB;GYN;2026-02-20 22:46:04.320;TS;NSW
2026-02-20 18:50:00.000;4184;ERJ 195LR;TFF;MAO;GYN;2026-02-20 22:58:45.600;TS;NSW
2026-02-22 18:15:00.000;5007;ERJ;VCP;BSB;GYN;2026-02-22 18:36:04.320;TSRA;NSW
2026-02-22 18:15:00.000;4316;ERJ 195LR;VCP;UDI;GYN;2026-02-22 18:50:12.480;TSRA;NSW
2026-02-22 16:05:00.000;4904;ERJ 195LR;PVH;MAO;GYN;2026-02-22 20:13:45.600;TSRA;NSW
2026-02-23 17:05:00.000;2780;ERJ;CNF;BSB;GYN;2026-02-23 17:26:04.320;TSRA;RA
2026-02-24 17:50:00.000;5007;ERJ;VCP;BSB;GYN;2026-02-24 18:11:04.320;TSRA;NSW
2026-02-24 19:05:00.000;6004;ERJ;CGH;BSB;GYN;2026-02-24 19:26:04.320;TSRA;NSW
2026-02-24 21:15:00.000;4612;A320-251NEO;REC;BSB;GYN;2026-02-24 21:36:04.320;TSRA;NSW
2026-02-24 21:40:00.000;4799;ERJ;CNF;BSB;GYN;2026-02-24 22:01:04.320;TSRA;NSW
2026-02-24 22:15:00.000;6416;ERJ;CGH;BSB;GYN;2026-02-24 22:36:04.320;TSRA;NSW
2026-02-24 16:55:00.000;4774;ERJ 195LR;MAO;SJL;GYN;2026-02-24 22:41:30.720;TSRA;NSW
2026-02-24 22:25:00.000;4548;ERJ 195LR;VCP;BSB;GYN;2026-02-24 22:46:04.320;TSRA;NSW
2026-02-25 17:50:00.000;5007;ERJ;VCP;BSB;GYN;2026-02-25 18:11:04.320;TSRA;NSW
2026-02-25 17:55:00.000;4384;ERJ 195LR;VCP;ROO;GYN;2026-02-25 19:11:00.480;TSRA;NSW
2026-02-25 19:05:00.000;6004;ERJ;CGH;BSB;GYN;2026-02-25 19:26:04.320;TSRA;NSW
2026-02-25 21:15:00.000;4612;A320-253NEO;REC;BSB;GYN;2026-02-25 21:36:04.320;TS;NSW
2026-02-25 17:20:00.000;4183;ERJ 195LR;MAO;TFF;GYN;2026-02-25 22:10:51.360;TS;NSW
2026-02-25 22:15:00.000;6416;ERJ;CGH;BSB;GYN;2026-02-25 22:36:04.320;TS;NSW
2026-02-25 22:25:00.000;4548;ERJ;VCP;BSB;GYN;2026-02-25 22:46:04.320;TS;NSW
2026-02-25 19:00:00.000;4184;ERJ 195LR;TFF;MAO;GYN;2026-02-25 23:08:45.600;TS;NSW
2026-02-25 22:50:00.000;4799;ERJ;CNF;BSB;GYN;2026-02-25 23:11:04.320;TS;NSW
2026-02-26 17:50:00.000;5007;ERJ;VCP;BSB;GYN;2026-02-26 18:11:04.320;TSRA;-RA
2026-02-26 19:05:00.000;6004;ERJ;CGH;BSB;GYN;2026-02-26 19:26:04.320;TSRA;VCSH
2026-02-26 21:15:00.000;4612;A320-251NEO;REC;BSB;GYN;2026-02-26 21:36:04.320;TSRA;-RA
2026-02-26 21:40:00.000;4799;ERJ;CNF;BSB;GYN;2026-02-26 22:01:04.320;TSRA;-RA
2026-02-26 16:55:00.000;4774;ERJ 195LR;MAO;SJL;GYN;2026-02-26 22:41:30.720;TSRA;-RA
2026-02-26 22:25:00.000;4548;ERJ;VCP;BSB;GYN;2026-02-26 22:46:04.320;TSRA;-RA
2026-02-26 19:00:00.000;4775;ERJ 195LR;SJL;MAO;GYN;2026-02-26 23:08:45.600;TSRA;-RA
2026-02-27 16:10:00.000;4422;ERJ 195LR;CGB;OPS;GYN;2026-02-27 18:02:09.120;TSRA;NSW
2026-02-27 17:50:00.000;5007;ERJ;VCP;BSB;GYN;2026-02-27 18:11:04.320;TSRA;NSW
2026-02-27 19:05:00.000;6004;ERJ;CGH;BSB;GYN;2026-02-27 19:26:04.320;TSRA;NSW
2026-02-27 17:55:00.000;4423;ERJ 195LR;OPS;CGB;GYN;2026-02-27 19:31:28.800;TSRA;NSW
2026-02-27 21:15:00.000;4612;A320-251NEO;REC;BSB;GYN;2026-02-27 21:36:04.320;TSRA;NSW
2026-02-27 21:40:00.000;4799;ERJ;CNF;BSB;GYN;2026-02-27 22:01:04.320;TSRA;NSW
2026-02-27 17:20:00.000;4183;ERJ 195LR;MAO;TFF;GYN;2026-02-27 22:10:51.360;TSRA;NSW
2026-02-27 22:15:00.000;6416;ERJ;CGH;BSB;GYN;2026-02-27 22:36:04.320;TSRA;NSW
2026-02-27 22:25:00.000;4548;ERJ;VCP;BSB;GYN;2026-02-27 22:46:04.320;TSRA;NSW
2026-02-27 19:00:00.000;4184;ERJ 195LR;TFF;MAO;GYN;2026-02-27 23:08:45.600;TSRA;NSW
2026-03-06 17:50:00.000;5007;ERJ 195LR;VCP;BSB;GYN;2026-03-06 18:11:04.320;TSRA;-RA
2026-03-06 17:55:00.000;4384;ERJ 195LR;VCP;ROO;GYN;2026-03-06 19:11:00.480;TSRA;NSW
2026-03-06 19:05:00.000;6004;ERJ;CGH;BSB;GYN;2026-03-06 19:26:04.320;TSRA;NSW
2026-03-07 21:15:00.000;4612;A320-253NEO;REC;BSB;GYN;2026-03-07 21:36:04.320;TS;NSW
2026-03-07 21:40:00.000;4799;ERJ;CNF;BSB;GYN;2026-03-07 22:01:04.320;TS;NSW
2026-03-07 22:05:00.000;6006;ERJ 195LR;CGH;BSB;GYN;2026-03-07 22:26:04.320;TS;NSW
2026-03-07 16:55:00.000;4774;ERJ 195LR;MAO;SJL;GYN;2026-03-07 22:41:30.720;TS;NSW
2026-03-08 17:50:00.000;5007;ERJ;VCP;BSB;GYN;2026-03-08 18:11:04.320;TSRA;NSW
2026-03-08 19:10:00.000;4524;ERJ;CGH;BSB;GYN;2026-03-08 19:31:04.320;TSRA;NSW
2026-03-08 16:05:00.000;4904;ERJ 195LR;PVH;MAO;GYN;2026-03-08 20:13:45.600;TSRA;NSW
2026-03-08 21:15:00.000;4612;A320-251NEO;REC;BSB;GYN;2026-03-08 21:36:04.320;TSRA;VCSH
2026-03-09 17:50:00.000;5007;ERJ 195LR;VCP;BSB;GYN;2026-03-09 18:11:04.320;TSRA;VCSH
2026-03-09 19:05:00.000;6004;ERJ;CGH;BSB;GYN;2026-03-09 19:26:04.320;TSRA;VCSH
2026-03-09 21:15:00.000;4612;A320-251NEO;REC;BSB;GYN;2026-03-09 21:36:04.320;TSRA;NSW
2026-03-09 21:40:00.000;4799;ERJ;CNF;BSB;GYN;2026-03-09 22:01:04.320;TSRA;VCTS
2026-03-09 17:20:00.000;4183;ERJ 195LR;MAO;TFF;GYN;2026-03-09 22:10:51.360;TSRA;VCTS
2026-03-09 22:15:00.000;6416;ERJ;CGH;BSB;GYN;2026-03-09 22:36:04.320;TSRA;VCTS
2026-03-09 22:25:00.000;4548;ERJ;VCP;BSB;GYN;2026-03-09 22:46:04.320;TSRA;VCTS
2026-03-09 19:00:00.000;4184;ERJ 195LR;TFF;MAO;GYN;2026-03-09 23:08:45.600;TSRA;VCTS
2026-03-10 17:50:00.000;5007;ERJ;VCP;BSB;GYN;2026-03-10 18:11:04.320;TSRA;NSW
2026-03-10 17:55:00.000;4384;ERJ 195LR;VCP;ROO;GYN;2026-03-10 19:11:00.480;TSRA;NSW
2026-03-10 19:05:00.000;6004;ERJ;CGH;BSB;GYN;2026-03-10 19:26:04.320;TSRA;NSW
2026-03-10 22:15:00.000;6416;ERJ;CGH;BSB;GYN;2026-03-10 22:36:04.320;TSRA;VCTS
2026-03-10 16:55:00.000;4774;ERJ 195LR;MAO;SJL;GYN;2026-03-10 22:41:30.720;TSRA;VCTS
2026-03-10 22:25:00.000;4548;ERJ;VCP;BSB;GYN;2026-03-10 22:46:04.320;TSRA;VCTS
2026-03-11 17:50:00.000;5007;ERJ;VCP;BSB;GYN;2026-03-11 18:11:04.320;TSRA;NSW
2026-03-11 17:55:00.000;4384;ERJ 195LR;VCP;ROO;GYN;2026-03-11 19:11:00.480;TSRA;NSW
2026-03-11 19:05:00.000;6004;ERJ;CGH;BSB;GYN;2026-03-11 19:26:04.320;TSRA;NSW
2026-03-11 21:15:00.000;4612;A320-253NEO;REC;BSB;GYN;2026-03-11 21:36:04.320;TSRA;VCSH VCTS
2026-03-11 21:40:00.000;4799;ERJ;CNF;BSB;GYN;2026-03-11 22:01:04.320;TSRA;NSW
2026-03-11 17:20:00.000;4183;ERJ 195LR;MAO;TFF;GYN;2026-03-11 22:10:51.360;TSRA;NSW
2026-03-11 22:15:00.000;6416;ERJ;CGH;BSB;GYN;2026-03-11 22:36:04.320;TSRA;NSW
2026-03-11 22:25:00.000;4548;ERJ;VCP;BSB;GYN;2026-03-11 22:46:04.320;TSRA;NSW
2026-03-12 17:55:00.000;4384;ERJ 195LR;VCP;ROO;GYN;2026-03-12 19:11:00.480;TSRA;NSW
2026-03-12 19:05:00.000;6004;ERJ;CGH;BSB;GYN;2026-03-12 19:26:04.320;TSRA;NSW
2026-03-12 21:15:00.000;4612;A320-251NEO;REC;BSB;GYN;2026-03-12 21:36:04.320;TSRA;NSW
2026-03-12 21:40:00.000;4799;ERJ;CNF;BSB;GYN;2026-03-12 22:01:04.320;TSRA;NSW
2026-03-12 22:15:00.000;6416;ERJ;CGH;BSB;GYN;2026-03-12 22:36:04.320;TSRA;NSW
2026-03-12 16:55:00.000;4774;ERJ 195LR;MAO;SJL;GYN;2026-03-12 22:41:30.720;TSRA;NSW
2026-03-12 22:25:00.000;4548;ERJ;VCP;BSB;GYN;2026-03-12 22:46:04.320;TSRA;NSW
2026-03-13 00:50:00.000;6008;ERJ;CGH;BSB;GYN;2026-03-13 01:11:04.320;TS;NSW
2026-03-14 17:50:00.000;5007;ERJ 195LR;VCP;BSB;GYN;2026-03-14 18:11:04.320;TSRA;VCSH
2026-03-15 17:50:00.000;5007;ERJ;VCP;BSB;GYN;2026-03-15 18:11:04.320;TSRA;NSW
2026-03-15 17:55:00.000;4384;ERJ 195LR;VCP;ROO;GYN;2026-03-15 19:11:00.480;TSRA;NSW
2026-03-15 19:10:00.000;4524;ERJ;CGH;BSB;GYN;2026-03-15 19:31:04.320;TSRA;NSW
2026-03-15 16:05:00.000;4904;ERJ 195LR;PVH;MAO;GYN;2026-03-15 20:13:45.600;TSRA;NSW
2026-03-15 21:15:00.000;4612;A320-251NEO;REC;BSB;GYN;2026-03-15 21:36:04.320;TSRA;NSW
2026-03-15 21:40:00.000;4799;ERJ 195LR;CNF;BSB;GYN;2026-03-15 22:01:04.320;TSRA;NSW
2026-03-15 22:25:00.000;4548;ERJ;VCP;BSB;GYN;2026-03-15 22:46:04.320;TSRA;NSW
2026-03-16 17:50:00.000;5007;ERJ;VCP;BSB;GYN;2026-03-16 18:11:04.320;TSRA;NSW
2026-03-16 19:05:00.000;6004;ERJ;CGH;BSB;GYN;2026-03-16 19:26:04.320;TSRA;NSW
2026-03-16 21:40:00.000;4799;ERJ;CNF;BSB;GYN;2026-03-16 22:01:04.320;TSRA;VCTS
2026-03-16 17:20:00.000;4183;ERJ 195LR;MAO;TFF;GYN;2026-03-16 22:10:51.360;TSRA;VCTS
2026-03-16 22:15:00.000;6416;ERJ;CGH;BSB;GYN;2026-03-16 22:36:04.320;TSRA;VCTS
2026-03-16 22:25:00.000;4548;ERJ;VCP;BSB;GYN;2026-03-16 22:46:04.320;TSRA;VCTS
2026-03-17 19:05:00.000;6004;ERJ;CGH;BSB;GYN;2026-03-17 19:26:04.320;TSRA;VCSH
2026-03-17 21:15:00.000;4612;A320-251NEO;REC;BSB;GYN;2026-03-17 21:36:04.320;TSRA;RA
2026-03-17 21:40:00.000;4799;ERJ;CNF;BSB;GYN;2026-03-17 22:01:04.320;TSRA;-RA
2026-03-17 22:15:00.000;6416;ERJ;CGH;BSB;GYN;2026-03-17 22:36:04.320;TSRA;-RA
2026-03-17 16:55:00.000;4774;ERJ 195LR;MAO;SJL;GYN;2026-03-17 22:41:30.720;TSRA;-RA
2026-03-17 22:25:00.000;4548;ERJ;VCP;BSB;GYN;2026-03-17 22:46:04.320;TSRA;-RA
2026-03-18 17:50:00.000;5007;ERJ;VCP;BSB;GYN;2026-03-18 18:11:04.320;TSRA;NSW
2026-03-18 19:05:00.000;6004;ERJ;CGH;BSB;GYN;2026-03-18 19:26:04.320;TSRA;VCSH
2026-03-18 21:15:00.000;4612;A320-253NEO;REC;BSB;GYN;2026-03-18 21:36:04.320;TSRA;VCSH
2026-03-18 21:40:00.000;4799;ERJ 195LR;CNF;BSB;GYN;2026-03-18 22:01:04.320;TSRA;VCTS
2026-03-18 17:20:00.000;4183;ERJ 195LR;MAO;TFF;GYN;2026-03-18 22:10:51.360;TSRA;VCTS
2026-03-18 22:15:00.000;6416;ERJ;CGH;BSB;GYN;2026-03-18 22:36:04.320;TSRA;VCTS
2026-03-18 22:25:00.000;4548;ERJ;VCP;BSB;GYN;2026-03-18 22:46:04.320;TSRA;VCTS
2026-03-20 17:50:00.000;5007;ERJ;VCP;BSB;GYN;2026-03-20 18:11:04.320;TSRA;RA
2026-03-20 19:05:00.000;6004;ERJ;CGH;BSB;GYN;2026-03-20 19:26:04.320;TSRA;NSW
2026-03-20 21:15:00.000;4612;A320-251NEO;REC;BSB;GYN;2026-03-20 21:36:04.320;TSRA;NSW
2026-03-20 21:40:00.000;4799;ERJ;CNF;BSB;GYN;2026-03-20 22:01:04.320;TSRA;NSW
2026-03-20 17:20:00.000;4183;ERJ 195LR;MAO;TFF;GYN;2026-03-20 22:10:51.360;TSRA;NSW
2026-03-20 22:15:00.000;6416;ERJ;CGH;BSB;GYN;2026-03-20 22:36:04.320;TSRA;NSW
2026-03-20 22:25:00.000;4548;ERJ;VCP;BSB;GYN;2026-03-20 22:46:04.320;TSRA;NSW
2026-03-20 19:00:00.000;4184;ERJ 195LR;TFF;MAO;GYN;2026-03-20 23:08:45.600;TSRA;NSW
2026-03-21 19:45:00.000;5007;ERJ;VCP;BSB;GYN;2026-03-21 20:06:04.320;TSRA;NSW
2026-03-21 21:15:00.000;4612;A320-251NEO;REC;BSB;GYN;2026-03-21 21:36:04.320;TSRA;NSW
2026-03-21 21:40:00.000;4799;ERJ 195LR;CNF;BSB;GYN;2026-03-21 22:01:04.320;TSRA;NSW
2026-03-21 22:05:00.000;6006;ERJ 195LR;CGH;BSB;GYN;2026-03-21 22:26:04.320;TSRA;NSW
2026-03-21 16:55:00.000;4774;ERJ 195LR;MAO;SJL;GYN;2026-03-21 22:41:30.720;TSRA;NSW
2026-03-25 17:50:00.000;5007;ERJ;VCP;BSB;GYN;2026-03-25 18:11:04.320;TSRA;-RA
2026-03-25 19:05:00.000;6004;ERJ;CGH;BSB;GYN;2026-03-25 19:26:04.320;TSRA;NSW
2026-03-25 21:15:00.000;4612;A320-251NEO;REC;BSB;GYN;2026-03-25 21:36:04.320;TSRA;NSW
2026-03-25 21:40:00.000;4799;ERJ;CNF;BSB;GYN;2026-03-25 22:01:04.320;TSRA;VCTS
2026-03-25 17:20:00.000;4183;ERJ 195LR;MAO;TFF;GYN;2026-03-25 22:10:51.360;TSRA;VCTS
2026-03-25 22:15:00.000;6416;ERJ;CGH;BSB;GYN;2026-03-25 22:36:04.320;TSRA;VCTS
2026-03-25 22:25:00.000;4548;ERJ;VCP;BSB;GYN;2026-03-25 22:46:04.320;TSRA;VCTS
2026-03-26 19:05:00.000;6004;ERJ;CGH;BSB;GYN;2026-03-26 19:26:04.320;TSRA;NSW
2026-03-26 21:15:00.000;4612;A320-251NEO;REC;BSB;GYN;2026-03-26 21:36:04.320;TSRA;VCSH
2026-03-26 21:40:00.000;4799;ERJ;CNF;BSB;GYN;2026-03-26 22:01:04.320;TSRA;NSW
2026-03-26 22:15:00.000;6416;ERJ;CGH;BSB;GYN;2026-03-26 22:36:04.320;TSRA;NSW
2026-03-26 22:25:00.000;4548;ERJ;VCP;BSB;GYN;2026-03-26 22:46:04.320;TSRA;NSW
2026-03-30 17:50:00.000;5007;ERJ;VCP;BSB;GYN;2026-03-30 18:11:04.320;TSRA;NSW
2026-03-30 18:45:00.000;6004;ERJ;CGH;BSB;GYN;2026-03-30 19:06:04.320;TSRA;NSW
2026-03-30 21:15:00.000;4612;A320-251NEO;REC;BSB;GYN;2026-03-30 21:36:04.320;TSRA;NSW
2026-03-30 21:40:00.000;4799;ERJ 195LR;CNF;BSB;GYN;2026-03-30 22:01:04.320;TSRA;NSW
2026-03-30 17:20:00.000;4183;ERJ 195LR;MAO;TFF;GYN;2026-03-30 22:10:51.360;TSRA;NSW
2026-03-30 21:50:00.000;6416;ERJ;CGH;BSB;GYN;2026-03-30 22:11:04.320;TSRA;NSW
2026-03-30 22:25:00.000;4548;ERJ;VCP;BSB;GYN;2026-03-30 22:46:04.320;TSRA;NSW
2026-04-02 17:50:00.000;5007;ERJ;VCP;BSB;GYN;2026-04-02 18:11:04.320;TS;NSW
2026-04-02 18:45:00.000;6004;ERJ;CGH;BSB;GYN;2026-04-02 19:06:04.320;TS;NSW
2026-04-04 17:50:00.000;5007;ERJ;VCP;BSB;GYN;2026-04-04 18:11:04.320;TSRA;VCSH
2026-04-04 22:30:00.000;6006;ERJ 195LR;CGH;BSB;GYN;2026-04-04 22:51:04.320;TSRA;NSW
2026-04-06 17:50:00.000;5007;A320-251NEO;VCP;BSB;GYN;2026-04-06 18:11:04.320;TSRA;NSW
2026-04-06 18:45:00.000;6004;ERJ;CGH;BSB;GYN;2026-04-06 19:06:04.320;TSRA;VCSH
2026-04-06 21:15:00.000;4612;A320-251NEO;REC;BSB;GYN;2026-04-06 21:36:04.320;TSRA;NSW
2026-04-06 21:40:00.000;4799;ERJ;CNF;BSB;GYN;2026-04-06 22:01:04.320;TSRA;NSW
2026-04-06 21:50:00.000;6416;ERJ 195LR;CGH;BSB;GYN;2026-04-06 22:11:04.320;TSRA;NSW
2026-04-06 22:25:00.000;4548;A320-251NEO;VCP;BSB;GYN;2026-04-06 22:46:04.320;TSRA;NSW
2026-04-06 23:45:00.000;6008;ERJ;CGH;BSB;GYN;2026-04-07 00:06:04.320;TSRA;VCTS
2026-04-06 20:35:00.000;9351;ERJ 195LR;TBT;MAO;GYN;2026-04-07 00:43:45.600;TSRA;VCTS
2026-04-07 16:55:00.000;4774;ERJ 195LR;MAO;SJL;GYN;2026-04-07 22:41:30.720;TSRA;-RA VCTS
2026-04-07 22:25:00.000;4548;ERJ;VCP;BSB;GYN;2026-04-07 22:46:04.320;TSRA;-RA VCTS
2026-04-08 00:15:00.000;6008;ERJ;CGH;BSB;GYN;2026-04-08 00:36:04.320;TSRA BR;NSW
2026-04-08 02:25:00.000;4126;ERJ;CNF;BSB;GYN;2026-04-08 02:46:04.320;TSRA BR;NSW
2026-04-08 21:40:00.000;4799;ERJ;CNF;BSB;GYN;2026-04-08 22:01:04.320;TSRA;-RA
2026-04-08 21:50:00.000;6416;ERJ;CGH;BSB;GYN;2026-04-08 22:11:04.320;TSRA;-RA
2026-04-08 17:30:00.000;4183;ERJ 195LR;MAO;TFF;GYN;2026-04-08 22:20:51.360;TSRA;-RA
2026-04-08 22:25:00.000;4548;ERJ;VCP;BSB;GYN;2026-04-08 22:46:04.320;TSRA;-RA
2026-04-09 17:50:00.000;5007;ERJ;VCP;BSB;GYN;2026-04-09 18:11:04.320;TSRA;NSW
2026-04-09 18:45:00.000;6004;ERJ;CGH;BSB;GYN;2026-04-09 19:06:04.320;TSRA;NSW
2026-04-09 21:15:00.000;4612;A320-251NEO;REC;BSB;GYN;2026-04-09 21:36:04.320;TSRA;NSW
2026-04-09 21:40:00.000;4799;ERJ 195LR;CNF;BSB;GYN;2026-04-09 22:01:04.320;TSRA;NSW
2026-04-09 22:25:00.000;4548;A320-251NEO;VCP;BSB;GYN;2026-04-09 22:46:04.320;TSRA;NSW
2026-04-16 18:45:00.000;6004;ERJ;CGH;BSB;GYN;2026-04-16 19:06:04.320;TSRA;NSW
2026-04-16 21:15:00.000;4612;A320-251NEO;REC;BSB;GYN;2026-04-16 21:36:04.320;TSRA;VCSH
2026-04-16 21:40:00.000;4799;ERJ;CNF;BSB;GYN;2026-04-16 22:01:04.320;TSRA;SHRA
2026-04-16 21:50:00.000;6416;ERJ 195LR;CGH;BSB;GYN;2026-04-16 22:11:04.320;TSRA;SHRA
2026-06-14 17:50:00.000;5007;ERJ;VCP;BSB;GYN;2026-06-14 18:11:04.320;TSRA;NSW
2026-06-14 19:15:00.000;4524;ERJ;CGH;BSB;GYN;2026-06-14 19:36:04.320;TSRA;NSW
2025-08-04 12:45:00.000;4586;ERJ;VCP;CAC;IGU;2025-08-04 13:00:27.360;TSRA;NSW
2025-08-04 12:45:00.000;4363;ERJ;VCP;XAP;IGU;2025-08-04 13:17:26.880;TSRA;NSW
2025-08-23 12:45:00.000;4586;ERJ;VCP;CAC;IGU;2025-08-23 13:00:27.360;TSRA;NSW
2025-08-23 12:45:00.000;4363;ERJ;VCP;XAP;IGU;2025-08-23 13:17:26.880;TSRA;NSW
2025-09-04 19:35:00.000;4349;ERJ;FLN;XAP;IGU;2025-09-04 20:07:26.880;TSRA;NSW
2025-09-04 21:25:00.000;4727;ERJ;VCP;CAC;IGU;2025-09-04 21:40:27.360;TSRA;NSW
2025-09-04 22:45:00.000;4387;A320-251NEO;VCP;XAP;IGU;2025-09-04 23:17:26.880;TSRA;NSW
2025-09-08 21:25:00.000;4727;ERJ;VCP;CAC;IGU;2025-09-08 21:40:27.360;TSRA;VCSH
2025-09-08 22:45:00.000;4387;A320-251NEO;VCP;XAP;IGU;2025-09-08 23:17:26.880;TSRA;VCSH
2025-09-15 21:25:00.000;4727;ERJ;VCP;CAC;IGU;2025-09-15 21:40:27.360;TS;NSW
2025-09-15 22:45:00.000;4387;ERJ;VCP;XAP;IGU;2025-09-15 23:17:26.880;TS;-RA
2025-09-21 19:35:00.000;4349;ERJ;FLN;XAP;IGU;2025-09-21 20:07:26.880;TSRA;VCSH
2025-09-28 12:45:00.000;4363;ERJ;VCP;XAP;IGU;2025-09-28 13:17:26.880;TSRA;NSW
2025-09-29 21:25:00.000;4727;ERJ;VCP;CAC;IGU;2025-09-29 21:40:27.360;TSRA;VCSH
2025-10-02 19:35:00.000;4349;ERJ;FLN;XAP;IGU;2025-10-02 20:07:26.880;TSRA;NSW
2025-10-02 21:25:00.000;4727;ERJ;VCP;CAC;IGU;2025-10-02 21:40:27.360;TSRA;NSW
2025-10-02 22:45:00.000;4387;ERJ;VCP;XAP;IGU;2025-10-02 23:17:26.880;TSRA;NSW
2025-10-03 13:00:00.000;4586;ERJ;VCP;CAC;IGU;2025-10-03 13:15:27.360;TS;NSW
2025-10-03 12:45:00.000;4363;ERJ;VCP;XAP;IGU;2025-10-03 13:17:26.880;TS;NSW
2025-10-06 12:50:00.000;4586;ERJ;VCP;CAC;IGU;2025-10-06 13:05:27.360;TSRA;NSW
2025-10-12 02:20:00.000;4387;ERJ;VCP;XAP;IGU;2025-10-12 02:52:26.880;TSRA;VCTS
2025-10-12 19:35:00.000;4349;ERJ;FLN;XAP;IGU;2025-10-12 20:07:26.880;TSRA;NSW
2025-10-13 02:20:00.000;4387;ERJ;VCP;XAP;IGU;2025-10-13 02:52:26.880;-TSRA;BR BCFG
2025-10-16 13:00:00.000;4586;ERJ;VCP;CAC;IGU;2025-10-16 13:15:27.360;TSRA;NSW
2025-10-16 12:45:00.000;4363;ERJ;VCP;XAP;IGU;2025-10-16 13:17:26.880;TSRA;NSW
2025-10-17 19:35:00.000;4349;ERJ;FLN;XAP;IGU;2025-10-17 20:07:26.880;TSRA;NSW
2025-10-18 02:20:00.000;4387;ERJ;VCP;XAP;IGU;2025-10-18 02:52:26.880;TSRA;VCTS
2025-10-26 16:40:00.000;4727;ERJ;VCP;CAC;IGU;2025-10-26 16:55:27.360;-TSRA;NSW
2025-10-28 21:25:00.000;4727;ERJ;VCP;CAC;IGU;2025-10-28 21:40:27.360;TSRA;NSW
2025-10-28 23:00:00.000;4382;ERJ;VCP;XAP;IGU;2025-10-28 23:32:26.880;TSRA;NSW
2025-11-01 12:45:00.000;4363;A320-253NEO;VCP;XAP;IGU;2025-11-01 13:17:26.880;TS;VCSH
2025-11-01 19:20:00.000;4349;ERJ;FLN;XAP;IGU;2025-11-01 19:52:26.880;TSRA;VCTS
2025-11-01 21:45:00.000;4727;ERJ;VCP;CAC;IGU;2025-11-01 22:00:27.360;TSRA;-RA BR VCTS
2025-11-12 12:45:00.000;4586;ERJ;VCP;CAC;IGU;2025-11-12 13:00:27.360;TSRA;-RA VCTS
2025-11-12 12:45:00.000;4363;ERJ;VCP;XAP;IGU;2025-11-12 13:17:26.880;TSRA;-RA VCTS
2025-11-13 12:45:00.000;4586;ERJ;VCP;CAC;IGU;2025-11-13 13:00:27.360;TSRA;NSW
2025-11-14 19:20:00.000;4349;ERJ;FLN;XAP;IGU;2025-11-14 19:52:26.880;TS;NSW
2025-11-14 21:45:00.000;4727;ERJ;VCP;CAC;IGU;2025-11-14 22:00:27.360;TS;VCSH VCTS
2025-11-16 19:20:00.000;4349;ERJ;FLN;XAP;IGU;2025-11-16 19:52:26.880;TSRA;NSW
2025-11-23 19:20:00.000;4349;ERJ;FLN;XAP;IGU;2025-11-23 19:52:26.880;TSRA;NSW
2025-12-01 19:20:00.000;4349;ERJ;FLN;XAP;IGU;2025-12-01 19:52:26.880;TSRA;NSW
2025-12-07 19:20:00.000;4349;ERJ;FLN;XAP;IGU;2025-12-07 19:52:26.880;TS;VCTS
2025-12-09 02:20:00.000;4387;ERJ;VCP;XAP;IGU;2025-12-09 02:52:26.880;TSRA BR;NSW
2025-12-12 19:20:00.000;4349;ERJ;FLN;XAP;IGU;2025-12-12 19:52:26.880;-TSRA;NSW
2025-12-14 12:40:00.000;2341;A320-251NEO;MCZ;CAC;IGU;2025-12-14 12:55:27.360;TSRA;NSW
2025-12-14 12:45:00.000;4363;ERJ;VCP;XAP;IGU;2025-12-14 13:17:26.880;TSRA;NSW
2025-12-14 16:40:00.000;4727;ERJ;VCP;CAC;IGU;2025-12-14 16:55:27.360;TSRA;-RA VCTS
2025-12-15 21:50:00.000;4727;ERJ;VCP;CAC;IGU;2025-12-15 22:05:27.360;TS;VCSH
2025-12-23 19:20:00.000;4349;ERJ;FLN;XAP;IGU;2025-12-23 19:52:26.880;TSRA;VCSH
2025-12-29 19:20:00.000;4349;ERJ;FLN;XAP;IGU;2025-12-29 19:52:26.880;TSRA;VCSH
2025-12-30 19:20:00.000;4349;ERJ;FLN;XAP;IGU;2025-12-30 19:52:26.880;TSRA;RA
2026-01-10 19:20:00.000;4349;ERJ;FLN;XAP;IGU;2026-01-10 19:52:26.880;TSRA;NSW
2026-01-10 21:25:00.000;4727;ERJ;VCP;CAC;IGU;2026-01-10 21:40:27.360;TSRA;NSW
2026-01-17 19:20:00.000;4349;ERJ;FLN;XAP;IGU;2026-01-17 19:52:26.880;TSRA;NSW
2026-01-27 19:20:00.000;4349;ERJ;FLN;XAP;IGU;2026-01-27 19:52:26.880;TSRA;VCSH
2026-01-28 19:20:00.000;4349;ERJ;FLN;XAP;IGU;2026-01-28 19:52:26.880;TSRA;NSW
2026-01-29 19:20:00.000;4349;ERJ;FLN;XAP;IGU;2026-01-29 19:52:26.880;TSRA;VCSH
2026-02-02 21:55:00.000;4727;ERJ;VCP;CAC;IGU;2026-02-02 22:10:27.360;TS;VCSH
2026-02-03 12:45:00.000;4586;ERJ;VCP;CAC;IGU;2026-02-03 13:00:27.360;TSRA;NSW
2026-02-03 12:45:00.000;4363;ERJ;VCP;XAP;IGU;2026-02-03 13:17:26.880;TSRA;VCTS VCSH
2026-02-04 19:20:00.000;4349;ERJ;FLN;XAP;IGU;2026-02-04 19:52:26.880;TS;NSW
2026-02-09 12:45:00.000;4586;ERJ;VCP;CAC;IGU;2026-02-09 13:00:27.360;TSRA;NSW
2026-02-09 12:45:00.000;4363;ERJ;VCP;XAP;IGU;2026-02-09 13:17:26.880;TSRA;NSW
2026-02-13 12:45:00.000;4586;ERJ;VCP;CAC;IGU;2026-02-13 13:00:27.360;TSRA;NSW
2026-02-13 12:45:00.000;4363;ERJ;VCP;XAP;IGU;2026-02-13 13:17:26.880;TSRA;NSW
2026-02-13 21:55:00.000;4727;ERJ;VCP;CAC;IGU;2026-02-13 22:10:27.360;TSRA;RA BR
2026-02-24 19:20:00.000;4349;ERJ;FLN;XAP;IGU;2026-02-24 19:52:26.880;-TSRA;VCSH
2026-02-24 23:15:00.000;4382;A320-251NEO;VCP;XAP;IGU;2026-02-24 23:47:26.880;-TSRA;-RA
2026-03-09 19:20:00.000;4349;ERJ;FLN;XAP;IGU;2026-03-09 19:52:26.880;TSRA;NSW
2026-03-09 21:25:00.000;4727;ERJ;VCP;CAC;IGU;2026-03-09 21:40:27.360;TSRA;NSW
2026-03-17 19:20:00.000;4349;ERJ;FLN;XAP;IGU;2026-03-17 19:52:26.880;TSRA;NSW
2026-03-22 16:40:00.000;4727;ERJ;VCP;CAC;IGU;2026-03-22 16:55:27.360;TS;NSW
2026-03-23 19:20:00.000;4349;ERJ;FLN;XAP;IGU;2026-03-23 19:52:26.880;TSRA;VCSH
2026-03-24 19:20:00.000;4349;ERJ;FLN;XAP;IGU;2026-03-24 19:52:26.880;-TSRA;NSW
2026-03-24 21:25:00.000;4727;ERJ;VCP;CAC;IGU;2026-03-24 21:40:27.360;-TSRA;NSW
2026-03-27 19:20:00.000;4349;ERJ;FLN;XAP;IGU;2026-03-27 19:52:26.880;TS;VCSH
2026-04-12 13:00:00.000;4586;ERJ;VCP;CAC;IGU;2026-04-12 13:15:27.360;TSRA;-RA VCTS
2026-04-12 12:45:00.000;4363;ERJ;VCP;XAP;IGU;2026-04-12 13:17:26.880;TSRA;-RA VCTS
2026-04-12 19:20:00.000;4349;ERJ;FLN;XAP;IGU;2026-04-12 19:52:26.880;TSRA;-RA
2026-04-13 18:05:00.000;4387;ERJ;VCP;XAP;IGU;2026-04-13 18:37:26.880;TSRA;NSW
2026-04-13 19:20:00.000;4349;ERJ;FLN;XAP;IGU;2026-04-13 19:52:26.880;TSRA;NSW
2026-04-26 13:00:00.000;4586;ERJ;VCP;CAC;IGU;2026-04-26 13:15:27.360;TSRA;NSW
2026-05-29 21:25:00.000;4727;ERJ;VCP;CAC;IGU;2026-05-29 21:40:27.360;TSRA;-RA VCTS
2026-06-11 19:20:00.000;4349;ERJ;FLN;XAP;IGU;2026-06-11 19:52:26.880;TSRA;NSW
2026-06-11 21:25:00.000;4727;ERJ;VCP;CAC;IGU;2026-06-11 21:40:27.360;TSRA;NSW
2026-06-19 13:00:00.000;4586;ERJ;VCP;CAC;IGU;2026-06-19 13:15:27.360;TSRA;-RA
2026-06-19 12:45:00.000;4363;A320-251NEO;VCP;XAP;IGU;2026-06-19 13:17:26.880;TSRA;-RA
2026-06-19 19:20:00.000;4349;ERJ;FLN;XAP;IGU;2026-06-19 19:52:26.880;-TSRA;NSW
2026-07-11 19:20:00.000;4349;ERJ;FLN;XAP;IGU;2026-07-11 19:52:26.880;TSRA;NSW
2026-07-20 22:40:00.000;4727;ERJ;VCP;CAC;IGU;2026-07-20 22:55:27.360;-TSRA;VCTS
2026-07-21 22:40:00.000;4727;ERJ;VCP;CAC;IGU;2026-07-21 22:55:27.360;TSRA;NSW
2026-07-24 19:20:00.000;4349;ERJ;FLN;XAP;IGU;2026-07-24 19:52:26.880;TSRA;BCFG
2025-09-27 18:15:00.000;4800;ERJ;CKS;BEL;IMP;2025-09-27 19:16:35.040;TS;NSW
2025-10-11 18:15:00.000;4800;ERJ;CKS;BEL;IMP;2025-10-11 19:16:35.040;TSRA;NSW
2025-10-11 20:30:00.000;2811;ERJ;BEL;CKS;IMP;2025-10-11 21:07:24.960;TSRA;NSW
2025-11-01 18:15:00.000;4800;ERJ;CKS;BEL;IMP;2025-11-01 19:16:35.040;TS;NSW
2025-11-01 20:30:00.000;2811;ERJ;BEL;CKS;IMP;2025-11-01 21:07:24.960;TS;NSW
2025-11-23 19:30:00.000;2811;ERJ;BEL;CKS;IMP;2025-11-23 20:07:24.960;TS;NSW
2025-12-07 16:35:00.000;4800;ERJ;CKS;BEL;IMP;2025-12-07 17:36:35.040;TS;NSW
2025-12-13 18:15:00.000;4800;ERJ;CKS;BEL;IMP;2025-12-13 19:16:35.040;TSRA;NSW
2025-12-13 20:30:00.000;2811;ERJ;BEL;CKS;IMP;2025-12-13 21:07:24.960;TSRA;NSW
2025-12-14 19:30:00.000;2811;ERJ;BEL;CKS;IMP;2025-12-14 20:07:24.960;TS;NSW
2025-12-20 18:15:00.000;4800;ERJ;CKS;BEL;IMP;2025-12-20 19:16:35.040;TS;NSW
2025-12-21 14:50:00.000;4800;ERJ;CNF;CKS;IMP;2025-12-21 15:27:24.960;TSRA;NSW
2025-12-21 16:35:00.000;4800;ERJ;CKS;BEL;IMP;2025-12-21 17:36:35.040;TSRA;NSW
2025-12-21 19:30:00.000;2811;ERJ;BEL;CKS;IMP;2025-12-21 20:07:24.960;TS;NSW
2025-12-28 19:30:00.000;2811;ERJ;BEL;CKS;IMP;2025-12-28 20:07:24.960;TS;NSW
2026-01-10 18:15:00.000;4800;ERJ;CKS;BEL;IMP;2026-01-10 19:16:35.040;TS;NSW
2026-01-10 20:30:00.000;2811;ERJ;BEL;CKS;IMP;2026-01-10 21:07:24.960;TS;NSW
2026-01-17 18:15:00.000;4800;ERJ;CKS;BEL;IMP;2026-01-17 19:16:35.040;TS;NSW
2026-01-17 20:30:00.000;2811;ERJ;BEL;CKS;IMP;2026-01-17 21:07:24.960;TS;NSW
2026-01-18 19:20:00.000;2811;ERJ;BEL;CKS;IMP;2026-01-18 19:57:24.960;TSRA;NSW
2026-01-24 18:15:00.000;4800;ERJ;CKS;BEL;IMP;2026-01-24 19:16:35.040;TSRA;NSW
2026-01-31 18:15:00.000;4800;ERJ;CKS;BEL;IMP;2026-01-31 19:16:35.040;TS;NSW
2026-01-31 20:30:00.000;2811;ERJ;BEL;CKS;IMP;2026-01-31 21:07:24.960;TS;NSW
2026-02-01 19:10:00.000;2811;ERJ;BEL;CKS;IMP;2026-02-01 19:47:24.960;TSRA;NSW
2026-02-14 16:30:00.000;4800;ERJ;CNF;CKS;IMP;2026-02-14 17:07:24.960;TS;NSW
2026-02-21 18:15:00.000;4800;ERJ;CKS;BEL;IMP;2026-02-21 19:16:35.040;TS;NSW
2026-02-21 20:30:00.000;2811;ERJ;BEL;CKS;IMP;2026-02-21 21:07:24.960;TS;NSW
2026-03-01 19:30:00.000;2811;ERJ;BEL;CKS;IMP;2026-03-01 20:07:24.960;TS;NSW
2026-03-07 16:30:00.000;4800;ERJ;CNF;CKS;IMP;2026-03-07 17:07:24.960;TS;NSW
2026-03-14 18:20:00.000;4800;ERJ;CKS;BEL;IMP;2026-03-14 19:21:35.040;TS;VCSH
2026-03-15 19:30:00.000;2811;ERJ;BEL;CKS;IMP;2026-03-15 20:07:24.960;TS;NSW
2026-03-22 19:30:00.000;2811;ERJ;BEL;CKS;IMP;2026-03-22 20:07:24.960;TS;NSW
2026-03-29 19:30:00.000;2811;ERJ;BEL;CKS;IMP;2026-03-29 20:07:24.960;TSRA;NSW
2026-04-18 18:20:00.000;4800;ERJ;CKS;BEL;IMP;2026-04-18 19:21:35.040;TSRA;NSW
2026-05-03 19:30:00.000;2811;ERJ;BEL;CKS;IMP;2026-05-03 20:07:24.960;TS;NSW
2026-05-10 16:35:00.000;4800;ERJ;CKS;BEL;IMP;2026-05-10 17:36:35.040;TSRA;NSW
2026-05-10 19:30:00.000;2811;ERJ;BEL;CKS;IMP;2026-05-10 20:07:24.960;TSRA;NSW
2026-07-25 16:30:00.000;4800;ERJ;CNF;CKS;IMP;2026-07-25 17:07:24.960;TS;NSW
2025-08-30 18:20:00.000;4294;ATR72-600;MOC;CNF;IPN;2025-08-30 18:48:06.000;TSRA;NSW
2025-08-30 19:05:00.000;4251;ATR72-600;AAX;CNF;IPN;2025-08-30 19:33:06.000;TSRA;NSW
2025-08-30 19:15:00.000;4180;ATR72-600;UDI;CNF;IPN;2025-08-30 19:43:06.000;TSRA;NSW
2025-08-30 20:25:00.000;6183;ATR72-600;RAO;CNF;IPN;2025-08-30 20:53:06.000;TSRA;NSW
2025-08-30 22:10:00.000;5023;ATR72-600;BRA;CNF;IPN;2025-08-30 22:38:06.000;TSRA;NSW
2025-10-12 18:10:00.000;5080;ATR72-600;CNF;GVR;IPN;2025-10-12 18:24:56.000;TS;NSW
2025-10-12 18:20:00.000;4294;ATR72-600;MOC;CNF;IPN;2025-10-12 18:48:06.000;TS;NSW
2025-10-12 18:35:00.000;4330;ATR72-600;IOS;CNF;IPN;2025-10-12 19:03:06.000;TS;NSW
2025-10-12 19:20:00.000;4180;ATR72-600;UDI;CNF;IPN;2025-10-12 19:48:06.000;TS;NSW
2025-10-12 19:35:00.000;4615;ATR72-600;GVR;CNF;IPN;2025-10-12 20:03:06.000;TS;NSW
2025-10-12 20:25:00.000;6123;ATR72-600;UBA;CNF;IPN;2025-10-12 20:53:06.000;TS;NSW
2025-10-30 20:20:00.000;6123;ATR72-600;UBA;CNF;IPN;2025-10-30 20:48:06.000;TSRA BR;NSW
2025-10-30 21:15:00.000;4318;ATR72-600;IPN;CNF;IPN;2025-10-30 21:43:06.000;TSRA BR;RA
2025-10-31 09:45:00.000;4029;ATR72-600;IPN;CNF;IPN;2025-10-31 10:13:06.000;TSRA;NSW
2025-10-31 09:50:00.000;4377;ATR72-600;UDI;CNF;IPN;2025-10-31 10:18:06.000;TSRA;NSW
2025-10-31 10:05:00.000;4421;ATR72-600;MOC;CNF;IPN;2025-10-31 10:33:06.000;TSRA;NSW
2025-10-31 10:30:00.000;6171;ATR72-600;RAO;CNF;IPN;2025-10-31 10:58:06.000;TSRA;NSW
2025-10-31 12:20:00.000;2875;ATR72-600;CNF;GVR;IPN;2025-10-31 12:34:56.000;TSRA;RA
2025-10-31 12:20:00.000;9802;ATR72-600;PLU;CNF;IPN;2025-10-31 12:48:06.000;TSRA;RA
2025-10-31 13:35:00.000;2890;ATR72-600;IPN;CNF;IPN;2025-10-31 14:03:06.000;TSRA;NSW
2025-10-31 13:45:00.000;2758;ATR72-600;GVR;CNF;IPN;2025-10-31 14:13:06.000;TSRA;NSW
2025-10-31 15:10:00.000;4230;ATR72-600;CNF;GVR;IPN;2025-10-31 15:24:56.000;TSRA;NSW
2025-10-31 15:00:00.000;2731;ATR72-600;MOC;CNF;IPN;2025-10-31 15:28:06.000;TSRA;NSW
2025-10-31 15:05:00.000;4814;ATR72-600;UDI;CNF;IPN;2025-10-31 15:33:06.000;TSRA;NSW
2025-10-31 16:15:00.000;4709;ATR72-600;IPN;CNF;IPN;2025-10-31 16:43:06.000;TSRA;RA
2025-10-31 16:30:00.000;4653;ATR72-600;GVR;CNF;IPN;2025-10-31 16:58:06.000;TSRA;RA
2025-10-31 16:35:00.000;5023;ATR72-600;BRA;CNF;IPN;2025-10-31 17:03:06.000;TSRA;NSW
2025-11-05 20:20:00.000;6123;ATR72-600;UBA;CNF;IPN;2025-11-05 20:48:06.000;TSRA;NSW
2025-11-05 20:25:00.000;4137;ATR72-600;GNM;CNF;IPN;2025-11-05 20:53:06.000;TSRA;NSW
2025-11-05 21:15:00.000;4318;ATR72-600;IPN;CNF;IPN;2025-11-05 21:43:06.000;TSRA;NSW
2025-11-05 22:45:00.000;4471;ATR72-600;MOC;CNF;IPN;2025-11-05 23:13:06.000;TSRA;NSW
2025-11-05 23:45:00.000;4138;ATR72-600;IPN;CNF;IPN;2025-11-06 00:13:06.000;TSRA;NSW
2025-11-05 23:55:00.000;6175;ATR72-600;RAO;CNF;IPN;2025-11-06 00:23:06.000;TSRA;NSW
2025-11-06 00:00:00.000;6210;ATR72-600;SJP;CNF;IPN;2025-11-06 00:28:06.000;TSRA;NSW
2025-11-06 00:15:00.000;4922;ATR72-600;UDI;CNF;IPN;2025-11-06 00:43:06.000;TSRA;NSW
2025-11-06 00:20:00.000;4122;ATR72-600;MOC;CNF;IPN;2025-11-06 00:48:06.000;TSRA;NSW
2025-11-06 18:05:00.000;5080;ATR72-600;CNF;GVR;IPN;2025-11-06 18:19:56.000;TSRA;NSW
2025-11-06 18:20:00.000;4294;ATR72-600;MOC;CNF;IPN;2025-11-06 18:48:06.000;TSRA;NSW
2025-11-06 18:35:00.000;4330;ATR72-600;IOS;CNF;IPN;2025-11-06 19:03:06.000;TSRA;NSW
2025-11-06 19:15:00.000;4180;ATR72-600;UDI;CNF;IPN;2025-11-06 19:43:06.000;TSRA;NSW
2025-11-06 19:30:00.000;4615;ATR72-600;GVR;CNF;IPN;2025-11-06 19:58:06.000;TSRA;NSW
2025-11-06 20:20:00.000;6123;ATR72-600;UBA;CNF;IPN;2025-11-06 20:48:06.000;TSRA;NSW
2025-11-06 21:15:00.000;4318;ATR72-600;IPN;CNF;IPN;2025-11-06 21:43:06.000;TSRA;NSW
2025-11-06 22:10:00.000;5023;ATR72-600;BRA;CNF;IPN;2025-11-06 22:38:06.000;TSRA;NSW
2025-11-08 09:45:00.000;4029;ATR72-600;IPN;CNF;IPN;2025-11-08 10:13:06.000;TSRA;RA
2025-11-08 09:50:00.000;4377;ATR72-600;UDI;CNF;IPN;2025-11-08 10:18:06.000;TSRA;RA
2025-11-08 10:05:00.000;4421;ATR72-600;MOC;CNF;IPN;2025-11-08 10:33:06.000;TSRA;RA
2025-11-08 10:30:00.000;6171;ATR72-600;RAO;CNF;IPN;2025-11-08 10:58:06.000;TSRA;RA
2025-11-08 18:20:00.000;4294;ATR72-600;MOC;CNF;IPN;2025-11-08 18:48:06.000;TS;NSW
2025-11-08 19:15:00.000;4180;ATR72-600;UDI;CNF;IPN;2025-11-08 19:43:06.000;TS;NSW
2025-11-08 20:25:00.000;6183;ATR72-600;RAO;CNF;IPN;2025-11-08 20:53:06.000;TS;NSW
2025-11-25 18:20:00.000;4294;ATR72-600;MOC;CNF;IPN;2025-11-25 18:48:06.000;TSRA;RA
2025-11-25 18:40:00.000;4330;ATR72-600;BPS;CNF;IPN;2025-11-25 19:08:06.000;TSRA;NSW
2025-11-25 19:15:00.000;4180;ATR72-600;UDI;CNF;IPN;2025-11-25 19:43:06.000;TSRA;NSW
2025-11-25 19:37:00.000;5080;ATR72-600;CNF;GVR;IPN;2025-11-25 19:51:56.000;TSRA;NSW
2025-11-25 19:30:00.000;4615;ATR72-600;GVR;CNF;IPN;2025-11-25 19:58:06.000;TSRA;NSW
2025-11-25 20:20:00.000;6123;ATR72-600;UBA;CNF;IPN;2025-11-25 20:48:06.000;TSRA;NSW
2025-11-25 21:15:00.000;4318;ATR72-600;IPN;CNF;IPN;2025-11-25 21:43:06.000;TSRA;NSW
2025-11-28 18:05:00.000;5080;ATR72-600;CNF;GVR;IPN;2025-11-28 18:19:56.000;TSRA;NSW
2025-11-28 18:20:00.000;4294;ATR72-600;MOC;CNF;IPN;2025-11-28 18:48:06.000;TSRA;NSW
2025-11-28 18:35:00.000;4330;ATR72-600;VDC;CNF;IPN;2025-11-28 19:03:06.000;TSRA;NSW
2025-11-28 19:15:00.000;4180;ATR72-600;UDI;CNF;IPN;2025-11-28 19:43:06.000;TSRA;NSW
2025-11-28 19:30:00.000;4615;ATR72-600;GVR;CNF;IPN;2025-11-28 19:58:06.000;TSRA;NSW
2025-11-28 20:20:00.000;6123;ATR72-600;UBA;CNF;IPN;2025-11-28 20:48:06.000;TSRA;NSW
2025-11-28 20:25:00.000;4137;ATR72-600;GNM;CNF;IPN;2025-11-28 20:53:06.000;TSRA;NSW
2025-11-28 21:15:00.000;4318;ATR72-600;IPN;CNF;IPN;2025-11-28 21:43:06.000;TSRA;NSW
2025-11-29 18:20:00.000;4294;ATR72-600;MOC;CNF;IPN;2025-11-29 18:48:06.000;TSRA;NSW
2025-11-29 19:15:00.000;4180;ATR72-600;UDI;CNF;IPN;2025-11-29 19:43:06.000;TSRA;NSW
2025-11-29 20:25:00.000;6183;ATR72-600;RAO;CNF;IPN;2025-11-29 20:53:06.000;TSRA;NSW
2025-12-04 18:05:00.000;5080;ATR72-600;CNF;GVR;IPN;2025-12-04 18:19:56.000;TSRA;RA
2025-12-04 18:35:00.000;4330;ATR72-600;IOS;CNF;IPN;2025-12-04 19:03:06.000;TSRA;RA
2025-12-04 18:45:00.000;4294;ATR72-600;MOC;CNF;IPN;2025-12-04 19:13:06.000;TSRA;RA
2025-12-04 19:30:00.000;4615;ATR72-600;GVR;CNF;IPN;2025-12-04 19:58:06.000;TSRA;RA
2025-12-08 18:05:00.000;5080;ATR72-600;CNF;GVR;IPN;2025-12-08 18:19:56.000;TSRA;NSW
2025-12-08 18:35:00.000;4330;ATR72-600;VDC;CNF;IPN;2025-12-08 19:03:06.000;TSRA;NSW
2025-12-08 18:45:00.000;4294;ATR72-600;MOC;CNF;IPN;2025-12-08 19:13:06.000;TSRA;NSW
2025-12-08 19:15:00.000;4180;ATR72-600;UDI;CNF;IPN;2025-12-08 19:43:06.000;TSRA;NSW
2025-12-08 19:30:00.000;4615;ATR72-600;GVR;CNF;IPN;2025-12-08 19:58:06.000;TSRA;NSW
2025-12-08 20:25:00.000;4137;ATR72-600;GNM;CNF;IPN;2025-12-08 20:53:06.000;TSRA;NSW
2025-12-08 21:15:00.000;4318;ATR72-600;IPN;CNF;IPN;2025-12-08 21:43:06.000;TSRA;NSW
2025-12-10 18:05:00.000;5080;ATR72-600;CNF;GVR;IPN;2025-12-10 18:19:56.000;TSRA;NSW
2025-12-10 18:35:00.000;4330;ATR72-600;VDC;CNF;IPN;2025-12-10 19:03:06.000;TSRA;NSW
2025-12-10 18:45:00.000;4294;ATR72-600;MOC;CNF;IPN;2025-12-10 19:13:06.000;TSRA;NSW
2025-12-10 19:15:00.000;4180;ATR72-600;UDI;CNF;IPN;2025-12-10 19:43:06.000;TSRA;NSW
2025-12-10 19:30:00.000;4615;ATR72-600;GVR;CNF;IPN;2025-12-10 19:58:06.000;TSRA;NSW
2025-12-10 20:25:00.000;4137;ATR72-600;GNM;CNF;IPN;2025-12-10 20:53:06.000;TSRA;NSW
2025-12-10 21:15:00.000;4318;ATR72-600;IPN;CNF;IPN;2025-12-10 21:43:06.000;TSRA;NSW
2025-12-12 18:05:00.000;5080;ATR72-600;CNF;GVR;IPN;2025-12-12 18:19:56.000;TS;RA
2025-12-14 17:45:00.000;2672;ATR72-600;VIX;CNF;IPN;2025-12-14 18:13:06.000;TSRA;NSW
2025-12-14 18:05:00.000;5080;ATR72-600;CNF;GVR;IPN;2025-12-14 18:19:56.000;TSRA;NSW
2025-12-14 18:35:00.000;4330;ATR72-600;IOS;CNF;IPN;2025-12-14 19:03:06.000;TSRA;VCTS
2025-12-14 20:20:00.000;6123;ATR72-600;UBA;CNF;IPN;2025-12-14 20:48:06.000;TSRA;RA VCTS
2025-12-14 22:00:00.000;4122;ATR72-600;MOC;CNF;IPN;2025-12-14 22:28:06.000;TSRA;RA
2025-12-14 23:40:00.000;4294;ATR72-600;MOC;CNF;IPN;2025-12-15 00:08:06.000;TSRA;RA
2025-12-15 00:00:00.000;6210;ATR72-600;SJP;CNF;IPN;2025-12-15 00:28:06.000;TSRA;RA
2025-12-15 00:25:00.000;6175;ATR72-600;RAO;CNF;IPN;2025-12-15 00:53:06.000;TSRA;RA
2025-12-15 00:40:00.000;4138;ATR72-600;IPN;CNF;IPN;2025-12-15 01:08:06.000;TSRA;RA
2025-12-15 18:05:00.000;5080;ATR72-600;CNF;GVR;IPN;2025-12-15 18:19:56.000;TSRA;RA VCTS
2025-12-15 18:35:00.000;4330;ATR72-600;VDC;CNF;IPN;2025-12-15 19:03:06.000;TSRA;RA
2025-12-15 18:45:00.000;4294;ATR72-600;MOC;CNF;IPN;2025-12-15 19:13:06.000;TSRA;RA
2025-12-15 19:15:00.000;4180;ATR72-600;UDI;CNF;IPN;2025-12-15 19:43:06.000;TSRA;RA
2025-12-15 19:20:00.000;9802;ATR72-600;CWB;CNF;IPN;2025-12-15 19:48:06.000;TSRA;RA
2025-12-15 19:30:00.000;4615;ATR72-600;GVR;CNF;IPN;2025-12-15 19:58:06.000;TSRA;RA
2025-12-15 20:25:00.000;4137;ATR72-600;GNM;CNF;IPN;2025-12-15 20:53:06.000;TSRA;NSW
2025-12-15 21:15:00.000;4318;ATR72-600;IPN;CNF;IPN;2025-12-15 21:43:06.000;TSRA;FG
2025-12-15 22:00:00.000;4471;ATR72-600;MOC;CNF;IPN;2025-12-15 22:28:06.000;TSRA;NSW
2025-12-16 18:05:00.000;5080;ATR72-600;CNF;GVR;IPN;2025-12-16 18:19:56.000;TSRA;NSW
2025-12-16 18:45:00.000;4294;ATR72-600;MOC;CNF;IPN;2025-12-16 19:13:06.000;TSRA;NSW
2025-12-16 19:15:00.000;4180;ATR72-600;UDI;CNF;IPN;2025-12-16 19:43:06.000;TSRA;NSW
2025-12-16 19:30:00.000;4615;ATR72-600;GVR;CNF;IPN;2025-12-16 19:58:06.000;TSRA;NSW
2025-12-16 21:05:00.000;4471;ATR72-600;MOC;CNF;IPN;2025-12-16 21:33:06.000;TSRA;NSW
2025-12-16 21:15:00.000;4318;ATR72-600;IPN;CNF;IPN;2025-12-16 21:43:06.000;TSRA;NSW
2026-01-03 18:45:00.000;4251;ATR72-600;MOC;CNF;IPN;2026-01-03 19:13:06.000;TSRA;RA
2026-01-03 19:15:00.000;4180;ATR72-600;UDI;CNF;IPN;2026-01-03 19:43:06.000;TSRA;RA
2026-01-04 18:05:00.000;5080;ATR72-600;CNF;GVR;IPN;2026-01-04 18:19:56.000;TSRA;NSW
2026-01-04 18:35:00.000;4330;ATR72-600;IOS;CNF;IPN;2026-01-04 19:03:06.000;TSRA;NSW
2026-01-04 18:45:00.000;4251;ATR72-600;MOC;CNF;IPN;2026-01-04 19:13:06.000;TSRA;NSW
2026-01-04 19:30:00.000;4615;ATR72-600;GVR;CNF;IPN;2026-01-04 19:58:06.000;TSRA;NSW
2026-01-04 20:20:00.000;6123;ATR72-600;UBA;CNF;IPN;2026-01-04 20:48:06.000;TSRA;NSW
2026-01-04 20:50:00.000;9808;ATR72-600;IPN;CNF;IPN;2026-01-04 21:18:06.000;TSRA;RA
2026-01-04 22:00:00.000;4122;ATR72-600;MOC;CNF;IPN;2026-01-04 22:28:06.000;TSRA;NSW
2026-01-05 09:45:00.000;4029;ATR72-600;IPN;CNF;IPN;2026-01-05 10:13:06.000;TSRA;RA
2026-01-05 09:50:00.000;4377;ATR72-600;UDI;CNF;IPN;2026-01-05 10:18:06.000;TSRA;RA
2026-01-05 10:05:00.000;4421;ATR72-600;MOC;CNF;IPN;2026-01-05 10:33:06.000;TSRA;RA
2026-01-05 12:30:00.000;2875;ATR72-600;CNF;GVR;IPN;2026-01-05 12:44:56.000;TSRA;NSW
2026-01-05 18:05:00.000;5080;ATR72-600;CNF;GVR;IPN;2026-01-05 18:19:56.000;TSRA;RA
2026-01-05 18:35:00.000;4330;ATR72-600;VDC;CNF;IPN;2026-01-05 19:03:06.000;TSRA;RA
2026-01-05 19:15:00.000;4180;ATR72-600;UDI;CNF;IPN;2026-01-05 19:43:06.000;TSRA;RA
2026-01-05 19:25:00.000;9809;ATR72-600;UDI;CNF;IPN;2026-01-05 19:53:06.000;TSRA;RA
2026-01-05 19:30:00.000;4615;ATR72-600;GVR;CNF;IPN;2026-01-05 19:58:06.000;TSRA;RA
2026-01-05 20:25:00.000;4137;ATR72-600;GNM;CNF;IPN;2026-01-05 20:53:06.000;TSRA;RA
2026-01-05 21:15:00.000;4318;ATR72-600;IPN;CNF;IPN;2026-01-05 21:43:06.000;TSRA;RA
2026-01-05 22:20:00.000;4471;ATR72-600;MOC;CNF;IPN;2026-01-05 22:48:06.000;TSRA;RA
2026-01-06 18:05:00.000;5080;ATR72-600;CNF;GVR;IPN;2026-01-06 18:19:56.000;TSRA;RA
2026-01-06 18:45:00.000;4251;ATR72-600;MOC;CNF;IPN;2026-01-06 19:13:06.000;TSRA;RA
2026-01-06 19:15:00.000;4180;ATR72-600;UDI;CNF;IPN;2026-01-06 19:43:06.000;TSRA;RA
2026-01-06 19:30:00.000;4615;ATR72-600;GVR;CNF;IPN;2026-01-06 19:58:06.000;TSRA;RA
2026-01-06 21:05:00.000;4471;ATR72-600;MOC;CNF;IPN;2026-01-06 21:33:06.000;TSRA;NSW
2026-01-06 21:15:00.000;4318;ATR72-600;IPN;CNF;IPN;2026-01-06 21:43:06.000;TSRA;NSW
2026-01-06 22:10:00.000;5023;ATR72-600;BRA;CNF;IPN;2026-01-06 22:38:06.000;TSRA;NSW
2026-01-14 18:05:00.000;5080;ATR72-600;CNF;GVR;IPN;2026-01-14 18:19:56.000;TSRA;NSW
2026-01-14 18:35:00.000;4330;ATR72-600;VDC;CNF;IPN;2026-01-14 19:03:06.000;TSRA;NSW
2026-01-14 18:50:00.000;4251;ATR72-600;MOC;CNF;IPN;2026-01-14 19:18:06.000;TSRA;NSW
2026-01-14 19:15:00.000;4180;ATR72-600;UDI;CNF;IPN;2026-01-14 19:43:06.000;TSRA;NSW
2026-01-14 19:30:00.000;4615;ATR72-600;GVR;CNF;IPN;2026-01-14 19:58:06.000;TSRA;NSW
2026-01-14 20:25:00.000;4137;ATR72-600;GNM;CNF;IPN;2026-01-14 20:53:06.000;TSRA;NSW
2026-01-14 21:15:00.000;4318;ATR72-600;IPN;CNF;IPN;2026-01-14 21:43:06.000;TSRA;NSW
2026-01-14 22:20:00.000;4471;ATR72-600;MOC;CNF;IPN;2026-01-14 22:48:06.000;TSRA;NSW
2026-01-19 18:05:00.000;5080;ATR72-600;CNF;GVR;IPN;2026-01-19 18:19:56.000;TSRA;NSW
2026-01-19 18:35:00.000;4330;ATR72-600;VDC;CNF;IPN;2026-01-19 19:03:06.000;TSRA;NSW
2026-01-19 18:50:00.000;4251;ATR72-600;MOC;CNF;IPN;2026-01-19 19:18:06.000;TSRA;NSW
2026-01-19 19:15:00.000;4180;ATR72-600;UDI;CNF;IPN;2026-01-19 19:43:06.000;TSRA;NSW
2026-01-19 19:30:00.000;4615;ATR72-600;GVR;CNF;IPN;2026-01-19 19:58:06.000;TSRA;NSW
2026-01-19 22:20:00.000;4471;ATR72-600;MOC;CNF;IPN;2026-01-19 22:48:06.000;TSRA;RA VCTS
2026-01-19 23:25:00.000;4922;ATR72-600;UDI;CNF;IPN;2026-01-19 23:53:06.000;TSRA;VCTS
2026-01-20 18:05:00.000;5080;ATR72-600;CNF;GVR;IPN;2026-01-20 18:19:56.000;TSRA;NSW
2026-01-20 18:45:00.000;4251;ATR72-600;MOC;CNF;IPN;2026-01-20 19:13:06.000;TSRA;NSW
2026-01-20 19:15:00.000;4180;ATR72-600;UDI;CNF;IPN;2026-01-20 19:43:06.000;TSRA;NSW
2026-01-20 19:30:00.000;4615;ATR72-600;GVR;CNF;IPN;2026-01-20 19:58:06.000;TSRA;NSW
2026-01-20 21:05:00.000;4471;ATR72-600;MOC;CNF;IPN;2026-01-20 21:33:06.000;TSRA;RA
2026-01-20 21:15:00.000;4318;ATR72-600;IPN;CNF;IPN;2026-01-20 21:43:06.000;TSRA;RA
2026-01-20 22:10:00.000;5023;ATR72-600;BRA;CNF;IPN;2026-01-20 22:38:06.000;TSRA;RA
2026-01-25 18:05:00.000;5080;ATR72-600;CNF;GVR;IPN;2026-01-25 18:19:56.000;TSRA;NSW
2026-01-25 18:45:00.000;4251;ATR72-600;MOC;CNF;IPN;2026-01-25 19:13:06.000;TSRA;NSW
2026-01-25 19:30:00.000;4615;ATR72-600;GVR;CNF;IPN;2026-01-25 19:58:06.000;TSRA;NSW
2026-01-25 20:20:00.000;6123;ATR72-600;UBA;CNF;IPN;2026-01-25 20:48:06.000;TSRA;NSW
2026-01-25 22:00:00.000;4122;ATR72-600;MOC;CNF;IPN;2026-01-25 22:28:06.000;TSRA;NSW
2026-01-25 23:25:00.000;4922;ATR72-600;UDI;CNF;IPN;2026-01-25 23:53:06.000;TSRA;NSW
2026-01-30 18:05:00.000;5080;ATR72-600;CNF;GVR;IPN;2026-01-30 18:19:56.000;TSRA;RA
2026-01-30 18:35:00.000;4330;ATR72-600;VDC;CNF;IPN;2026-01-30 19:03:06.000;TSRA;NSW
2026-01-30 18:50:00.000;4251;ATR72-600;MOC;CNF;IPN;2026-01-30 19:18:06.000;TSRA;NSW
2026-01-30 19:15:00.000;4180;ATR72-600;UDI;CNF;IPN;2026-01-30 19:43:06.000;TSRA;NSW
2026-01-30 19:30:00.000;4615;ATR72-600;GVR;CNF;IPN;2026-01-30 19:58:06.000;TSRA;NSW
2026-01-30 20:15:00.000;4137;ATR72-600;GNM;CNF;IPN;2026-01-30 20:43:06.000;TSRA;RA
2026-01-30 21:15:00.000;4318;ATR72-600;IPN;CNF;IPN;2026-01-30 21:43:06.000;TSRA;RA
2026-01-30 21:40:00.000;9804;ATR72-600;BPS;CNF;IPN;2026-01-30 22:08:06.000;TSRA;NSW
2026-01-30 22:20:00.000;4471;ATR72-600;MOC;CNF;IPN;2026-01-30 22:48:06.000;TSRA;NSW
2026-02-03 18:05:00.000;5080;ATR72-600;CNF;GVR;IPN;2026-02-03 18:19:56.000;TSRA;NSW
2026-02-03 18:40:00.000;4330;ATR72-600;BPS;CNF;IPN;2026-02-03 19:08:06.000;TSRA;NSW
2026-02-03 19:05:00.000;4251;ATR72-600;MOC;CNF;IPN;2026-02-03 19:33:06.000;TSRA;NSW
2026-02-03 19:20:00.000;4180;ATR72-600;UDI;CNF;IPN;2026-02-03 19:48:06.000;TSRA;NSW
2026-02-03 19:35:00.000;4615;ATR72-600;GVR;CNF;IPN;2026-02-03 20:03:06.000;TSRA;NSW
2026-02-03 21:15:00.000;4318;ATR72-600;IPN;CNF;IPN;2026-02-03 21:43:06.000;TSRA;RA
2026-02-03 22:10:00.000;5023;ATR72-600;BRA;CNF;IPN;2026-02-03 22:38:06.000;TSRA;RA
2026-02-05 18:05:00.000;5080;ATR72-600;CNF;GVR;IPN;2026-02-05 18:19:56.000;TSRA;NSW
2026-02-05 18:45:00.000;4330;ATR72-600;IOS;CNF;IPN;2026-02-05 19:13:06.000;TSRA;NSW
2026-02-05 19:05:00.000;4251;ATR72-600;MOC;CNF;IPN;2026-02-05 19:33:06.000;TSRA;NSW
2026-02-05 19:20:00.000;4180;ATR72-600;UDI;CNF;IPN;2026-02-05 19:48:06.000;TSRA;NSW
2026-02-05 19:35:00.000;4615;ATR72-600;GVR;CNF;IPN;2026-02-05 20:03:06.000;TSRA;NSW
2026-02-05 20:05:00.000;6123;ATR72-600;UBA;CNF;IPN;2026-02-05 20:33:06.000;TSRA;NSW
2026-02-08 16:15:00.000;4709;ATR72-600;IPN;CNF;IPN;2026-02-08 16:43:06.000;TS;NSW
2026-02-08 16:40:00.000;5023;ATR72-600;BRA;CNF;IPN;2026-02-08 17:08:06.000;TS;NSW
2026-02-08 18:45:00.000;4330;ATR72-600;IOS;CNF;IPN;2026-02-08 19:13:06.000;TSRA;VCTS
2026-02-08 19:05:00.000;4251;ATR72-600;MOC;CNF;IPN;2026-02-08 19:33:06.000;TSRA;VCTS
2026-02-08 19:20:00.000;4180;ATR72-600;UDI;CNF;IPN;2026-02-08 19:48:06.000;TSRA;VCTS
2026-02-08 19:35:00.000;4615;ATR72-600;GVR;CNF;IPN;2026-02-08 20:03:06.000;TSRA;NSW
2026-02-19 18:45:00.000;4330;ATR72-600;IOS;CNF;IPN;2026-02-19 19:13:06.000;TSRA;NSW
2026-02-19 19:05:00.000;4251;ATR72-600;MOC;CNF;IPN;2026-02-19 19:33:06.000;TSRA;NSW
2026-02-19 19:25:00.000;9806;ATR72-600;UDI;CNF;IPN;2026-02-19 19:53:06.000;TSRA;NSW
2026-02-19 19:35:00.000;4615;ATR72-600;GVR;CNF;IPN;2026-02-19 20:03:06.000;TSRA;RA VCTS
2026-02-24 18:05:00.000;5080;ATR72-600;CNF;GVR;IPN;2026-02-24 18:19:56.000;TSRA;-RA
2026-02-24 18:40:00.000;4330;ATR72-600;BPS;CNF;IPN;2026-02-24 19:08:06.000;TSRA;-RA
2026-02-24 19:00:00.000;4251;ATR72-600;MOC;CNF;IPN;2026-02-24 19:28:06.000;TSRA;-RA
2026-02-24 19:10:00.000;4180;ATR72-600;UDI;CNF;IPN;2026-02-24 19:38:06.000;TSRA;-RA
2026-02-24 19:35:00.000;4615;ATR72-600;GVR;CNF;IPN;2026-02-24 20:03:06.000;TSRA;NSW
2026-02-24 21:15:00.000;4318;ATR72-600;IPN;CNF;IPN;2026-02-24 21:43:06.000;TSRA;NSW
2026-02-24 22:10:00.000;5023;ATR72-600;BRA;CNF;IPN;2026-02-24 22:38:06.000;TSRA;NSW
2026-02-26 18:05:00.000;5080;ATR72-600;CNF;GVR;IPN;2026-02-26 18:19:56.000;TSRA;NSW
2026-02-26 18:45:00.000;4330;ATR72-600;IOS;CNF;IPN;2026-02-26 19:13:06.000;TSRA;NSW
2026-02-26 19:00:00.000;4251;ATR72-600;MOC;CNF;IPN;2026-02-26 19:28:06.000;TSRA;NSW
2026-02-26 19:05:00.000;4125;ATR72-600;GYN;CNF;IPN;2026-02-26 19:33:06.000;TSRA;NSW
2026-02-26 19:10:00.000;4180;ATR72-600;UDI;CNF;IPN;2026-02-26 19:38:06.000;TSRA;NSW
2026-02-26 19:35:00.000;4615;ATR72-600;GVR;CNF;IPN;2026-02-26 20:03:06.000;TSRA;NSW
2026-02-26 21:15:00.000;4318;ATR72-600;IPN;CNF;IPN;2026-02-26 21:43:06.000;TSRA;NSW
2026-02-26 21:25:00.000;2910;ATR72-600;CNF;VIX;IPN;2026-02-26 22:09:22.000;TSRA;NSW
2026-02-26 22:10:00.000;5023;ATR72-600;BRA;CNF;IPN;2026-02-26 22:38:06.000;TSRA;NSW
2026-02-26 23:00:00.000;2950;ATR72-600;VIX;CNF;IPN;2026-02-26 23:28:06.000;TSRA;NSW
2026-02-26 23:10:00.000;4471;ATR72-600;MOC;CNF;IPN;2026-02-26 23:38:06.000;TSRA;NSW
2026-02-26 23:45:00.000;4138;ATR72-600;IPN;CNF;IPN;2026-02-27 00:13:06.000;TSRA;NSW
2026-02-26 23:55:00.000;6210;ATR72-600;SJP;CNF;IPN;2026-02-27 00:23:06.000;TSRA;NSW
2026-02-27 00:00:00.000;6175;ATR72-600;RAO;CNF;IPN;2026-02-27 00:28:06.000;TSRA;NSW
2026-02-27 18:05:00.000;5080;ATR72-600;CNF;GVR;IPN;2026-02-27 18:19:56.000;TSRA;-RA VCTS
2026-02-27 18:35:00.000;4330;ATR72-600;VDC;CNF;IPN;2026-02-27 19:03:06.000;TSRA;-RA VCTS
2026-02-27 19:10:00.000;4180;ATR72-600;UDI;CNF;IPN;2026-02-27 19:38:06.000;TSRA;-RA VCTS
2026-02-27 19:35:00.000;4615;ATR72-600;GVR;CNF;IPN;2026-02-27 20:03:06.000;TSRA;NSW
2026-02-27 19:50:00.000;4137;ATR72-600;GNM;CNF;IPN;2026-02-27 20:18:06.000;TSRA;NSW
2026-02-27 21:15:00.000;4318;ATR72-600;IPN;CNF;IPN;2026-02-27 21:43:06.000;TSRA;-RA
2026-02-27 23:10:00.000;4471;ATR72-600;MOC;CNF;IPN;2026-02-27 23:38:06.000;TSRA;NSW
2026-02-27 23:30:00.000;4922;ATR72-600;UDI;CNF;IPN;2026-02-27 23:58:06.000;TSRA;NSW
2026-03-09 18:40:00.000;4330;ATR72-600;VDC;CNF;IPN;2026-03-09 19:08:06.000;TSRA;NSW
2026-03-09 19:00:00.000;4251;ATR72-600;MOC;CNF;IPN;2026-03-09 19:28:06.000;TSRA;NSW
2026-03-09 19:10:00.000;4180;ATR72-600;UDI;CNF;IPN;2026-03-09 19:38:06.000;TSRA;NSW
2026-03-09 19:35:00.000;4615;ATR72-600;GVR;CNF;IPN;2026-03-09 20:03:06.000;TSRA;NSW
2026-03-09 19:50:00.000;4137;ATR72-600;GNM;CNF;IPN;2026-03-09 20:18:06.000;TSRA;NSW
2026-03-09 23:10:00.000;4471;ATR72-600;MOC;CNF;IPN;2026-03-09 23:38:06.000;TSRA;NSW
2026-03-09 23:30:00.000;4922;ATR72-600;UDI;CNF;IPN;2026-03-09 23:58:06.000;TSRA;NSW
2026-03-09 23:50:00.000;6175;ATR72-600;RAO;CNF;IPN;2026-03-10 00:18:06.000;TSRA;NSW
2026-03-09 23:55:00.000;6210;ATR72-600;SJP;CNF;IPN;2026-03-10 00:23:06.000;TSRA;NSW
2026-03-10 00:05:00.000;4138;ATR72-600;IPN;CNF;IPN;2026-03-10 00:33:06.000;TSRA;NSW
2026-03-10 18:05:00.000;5080;ATR72-600;CNF;GVR;IPN;2026-03-10 18:19:56.000;TSRA;NSW
2026-03-10 18:40:00.000;4330;ATR72-600;BPS;CNF;IPN;2026-03-10 19:08:06.000;TSRA;NSW
2026-03-10 19:00:00.000;4251;ATR72-600;MOC;CNF;IPN;2026-03-10 19:28:06.000;TSRA;NSW
2026-03-10 19:10:00.000;4180;ATR72-600;UDI;CNF;IPN;2026-03-10 19:38:06.000;TSRA;NSW
2026-03-10 19:35:00.000;4615;ATR72-600;GVR;CNF;IPN;2026-03-10 20:03:06.000;TSRA;NSW
2026-03-10 21:25:00.000;4318;ATR72-600;IPN;CNF;IPN;2026-03-10 21:53:06.000;TSRA;NSW
2026-03-10 22:10:00.000;5023;ATR72-600;BRA;CNF;IPN;2026-03-10 22:38:06.000;TSRA;NSW
2026-03-11 18:05:00.000;5080;ATR72-600;CNF;GVR;IPN;2026-03-11 18:19:56.000;TSRA;NSW
2026-03-11 18:40:00.000;4330;ATR72-600;VDC;CNF;IPN;2026-03-11 19:08:06.000;TSRA;NSW
2026-03-11 19:00:00.000;4251;ATR72-600;MOC;CNF;IPN;2026-03-11 19:28:06.000;TSRA;NSW
2026-03-11 19:10:00.000;4180;ATR72-600;UDI;CNF;IPN;2026-03-11 19:38:06.000;TSRA;NSW
2026-03-11 19:35:00.000;4615;ATR72-600;GVR;CNF;IPN;2026-03-11 20:03:06.000;TSRA;NSW
2026-03-11 19:50:00.000;4137;ATR72-600;GNM;CNF;IPN;2026-03-11 20:18:06.000;TSRA;NSW
2026-03-11 20:42:00.000;4330;ATR72-600;IPN;CNF;IPN;2026-03-11 21:10:06.000;TSRA;-RA
2026-03-11 21:25:00.000;4318;ATR72-600;IPN;CNF;IPN;2026-03-11 21:53:06.000;TSRA;-RA
2026-03-18 18:05:00.000;5080;ATR72-600;CNF;GVR;IPN;2026-03-18 18:19:56.000;TSRA;NSW
2026-03-18 18:40:00.000;4330;ATR72-600;VDC;CNF;IPN;2026-03-18 19:08:06.000;TSRA;NSW
2026-03-18 19:00:00.000;4251;ATR72-600;MOC;CNF;IPN;2026-03-18 19:28:06.000;TSRA;NSW
2026-03-18 19:10:00.000;4180;ATR72-600;UDI;CNF;IPN;2026-03-18 19:38:06.000;TSRA;NSW
2026-03-18 19:35:00.000;4615;ATR72-600;GVR;CNF;IPN;2026-03-18 20:03:06.000;TSRA;NSW
2026-03-18 19:50:00.000;4137;ATR72-600;GNM;CNF;IPN;2026-03-18 20:18:06.000;TSRA;NSW
2026-03-18 21:25:00.000;4318;ATR72-600;IPN;CNF;IPN;2026-03-18 21:53:06.000;TSRA;NSW
2026-03-20 12:15:00.000;2875;ATR72-600;CNF;GVR;IPN;2026-03-20 12:29:56.000;TSRA BR;RA VCTS
2026-03-20 15:05:00.000;4814;ATR72-600;UDI;CNF;IPN;2026-03-20 15:33:06.000;TSRA BR;-RA
2026-03-20 15:25:00.000;6123;ATR72-600;UBA;CNF;IPN;2026-03-20 15:53:06.000;TSRA BR;-RA
2026-03-20 16:15:00.000;4709;ATR72-600;IPN;CNF;IPN;2026-03-20 16:43:06.000;TSRA BR;NSW
2026-03-20 16:35:00.000;5023;ATR72-600;BRA;CNF;IPN;2026-03-20 17:03:06.000;TSRA BR;NSW
2026-03-20 18:05:00.000;5080;ATR72-600;CNF;GVR;IPN;2026-03-20 18:19:56.000;TSRA;NSW
2026-03-20 18:40:00.000;4330;ATR72-600;VDC;CNF;IPN;2026-03-20 19:08:06.000;TSRA;NSW
2026-03-20 19:00:00.000;4251;ATR72-600;MOC;CNF;IPN;2026-03-20 19:28:06.000;TSRA;NSW
2026-03-20 19:10:00.000;4180;ATR72-600;UDI;CNF;IPN;2026-03-20 19:38:06.000;TSRA;NSW
2026-03-20 19:35:00.000;4615;ATR72-600;GVR;CNF;IPN;2026-03-20 20:03:06.000;TSRA;NSW
2026-03-20 19:50:00.000;4137;ATR72-600;GNM;CNF;IPN;2026-03-20 20:18:06.000;TSRA;NSW
2026-03-20 21:25:00.000;4318;ATR72-600;IPN;CNF;IPN;2026-03-20 21:53:06.000;TSRA;-RA
2026-03-20 22:20:00.000;2639;ATR72-600;CNF;VIX;IPN;2026-03-20 23:04:22.000;TSRA;NSW
2026-03-20 23:10:00.000;4471;ATR72-600;MOC;CNF;IPN;2026-03-20 23:38:06.000;TSRA;NSW
2026-03-20 23:30:00.000;4922;ATR72-600;UDI;CNF;IPN;2026-03-20 23:58:06.000;TSRA;NSW
2026-03-25 18:05:00.000;5080;ATR72-600;CNF;GVR;IPN;2026-03-25 18:19:56.000;TSRA;NSW
2026-03-25 18:40:00.000;4330;ATR72-600;VDC;CNF;IPN;2026-03-25 19:08:06.000;TSRA;NSW
2026-03-25 19:00:00.000;4251;ATR72-600;MOC;CNF;IPN;2026-03-25 19:28:06.000;TSRA;NSW
2026-03-25 19:10:00.000;4180;ATR72-600;UDI;CNF;IPN;2026-03-25 19:38:06.000;TSRA;NSW
2026-03-25 19:35:00.000;4615;ATR72-600;GVR;CNF;IPN;2026-03-25 20:03:06.000;TSRA;NSW
2026-03-25 19:50:00.000;4137;ATR72-600;GNM;CNF;IPN;2026-03-25 20:18:06.000;TSRA;NSW
2026-03-25 21:25:00.000;4318;ATR72-600;IPN;CNF;IPN;2026-03-25 21:53:06.000;TSRA;-RA
2026-04-09 17:55:00.000;5080;ATR72-600;CNF;GVR;IPN;2026-04-09 18:09:56.000;TSRA;-RA
2026-04-09 18:40:00.000;4330;ATR72-600;IOS;CNF;IPN;2026-04-09 19:08:06.000;TSRA;NSW
2026-04-09 19:10:00.000;4180;ATR72-600;UDI;CNF;IPN;2026-04-09 19:38:06.000;TSRA;NSW
2026-04-09 19:20:00.000;4615;ATR72-600;GVR;CNF;IPN;2026-04-09 19:48:06.000;TSRA;NSW
2026-04-09 19:40:00.000;4294;ATR72-600;MOC;CNF;IPN;2026-04-09 20:08:06.000;TSRA;NSW
2026-04-09 21:25:00.000;4318;ATR72-600;IPN;CNF;IPN;2026-04-09 21:53:06.000;TSRA;NSW
2026-04-09 22:10:00.000;5023;ATR72-600;BRA;CNF;IPN;2026-04-09 22:38:06.000;TSRA;NSW
2026-04-09 23:10:00.000;4471;ATR72-600;MOC;CNF;IPN;2026-04-09 23:38:06.000;TSRA;NSW
2026-04-20 15:20:00.000;6123;ATR72-600;UBA;CNF;IPN;2026-04-20 15:48:06.000;TS;NSW
2026-04-20 15:25:00.000;6175;ATR72-600;RAO;CNF;IPN;2026-04-20 15:53:06.000;TS;NSW
2026-04-20 16:15:00.000;4709;ATR72-600;IPN;CNF;IPN;2026-04-20 16:43:06.000;TS;NSW
2025-08-11 18:30:00.000;4418;ATR72-600;MAO;STM;ITB;2025-08-11 19:13:42.000;TS;NSW
2025-08-13 18:30:00.000;4418;ATR72-600;MAO;STM;ITB;2025-08-13 19:13:42.000;TS;NSW
2025-08-15 19:50:00.000;4418;ATR72-600;TMT;STM;ITB;2025-08-15 20:33:42.000;TS;NSW
2025-08-18 18:30:00.000;4418;ATR72-600;MAO;STM;ITB;2025-08-18 19:13:42.000;TS;NSW
2025-08-25 18:30:00.000;4418;ATR72-600;MAO;STM;ITB;2025-08-25 19:13:42.000;TSRA;NSW
2025-08-30 21:15:00.000;4496;ATR72-600;PVH;MAO;ITB;2025-08-30 22:39:22.000;TSRA;NSW
2025-09-06 16:35:00.000;9586;ATR72-600;RPU;MAO;ITB;2025-09-06 17:59:22.000;TSRA;NSW
2025-09-23 23:10:00.000;4059;ATR72-600;TBT;MAO;ITB;2025-09-24 00:34:22.000;TS;NSW
2025-09-24 18:30:00.000;4418;ATR72-600;MAO;STM;ITB;2025-09-24 19:13:42.000;TSRA;NSW
2025-09-24 21:40:00.000;4418;ATR72-600;TMT;MAO;ITB;2025-09-24 23:04:22.000;TSRA;NSW
2025-09-24 22:20:00.000;9588;ATR72-600;RPU;MAO;ITB;2025-09-24 23:44:22.000;TSRA;NSW
2025-09-29 18:30:00.000;4418;ATR72-600;MAO;STM;ITB;2025-09-29 19:13:42.000;TS;NSW
2025-10-01 18:30:00.000;4418;ATR72-600;MAO;STM;ITB;2025-10-01 19:13:42.000;TS;NSW
2025-10-04 21:15:00.000;4496;ATR72-600;PVH;MAO;ITB;2025-10-04 22:39:22.000;TS;NSW
2025-10-10 19:50:00.000;4418;ATR72-600;TMT;STM;ITB;2025-10-10 20:33:42.000;TSRA;VCSH
2025-10-15 18:30:00.000;4418;ATR72-600;MAO;STM;ITB;2025-10-15 19:13:42.000;TSRA;NSW
2025-10-15 18:50:00.000;4184;ATR72-600;TFF;MAO;ITB;2025-10-15 20:14:22.000;TSRA;NSW
2025-10-15 21:40:00.000;4418;ATR72-600;TMT;MAO;ITB;2025-10-15 23:04:22.000;TSRA;NSW
2025-10-15 22:20:00.000;9588;ATR72-600;RPU;MAO;ITB;2025-10-15 23:44:22.000;TSRA;NSW
2025-10-24 19:50:00.000;4418;ATR72-600;TMT;STM;ITB;2025-10-24 20:33:42.000;TS;NSW
2025-11-10 18:30:00.000;4418;ATR72-600;MAO;STM;ITB;2025-11-10 19:13:42.000;TS;NSW
2025-11-10 21:40:00.000;4418;ATR72-600;TMT;MAO;ITB;2025-11-10 23:04:22.000;TS;NSW
2025-11-10 22:20:00.000;9588;ATR72-600;RPU;MAO;ITB;2025-11-10 23:44:22.000;TS;NSW
2025-11-18 19:00:00.000;9351;ATR72-600;PIN;MAO;ITB;2025-11-18 20:24:22.000;TS;NSW
2025-11-19 18:30:00.000;4418;ATR72-600;MAO;STM;ITB;2025-11-19 19:13:42.000;TS;NSW
2025-11-23 19:25:00.000;4354;ATR72-600;ITB;MAO;ITB;2025-11-23 20:49:22.000;TS;NSW
2025-11-23 20:00:00.000;4775;ATR72-600;SJL;MAO;ITB;2025-11-23 21:24:22.000;TS;NSW
2025-11-24 18:30:00.000;4418;ATR72-600;MAO;STM;ITB;2025-11-24 19:13:42.000;TSRA;NSW
2025-11-25 15:35:00.000;4354;ATR72-600;ITB;MAO;ITB;2025-11-25 16:59:22.000;TS;NSW
2025-11-25 16:20:00.000;9586;ATR72-600;RPU;MAO;ITB;2025-11-25 17:44:22.000;TS;NSW
2025-11-28 19:50:00.000;4418;ATR72-600;TMT;STM;ITB;2025-11-28 20:33:42.000;TS;NSW
2025-11-28 22:05:00.000;4418;ATR72-600;STM;MAO;ITB;2025-11-28 23:29:22.000;TS;NSW
2025-11-28 22:20:00.000;9588;ATR72-600;RPU;MAO;ITB;2025-11-28 23:44:22.000;TS;NSW
2025-12-03 16:20:00.000;9586;ATR72-600;RPU;MAO;ITB;2025-12-03 17:44:22.000;TS;NSW
2025-12-03 18:30:00.000;4418;ATR72-600;MAO;STM;ITB;2025-12-03 19:13:42.000;TSRA;NSW
2025-12-08 18:30:00.000;4418;ATR72-600;MAO;STM;ITB;2025-12-08 19:13:42.000;TS;-RA
2025-12-08 21:40:00.000;4418;ATR72-600;TMT;MAO;ITB;2025-12-08 23:04:22.000;TS;NSW
2025-12-08 22:20:00.000;9588;ATR72-600;RPU;MAO;ITB;2025-12-08 23:44:22.000;TS;NSW
2025-12-15 18:30:00.000;4418;ATR72-600;MAO;STM;ITB;2025-12-15 19:13:42.000;TS;NSW
2025-12-16 15:35:00.000;4354;ATR72-600;ITB;MAO;ITB;2025-12-16 16:59:22.000;TSRA;-RA
2025-12-16 16:20:00.000;9586;ATR72-600;RPU;MAO;ITB;2025-12-16 17:44:22.000;TSRA;NSW
2025-12-17 13:40:00.000;4468;ATR72-600;MAO;PIN;ITB;2025-12-17 14:15:02.000;TS;NSW
2025-12-17 15:20:00.000;4245;ATR72-600;PIN;MAO;ITB;2025-12-17 16:44:22.000;TSRA;NSW
2025-12-17 16:20:00.000;9586;ATR72-600;RPU;MAO;ITB;2025-12-17 17:44:22.000;TSRA;NSW
2025-12-17 18:30:00.000;4418;ATR72-600;MAO;STM;ITB;2025-12-17 19:13:42.000;TS;NSW
2025-12-19 19:50:00.000;4418;ATR72-600;TMT;STM;ITB;2025-12-19 20:33:42.000;TSRA;NSW
2025-12-22 18:30:00.000;4418;ATR72-600;MAO;STM;ITB;2025-12-22 19:13:42.000;TSRA;VCSH
2025-12-25 16:20:00.000;9586;ATR72-600;RPU;MAO;ITB;2025-12-25 17:44:22.000;TSRA;NSW
2025-12-29 18:30:00.000;4418;ATR72-600;MAO;STM;ITB;2025-12-29 19:13:42.000;TS;NSW
2026-01-02 19:50:00.000;4418;ATR72-600;TMT;STM;ITB;2026-01-02 20:33:42.000;TSRA;NSW
2026-01-06 15:35:00.000;4354;ATR72-600;ITB;MAO;ITB;2026-01-06 16:59:22.000;TS;NSW
2026-01-06 16:20:00.000;9586;ATR72-600;RPU;MAO;ITB;2026-01-06 17:44:22.000;TS;NSW
2026-01-07 18:30:00.000;4418;ATR72-600;MAO;STM;ITB;2026-01-07 19:13:42.000;TS;NSW
2026-01-12 18:30:00.000;4418;ATR72-600;MAO;STM;ITB;2026-01-12 19:13:42.000;TS;NSW
2026-01-17 21:15:00.000;4496;ATR72-600;PVH;MAO;ITB;2026-01-17 22:39:22.000;TSRA;NSW
2026-01-21 18:30:00.000;4418;ATR72-600;MAO;STM;ITB;2026-01-21 19:13:42.000;TSRA;NSW
2026-01-23 19:50:00.000;4418;ATR72-600;TMT;STM;ITB;2026-01-23 20:33:42.000;TSRA;NSW
2026-01-24 16:20:00.000;9586;ATR72-600;RPU;MAO;ITB;2026-01-24 17:44:22.000;TS;NSW
2026-01-27 18:35:00.000;9350;ATR72-600;MAO;PIN;ITB;2026-01-27 19:10:02.000;TSRA;NSW
2026-01-27 20:20:00.000;9351;ATR72-600;PIN;MAO;ITB;2026-01-27 21:44:22.000;TSRA;NSW
2026-02-01 13:40:00.000;4468;ATR72-600;MAO;PIN;ITB;2026-02-01 14:15:02.000;TSRA;NSW
2026-02-01 15:20:00.000;4245;ATR72-600;PIN;MAO;ITB;2026-02-01 16:44:22.000;TSRA;NSW
2026-02-01 19:40:00.000;9351;ATR72-600;TBT;MAO;ITB;2026-02-01 21:04:22.000;TSRA;NSW
2026-02-02 18:30:00.000;4418;ATR72-600;MAO;STM;ITB;2026-02-02 19:13:42.000;TS;NSW
2026-02-06 19:50:00.000;4418;ATR72-600;TMT;STM;ITB;2026-02-06 20:33:42.000;TSRA;NSW
2026-02-11 18:30:00.000;4418;ATR72-600;MAO;STM;ITB;2026-02-11 19:13:42.000;TSRA;NSW
2026-02-12 23:10:00.000;4059;ATR72-600;TBT;MAO;ITB;2026-02-13 00:34:22.000;TS;NSW
2026-02-14 16:20:00.000;9586;ATR72-600;RPU;MAO;ITB;2026-02-14 17:44:22.000;TS;NSW
2026-02-21 21:15:00.000;4496;ATR72-600;PVH;MAO;ITB;2026-02-21 22:39:22.000;TSRA;NSW
2026-02-21 23:10:00.000;4059;ATR72-600;TBT;MAO;ITB;2026-02-22 00:34:22.000;TSRA;NSW
2026-02-22 23:10:00.000;4059;ATR72-600;TBT;MAO;ITB;2026-02-23 00:34:22.000;TS;VCTS
2026-02-23 13:40:00.000;4468;ATR72-600;MAO;PIN;ITB;2026-02-23 14:15:02.000;TSRA;NSW
2026-02-23 15:20:00.000;4245;ATR72-600;PIN;MAO;ITB;2026-02-23 16:44:22.000;TSRA;VCSH
2026-02-23 16:35:00.000;9586;ATR72-600;RPU;MAO;ITB;2026-02-23 17:59:22.000;TSRA;NSW
2026-02-23 19:00:00.000;4418;ATR72-600;MAO;STM;ITB;2026-02-23 19:43:42.000;TSRA;NSW
2026-02-24 15:30:00.000;4354;ATR72-600;ITB;MAO;ITB;2026-02-24 16:54:22.000;TSRA;NSW
2026-02-24 16:30:00.000;9586;ATR72-600;RPU;MAO;ITB;2026-02-24 17:54:22.000;TSRA;NSW
2026-02-24 19:00:00.000;4418;ATR72-600;MAO;STM;ITB;2026-02-24 19:43:42.000;TSRA;NSW
2026-02-24 22:10:00.000;4418;ATR72-600;TMT;MAO;ITB;2026-02-24 23:34:22.000;TSRA;NSW
2026-02-26 15:30:00.000;4354;ATR72-600;ITB;MAO;ITB;2026-02-26 16:54:22.000;TSRA;NSW
2026-02-26 16:20:00.000;9586;ATR72-600;RPU;MAO;ITB;2026-02-26 17:44:22.000;TSRA;NSW
2026-02-26 22:20:00.000;9588;ATR72-600;RPU;MAO;ITB;2026-02-26 23:44:22.000;TSRA;NSW
2026-02-27 19:50:00.000;4418;ATR72-600;TMT;STM;ITB;2026-02-27 20:33:42.000;TSRA;NSW
2026-03-02 19:00:00.000;4418;ATR72-600;MAO;STM;ITB;2026-03-02 19:43:42.000;TS;NSW
2026-03-04 19:00:00.000;4418;ATR72-600;MAO;STM;ITB;2026-03-04 19:43:42.000;TS;NSW
2026-03-05 15:30:00.000;4354;ATR72-600;ITB;MAO;ITB;2026-03-05 16:54:22.000;TS;NSW
2026-03-05 16:20:00.000;9586;ATR72-600;RPU;MAO;ITB;2026-03-05 17:44:22.000;TS;NSW
2026-03-08 22:10:00.000;4418;ATR72-600;TMT;MAO;ITB;2026-03-08 23:34:22.000;TS;NSW
2026-03-09 19:00:00.000;4418;ATR72-600;MAO;STM;ITB;2026-03-09 19:43:42.000;TSRA;NSW
2026-03-11 19:00:00.000;4418;ATR72-600;MAO;STM;ITB;2026-03-11 19:43:42.000;TS;NSW
2026-03-13 19:50:00.000;4418;ATR72-600;TMT;STM;ITB;2026-03-13 20:33:42.000;TSRA;NSW
2026-03-16 15:20:00.000;4245;ATR72-600;PIN;MAO;ITB;2026-03-16 16:44:22.000;TS;NSW
2026-03-16 16:35:00.000;9586;ATR72-600;RPU;MAO;ITB;2026-03-16 17:59:22.000;TS;NSW
2026-03-17 16:30:00.000;9586;ATR72-600;RPU;MAO;ITB;2026-03-17 17:54:22.000;TSRA;NSW
2026-03-19 18:55:00.000;9351;ATR72-600;PIN;MAO;ITB;2026-03-19 20:19:22.000;TSRA;NSW
2026-03-22 19:00:00.000;4418;ATR72-600;MAO;STM;ITB;2026-03-22 19:43:42.000;TS;NSW
2026-03-23 19:00:00.000;4418;ATR72-600;MAO;STM;ITB;2026-03-23 19:43:42.000;TSRA;NSW
2026-03-24 19:00:00.000;4418;ATR72-600;MAO;STM;ITB;2026-03-24 19:43:42.000;TS;NSW
2026-03-27 16:20:00.000;9586;ATR72-600;RPU;MAO;ITB;2026-03-27 17:44:22.000;TS;NSW
2026-03-28 21:15:00.000;4496;ATR72-600;PVH;MAO;ITB;2026-03-28 22:39:22.000;TSRA;NSW
2026-03-29 19:00:00.000;4418;ATR72-600;MAO;STM;ITB;2026-03-29 19:43:42.000;TS;NSW
2026-03-30 19:00:00.000;4418;ATR72-600;MAO;STM;ITB;2026-03-30 19:43:42.000;TS;NSW
2026-04-01 19:00:00.000;4418;ATR72-600;MAO;STM;ITB;2026-04-01 19:43:42.000;TS;-RA
2026-04-02 18:40:00.000;4468;ATR72-600;MAO;PIN;ITB;2026-04-02 19:15:02.000;TSRA;NSW
2026-04-02 19:10:00.000;9350;ATR72-600;MAO;PIN;ITB;2026-04-02 19:45:02.000;TSRA;NSW
2026-04-02 20:20:00.000;4245;ATR72-600;PIN;MAO;ITB;2026-04-02 21:44:22.000;TSRA;NSW
2026-04-06 23:45:00.000;9588;ATR72-600;RPU;MAO;ITB;2026-04-07 01:09:22.000;TSRA;NSW
2026-04-07 19:00:00.000;4418;ATR72-600;MAO;STM;ITB;2026-04-07 19:43:42.000;TSRA;NSW
2026-04-08 19:00:00.000;4418;ATR72-600;MAO;STM;ITB;2026-04-08 19:43:42.000;TSRA;NSW
2026-04-09 23:45:00.000;9588;ATR72-600;RPU;MAO;ITB;2026-04-10 01:09:22.000;TSRA;NSW
2026-04-10 16:30:00.000;9586;ATR72-600;RPU;MAO;ITB;2026-04-10 17:54:22.000;TSRA;NSW
2026-04-12 19:00:00.000;4418;ATR72-600;MAO;STM;ITB;2026-04-12 19:43:42.000;TS;NSW
2026-04-17 19:50:00.000;4418;ATR72-600;TMT;STM;ITB;2026-04-17 20:33:42.000;TSRA;NSW
2026-04-18 21:15:00.000;4496;ATR72-600;PVH;MAO;ITB;2026-04-18 22:39:22.000;TSRA;NSW
2026-04-22 19:00:00.000;4418;ATR72-600;MAO;STM;ITB;2026-04-22 19:43:42.000;TSRA;NSW
2026-04-23 23:45:00.000;9588;ATR72-600;RPU;MAO;ITB;2026-04-24 01:09:22.000;TS;NSW
2026-04-24 19:50:00.000;4418;ATR72-600;TMT;STM;ITB;2026-04-24 20:33:42.000;TS;NSW
2026-04-25 15:35:00.000;4354;ATR72-600;ITB;MAO;ITB;2026-04-25 16:59:22.000;TS;NSW
2026-04-25 16:30:00.000;9586;ATR72-600;RPU;MAO;ITB;2026-04-25 17:54:22.000;TS;NSW
2026-04-27 19:00:00.000;4418;ATR72-600;MAO;STM;ITB;2026-04-27 19:43:42.000;TS;NSW
2026-04-28 19:00:00.000;4418;ATR72-600;MAO;STM;ITB;2026-04-28 19:43:42.000;TSRA;NSW
2026-04-29 19:00:00.000;4418;ATR72-600;MAO;STM;ITB;2026-04-29 19:43:42.000;TS;NSW
2026-04-30 18:35:00.000;9143;ATR72-600;MAO;PIN;ITB;2026-04-30 19:10:02.000;TSRA;NSW
2026-05-01 19:50:00.000;4418;ATR72-600;TMT;STM;ITB;2026-05-01 20:33:42.000;TSRA;NSW
2026-05-02 18:35:00.000;9143;ATR72-600;MAO;PIN;ITB;2026-05-02 19:10:02.000;TSRA;NSW
2026-05-03 18:35:00.000;9143;ATR72-600;MAO;PIN;ITB;2026-05-03 19:10:02.000;TSRA;NSW
2026-05-05 15:30:00.000;4354;ATR72-600;ITB;MAO;ITB;2026-05-05 16:54:22.000;TSRA;VCSH
2026-05-08 19:50:00.000;4418;ATR72-600;TMT;STM;ITB;2026-05-08 20:33:42.000;TSRA;NSW
2026-05-10 19:10:00.000;9352;ATR72-600;PVH;MAO;ITB;2026-05-10 20:34:22.000;TS;NSW
2026-05-11 23:45:00.000;9588;ATR72-600;RPU;MAO;ITB;2026-05-12 01:09:22.000;TSRA;NSW
2026-05-12 19:00:00.000;4418;ATR72-600;MAO;STM;ITB;2026-05-12 19:43:42.000;TSRA;NSW
2026-05-12 22:10:00.000;4418;ATR72-600;TMT;MAO;ITB;2026-05-12 23:34:22.000;TSRA;NSW
2026-05-12 23:45:00.000;9588;ATR72-600;RPU;MAO;ITB;2026-05-13 01:09:22.000;TSRA;NSW
2026-05-13 19:15:00.000;4184;ATR72-600;TFF;MAO;ITB;2026-05-13 20:39:22.000;TSRA;-RA
2026-05-15 19:50:00.000;4418;ATR72-600;TMT;STM;ITB;2026-05-15 20:33:42.000;TS;NSW
2026-05-19 19:00:00.000;4418;ATR72-600;MAO;STM;ITB;2026-05-19 19:43:42.000;TS;NSW
2026-05-20 19:00:00.000;4418;ATR72-600;MAO;STM;ITB;2026-05-20 19:43:42.000;TS;NSW
2026-05-22 02:55:00.000;6102;ATR72-600;BEL;STM;ITB;2026-05-22 03:38:42.000;TSRA;NSW
2026-05-22 03:05:00.000;6100;ATR72-600;MAO;STM;ITB;2026-05-22 03:48:42.000;TSRA;NSW
2026-05-22 19:50:00.000;4418;ATR72-600;TMT;STM;ITB;2026-05-22 20:33:42.000;TSRA;NSW
2026-05-23 23:45:00.000;9588;ATR72-600;RPU;MAO;ITB;2026-05-24 01:09:22.000;TS;VCTS
2026-05-24 13:50:00.000;4468;ATR72-600;MAO;PIN;ITB;2026-05-24 14:25:02.000;TSRA BR;-RA
2026-05-24 15:30:00.000;4245;ATR72-600;PIN;MAO;ITB;2026-05-24 16:54:22.000;TSRA BR;NSW
2026-05-24 16:30:00.000;9586;ATR72-600;RPU;MAO;ITB;2026-05-24 17:54:22.000;TSRA BR;-RA
2026-05-24 22:10:00.000;4418;ATR72-600;TMT;MAO;ITB;2026-05-24 23:34:22.000;TSRA;NSW
2026-05-31 19:00:00.000;4418;ATR72-600;MAO;STM;ITB;2026-05-31 19:43:42.000;TS;NSW
2026-05-31 18:42:00.000;9351;ATR72-600;PIN;MAO;ITB;2026-05-31 20:06:22.000;TS;NSW
2026-06-01 19:00:00.000;4418;ATR72-600;MAO;STM;ITB;2026-06-01 19:43:42.000;TSRA;NSW
2026-06-02 19:00:00.000;4418;ATR72-600;MAO;STM;ITB;2026-06-02 19:43:42.000;TS;NSW
2026-06-02 19:05:00.000;4183;ATR72-600;TFF;MAO;ITB;2026-06-02 20:29:22.000;TS;NSW
2026-06-07 19:00:00.000;4418;ATR72-600;MAO;STM;ITB;2026-06-07 19:43:42.000;TSRA;NSW
2026-06-07 19:10:00.000;2683;ATR72-600;TBT;MAO;ITB;2026-06-07 20:34:22.000;TSRA;NSW
2026-06-09 19:00:00.000;4418;ATR72-600;MAO;STM;ITB;2026-06-09 19:43:42.000;TS;NSW
2026-06-09 19:05:00.000;4183;ATR72-600;TFF;MAO;ITB;2026-06-09 20:29:22.000;TS;NSW
2026-06-10 16:30:00.000;9586;ATR72-600;RPU;MAO;ITB;2026-06-10 17:54:22.000;TSRA;NSW
2026-06-18 19:05:00.000;4183;ATR72-600;TFF;MAO;ITB;2026-06-18 20:29:22.000;TS;NSW
2026-06-22 16:30:00.000;9586;ATR72-600;RPU;MAO;ITB;2026-06-22 17:54:22.000;TS;NSW
2026-06-27 17:50:00.000;2138;ATR72-600;MAO;PIN;ITB;2026-06-27 18:25:02.000;TSRA;NSW
2026-06-27 17:10:00.000;2116;ATR72-600;PIN;MAO;ITB;2026-06-27 18:34:22.000;TSRA;NSW
2026-06-27 19:20:00.000;2140;ATR72-600;MAO;PIN;ITB;2026-06-27 19:55:02.000;TSRA;NSW
2026-06-27 18:40:00.000;2110;ATR72-600;PIN;MAO;ITB;2026-06-27 20:04:22.000;TSRA;NSW
2026-06-28 17:50:00.000;2138;ATR72-600;MAO;PIN;ITB;2026-06-28 18:25:02.000;TS;NSW
2026-06-28 17:10:00.000;2116;ATR72-600;PIN;MAO;ITB;2026-06-28 18:34:22.000;TS;NSW
2026-06-28 19:00:00.000;4418;ATR72-600;MAO;STM;ITB;2026-06-28 19:43:42.000;TS;-RA
2026-06-28 19:20:00.000;2140;ATR72-600;MAO;PIN;ITB;2026-06-28 19:55:02.000;TS;-RA
2026-06-28 18:40:00.000;2110;ATR72-600;PIN;MAO;ITB;2026-06-28 20:04:22.000;TS;NSW
2026-06-28 19:40:00.000;2137;ATR72-600;PIN;MAO;ITB;2026-06-28 21:04:22.000;TS;NSW
2026-06-28 20:50:00.000;2111;ATR72-600;MAO;PIN;ITB;2026-06-28 21:25:02.000;TS;NSW
2026-06-28 21:50:00.000;9551;ATR72-600;MAO;PIN;ITB;2026-06-28 22:25:02.000;TS;NSW
2026-06-28 21:10:00.000;2118;ATR72-600;PIN;MAO;ITB;2026-06-28 22:34:22.000;TS;NSW
2026-06-29 17:10:00.000;2116;ATR72-600;PIN;MAO;ITB;2026-06-29 18:34:22.000;TS;NSW
2026-06-29 19:00:00.000;4418;ATR72-600;MAO;STM;ITB;2026-06-29 19:43:42.000;TS;NSW
2026-06-29 19:20:00.000;2117;ATR72-600;MAO;PIN;ITB;2026-06-29 19:55:02.000;TS;NSW
2026-06-29 19:10:00.000;2683;ATR72-600;TBT;MAO;ITB;2026-06-29 20:34:22.000;TS;NSW
2026-06-30 22:40:00.000;2112;ATR72-600;PIN;MAO;ITB;2026-07-01 00:04:22.000;TS;NSW
2026-07-01 00:20:00.000;2119;ATR72-600;MAO;PIN;ITB;2026-07-01 00:55:02.000;TS;NSW
2026-07-06 19:00:00.000;4418;ATR72-600;MAO;STM;ITB;2026-07-06 19:43:42.000;TSRA;NSW
2026-07-06 19:10:00.000;2683;ATR72-600;TBT;MAO;ITB;2026-07-06 20:34:22.000;TSRA;NSW
2026-07-09 22:05:00.000;4775;ATR72-600;SJL;MAO;ITB;2026-07-09 23:29:22.000;TS;NSW
2026-07-28 19:00:00.000;4418;ATR72-600;MAO;STM;ITB;2026-07-28 19:43:42.000;TS;NSW
2026-07-28 19:05:00.000;4183;ATR72-600;TFF;MAO;ITB;2026-07-28 20:29:22.000;TS;NSW
2025-10-21 05:20:00.000;6090;A320-251NEO;VCP;FOR;JDO;2025-10-21 06:10:44.160;TSRA;NSW
2025-10-21 08:00:00.000;2642;ERJ;REC;FOR;JDO;2025-10-21 08:50:44.160;TSRA;NSW
2025-12-05 20:35:00.000;4246;A320-251NEO;CNF;FOR;JDO;2025-12-05 21:25:44.160;TS;NSW
2025-12-05 22:05:00.000;4035;ERJ;REC;FOR;JDO;2025-12-05 22:55:44.160;TS;VCTS
2025-12-22 05:35:00.000;6090;A320-251NEO;VCP;FOR;JDO;2025-12-22 06:25:44.160;TS;-RA
2026-01-29 05:35:00.000;6090;A320-251NEO;VCP;FOR;JDO;2026-01-29 06:25:44.160;TS;NSW
2026-02-07 22:40:00.000;4101;A320-251NEO;BEL;FOR;JDO;2026-02-07 23:30:44.160;TSRA;NSW
2026-02-08 14:35:00.000;2471;ERJ;CGH;FOR;JDO;2026-02-08 15:25:44.160;TSRA;NSW
2026-02-08 22:40:00.000;4101;A320-253NEO;BEL;FOR;JDO;2026-02-08 23:30:44.160;TSRA;NSW
2026-02-09 12:00:00.000;4651;A320-251NEO;BEL;FOR;JDO;2026-02-09 12:50:44.160;TS;NSW
2026-02-09 12:25:00.000;4655;A320-251NEO;REC;FOR;JDO;2026-02-09 13:15:44.160;TS;NSW
2026-02-09 13:25:00.000;2715;ERJ;REC;PNZ;JDO;2026-02-09 14:01:01.439;TS;NSW
2026-02-12 22:05:00.000;4035;ERJ;REC;FOR;JDO;2026-02-12 22:55:44.160;TSRA;NSW
2026-02-12 22:40:00.000;4101;A320-253NEO;BEL;FOR;JDO;2026-02-12 23:30:44.160;TSRA;NSW
2026-02-13 18:05:00.000;9008;ERJ;REC;FOR;JDO;2026-02-13 18:55:44.160;TSRA;NSW
2026-02-13 20:35:00.000;4246;A320-251NEO;CNF;FOR;JDO;2026-02-13 21:25:44.160;TSRA;NSW
2026-02-17 22:05:00.000;4035;ERJ;REC;FOR;JDO;2026-02-17 22:55:44.160;TSRA;NSW
2026-02-17 22:40:00.000;4101;A320-251NEO;BEL;FOR;JDO;2026-02-17 23:30:44.160;TSRA;NSW
2026-02-18 02:10:00.000;2633;ERJ;REC;PNZ;JDO;2026-02-18 02:46:01.439;TSRA;NSW
2026-02-19 05:35:00.000;6090;A320-251NEO;VCP;FOR;JDO;2026-02-19 06:25:44.160;TSRA BR;NSW
2026-02-19 18:05:00.000;9008;A320-251NEO;REC;FOR;JDO;2026-02-19 18:55:44.160;TSRA;NSW
2026-02-21 17:30:00.000;2569;A320-251NEO;UDI;FOR;JDO;2026-02-21 18:20:44.160;TSRA;NSW
2026-02-21 18:05:00.000;9008;ERJ;REC;FOR;JDO;2026-02-21 18:55:44.160;TSRA;NSW
2026-02-21 19:30:00.000;2552;A320-251NEO;CNF;FOR;JDO;2026-02-21 20:20:44.160;TSRA;NSW
2026-02-21 19:35:00.000;2434;A320-251NEO;VCP;FOR;JDO;2026-02-21 20:25:44.160;TSRA;NSW
2026-02-22 17:25:00.000;2569;A320-251NEO;UDI;FOR;JDO;2026-02-22 18:15:44.160;TS;NSW
2026-02-22 18:05:00.000;9008;ERJ;REC;FOR;JDO;2026-02-22 18:55:44.160;TS;NSW
2026-02-22 20:05:00.000;2552;A320-253NEO;CNF;FOR;JDO;2026-02-22 20:55:44.160;TS;NSW
2026-02-22 21:55:00.000;2715;ERJ;REC;PNZ;JDO;2026-02-22 22:31:01.439;TS;NSW
2026-02-22 22:40:00.000;4101;A320-251NEO;BEL;FOR;JDO;2026-02-22 23:30:44.160;TS;NSW
2026-02-24 02:55:00.000;4254;ERJ;REC;FOR;JDO;2026-02-24 03:45:44.160;TS;NSW
2026-02-24 04:40:00.000;4220;ERJ;VCP;PNZ;JDO;2026-02-24 05:16:01.439;TS;NSW
2026-02-24 04:40:00.000;2760;A320-251NEO;CNF;FOR;JDO;2026-02-24 05:30:44.160;TS;NSW
2026-02-25 17:20:00.000;9008;ERJ;REC;FOR;JDO;2026-02-25 18:10:44.160;TSRA;NSW
2026-02-26 04:40:00.000;4220;ERJ;VCP;PNZ;JDO;2026-02-26 05:16:01.439;TSRA;NSW
2026-02-26 04:40:00.000;2760;A320-251NEO;CNF;FOR;JDO;2026-02-26 05:30:44.160;TSRA;NSW
2026-02-26 05:25:00.000;6090;A320-253NEO;VCP;FOR;JDO;2026-02-26 06:15:44.160;TSRA;NSW
2026-02-26 18:05:00.000;9008;ERJ;REC;FOR;JDO;2026-02-26 18:55:44.160;TSRA;NSW
2026-02-26 20:35:00.000;4246;A320-251NEO;CNF;FOR;JDO;2026-02-26 21:25:44.160;TSRA;NSW
2026-02-26 22:05:00.000;4035;ERJ;REC;FOR;JDO;2026-02-26 22:55:44.160;TSRA;NSW
2026-02-26 22:55:00.000;4101;A320-251NEO;BEL;FOR;JDO;2026-02-26 23:45:44.160;TSRA;NSW
2026-02-27 18:05:00.000;9008;ERJ;REC;FOR;JDO;2026-02-27 18:55:44.160;TSRA;NSW
2026-03-02 05:25:00.000;6090;A320-251NEO;VCP;FOR;JDO;2026-03-02 06:15:44.160;TSRA BR;NSW
2026-03-02 08:00:00.000;2642;ERJ;REC;FOR;JDO;2026-03-02 08:50:44.160;TSRA BR;NSW
2026-03-03 18:15:00.000;2632;ERJ;REC;FOR;JDO;2026-03-03 19:05:44.160;TSRA;NSW
2026-03-03 20:35:00.000;4246;A320-251NEO;CNF;FOR;JDO;2026-03-03 21:25:44.160;TSRA;NSW
2026-03-03 22:05:00.000;4035;A320-251NEO;REC;FOR;JDO;2026-03-03 22:55:44.160;TSRA;NSW
2026-03-03 22:55:00.000;4101;A320-251NEO;BEL;FOR;JDO;2026-03-03 23:45:44.160;TSRA;NSW
2026-03-04 02:55:00.000;4254;ERJ;REC;FOR;JDO;2026-03-04 03:45:44.160;TSRA;NSW
2026-03-04 04:40:00.000;4220;A320-253NEO;VCP;PNZ;JDO;2026-03-04 05:16:01.439;TSRA;VCTS
2026-03-04 04:45:00.000;2760;A320-251NEO;CNF;FOR;JDO;2026-03-04 05:35:44.160;TSRA;VCTS
2026-03-05 05:25:00.000;6090;A320-251NEO;VCP;FOR;JDO;2026-03-05 06:15:44.160;TSRA;NSW
2026-03-05 07:50:00.000;2642;ERJ;REC;FOR;JDO;2026-03-05 08:40:44.160;TSRA;NSW
2026-03-05 20:35:00.000;4246;A320-251NEO;CNF;FOR;JDO;2026-03-05 21:25:44.160;TSRA;NSW
2026-03-05 22:05:00.000;4035;A320-251NEO;REC;FOR;JDO;2026-03-05 22:55:44.160;TSRA;NSW
2026-03-06 04:40:00.000;4220;A320-253NEO;VCP;PNZ;JDO;2026-03-06 05:16:01.439;TSRA;BCFG
2026-03-06 04:45:00.000;2760;A320-251NEO;CNF;FOR;JDO;2026-03-06 05:35:44.160;TSRA;BCFG
2026-03-06 18:15:00.000;2632;ERJ;REC;FOR;JDO;2026-03-06 19:05:44.160;TS;NSW
2026-03-09 22:05:00.000;4035;A320-253NEO;REC;FOR;JDO;2026-03-09 22:55:44.160;TS;NSW
2026-03-09 22:55:00.000;4101;A320-251NEO;BEL;FOR;JDO;2026-03-09 23:45:44.160;TS;NSW
2026-03-10 08:00:00.000;2642;ERJ;REC;FOR;JDO;2026-03-10 08:50:44.160;TSRA;NSW
2026-03-12 05:25:00.000;6090;A320-253NEO;VCP;FOR;JDO;2026-03-12 06:15:44.160;TSRA;NSW
2026-03-12 06:50:00.000;9350;A320-251NEO;BEL;FOR;JDO;2026-03-12 07:40:44.160;TSRA;NSW
2026-03-12 07:50:00.000;2642;ERJ;REC;FOR;JDO;2026-03-12 08:40:44.160;TSRA;NSW
2026-03-15 18:15:00.000;2632;ERJ;REC;FOR;JDO;2026-03-15 19:05:44.160;TS;NSW
2026-03-15 19:35:00.000;2434;A320-251NEO;VCP;FOR;JDO;2026-03-15 20:25:44.160;TS;NSW
2026-03-15 20:15:00.000;2444;A320-251NEO;CNF;FOR;JDO;2026-03-15 21:05:44.160;TS;NSW
2026-03-17 20:35:00.000;4246;A320-251NEO;CNF;FOR;JDO;2026-03-17 21:25:44.160;TSRA;NSW
2026-03-17 22:05:00.000;4035;A320-251NEO;REC;FOR;JDO;2026-03-17 22:55:44.160;TSRA;NSW
2026-03-17 22:55:00.000;4101;A320-253NEO;BEL;FOR;JDO;2026-03-17 23:45:44.160;TSRA;NSW
2026-03-20 20:35:00.000;4246;A320-251NEO;CNF;FOR;JDO;2026-03-20 21:25:44.160;TS;NSW
2026-03-20 22:05:00.000;4035;A320-251NEO;REC;FOR;JDO;2026-03-20 22:55:44.160;TS;NSW
2026-03-23 18:15:00.000;2632;ERJ;REC;FOR;JDO;2026-03-23 19:05:44.160;TS;VCTS VCSH
2026-03-23 20:35:00.000;4246;A320-251NEO;CNF;FOR;JDO;2026-03-23 21:25:44.160;TS;NSW
2026-03-24 03:50:00.000;4120;ATR72-600;REC;FOR;JDO;2026-03-24 05:00:28.000;TS;NSW
2026-03-24 04:40:00.000;4220;A320-251NEO;VCP;PNZ;JDO;2026-03-24 05:16:01.439;TS;NSW
2026-03-24 04:45:00.000;2760;A320-251NEO;CNF;FOR;JDO;2026-03-24 05:35:44.160;TS;NSW
2026-03-28 02:55:00.000;4254;ERJ;REC;FOR;JDO;2026-03-28 03:45:44.160;TSRA;NSW
2026-03-28 04:40:00.000;4220;A320-251NEO;VCP;PNZ;JDO;2026-03-28 05:16:01.439;TSRA;VCTS
2026-03-28 04:45:00.000;2760;A320-251NEO;CNF;FOR;JDO;2026-03-28 05:35:44.160;TSRA;VCTS
2026-03-28 19:30:00.000;2444;A320-251NEO;CNF;FOR;JDO;2026-03-28 20:20:44.160;TS;NSW
2026-03-28 19:30:00.000;2632;A320-251NEO;REC;FOR;JDO;2026-03-28 20:20:44.160;TS;NSW
2026-03-28 22:35:00.000;4035;A320-251NEO;REC;FOR;JDO;2026-03-28 23:25:44.160;TS;NSW
2026-03-28 22:55:00.000;4101;A320-253NEO;BEL;FOR;JDO;2026-03-28 23:45:44.160;TS;NSW
2026-03-29 04:20:00.000;2760;ERJ;CNF;FOR;JDO;2026-03-29 05:10:44.160;TS;NSW
2026-03-29 04:40:00.000;4220;ERJ;VCP;PNZ;JDO;2026-03-29 05:16:01.439;TS;NSW
2026-03-29 05:25:00.000;6090;A320-251NEO;VCP;FOR;JDO;2026-03-29 06:15:44.160;TS;NSW
2026-03-29 22:55:00.000;4101;A320-251NEO;BEL;FOR;JDO;2026-03-29 23:45:44.160;TSRA;VCTS
2026-03-30 18:15:00.000;2632;ATR72-600;REC;FOR;JDO;2026-03-30 19:25:28.000;TS;NSW
2026-03-30 20:35:00.000;4246;A320-251NEO;CNF;FOR;JDO;2026-03-30 21:25:44.160;TSRA;NSW
2026-03-30 22:05:00.000;4035;A320-253NEO;REC;FOR;JDO;2026-03-30 22:55:44.160;TSRA;NSW
2026-03-30 22:55:00.000;4101;A320-253NEO;BEL;FOR;JDO;2026-03-30 23:45:44.160;TSRA;NSW
2026-04-01 22:05:00.000;4035;ERJ;REC;FOR;JDO;2026-04-01 22:55:44.160;TSRA;NSW
2026-04-01 22:55:00.000;4101;A320-253NEO;BEL;FOR;JDO;2026-04-01 23:45:44.160;TSRA;NSW
2026-04-03 00:40:00.000;9017;A320-251NEO;VCP;FOR;JDO;2026-04-03 01:30:44.160;TSRA;NSW
2026-04-03 04:40:00.000;4220;A320-253NEO;VCP;PNZ;JDO;2026-04-03 05:16:01.439;TSRA;-RA
2026-04-03 04:40:00.000;2932;A320-251NEO;CNF;FOR;JDO;2026-04-03 05:30:44.160;TSRA;-RA
2026-04-05 22:55:00.000;4101;A320-251NEO;BEL;FOR;JDO;2026-04-05 23:45:44.160;TSRA;NSW
2026-04-07 20:05:00.000;2798;ERJ;VCP;FOR;JDO;2026-04-07 20:55:44.160;TSRA;VCTS
2026-04-07 20:35:00.000;4246;A320-253NEO;CNF;FOR;JDO;2026-04-07 21:25:44.160;TSRA;NSW
2026-04-07 22:55:00.000;4101;A320-251NEO;BEL;FOR;JDO;2026-04-07 23:45:44.160;TSRA;-RA
2026-04-08 20:05:00.000;2798;A320-251NEO;VCP;FOR;JDO;2026-04-08 20:55:44.160;TSRA;NSW
2026-04-08 20:35:00.000;4246;A320-251NEO;CNF;FOR;JDO;2026-04-08 21:25:44.160;TSRA;NSW
2026-04-08 22:05:00.000;4035;A320-251NEO;REC;FOR;JDO;2026-04-08 22:55:44.160;TSRA;-RA
2026-04-13 22:05:00.000;4035;ERJ;REC;FOR;JDO;2026-04-13 22:55:44.160;TSRA;NSW
2026-04-13 22:55:00.000;4101;A320-253NEO;BEL;FOR;JDO;2026-04-13 23:45:44.160;TSRA;NSW
2026-04-19 04:40:00.000;4220;A320-251NEO;VCP;PNZ;JDO;2026-04-19 05:16:01.439;TS;NSW
2026-04-29 02:55:00.000;4254;ERJ;REC;FOR;JDO;2026-04-29 03:45:44.160;TSRA;NSW
2026-04-29 04:40:00.000;4220;A320-251NEO;VCP;PNZ;JDO;2026-04-29 05:16:01.439;TSRA;NSW
2026-04-29 04:40:00.000;2932;A320-251NEO;CNF;FOR;JDO;2026-04-29 05:30:44.160;TSRA;NSW
2026-04-29 05:30:00.000;6090;A320-251NEO;VCP;FOR;JDO;2026-04-29 06:20:44.160;TS;NSW
2026-04-29 07:05:00.000;2642;ERJ;REC;FOR;JDO;2026-04-29 07:55:44.160;TS;NSW
2026-05-02 19:35:00.000;2434;A320-251NEO;VCP;FOR;JDO;2026-05-02 20:25:44.160;TSRA;-RA
2026-05-02 20:35:00.000;4246;A320-251NEO;CNF;FOR;JDO;2026-05-02 21:25:44.160;TSRA;NSW
2026-05-02 22:55:00.000;4101;A320-251NEO;BEL;FOR;JDO;2026-05-02 23:45:44.160;TSRA;NSW
2026-05-09 22:05:00.000;4035;ERJ;REC;FOR;JDO;2026-05-09 22:55:44.160;TS;NSW
2026-05-09 22:55:00.000;4101;A320-251NEO;BEL;FOR;JDO;2026-05-09 23:45:44.160;TS;NSW
2026-06-27 20:15:00.000;2434;A320-251NEO;VCP;FOR;JDO;2026-06-27 21:05:44.160;TSRA;-RA
2026-06-27 20:35:00.000;4246;A320-251NEO;CNF;FOR;JDO;2026-06-27 21:25:44.160;TSRA;-RA
2026-06-27 22:05:00.000;4035;ERJ;REC;FOR;JDO;2026-06-27 22:55:44.160;TSRA;-DZ
2026-06-27 22:55:00.000;4101;A320-253NEO;BEL;FOR;JDO;2026-06-27 23:45:44.160;TSRA;NSW
2025-09-22 10:55:00.000;2804;ATR72-600;MGF;CWB;JOI;2025-09-22 11:10:30.000;TSRA;-RA
2025-09-30 18:55:00.000;2958;ATR72-600;PTO;CWB;JOI;2025-09-30 19:10:30.000;TSRA;NSW
2025-10-12 19:00:00.000;2721;ATR72-600;MGF;CWB;JOI;2025-10-12 19:15:30.000;TSRA;NSW
2025-10-12 22:20:00.000;4757;ATR72-600;LDB;CWB;JOI;2025-10-12 22:35:30.000;TSRA;RA BR
2025-10-12 23:30:00.000;4083;ATR72-600;POA;CWB;JOI;2025-10-12 23:45:30.000;TSRA;-RA BR
2025-11-18 10:55:00.000;2804;ATR72-600;MGF;CWB;JOI;2025-11-18 11:10:30.000;+RA BR;-RA BR
2025-11-28 19:00:00.000;2721;ATR72-600;MGF;CWB;JOI;2025-11-28 19:15:30.000;TSRA;NSW
2025-11-30 19:00:00.000;2721;ATR72-600;MGF;CWB;JOI;2025-11-30 19:15:30.000;TS;NSW
2025-12-02 15:20:00.000;2969;ATR72-600;CAC;CWB;JOI;2025-12-02 15:35:30.000;TSRA;NSW
2025-12-02 18:55:00.000;2958;ATR72-600;PTO;CWB;JOI;2025-12-02 19:10:30.000;TSRA;NSW
2025-12-10 19:00:00.000;2721;ATR72-600;MGF;CWB;JOI;2025-12-10 19:15:30.000;TSRA;NSW
2025-12-16 15:20:00.000;2969;ATR72-600;CAC;CWB;JOI;2025-12-16 15:35:30.000;TSRA;NSW
2025-12-23 23:50:00.000;4757;ATR72-600;LDB;CWB;JOI;2025-12-24 00:05:30.000;TSRA;NSW
2025-12-27 22:20:00.000;4757;ATR72-600;LDB;CWB;JOI;2025-12-27 22:35:30.000;TSRA;NSW
2025-12-29 19:00:00.000;2721;ATR72-600;MGF;CWB;JOI;2025-12-29 19:15:30.000;TSRA;NSW
2025-12-29 23:50:00.000;4757;ATR72-600;LDB;CWB;JOI;2025-12-30 00:05:30.000;TSRA;NSW
2025-12-30 23:50:00.000;4757;ATR72-600;LDB;CWB;JOI;2025-12-31 00:05:30.000;TSRA;NSW
2026-01-02 22:20:00.000;4757;ATR72-600;LDB;CWB;JOI;2026-01-02 22:35:30.000;TSRA;NSW
2026-01-03 18:55:00.000;2958;ATR72-600;PTO;CWB;JOI;2026-01-03 19:10:30.000;TS;NSW
2026-01-09 19:00:00.000;2721;ATR72-600;MGF;CWB;JOI;2026-01-09 19:15:30.000;-TSRA;NSW
2026-01-13 18:55:00.000;2958;ATR72-600;PTO;CWB;JOI;2026-01-13 19:10:30.000;TSRA;NSW
2026-01-14 22:20:00.000;4757;ATR72-600;LDB;CWB;JOI;2026-01-14 22:35:30.000;TS;NSW
2026-01-15 18:55:00.000;2958;ATR72-600;PTO;CWB;JOI;2026-01-15 19:10:30.000;TSRA;NSW
2026-01-15 22:20:00.000;4757;ATR72-600;LDB;CWB;JOI;2026-01-15 22:35:30.000;TSRA;NSW
2026-01-17 22:20:00.000;4757;ATR72-600;LDB;CWB;JOI;2026-01-17 22:35:30.000;TSRA;NSW
2026-01-18 19:00:00.000;2721;ATR72-600;MGF;CWB;JOI;2026-01-18 19:15:30.000;-TSRA;NSW
2026-01-29 18:55:00.000;2958;ATR72-600;PTO;CWB;JOI;2026-01-29 19:10:30.000;TSRA;-RA
2026-01-30 19:00:00.000;2721;ATR72-600;MGF;CWB;JOI;2026-01-30 19:15:30.000;TSRA;NSW
2026-02-02 19:00:00.000;2721;ATR72-600;MGF;CWB;JOI;2026-02-02 19:15:30.000;TS;NSW
2026-02-02 22:20:00.000;4757;ATR72-600;LDB;CWB;JOI;2026-02-02 22:35:30.000;TS;NSW
2026-02-08 19:00:00.000;2721;ATR72-600;MGF;CWB;JOI;2026-02-08 19:15:30.000;TSRA;NSW
2026-02-13 22:20:00.000;4757;ATR72-600;LDB;CWB;JOI;2026-02-13 22:35:30.000;TSRA;NSW
2026-02-14 18:55:00.000;2958;ATR72-600;PTO;CWB;JOI;2026-02-14 19:10:30.000;TSRA;NSW
2026-02-14 22:20:00.000;4757;ATR72-600;LDB;CWB;JOI;2026-02-14 22:35:30.000;TSRA;-RA
2026-02-17 22:20:00.000;4757;ATR72-600;LDB;CWB;JOI;2026-02-17 22:35:30.000;TSRA;NSW
2026-02-20 19:00:00.000;2721;ATR72-600;MGF;CWB;JOI;2026-02-20 19:15:30.000;TSRA;NSW
2026-02-20 22:20:00.000;4757;ATR72-600;LDB;CWB;JOI;2026-02-20 22:35:30.000;TSRA;NSW
2026-02-21 00:50:00.000;9012;ATR72-600;VCP;CWB;JOI;2026-02-21 01:05:30.000;TSRA;NSW
2026-02-24 18:55:00.000;2721;ATR72-600;LDB;CWB;JOI;2026-02-24 19:10:30.000;TSRA;NSW
2026-02-24 22:20:00.000;4757;ATR72-600;LDB;CWB;JOI;2026-02-24 22:35:30.000;TSRA;VCSH
2026-02-25 18:55:00.000;2958;ATR72-600;PTO;CWB;JOI;2026-02-25 19:10:30.000;TSRA;NSW
2026-03-13 18:55:00.000;2958;ATR72-600;PTO;CWB;JOI;2026-03-13 19:10:30.000;TS;NSW
2026-03-19 18:55:00.000;2721;ATR72-600;LDB;CWB;JOI;2026-03-19 19:10:30.000;TS;NSW
2026-03-22 18:55:00.000;2721;ATR72-600;LDB;CWB;JOI;2026-03-22 19:10:30.000;TSRA;NSW
2026-03-26 18:55:00.000;2721;ATR72-600;LDB;CWB;JOI;2026-03-26 19:10:30.000;TS;NSW
2026-04-01 18:55:00.000;2958;ATR72-600;PTO;CWB;JOI;2026-04-01 19:10:30.000;TS;NSW
2026-04-07 19:35:00.000;2721;ATR72-600;LDB;CWB;JOI;2026-04-07 19:50:30.000;TSRA;NSW
2026-04-07 23:30:00.000;2969;ATR72-600;CAC;CWB;JOI;2026-04-07 23:45:30.000;TSRA;NSW
2026-05-08 19:45:00.000;2958;ATR72-600;PTO;CWB;JOI;2026-05-08 20:00:30.000;TSRA;NSW
2026-05-08 23:30:00.000;2969;ATR72-600;CAC;CWB;JOI;2026-05-08 23:45:30.000;TSRA;NSW
2026-05-08 23:30:00.000;4083;ATR72-600;POA;CWB;JOI;2026-05-08 23:45:30.000;TSRA;NSW
2026-05-16 20:25:00.000;2969;ATR72-600;CAC;CWB;JOI;2026-05-16 20:40:30.000;TSRA;NSW
2026-05-26 12:30:00.000;4757;ATR72-600;LDB;CWB;JOI;2026-05-26 12:45:30.000;TSRA;NSW
2026-06-22 19:45:00.000;2958;ATR72-600;PTO;CWB;JOI;2026-06-22 20:00:30.000;TSRA;-RA
2026-07-29 16:00:00.000;2804;ATR72-600;MGF;CWB;JOI;2026-07-29 16:15:30.000;TSRA;NSW
2025-12-08 18:30:00.000;4890;A320-251NEO;CNF;REC;JPA;2025-12-08 18:44:06.720;TSRA;NSW
2025-12-08 18:30:00.000;2418;ERJ;FEN;REC;JPA;2025-12-08 18:44:06.720;TSRA;NSW
2025-12-08 18:45:00.000;4269;A320-251NEO;CGH;REC;JPA;2025-12-08 18:59:06.720;TSRA;NSW
2025-12-08 19:15:00.000;2767;ATR72-600;AJU;REC;JPA;2025-12-08 19:34:36.000;TSRA;NSW
2025-12-08 19:25:00.000;2805;A321-251NEO;VCP;REC;JPA;2025-12-08 19:39:06.720;TSRA;NSW
2025-12-08 19:40:00.000;2959;A321-251NEO;GRU;REC;JPA;2025-12-08 19:54:06.720;TSRA;NSW
2025-12-08 19:45:00.000;4091;ERJ;FEN;REC;JPA;2025-12-08 19:59:06.720;TSRA;NSW
2025-12-08 19:50:00.000;4291;A320-253NEO;VCP;NAT;JPA;2025-12-08 20:10:44.160;TSRA;NSW
2025-12-08 20:00:00.000;4017;A320-253NEO;SLZ;REC;JPA;2025-12-08 20:14:06.720;TSRA;NSW
2025-12-08 19:55:00.000;2834;ATR72-600;JPA;REC;JPA;2025-12-08 20:14:36.000;TSRA;NSW
2025-12-08 20:15:00.000;2764;A320-253NEO;GRU;REC;JPA;2025-12-08 20:29:06.720;TSRA;NSW
2025-12-08 20:20:00.000;2810;A321-251NEO;VCP;REC;JPA;2025-12-08 20:34:06.720;TSRA;NSW
2025-12-08 20:30:00.000;2539;A320-251NEO;CNF;REC;JPA;2025-12-08 20:44:06.720;TSRA;NSW
2025-12-08 20:35:00.000;4161;ERJ;THE;REC;JPA;2025-12-08 20:49:06.720;TSRA;NSW
2026-02-06 19:15:00.000;2767;ATR72-600;AJU;REC;JPA;2026-02-06 19:34:36.000;TSRA;-RA
2026-02-06 19:30:00.000;4286;A320-251NEO;GIG;REC;JPA;2026-02-06 19:44:06.720;TSRA;-RA
2026-02-06 19:35:00.000;2805;A321-251NEO;VCP;REC;JPA;2026-02-06 19:49:06.720;TSRA;-RA
2026-02-06 19:35:00.000;2959;A321-251NEO;GRU;REC;JPA;2026-02-06 19:49:06.720;TSRA;-RA
2026-02-06 19:40:00.000;4091;ERJ;FEN;REC;JPA;2026-02-06 19:54:06.720;TSRA;-RA
2026-02-06 19:50:00.000;4291;A320-251NEO;VCP;NAT;JPA;2026-02-06 20:10:44.160;TSRA;NSW
2026-02-06 20:00:00.000;9009;ERJ;FOR;REC;JPA;2026-02-06 20:14:06.720;TSRA;NSW
2026-02-06 20:00:00.000;4017;A320-251NEO;SLZ;REC;JPA;2026-02-06 20:14:06.720;TSRA;NSW
2026-02-06 19:55:00.000;2834;ATR72-600;JPA;REC;JPA;2026-02-06 20:14:36.000;TSRA;NSW
2026-02-06 20:10:00.000;2764;A320-251NEO;GRU;REC;JPA;2026-02-06 20:24:06.720;TSRA;NSW
2026-02-06 20:15:00.000;9231;A320-253NEO;MAO;REC;JPA;2026-02-06 20:29:06.720;TSRA;NSW
2026-02-06 20:20:00.000;2810;A321-251NEO;VCP;REC;JPA;2026-02-06 20:34:06.720;TSRA;NSW
2026-02-06 20:25:00.000;4161;ERJ;THE;REC;JPA;2026-02-06 20:39:06.720;TSRA;NSW
2026-02-06 20:30:00.000;2539;A320-251NEO;CNF;REC;JPA;2026-02-06 20:44:06.720;TSRA;NSW
2026-02-08 11:00:00.000;4232;A321-251NEO;GRU;REC;JPA;2026-02-08 11:14:06.720;TSRA;NSW
2026-02-08 11:05:00.000;4284;A320-253NEO;GYN;REC;JPA;2026-02-08 11:19:06.720;TSRA;NSW
2026-02-08 11:25:00.000;2801;A320-251NEO;CNF;REC;JPA;2026-02-08 11:39:06.720;TSRA;NSW
2026-02-08 11:45:00.000;4987;A320-251NEO;BEL;REC;JPA;2026-02-08 11:59:06.720;TSRA;NSW
2026-02-08 16:20:00.000;4566;ATR72-600;REC;CPV;JPA;2026-02-08 16:38:56.000;TSRA;NSW
2026-02-08 17:20:00.000;4431;A320-253NEO;BSB;REC;JPA;2026-02-08 17:34:06.720;TSRA;NSW
2026-02-08 17:30:00.000;2692;ATR72-600;CPV;REC;JPA;2026-02-08 17:49:36.000;TSRA;NSW
2026-02-08 17:45:00.000;2641;A320-253NEO;GIG;REC;JPA;2026-02-08 17:59:06.720;TSRA;NSW
2026-03-03 18:10:00.000;4851;ERJ;CNF;CPV;JPA;2026-03-03 18:23:37.920;TS;NSW
2026-03-03 18:20:00.000;2459;ERJ;FEN;REC;JPA;2026-03-03 18:34:06.720;TS;NSW
2026-03-03 18:20:00.000;4890;A320-251NEO;CNF;REC;JPA;2026-03-03 18:34:06.720;TS;NSW
2026-03-03 18:40:00.000;4269;A320-251NEO;CGH;REC;JPA;2026-03-03 18:54:06.720;TS;NSW
2026-03-03 18:40:00.000;4997;ERJ;SSA;REC;JPA;2026-03-03 18:54:06.720;TS;NSW
2026-03-03 19:05:00.000;2767;ATR72-600;AJU;REC;JPA;2026-03-03 19:24:36.000;TS;NSW
2026-03-03 19:25:00.000;4286;A320-251NEO;GIG;REC;JPA;2026-03-03 19:39:06.720;TS;NSW
2026-03-03 19:25:00.000;4161;A320-251NEO;THE;REC;JPA;2026-03-03 19:39:06.720;TS;NSW
2026-03-03 19:35:00.000;2805;A321-251NEO;VCP;REC;JPA;2026-03-03 19:49:06.720;TS;NSW
2026-03-03 19:40:00.000;4091;ERJ;FEN;REC;JPA;2026-03-03 19:54:06.720;TS;NSW
2026-03-03 19:45:00.000;2959;A321-251NEO;GRU;REC;JPA;2026-03-03 19:59:06.720;TS;NSW
2026-03-03 19:50:00.000;2834;ATR72-600;JPA;REC;JPA;2026-03-03 20:09:36.000;TS;NSW
2026-03-03 19:50:00.000;4291;A320-253NEO;VCP;NAT;JPA;2026-03-03 20:10:44.160;TS;NSW
2026-03-03 20:10:00.000;2725;ERJ;FOR;REC;JPA;2026-03-03 20:24:06.720;TS;NSW
2026-03-03 20:15:00.000;2764;A320-251NEO;GRU;REC;JPA;2026-03-03 20:29:06.720;TS;NSW
2026-03-03 20:30:00.000;2810;A321-251NEO;VCP;REC;JPA;2026-03-03 20:44:06.720;TS;NSW
2026-03-03 20:30:00.000;4017;A320-251NEO;SLZ;REC;JPA;2026-03-03 20:44:06.720;TS;NSW
2026-03-03 20:30:00.000;2539;A320-251NEO;CNF;REC;JPA;2026-03-03 20:44:06.720;TS;NSW
2026-03-05 16:15:00.000;4566;ATR72-600;REC;CPV;JPA;2026-03-05 16:33:56.000;TSRA;RA
2026-03-05 17:20:00.000;4431;A320-253NEO;BSB;REC;JPA;2026-03-05 17:34:06.720;TSRA;VCSH
2026-03-05 17:25:00.000;2692;ATR72-600;CPV;REC;JPA;2026-03-05 17:44:36.000;TSRA;VCSH
2026-03-05 17:35:00.000;2775;A320-251NEO;GYN;REC;JPA;2026-03-05 17:49:06.720;TSRA;VCSH
2026-03-05 17:45:00.000;2641;A320-253NEO;GIG;REC;JPA;2026-03-05 17:59:06.720;TSRA;VCSH
2026-03-05 18:10:00.000;4851;ERJ;CNF;CPV;JPA;2026-03-05 18:23:37.920;TSRA;-RA
2026-03-05 18:20:00.000;2459;ERJ;FEN;REC;JPA;2026-03-05 18:34:06.720;TSRA;-RA
2026-03-05 18:20:00.000;4890;A320-253NEO;CNF;REC;JPA;2026-03-05 18:34:06.720;TSRA;-RA
2026-03-05 18:40:00.000;4269;A320-251NEO;CGH;REC;JPA;2026-03-05 18:54:06.720;TSRA;-RA
2026-03-05 18:40:00.000;4997;ERJ;SSA;REC;JPA;2026-03-05 18:54:06.720;TSRA;-RA
2026-03-05 19:05:00.000;2767;ATR72-600;AJU;REC;JPA;2026-03-05 19:24:36.000;TSRA;NSW
2026-03-05 19:25:00.000;4286;A320-251NEO;GIG;REC;JPA;2026-03-05 19:39:06.720;TSRA;NSW
2026-03-05 19:25:00.000;4161;A320-251NEO;THE;REC;JPA;2026-03-05 19:39:06.720;TSRA;NSW
2026-03-05 19:35:00.000;2805;A321-251NEO;VCP;REC;JPA;2026-03-05 19:49:06.720;TSRA;NSW
2026-03-05 19:40:00.000;4091;ERJ;FEN;REC;JPA;2026-03-05 19:54:06.720;TSRA;NSW
2026-03-05 19:45:00.000;2959;A321-251NEO;GRU;REC;JPA;2026-03-05 19:59:06.720;TSRA;NSW
2026-03-05 19:50:00.000;2834;ATR72-600;JPA;REC;JPA;2026-03-05 20:09:36.000;TSRA;NSW
2026-03-05 19:50:00.000;4291;A320-251NEO;VCP;NAT;JPA;2026-03-05 20:10:44.160;TSRA;NSW
2026-03-05 20:10:00.000;2725;ERJ;FOR;REC;JPA;2026-03-05 20:24:06.720;TSRA;NSW
2026-03-05 20:15:00.000;2764;A320-251NEO;GRU;REC;JPA;2026-03-05 20:29:06.720;TSRA;NSW
2026-03-05 20:30:00.000;2810;A321-251NEO;VCP;REC;JPA;2026-03-05 20:44:06.720;TSRA;NSW
2026-03-05 20:30:00.000;4017;A320-251NEO;SLZ;REC;JPA;2026-03-05 20:44:06.720;TSRA;NSW
2026-03-05 20:30:00.000;2539;A320-251NEO;CNF;REC;JPA;2026-03-05 20:44:06.720;TSRA;NSW
2026-04-01 18:25:00.000;4269;A320-251NEO;CGH;REC;JPA;2026-04-01 18:39:06.720;TSRA;NSW
2026-04-01 18:25:00.000;2539;A320-251NEO;CNF;REC;JPA;2026-04-01 18:39:06.720;TSRA;NSW
2026-04-01 18:50:00.000;2418;ERJ;FEN;REC;JPA;2026-04-01 19:04:06.720;TSRA;-RA
2026-04-01 19:10:00.000;2767;ATR72-600;AJU;REC;JPA;2026-04-01 19:29:36.000;TSRA;-RA
2026-04-01 19:25:00.000;2805;A321-251NEO;VCP;REC;JPA;2026-04-01 19:39:06.720;TSRA;-RA
2026-04-01 19:40:00.000;2959;A321-251NEO;GRU;REC;JPA;2026-04-01 19:54:06.720;TSRA;-RA
2026-04-01 19:45:00.000;4091;ERJ;FEN;REC;JPA;2026-04-01 19:59:06.720;TSRA;-RA
2026-04-01 19:45:00.000;4161;A320-253NEO;THE;REC;JPA;2026-04-01 19:59:06.720;TSRA;-RA
2026-04-01 19:50:00.000;4997;ERJ;SSA;REC;JPA;2026-04-01 20:04:06.720;TSRA;NSW
2026-04-01 19:50:00.000;2834;ATR72-600;JPA;REC;JPA;2026-04-01 20:09:36.000;TSRA;NSW
2026-04-01 19:50:00.000;4291;A320-251NEO;VCP;NAT;JPA;2026-04-01 20:10:44.160;TSRA;NSW
2026-04-01 20:15:00.000;2764;A320-253NEO;GRU;REC;JPA;2026-04-01 20:29:06.720;TSRA;NSW
2026-04-01 20:25:00.000;2810;A321-251NEO;VCP;REC;JPA;2026-04-01 20:39:06.720;TSRA;NSW
2026-04-01 20:50:00.000;4017;A320-253NEO;SLZ;REC;JPA;2026-04-01 21:04:06.720;TSRA;-RA
2026-04-01 21:35:00.000;2787;A320-251NEO;GIG;REC;JPA;2026-04-01 21:49:06.720;TSRA;-RA
2026-04-01 22:00:00.000;2685;ATR72-600;REC;NAT;JPA;2026-04-01 22:28:48.000;TSRA;NSW
2026-04-01 22:30:00.000;8761;ERJ;MVD;REC;JPA;2026-04-01 22:44:06.720;TSRA;NSW
2026-04-01 22:45:00.000;2652;A321-251NEO;GIG;REC;JPA;2026-04-01 22:59:06.720;TSRA;NSW
2026-04-01 22:45:00.000;6084;ERJ;CGH;REC;JPA;2026-04-01 22:59:06.720;TSRA;NSW
2026-04-01 22:45:00.000;4344;ATR72-600;MCZ;REC;JPA;2026-04-01 23:04:36.000;TSRA;NSW
2026-04-01 23:25:00.000;4433;A320-253NEO;BEL;REC;JPA;2026-04-01 23:39:06.720;TSRA;NSW
2026-04-01 23:35:00.000;4243;A320-253NEO;CGH;REC;JPA;2026-04-01 23:49:06.720;TSRA;NSW
2026-04-01 23:30:00.000;2684;ATR72-600;NAT;REC;JPA;2026-04-01 23:49:36.000;TSRA;NSW
2026-04-01 23:45:00.000;5034;ERJ;SSA;REC;JPA;2026-04-01 23:59:06.720;TSRA;NSW
2026-04-06 19:50:00.000;4997;ERJ;SSA;REC;JPA;2026-04-06 20:04:06.720;TSRA;NSW
2026-04-06 19:50:00.000;2834;ATR72-600;JPA;REC;JPA;2026-04-06 20:09:36.000;TSRA;NSW
2026-04-06 19:50:00.000;4291;A320-251NEO;VCP;NAT;JPA;2026-04-06 20:10:44.160;TSRA;NSW
2026-04-06 20:15:00.000;2764;A320-251NEO;GRU;REC;JPA;2026-04-06 20:29:06.720;TSRA;NSW
2026-04-06 20:25:00.000;2810;A321-251NEO;VCP;REC;JPA;2026-04-06 20:39:06.720;TSRA;NSW
2026-04-06 20:25:00.000;2539;A320-253NEO;CNF;REC;JPA;2026-04-06 20:39:06.720;TSRA;NSW
2026-04-06 20:50:00.000;4017;A320-251NEO;SLZ;REC;JPA;2026-04-06 21:04:06.720;TSRA;-RA
2026-04-06 21:35:00.000;2787;A320-251NEO;GIG;REC;JPA;2026-04-06 21:49:06.720;TSRA;-RA
2026-04-06 22:00:00.000;2685;ATR72-600;REC;NAT;JPA;2026-04-06 22:28:48.000;TSRA;-RA
2026-04-06 22:45:00.000;2652;A321-251NEO;GIG;REC;JPA;2026-04-06 22:59:06.720;TSRA;-RA
2026-04-06 22:45:00.000;6084;ERJ;CGH;REC;JPA;2026-04-06 22:59:06.720;TSRA;-RA
2026-04-06 22:45:00.000;4344;ATR72-600;MCZ;REC;JPA;2026-04-06 23:04:36.000;TSRA;RA
2026-04-06 23:25:00.000;4433;A320-251NEO;BEL;REC;JPA;2026-04-06 23:39:06.720;TSRA;NSW
2026-04-06 23:35:00.000;4243;A320-251NEO;CGH;REC;JPA;2026-04-06 23:49:06.720;TSRA;NSW
2026-04-06 23:30:00.000;2684;ATR72-600;NAT;REC;JPA;2026-04-06 23:49:36.000;TSRA;NSW
2026-04-06 23:45:00.000;5034;ERJ;SSA;REC;JPA;2026-04-06 23:59:06.720;TSRA;NSW
2026-04-07 09:30:00.000;2913;ERJ;FOR;REC;JPA;2026-04-07 09:44:06.720;TSRA;-RA BR
2026-04-07 09:45:00.000;4360;A320-251NEO;SLZ;REC;JPA;2026-04-07 09:59:06.720;TSRA;-RA BR
2026-04-07 10:10:00.000;2730;ERJ;SSA;REC;JPA;2026-04-07 10:24:06.720;TSRA;-RA
2026-04-07 10:05:00.000;4995;ATR72-600;JDO;REC;JPA;2026-04-07 10:24:36.000;TSRA;-RA
2026-04-07 10:15:00.000;4310;A320-251NEO;VIX;REC;JPA;2026-04-07 10:29:06.720;TSRA;-RA
2026-04-07 10:25:00.000;2601;A321-251NEO;MAO;REC;JPA;2026-04-07 10:39:06.720;TSRA;-RA
2026-04-07 10:30:00.000;4647;A320-251NEO;BSB;REC;JPA;2026-04-07 10:44:06.720;TSRA;-RA
2026-04-07 11:50:00.000;4987;A320-253NEO;BEL;REC;JPA;2026-04-07 12:04:06.720;TSRA;NSW
2026-04-07 12:05:00.000;4079;A321-251NEO;VCP;REC;JPA;2026-04-07 12:19:06.720;TSRA;NSW
2026-04-07 12:05:00.000;2926;A320-251NEO;GIG;REC;JPA;2026-04-07 12:19:06.720;TSRA;NSW
2026-04-07 12:20:00.000;2682;ATR72-600;REC;NAT;JPA;2026-04-07 12:48:48.000;TSRA;NSW
2026-04-07 13:30:00.000;2617;A320-251NEO;BSB;REC;JPA;2026-04-07 13:44:06.720;TSRA;NSW
2026-04-07 13:35:00.000;2423;A320-251NEO;CNF;NAT;JPA;2026-04-07 13:55:44.160;TSRA;NSW
2026-04-07 13:50:00.000;5089;A320-251NEO;CNF;REC;JPA;2026-04-07 14:04:06.720;TSRA;NSW
2026-04-07 13:50:00.000;4038;ATR72-600;NAT;REC;JPA;2026-04-07 14:09:36.000;TSRA;NSW
2026-04-07 13:55:00.000;4557;ATR72-600;MCZ;REC;JPA;2026-04-07 14:14:36.000;TSRA;NSW
2026-04-07 14:15:00.000;2744;A321-251NEO;GRU;REC;JPA;2026-04-07 14:29:06.720;TSRA;NSW
2026-04-07 14:20:00.000;2438;A320-253NEO;UDI;REC;JPA;2026-04-07 14:34:06.720;TSRA;NSW
2026-04-07 14:35:00.000;4299;ERJ;PNZ;REC;JPA;2026-04-07 14:49:06.720;TSRA;NSW
2026-04-07 14:40:00.000;4656;A320-251NEO;FOR;REC;JPA;2026-04-07 14:54:06.720;TSRA;NSW
2026-04-07 14:45:00.000;4151;ERJ;POA;REC;JPA;2026-04-07 14:59:06.720;TSRA;NSW
2026-04-07 14:50:00.000;2840;ERJ;SSA;REC;JPA;2026-04-07 15:04:06.720;TSRA;NSW
2026-04-07 14:55:00.000;2922;A321-251NEO;VCP;REC;JPA;2026-04-07 15:09:06.720;TSRA;NSW
2026-04-07 15:00:00.000;4004;A320-251NEO;CGH;REC;JPA;2026-04-07 15:14:06.720;TSRA;NSW
2026-04-08 13:50:00.000;5089;A320-251NEO;CNF;REC;JPA;2026-04-08 14:04:06.720;TSRA;NSW
2026-04-08 13:50:00.000;4038;ATR72-600;NAT;REC;JPA;2026-04-08 14:09:36.000;TSRA;NSW
2026-04-08 13:55:00.000;4557;ATR72-600;MCZ;REC;JPA;2026-04-08 14:14:36.000;TSRA;NSW
2026-04-08 14:15:00.000;2744;A321-251NEO;GRU;REC;JPA;2026-04-08 14:29:06.720;TSRA;NSW
2026-04-08 14:20:00.000;4719;ERJ;FEN;REC;JPA;2026-04-08 14:34:06.720;TSRA;-RA
2026-04-08 14:35:00.000;4299;ERJ;PNZ;REC;JPA;2026-04-08 14:49:06.720;TSRA;-RA
2026-04-08 14:45:00.000;4656;A320-251NEO;FOR;REC;JPA;2026-04-08 14:59:06.720;TSRA;-RA
2026-04-08 14:45:00.000;4151;ERJ;POA;REC;JPA;2026-04-08 14:59:06.720;TSRA;-RA
2026-04-08 14:55:00.000;2922;A321-251NEO;VCP;REC;JPA;2026-04-08 15:09:06.720;TSRA;RA BR
2026-04-08 15:00:00.000;4004;A320-251NEO;CGH;REC;JPA;2026-04-08 15:14:06.720;TSRA;RA BR
2026-04-08 17:20:00.000;4431;A320-251NEO;BSB;REC;JPA;2026-04-08 17:34:06.720;TSRA;-RA BR
2026-04-08 17:25:00.000;2692;ATR72-600;CPV;REC;JPA;2026-04-08 17:44:36.000;TSRA;-RA BR
2026-04-08 17:40:00.000;2775;A320-251NEO;GYN;REC;JPA;2026-04-08 17:54:06.720;TSRA;-RA BR
2026-04-08 17:45:00.000;2641;A320-251NEO;GIG;REC;JPA;2026-04-08 17:59:06.720;TSRA;-RA BR
2026-04-09 16:15:00.000;4566;ATR72-600;REC;CPV;JPA;2026-04-09 16:33:56.000;TSRA;NSW
2026-04-09 17:20:00.000;4431;A320-251NEO;BSB;REC;JPA;2026-04-09 17:34:06.720;TSRA;NSW
2026-04-09 17:25:00.000;2692;ATR72-600;CPV;REC;JPA;2026-04-09 17:44:36.000;TSRA;NSW
2026-04-09 17:40:00.000;2775;A320-251NEO;GYN;REC;JPA;2026-04-09 17:54:06.720;TSRA;NSW
2026-04-09 17:45:00.000;2641;A320-251NEO;GIG;REC;JPA;2026-04-09 17:59:06.720;TSRA;NSW
2026-04-12 19:00:00.000;4269;A320-251NEO;CGH;REC;JPA;2026-04-12 19:14:06.720;TSRA;RA
2026-04-12 19:10:00.000;2767;ATR72-600;AJU;REC;JPA;2026-04-12 19:29:36.000;TSRA;RA
2026-04-12 19:20:00.000;2539;A320-253NEO;CNF;REC;JPA;2026-04-12 19:34:06.720;TSRA;RA
2026-04-12 19:25:00.000;2805;A321-251NEO;VCP;REC;JPA;2026-04-12 19:39:06.720;TSRA;RA
2026-04-12 19:35:00.000;2959;A321-251NEO;GRU;REC;JPA;2026-04-12 19:49:06.720;TSRA;RA
2026-04-12 19:40:00.000;4161;ERJ;THE;REC;JPA;2026-04-12 19:54:06.720;TSRA;RA
2026-04-12 19:45:00.000;4091;ERJ;FEN;REC;JPA;2026-04-12 19:59:06.720;TSRA;RA
2026-04-12 19:50:00.000;2834;ATR72-600;JPA;REC;JPA;2026-04-12 20:09:36.000;TSRA;-RA
2026-04-12 20:15:00.000;2764;A320-251NEO;GRU;REC;JPA;2026-04-12 20:29:06.720;TSRA;-RA
2026-04-12 20:25:00.000;2810;A321-251NEO;VCP;REC;JPA;2026-04-12 20:39:06.720;TSRA;-RA
2026-04-12 20:35:00.000;2791;A320-251NEO;GYN;REC;JPA;2026-04-12 20:49:06.720;TSRA;-RA
2026-04-13 09:45:00.000;4360;A320-251NEO;SLZ;REC;JPA;2026-04-13 09:59:06.720;TSRA;NSW
2026-04-13 09:55:00.000;2913;ERJ;FOR;REC;JPA;2026-04-13 10:09:06.720;TSRA;NSW
2026-04-13 10:05:00.000;4995;ATR72-600;JDO;REC;JPA;2026-04-13 10:24:36.000;TSRA;NSW
2026-04-13 10:15:00.000;4310;A320-251NEO;VIX;REC;JPA;2026-04-13 10:29:06.720;TSRA;NSW
2026-04-13 10:20:00.000;2730;ERJ;SSA;REC;JPA;2026-04-13 10:34:06.720;TSRA;NSW
2026-04-13 10:25:00.000;2601;A321-251NEO;MAO;REC;JPA;2026-04-13 10:39:06.720;TSRA;NSW
2026-04-13 10:30:00.000;4647;A320-251NEO;BSB;REC;JPA;2026-04-13 10:44:06.720;TSRA;NSW
2026-04-13 11:50:00.000;4987;A320-251NEO;BEL;REC;JPA;2026-04-13 12:04:06.720;TS;NSW
2026-04-13 12:05:00.000;4079;A321-251NEO;VCP;REC;JPA;2026-04-13 12:19:06.720;TS;NSW
2026-04-13 12:05:00.000;2926;A320-251NEO;GIG;REC;JPA;2026-04-13 12:19:06.720;TS;NSW
2026-04-13 12:15:00.000;4232;A321-251NEO;BPS;REC;JPA;2026-04-13 12:29:06.720;TS;NSW
2026-04-13 12:20:00.000;2682;ATR72-600;REC;NAT;JPA;2026-04-13 12:48:48.000;TS;NSW
2026-04-13 13:30:00.000;2617;A320-251NEO;BSB;REC;JPA;2026-04-13 13:44:06.720;TS;-RA
2026-04-13 13:35:00.000;2423;A320-251NEO;CNF;NAT;JPA;2026-04-13 13:55:44.160;TS;-RA
2026-04-23 18:10:00.000;4851;ERJ;CNF;CPV;JPA;2026-04-23 18:23:37.920;TSRA;NSW
2026-04-23 18:20:00.000;4890;A320-251NEO;CNF;REC;JPA;2026-04-23 18:34:06.720;TSRA;NSW
2026-04-23 18:25:00.000;4269;A320-251NEO;CGH;REC;JPA;2026-04-23 18:39:06.720;TSRA;NSW
2026-04-23 18:50:00.000;2418;ERJ;FEN;REC;JPA;2026-04-23 19:04:06.720;TSRA;NSW
2026-04-23 19:10:00.000;2767;ATR72-600;AJU;REC;JPA;2026-04-23 19:29:36.000;TSRA;NSW
2026-04-23 19:25:00.000;2805;A321-251NEO;VCP;REC;JPA;2026-04-23 19:39:06.720;TSRA;NSW
2026-04-23 19:40:00.000;2959;A321-251NEO;GRU;REC;JPA;2026-04-23 19:54:06.720;TSRA;-RA
2026-04-23 19:45:00.000;4091;ERJ;FEN;REC;JPA;2026-04-23 19:59:06.720;TSRA;-RA
2026-04-23 19:45:00.000;4161;ERJ;THE;REC;JPA;2026-04-23 19:59:06.720;TSRA;-RA
2026-04-23 19:50:00.000;4997;ERJ;SSA;REC;JPA;2026-04-23 20:04:06.720;TSRA;-RA
2026-04-23 19:50:00.000;2834;ATR72-600;JPA;REC;JPA;2026-04-23 20:09:36.000;TSRA;-RA
2026-04-23 19:50:00.000;4291;A320-251NEO;VCP;NAT;JPA;2026-04-23 20:10:44.160;TSRA;-RA
2026-04-23 20:15:00.000;2764;A320-253NEO;GRU;REC;JPA;2026-04-23 20:29:06.720;TSRA;-RA
2026-04-23 20:25:00.000;2810;A321-251NEO;VCP;REC;JPA;2026-04-23 20:39:06.720;TSRA;-RA
2026-04-23 20:25:00.000;2539;A320-253NEO;CNF;REC;JPA;2026-04-23 20:39:06.720;TSRA;-RA
2026-04-23 20:50:00.000;4017;A320-251NEO;SLZ;REC;JPA;2026-04-23 21:04:06.720;TSRA;NSW
2026-04-23 21:35:00.000;2787;A320-251NEO;GIG;REC;JPA;2026-04-23 21:49:06.720;TSRA;NSW
2026-04-23 22:00:00.000;2685;ATR72-600;REC;NAT;JPA;2026-04-23 22:28:48.000;TSRA;NSW
2026-04-23 22:40:00.000;2764;A320-253NEO;MCZ;REC;JPA;2026-04-23 22:54:06.720;TSRA;NSW
2026-04-23 22:45:00.000;2652;A321-251NEO;GIG;REC;JPA;2026-04-23 22:59:06.720;TSRA;NSW
2026-04-23 22:45:00.000;6084;ERJ;CGH;REC;JPA;2026-04-23 22:59:06.720;TSRA;NSW
2026-04-23 22:45:00.000;4344;ATR72-600;MCZ;REC;JPA;2026-04-23 23:04:36.000;TSRA;NSW
2026-04-23 23:25:00.000;4433;A320-253NEO;BEL;REC;JPA;2026-04-23 23:39:06.720;TSRA;NSW
2026-04-23 23:35:00.000;4243;A320-251NEO;CGH;REC;JPA;2026-04-23 23:49:06.720;TSRA;NSW
2026-04-23 23:30:00.000;2684;ATR72-600;NAT;REC;JPA;2026-04-23 23:49:36.000;TSRA;NSW
2026-04-23 23:45:00.000;5034;ERJ;SSA;REC;JPA;2026-04-23 23:59:06.720;TSRA;NSW
2026-04-24 00:00:00.000;4036;ERJ;FOR;REC;JPA;2026-04-24 00:14:06.720;TSRA;-RA
2026-04-24 00:15:00.000;4400;A321-251NEO;VCP;REC;JPA;2026-04-24 00:29:06.720;TSRA;-RA
2026-04-24 00:10:00.000;4331;ATR72-600;AJU;REC;JPA;2026-04-24 00:29:36.000;TSRA;-RA
2026-04-24 00:25:00.000;4107;A320-251NEO;BSB;REC;JPA;2026-04-24 00:39:06.720;TSRA;-RA
2026-04-24 00:25:00.000;2791;A320-251NEO;GYN;REC;JPA;2026-04-24 00:39:06.720;TSRA;-RA
2026-04-24 00:45:00.000;2625;A320-251NEO;CNF;REC;JPA;2026-04-24 00:59:06.720;TSRA;-RA
2026-04-24 03:25:00.000;2789;ERJ;THE;REC;JPA;2026-04-24 03:39:06.720;TSRA;NSW
2026-04-24 03:45:00.000;4078;A320-251NEO;GYN;REC;JPA;2026-04-24 03:59:06.720;TSRA;NSW
2026-04-24 04:00:00.000;4662;A320-251NEO;CGH;REC;JPA;2026-04-24 04:14:06.720;TSRA;NSW
2026-04-24 04:05:00.000;4092;A321-251NEO;VCP;REC;JPA;2026-04-24 04:19:06.720;TSRA;NSW
2026-04-24 04:20:00.000;4049;A320-253NEO;GIG;REC;JPA;2026-04-24 04:34:06.720;TSRA;NSW
2026-04-24 04:30:00.000;4604;A320-251NEO;CNF;REC;JPA;2026-04-24 04:44:06.720;TSRA;NSW
2026-04-24 04:30:00.000;2845;ERJ;SSA;REC;JPA;2026-04-24 04:44:06.720;TSRA;NSW
2026-04-24 04:50:00.000;2871;ERJ;FOR;REC;JPA;2026-04-24 05:04:06.720;TSRA;SHRA
2026-04-24 05:00:00.000;4000;A320-251NEO;CNF;NAT;JPA;2026-04-24 05:20:44.160;TSRA;SHRA
2026-04-24 05:10:00.000;2770;A320-253NEO;POA;REC;JPA;2026-04-24 05:24:06.720;TSRA;SHRA
2026-05-01 03:25:00.000;2789;ERJ;THE;REC;JPA;2026-05-01 03:39:06.720;TSRA;RA
2026-05-01 03:45:00.000;4078;A320-251NEO;GYN;REC;JPA;2026-05-01 03:59:06.720;TSRA;RA
2026-05-01 04:00:00.000;4662;A320-251NEO;CGH;REC;JPA;2026-05-01 04:14:06.720;TSRA;NSW
2026-05-01 03:55:00.000;2202;ERJ;CGH;NAT;JPA;2026-05-01 04:15:44.160;TSRA;NSW
2026-05-01 04:05:00.000;4092;A321-251NEO;VCP;REC;JPA;2026-05-01 04:19:06.720;TSRA;NSW
2026-05-01 04:20:00.000;4049;A320-251NEO;GIG;REC;JPA;2026-05-01 04:34:06.720;TSRA;NSW
2026-05-01 04:30:00.000;4604;A320-253NEO;CNF;REC;JPA;2026-05-01 04:44:06.720;TSRA;NSW
2026-05-01 04:30:00.000;2845;ERJ;SSA;REC;JPA;2026-05-01 04:44:06.720;TSRA;NSW
2026-05-01 04:40:00.000;4998;ATR72-600;JDO;REC;JPA;2026-05-01 04:59:36.000;TSRA;NSW
2026-05-01 04:50:00.000;2871;ERJ;FOR;REC;JPA;2026-05-01 05:04:06.720;TSRA;-RA
2026-05-01 05:00:00.000;4000;A320-251NEO;CNF;NAT;JPA;2026-05-01 05:20:44.160;TSRA;-RA
2026-05-01 05:10:00.000;2770;A320-251NEO;POA;REC;JPA;2026-05-01 05:24:06.720;TSRA;-RA
2026-05-01 05:15:00.000;4152;A321-251NEO;GRU;REC;JPA;2026-05-01 05:29:06.720;TSRA;-RA
2026-05-01 05:45:00.000;9094;A320-251NEO;VCP;NAT;JPA;2026-05-01 06:05:44.160;TSRA;-RA
2026-05-01 09:45:00.000;4360;A320-253NEO;SLZ;REC;JPA;2026-05-01 09:59:06.720;TSRA;-RA
2026-05-01 09:55:00.000;2913;A320-251NEO;FOR;REC;JPA;2026-05-01 10:09:06.720;TSRA;-RA
2026-05-01 10:10:00.000;2730;ERJ;SSA;REC;JPA;2026-05-01 10:24:06.720;TSRA;-RA
2026-05-01 10:05:00.000;4995;ATR72-600;JDO;REC;JPA;2026-05-01 10:24:36.000;TSRA;-RA
2026-05-01 10:15:00.000;4310;A320-251NEO;VIX;REC;JPA;2026-05-01 10:29:06.720;TSRA;-RA
2026-05-01 10:25:00.000;2601;A321-251NEO;MAO;REC;JPA;2026-05-01 10:39:06.720;TSRA;-RA
2026-05-01 10:35:00.000;4647;A320-253NEO;BSB;REC;JPA;2026-05-01 10:49:06.720;TSRA;-RA
2026-05-01 11:00:00.000;4232;A321-251NEO;GRU;REC;JPA;2026-05-01 11:14:06.720;TSRA;-RA
2026-05-05 00:00:00.000;4036;ERJ;FOR;REC;JPA;2026-05-05 00:14:06.720;TSRA;NSW
2026-05-05 00:15:00.000;4400;A321-251NEO;VCP;REC;JPA;2026-05-05 00:29:06.720;TSRA;NSW
2026-05-05 00:10:00.000;4331;ATR72-600;AJU;REC;JPA;2026-05-05 00:29:36.000;TSRA;NSW
2026-05-05 00:50:00.000;2625;A320-251NEO;CNF;REC;JPA;2026-05-05 01:04:06.720;TSRA;NSW
2026-05-05 04:00:00.000;4662;A320-251NEO;CGH;REC;JPA;2026-05-05 04:14:06.720;TSRA;RA
2026-05-05 04:30:00.000;4604;A320-253NEO;CNF;REC;JPA;2026-05-05 04:44:06.720;TSRA;RA
2026-05-05 04:30:00.000;2845;ERJ;SSA;REC;JPA;2026-05-05 04:44:06.720;TSRA;RA
2026-05-05 04:40:00.000;4998;ATR72-600;JDO;REC;JPA;2026-05-05 04:59:36.000;TSRA;RA
2026-05-05 04:50:00.000;2871;ERJ;FOR;REC;JPA;2026-05-05 05:04:06.720;TSRA;RA
2026-05-05 05:05:00.000;4049;A320-251NEO;GIG;REC;JPA;2026-05-05 05:19:06.720;TSRA;RA
2026-05-05 05:05:00.000;4152;A321-251NEO;GRU;REC;JPA;2026-05-05 05:19:06.720;TSRA;RA
2026-05-05 05:00:00.000;4000;A320-251NEO;CNF;NAT;JPA;2026-05-05 05:20:44.160;TSRA;RA
2025-10-18 13:30:00.000;2412;A320-251NEO;BPS;RAO;JTC;2025-10-18 13:52:48.000;TS;NSW
2025-10-18 17:40:00.000;2437;A320-251NEO;NAT;RAO;JTC;2025-10-18 18:02:48.000;TSRA BR;-DZ
2025-10-18 19:50:00.000;2205;A320-251NEO;BPS;RAO;JTC;2025-10-18 20:12:48.000;TSRA BR;NSW
2025-10-18 21:30:00.000;2918;ATR72-600;VCP;MII;JTC;2025-10-18 21:45:54.000;TSRA BR;NSW
2025-10-18 22:10:00.000;2503;A320-251NEO;REC;RAO;JTC;2025-10-18 22:32:48.000;TSRA BR;NSW
2025-10-28 21:10:00.000;2918;ATR72-600;VCP;MII;JTC;2025-10-28 21:25:54.000;TSRA;NSW
2025-11-02 18:50:00.000;2412;A320-253NEO;BPS;RAO;JTC;2025-11-02 19:12:48.000;TSRA;NSW
2025-11-03 21:05:00.000;2918;ATR72-600;VCP;MII;JTC;2025-11-03 21:20:54.000;TSRA;NSW
2025-11-04 21:05:00.000;2918;ATR72-600;VCP;MII;JTC;2025-11-04 21:20:54.000;TS;NSW
2025-11-13 21:05:00.000;2918;ATR72-600;VCP;MII;JTC;2025-11-13 21:20:54.000;TSRA;NSW
2025-11-17 21:05:00.000;2918;ATR72-600;VCP;MII;JTC;2025-11-17 21:20:54.000;TSRA BR;NSW
2025-11-24 21:05:00.000;2918;ATR72-600;VCP;MII;JTC;2025-11-24 21:20:54.000;TSRA;NSW
2025-12-02 21:05:00.000;2918;ATR72-600;VCP;MII;JTC;2025-12-02 21:20:54.000;TSRA;NSW
2025-12-07 22:10:00.000;2503;A320-251NEO;REC;RAO;JTC;2025-12-07 22:32:48.000;TSRA;NSW
2025-12-14 17:00:00.000;2488;A320-251NEO;MCZ;RAO;JTC;2025-12-14 17:22:48.000;TSRA BR;-RA
2025-12-15 20:25:00.000;2444;A320-251NEO;SSA;RAO;JTC;2025-12-15 20:47:48.000;TS;NSW
2025-12-15 21:35:00.000;2918;ATR72-600;VCP;MII;JTC;2025-12-15 21:50:54.000;TS;NSW
2026-01-01 18:30:00.000;2332;A320-253NEO;NAT;RAO;JTC;2026-01-01 18:52:48.000;TSRA BR;NSW
2026-01-02 20:25:00.000;2444;A320-251NEO;SSA;RAO;JTC;2026-01-02 20:47:48.000;TSRA BR;-RA
2026-01-02 21:35:00.000;2918;ATR72-600;VCP;MII;JTC;2026-01-02 21:50:54.000;TSRA BR;-RA
2026-01-03 17:40:00.000;2437;A320-251NEO;NAT;RAO;JTC;2026-01-03 18:02:48.000;TSRA;NSW
2026-01-10 17:40:00.000;2437;A320-251NEO;NAT;RAO;JTC;2026-01-10 18:02:48.000;TSRA;NSW
2026-01-10 22:10:00.000;2503;A320-251NEO;REC;RAO;JTC;2026-01-10 22:32:48.000;TSRA;NSW
2026-01-12 20:25:00.000;2444;A320-251NEO;SSA;RAO;JTC;2026-01-12 20:47:48.000;TSRA;NSW
2026-01-12 21:35:00.000;2918;ATR72-600;VCP;MII;JTC;2026-01-12 21:50:54.000;TSRA;NSW
2026-01-13 21:35:00.000;2918;ATR72-600;VCP;MII;JTC;2026-01-13 21:50:54.000;TSRA;NSW
2026-01-16 20:25:00.000;2444;A320-251NEO;SSA;RAO;JTC;2026-01-16 20:47:48.000;TSRA;-RA
2026-01-19 20:25:00.000;2444;A320-251NEO;SSA;RAO;JTC;2026-01-19 20:47:48.000;TS;VCSH
2026-01-29 21:35:00.000;2918;ATR72-600;VCP;MII;JTC;2026-01-29 21:50:54.000;TSRA;NSW
2026-01-31 17:40:00.000;2437;A320-253NEO;NAT;RAO;JTC;2026-01-31 18:02:48.000;TSRA;VCSH
2026-02-02 21:35:00.000;2918;ATR72-600;VCP;MII;JTC;2026-02-02 21:50:54.000;TSRA;NSW
2026-02-08 18:50:00.000;2412;A320-251NEO;BPS;RAO;JTC;2026-02-08 19:12:48.000;TS;NSW
2026-02-08 21:35:00.000;2918;ATR72-600;VCP;MII;JTC;2026-02-08 21:50:54.000;TS;NSW
2026-02-08 22:20:00.000;2503;A320-253NEO;REC;RAO;JTC;2026-02-08 22:42:48.000;TS;-RA
2026-02-11 21:35:00.000;2918;ATR72-600;VCP;MII;JTC;2026-02-11 21:50:54.000;TSRA;NSW
2026-02-12 21:35:00.000;2918;ATR72-600;VCP;MII;JTC;2026-02-12 21:50:54.000;TSRA;NSW
2026-02-22 18:50:00.000;2412;A320-251NEO;BPS;RAO;JTC;2026-02-22 19:12:48.000;TSRA;NSW
2026-02-22 21:35:00.000;2918;ATR72-600;VCP;MII;JTC;2026-02-22 21:50:54.000;TSRA;NSW
2026-02-22 22:10:00.000;2503;A320-253NEO;REC;RAO;JTC;2026-02-22 22:32:48.000;TSRA;NSW
2026-02-23 21:25:00.000;2918;ATR72-600;VCP;MII;JTC;2026-02-23 21:40:54.000;TS;VCSH
2026-02-25 21:25:00.000;2918;ATR72-600;VCP;MII;JTC;2026-02-25 21:40:54.000;TSRA;-RA
2026-03-06 21:25:00.000;2918;ATR72-600;VCP;MII;JTC;2026-03-06 21:40:54.000;TSRA;NSW
2026-03-07 17:40:00.000;2437;A320-251NEO;NAT;RAO;JTC;2026-03-07 18:02:48.000;TSRA;NSW
2026-03-07 19:50:00.000;2220;A320-253NEO;BPS;RAO;JTC;2026-03-07 20:12:48.000;TSRA;NSW
2026-03-07 22:10:00.000;2503;A320-251NEO;REC;RAO;JTC;2026-03-07 22:32:48.000;TSRA;NSW
2026-06-14 18:50:00.000;2412;A320-251NEO;BPS;RAO;JTC;2026-06-14 19:12:48.000;TSRA BR;NSW
2026-06-14 22:10:00.000;2503;A320-253NEO;REC;RAO;JTC;2026-06-14 22:32:48.000;TSRA BR;NSW
2026-06-20 17:40:00.000;2437;A320-251NEO;NAT;RAO;JTC;2026-06-20 18:02:48.000;TSRA;NSW
2026-06-20 22:10:00.000;2503;A320-251NEO;REC;RAO;JTC;2026-06-20 22:32:48.000;TSRA;-RA
2026-07-24 18:00:00.000;2213;A320-251NEO;BPS;ARU;JTC;2026-07-24 18:23:19.680;TSRA BR;RA
2026-07-24 21:35:00.000;2918;ATR72-600;VCP;MII;JTC;2026-07-24 21:50:54.000;TSRA BR;-RA
2026-07-25 17:40:00.000;2437;A320-251NEO;NAT;RAO;JTC;2026-07-25 18:02:48.000;TSRA;NSW
2025-08-20 17:50:00.000;4063;ATR72-600;VCP;PPB;LDB;2025-08-20 18:13:50.000;TS;NSW
2025-08-20 18:00:00.000;2676;ATR72-600;VCP;MGF;LDB;2025-08-20 18:16:34.000;TS;NSW
2025-10-03 18:05:00.000;4063;ATR72-600;VCP;PPB;LDB;2025-10-03 18:28:50.000;TSRA;NSW
2025-10-03 22:05:00.000;2907;ATR72-600;VCP;MGF;LDB;2025-10-03 22:21:34.000;TSRA;NSW
2025-10-13 02:20:00.000;4190;ATR72-600;CWB;MGF;LDB;2025-10-13 02:36:34.000;TSRA BR;BR
2025-10-13 03:55:00.000;2716;ATR72-600;VCP;PPB;LDB;2025-10-13 04:18:50.000;TSRA BR;BR
2025-10-13 17:20:00.000;2720;ATR72-600;CWB;MGF;LDB;2025-10-13 17:36:34.000;TSRA;NSW
2025-10-18 17:50:00.000;4063;ATR72-600;VCP;PPB;LDB;2025-10-18 18:13:50.000;TSRA BR;NSW
2025-10-26 17:20:00.000;2720;ATR72-600;CWB;MGF;LDB;2025-10-26 17:36:34.000;TSRA;-RA
2025-10-26 17:35:00.000;4063;ATR72-600;VCP;PPB;LDB;2025-10-26 17:58:50.000;TSRA;-RA
2025-10-27 17:20:00.000;2720;ATR72-600;CWB;MGF;LDB;2025-10-27 17:36:34.000;TS VCSH;NSW
2025-10-27 22:05:00.000;2907;ATR72-600;VCP;MGF;LDB;2025-10-27 22:21:34.000;TSRA;NSW
2025-10-28 02:20:00.000;4190;ATR72-600;CWB;MGF;LDB;2025-10-28 02:36:34.000;TSRA;NSW
2025-10-28 17:50:00.000;4063;ATR72-600;VCP;PPB;LDB;2025-10-28 18:13:50.000;TSRA;NSW
2025-10-28 22:05:00.000;2907;ATR72-600;VCP;MGF;LDB;2025-10-28 22:21:34.000;TSRA;VCSH
2025-11-02 17:20:00.000;2720;ATR72-600;CWB;MGF;LDB;2025-11-02 17:36:34.000;TS;NSW
2025-11-02 17:35:00.000;4063;ATR72-600;VCP;PPB;LDB;2025-11-02 17:58:50.000;TS;NSW
2025-11-03 17:50:00.000;4063;ATR72-600;VCP;PPB;LDB;2025-11-03 18:13:50.000;TSRA;NSW
2025-11-03 22:05:00.000;2907;ATR72-600;VCP;MGF;LDB;2025-11-03 22:21:34.000;TSRA;NSW
2025-11-04 17:50:00.000;4063;ATR72-600;VCP;PPB;LDB;2025-11-04 18:13:50.000;TSRA;NSW
2025-11-13 02:20:00.000;4190;ATR72-600;CWB;MGF;LDB;2025-11-13 02:36:34.000;TSRA;RA
2025-11-13 03:55:00.000;2716;ATR72-600;VCP;PPB;LDB;2025-11-13 04:18:50.000;TSRA;RA
2025-11-14 22:05:00.000;2907;ATR72-600;VCP;MGF;LDB;2025-11-14 22:21:34.000;TSRA;-RA
2025-11-17 17:20:00.000;2720;ATR72-600;CWB;MGF;LDB;2025-11-17 17:36:34.000;TSRA;NSW
2025-11-17 17:50:00.000;4063;ATR72-600;VCP;PPB;LDB;2025-11-17 18:13:50.000;TSRA;NSW
2025-11-17 22:05:00.000;2907;ATR72-600;VCP;MGF;LDB;2025-11-17 22:21:34.000;TSRA;NSW
2025-11-24 17:50:00.000;4063;ATR72-600;VCP;PPB;LDB;2025-11-24 18:13:50.000;TSRA;NSW
2025-12-01 22:10:00.000;2907;ATR72-600;VCP;MGF;LDB;2025-12-01 22:26:34.000;TSRA;NSW
2025-12-02 02:20:00.000;4190;ATR72-600;CWB;MGF;LDB;2025-12-02 02:36:34.000;TSRA;-RA
2025-12-02 04:00:00.000;2716;ATR72-600;VCP;PPB;LDB;2025-12-02 04:23:50.000;TSRA;-RA
2025-12-02 04:15:00.000;4129;ATR72-600;VCP;MGF;LDB;2025-12-02 04:31:34.000;TSRA;-RA
2025-12-02 17:50:00.000;4063;ATR72-600;VCP;PPB;LDB;2025-12-02 18:13:50.000;TSRA;NSW
2025-12-02 18:00:00.000;2676;ATR72-600;VCP;MGF;LDB;2025-12-02 18:16:34.000;TSRA;NSW
2025-12-08 17:50:00.000;4063;ATR72-600;VCP;PPB;LDB;2025-12-08 18:13:50.000;TSRA;NSW
2025-12-08 18:00:00.000;2676;ATR72-600;VCP;MGF;LDB;2025-12-08 18:16:34.000;TSRA;NSW
2025-12-14 17:20:00.000;2720;ATR72-600;CWB;MGF;LDB;2025-12-14 17:36:34.000;TSRA;-RA
2025-12-26 17:50:00.000;4063;ATR72-600;VCP;PPB;LDB;2025-12-26 18:13:50.000;TS;NSW
2026-01-02 17:50:00.000;4063;ATR72-600;VCP;PPB;LDB;2026-01-02 18:13:50.000;TSRA;NSW
2026-01-02 18:00:00.000;2676;ATR72-600;VCP;MGF;LDB;2026-01-02 18:16:34.000;TSRA;NSW
2026-01-02 22:10:00.000;2907;ATR72-600;VCP;MGF;LDB;2026-01-02 22:26:34.000;TSRA;NSW
2026-01-09 18:10:00.000;4063;ATR72-600;VCP;PPB;LDB;2026-01-09 18:33:50.000;TS;-RA
2026-01-12 18:10:00.000;4063;ATR72-600;VCP;PPB;LDB;2026-01-12 18:33:50.000;TSRA;NSW
2026-01-13 18:10:00.000;4063;ATR72-600;VCP;PPB;LDB;2026-01-13 18:33:50.000;TSRA;NSW
2026-01-14 18:10:00.000;4063;ATR72-600;VCP;PPB;LDB;2026-01-14 18:33:50.000;TSRA;NSW
2026-01-15 18:10:00.000;4063;ATR72-600;VCP;PPB;LDB;2026-01-15 18:33:50.000;TSRA;NSW
2026-01-28 17:50:00.000;4063;ATR72-600;VCP;PPB;LDB;2026-01-28 18:13:50.000;TSRA;NSW
2026-01-29 17:50:00.000;4063;ATR72-600;VCP;PPB;LDB;2026-01-29 18:13:50.000;TS;VCSH
2026-02-02 17:50:00.000;4063;ATR72-600;VCP;PPB;LDB;2026-02-02 18:13:50.000;TSRA;NSW
2026-02-02 18:00:00.000;2676;ATR72-600;VCP;MGF;LDB;2026-02-02 18:16:34.000;TSRA;NSW
2026-02-04 17:50:00.000;4063;ATR72-600;VCP;PPB;LDB;2026-02-04 18:13:50.000;TSRA;NSW
2026-02-04 18:00:00.000;2676;ATR72-600;VCP;MGF;LDB;2026-02-04 18:16:34.000;TSRA;NSW
2026-02-08 17:50:00.000;4063;ATR72-600;VCP;PPB;LDB;2026-02-08 18:13:50.000;TS;NSW
2026-02-08 18:00:00.000;2676;ATR72-600;VCP;MGF;LDB;2026-02-08 18:16:34.000;TS;NSW
2026-02-12 18:00:00.000;2676;ATR72-600;VCP;MGF;LDB;2026-02-12 18:16:34.000;TSRA;NSW
2026-02-13 17:50:00.000;4063;ATR72-600;VCP;PPB;LDB;2026-02-13 18:13:50.000;TSRA;NSW
2026-02-13 18:00:00.000;2676;ATR72-600;VCP;MGF;LDB;2026-02-13 18:16:34.000;TSRA;NSW
2026-02-25 17:50:00.000;4063;ATR72-600;VCP;PPB;LDB;2026-02-25 18:13:50.000;TSRA;NSW
2026-03-10 02:35:00.000;4190;ATR72-600;CWB;MGF;LDB;2026-03-10 02:51:34.000;TSRA;NSW
2026-03-22 17:50:00.000;4063;ATR72-600;VCP;PPB;LDB;2026-03-22 18:13:50.000;TSRA;NSW
2026-03-22 18:05:00.000;2676;ATR72-600;VCP;MGF;LDB;2026-03-22 18:21:34.000;TSRA;NSW
2026-04-01 17:50:00.000;4063;ATR72-600;VCP;PPB;LDB;2026-04-01 18:13:50.000;TSRA;NSW
2026-04-02 17:50:00.000;4063;ATR72-600;VCP;PPB;LDB;2026-04-02 18:13:50.000;TSRA;NSW
2026-04-03 17:50:00.000;4063;ATR72-600;VCP;PPB;LDB;2026-04-03 18:13:50.000;TSRA;VCSH
2026-04-08 03:55:00.000;4129;ERJ;VCP;MGF;LDB;2026-04-08 04:06:55.680;TSRA;-RA
2026-04-08 03:55:00.000;2716;ATR72-600;VCP;PPB;LDB;2026-04-08 04:18:50.000;TSRA;-RA
2026-04-29 17:50:00.000;4063;ATR72-600;VCP;PPB;LDB;2026-04-29 18:13:50.000;TSRA;NSW
2026-04-29 18:00:00.000;2676;ATR72-600;VCP;MGF;LDB;2026-04-29 18:16:34.000;TSRA;NSW
2026-05-15 14:20:00.000;4190;ATR72-600;CWB;MGF;LDB;2026-05-15 14:36:34.000;TSRA;BR
2026-05-15 17:50:00.000;4063;ATR72-600;VCP;PPB;LDB;2026-05-15 18:13:50.000;TSRA;NSW
2026-05-15 18:00:00.000;2676;ATR72-600;VCP;MGF;LDB;2026-05-15 18:16:34.000;TSRA;NSW
2026-05-15 22:10:00.000;2907;ATR72-600;VCP;MGF;LDB;2026-05-15 22:26:34.000;TSRA;BR
2026-05-25 17:50:00.000;4063;ATR72-600;VCP;PPB;LDB;2026-05-25 18:13:50.000;TS;NSW
2026-05-25 18:00:00.000;2676;ATR72-600;VCP;MGF;LDB;2026-05-25 18:16:34.000;TS;NSW
2026-05-26 17:50:00.000;4063;ATR72-600;VCP;PPB;LDB;2026-05-26 18:13:50.000;TSRA BR;NSW
2026-05-26 18:00:00.000;2676;ATR72-600;VCP;MGF;LDB;2026-05-26 18:16:34.000;TSRA BR;NSW
2026-06-10 14:20:00.000;4190;ATR72-600;CWB;MGF;LDB;2026-06-10 14:36:34.000;TSRA;-RA
2026-06-10 17:50:00.000;4063;ATR72-600;VCP;PPB;LDB;2026-06-10 18:13:50.000;TSRA;-RA
2026-06-10 18:00:00.000;2676;ATR72-600;VCP;MGF;LDB;2026-06-10 18:16:34.000;TSRA;-RA
2026-06-10 22:10:00.000;2907;ATR72-600;VCP;MGF;LDB;2026-06-10 22:26:34.000;TSRA;-RA
2026-06-14 17:45:00.000;4063;ATR72-600;VCP;PPB;LDB;2026-06-14 18:08:50.000;TSRA;-RA
2026-06-14 18:00:00.000;2676;ATR72-600;VCP;MGF;LDB;2026-06-14 18:16:34.000;TSRA;-RA
2026-06-22 17:50:00.000;4063;ATR72-600;VCP;PPB;LDB;2026-06-22 18:13:50.000;TSRA BR;NSW
2026-06-22 18:00:00.000;2676;ATR72-600;VCP;MGF;LDB;2026-06-22 18:16:34.000;TSRA BR;NSW
2026-07-24 17:50:00.000;4063;ATR72-600;VCP;PPB;LDB;2026-07-24 18:13:50.000;TSRA BR;NSW
2026-07-24 18:00:00.000;2676;ATR72-600;VCP;MGF;LDB;2026-07-24 18:16:34.000;TSRA BR;NSW
2026-07-24 22:10:00.000;2907;ATR72-600;VCP;MGF;LDB;2026-07-24 22:26:34.000;TSRA BR;-RA
2025-08-13 19:30:00.000;2811;A320-253NEO;BEL;CKS;MAB;2025-08-13 19:46:26.400;TS;NSW
2025-09-24 19:30:00.000;2811;A320-251NEO;BEL;CKS;MAB;2025-09-24 19:46:26.400;TSRA;NSW
2025-09-26 19:30:00.000;2811;A320-253NEO;BEL;CKS;MAB;2025-09-26 19:46:26.400;TSRA;NSW
2025-10-10 18:35:00.000;9579;A320-251NEO;SLZ;CKS;MAB;2025-10-10 18:51:26.400;TSRA;NSW
2025-10-10 19:30:00.000;2811;A320-253NEO;BEL;CKS;MAB;2025-10-10 19:46:26.400;TSRA;NSW
2025-10-14 19:30:00.000;2811;A320-251NEO;BEL;CKS;MAB;2025-10-14 19:46:26.400;TSRA;NSW
2025-10-15 05:10:00.000;4478;A320-251NEO;SLZ;IMP;MAB;2025-10-15 05:34:11.520;TS;NSW
2025-10-21 05:10:00.000;4478;A320-251NEO;SLZ;IMP;MAB;2025-10-21 05:34:11.520;TSRA;NSW
2025-10-21 19:30:00.000;2811;A320-251NEO;BEL;CKS;MAB;2025-10-21 19:46:26.400;TS;-RA
2025-11-06 15:30:00.000;4800;A320-253NEO;CNF;CKS;MAB;2025-11-06 15:46:26.400;TSRA;-RA
2025-11-11 19:30:00.000;2811;A320-251NEO;BEL;CKS;MAB;2025-11-11 19:46:26.400;TS;VCSH
2025-11-19 19:30:00.000;2811;A320-251NEO;BEL;CKS;MAB;2025-11-19 19:46:26.400;TS;NSW
2025-11-20 05:35:00.000;4478;A320-251NEO;SLZ;IMP;MAB;2025-11-20 05:59:11.520;TSRA;NSW
2025-11-20 19:30:00.000;2811;A320-251NEO;BEL;CKS;MAB;2025-11-20 19:46:26.400;TSRA;NSW
2025-11-21 05:35:00.000;4478;A320-251NEO;SLZ;IMP;MAB;2025-11-21 05:59:11.520;TS;NSW
2025-11-21 19:30:00.000;2811;A320-251NEO;BEL;CKS;MAB;2025-11-21 19:46:26.400;TS;NSW
2025-11-24 05:35:00.000;4478;A320-251NEO;SLZ;IMP;MAB;2025-11-24 05:59:11.520;TSRA;NSW
2025-11-28 18:30:00.000;9578;A320-251NEO;CNF;CKS;MAB;2025-11-28 18:46:26.400;TS;NSW
2025-11-28 19:30:00.000;2811;A320-251NEO;BEL;CKS;MAB;2025-11-28 19:46:26.400;TS;NSW
2025-11-29 20:30:00.000;2811;A320-251NEO;BEL;CKS;MAB;2025-11-29 20:46:26.400;TSRA;NSW
2025-12-01 05:35:00.000;4478;A320-251NEO;SLZ;IMP;MAB;2025-12-01 05:59:11.520;TSRA;NSW
2025-12-01 19:25:00.000;2811;A320-251NEO;BEL;CKS;MAB;2025-12-01 19:41:26.400;TSRA;NSW
2025-12-01 20:25:00.000;9578;A320-251NEO;CNF;CKS;MAB;2025-12-01 20:41:26.400;TSRA;NSW
2025-12-02 15:30:00.000;4800;A320-251NEO;CNF;CKS;MAB;2025-12-02 15:46:26.400;TS;NSW
2025-12-02 19:30:00.000;2811;A320-251NEO;BEL;CKS;MAB;2025-12-02 19:46:26.400;TS;NSW
2025-12-04 05:35:00.000;4478;A320-251NEO;SLZ;IMP;MAB;2025-12-04 05:59:11.520;TSRA;NSW
2025-12-09 05:35:00.000;4478;A320-251NEO;SLZ;IMP;MAB;2025-12-09 05:59:11.520;TSRA;NSW
2025-12-10 19:30:00.000;2811;A320-251NEO;BEL;CKS;MAB;2025-12-10 19:46:26.400;TS;VCSH
2025-12-15 05:35:00.000;4478;A320-251NEO;SLZ;IMP;MAB;2025-12-15 05:59:11.520;TSRA;NSW
2025-12-17 15:30:00.000;4800;A320-251NEO;CNF;CKS;MAB;2025-12-17 15:46:26.400;TS;NSW
2025-12-17 19:30:00.000;2811;A320-251NEO;BEL;CKS;MAB;2025-12-17 19:46:26.400;TS;NSW
2025-12-18 05:35:00.000;4478;A320-251NEO;SLZ;IMP;MAB;2025-12-18 05:59:11.520;TSRA BR;NSW
2025-12-18 19:30:00.000;2811;A320-251NEO;BEL;CKS;MAB;2025-12-18 19:46:26.400;TS;NSW
2025-12-19 18:30:00.000;9579;A320-253NEO;SLZ;CKS;MAB;2025-12-19 18:46:26.400;TSRA;NSW
2025-12-19 19:30:00.000;2811;A320-251NEO;BEL;CKS;MAB;2025-12-19 19:46:26.400;TSRA;NSW
2025-12-22 19:30:00.000;2811;A320-251NEO;BEL;CKS;MAB;2025-12-22 19:46:26.400;TSRA;NSW
2025-12-23 05:35:00.000;4478;A320-251NEO;SLZ;IMP;MAB;2025-12-23 05:59:11.520;TSRA;NSW
2025-12-23 19:30:00.000;2811;A320-251NEO;BEL;CKS;MAB;2025-12-23 19:46:26.400;TSRA;-RA BR
2025-12-29 19:30:00.000;2811;A320-253NEO;BEL;CKS;MAB;2025-12-29 19:46:26.400;TS;NSW
2025-12-30 18:20:00.000;9577;A320-251NEO;SLZ;CKS;MAB;2025-12-30 18:36:26.400;TS;NSW
2025-12-30 19:55:00.000;2811;A320-251NEO;BEL;CKS;MAB;2025-12-30 20:11:26.400;TS;NSW
2026-01-02 18:30:00.000;9579;A320-251NEO;SLZ;CKS;MAB;2026-01-02 18:46:26.400;TSRA;NSW
2026-01-02 19:30:00.000;2811;A320-251NEO;BEL;CKS;MAB;2026-01-02 19:46:26.400;TSRA;NSW
2026-01-09 05:35:00.000;4478;A320-251NEO;SLZ;IMP;MAB;2026-01-09 05:59:11.520;TSRA;BCFG
2026-01-12 19:25:00.000;2811;A320-251NEO;BEL;CKS;MAB;2026-01-12 19:41:26.400;TS;NSW
2026-01-12 20:25:00.000;9578;A320-253NEO;CNF;CKS;MAB;2026-01-12 20:41:26.400;TS;NSW
2026-01-14 19:30:00.000;2811;A320-251NEO;BEL;CKS;MAB;2026-01-14 19:46:26.400;TS;NSW
2026-01-18 05:35:00.000;4478;A320-251NEO;SLZ;IMP;MAB;2026-01-18 05:59:11.520;TSRA;NSW
2026-01-19 05:35:00.000;4478;A320-251NEO;SLZ;IMP;MAB;2026-01-19 05:59:11.520;TSRA;RA BR
2026-01-22 19:30:00.000;2811;A320-251NEO;BEL;CKS;MAB;2026-01-22 19:46:26.400;TS;NSW
2026-01-27 19:30:00.000;2811;A320-251NEO;BEL;CKS;MAB;2026-01-27 19:46:26.400;TS;NSW
2026-01-30 19:30:00.000;2811;A320-251NEO;BEL;CKS;MAB;2026-01-30 19:46:26.400;TS;NSW
2026-02-04 15:30:00.000;4800;A320-251NEO;CNF;CKS;MAB;2026-02-04 15:46:26.400;TS;NSW
2026-02-04 18:25:00.000;9578;A320-251NEO;CNF;CKS;MAB;2026-02-04 18:41:26.400;TS;NSW
2026-02-04 19:30:00.000;2811;A320-251NEO;BEL;CKS;MAB;2026-02-04 19:46:26.400;TS;NSW
2026-02-06 18:30:00.000;9579;A320-251NEO;SLZ;CKS;MAB;2026-02-06 18:46:26.400;TS;VCSH
2026-02-06 19:30:00.000;2811;A320-251NEO;BEL;CKS;MAB;2026-02-06 19:46:26.400;TS;NSW
2026-02-07 05:35:00.000;4478;A320-251NEO;SLZ;IMP;MAB;2026-02-07 05:59:11.520;TSRA;-RA
2026-02-07 20:30:00.000;2811;A320-251NEO;BEL;CKS;MAB;2026-02-07 20:46:26.400;TSRA;NSW
2026-02-11 19:30:00.000;2811;A320-253NEO;BEL;CKS;MAB;2026-02-11 19:46:26.400;TSRA;NSW
2026-02-12 05:35:00.000;4478;A320-253NEO;SLZ;IMP;MAB;2026-02-12 05:59:11.520;TSRA;NSW
2026-02-13 05:35:00.000;4478;A320-251NEO;SLZ;IMP;MAB;2026-02-13 05:59:11.520;TSRA;NSW
2026-02-13 18:30:00.000;9579;A320-251NEO;SLZ;CKS;MAB;2026-02-13 18:46:26.400;TSRA;NSW
2026-02-13 19:30:00.000;2811;A320-253NEO;BEL;CKS;MAB;2026-02-13 19:46:26.400;TSRA;NSW
2026-02-13 20:45:00.000;9806;A320-253NEO;VCP;CKS;MAB;2026-02-13 21:01:26.400;TSRA;NSW
2026-02-23 19:30:00.000;2811;A320-253NEO;BEL;CKS;MAB;2026-02-23 19:46:26.400;TS;NSW
2026-02-24 04:50:00.000;2878;A320-251NEO;CNF;IMP;MAB;2026-02-24 05:14:11.520;TSRA;VCTS
2026-02-24 05:25:00.000;4478;A320-253NEO;SLZ;IMP;MAB;2026-02-24 05:49:11.520;TSRA;VCTS
2026-02-24 19:30:00.000;2811;A320-251NEO;BEL;CKS;MAB;2026-02-24 19:46:26.400;TS;NSW
2026-02-26 19:30:00.000;2811;A320-251NEO;BEL;CKS;MAB;2026-02-26 19:46:26.400;TSRA;NSW
2026-02-27 05:25:00.000;4478;A320-251NEO;SLZ;IMP;MAB;2026-02-27 05:49:11.520;TSRA;NSW
2026-02-27 18:25:00.000;9578;A320-251NEO;CNF;CKS;MAB;2026-02-27 18:41:26.400;TSRA;NSW
2026-02-27 19:30:00.000;2811;A320-253NEO;BEL;CKS;MAB;2026-02-27 19:46:26.400;TSRA;NSW
2026-03-03 19:30:00.000;2811;A320-253NEO;BEL;CKS;MAB;2026-03-03 19:46:26.400;TS;NSW
2026-03-04 19:30:00.000;2811;A320-251NEO;BEL;CKS;MAB;2026-03-04 19:46:26.400;TSRA;NSW
2026-03-05 05:25:00.000;4478;A320-251NEO;SLZ;IMP;MAB;2026-03-05 05:49:11.520;TSRA;NSW
2026-03-05 15:30:00.000;4800;A320-251NEO;CNF;CKS;MAB;2026-03-05 15:46:26.400;TSRA;NSW
2026-03-06 05:25:00.000;4478;A320-251NEO;SLZ;IMP;MAB;2026-03-06 05:49:11.520;TSRA;NSW
2026-03-06 15:30:00.000;4800;A320-251NEO;CNF;CKS;MAB;2026-03-06 15:46:26.400;TSRA;VCSH
2026-03-06 18:30:00.000;9579;A320-251NEO;SLZ;CKS;MAB;2026-03-06 18:46:26.400;TS;NSW
2026-03-06 19:30:00.000;2811;A320-251NEO;BEL;CKS;MAB;2026-03-06 19:46:26.400;TS;NSW
2026-03-09 05:25:00.000;4478;A320-251NEO;SLZ;IMP;MAB;2026-03-09 05:49:11.520;TS;NSW
2026-03-11 05:25:00.000;4478;A320-253NEO;SLZ;IMP;MAB;2026-03-11 05:49:11.520;TS;VCTS
2026-03-13 18:30:00.000;9578;A320-251NEO;CNF;CKS;MAB;2026-03-13 18:46:26.400;TS;VCSH
2026-03-13 19:30:00.000;2811;A320-251NEO;BEL;CKS;MAB;2026-03-13 19:46:26.400;TS;VCSH
2026-03-14 05:25:00.000;4478;A320-251NEO;SLZ;IMP;MAB;2026-03-14 05:49:11.520;TSRA;-RA BR
2026-03-18 19:30:00.000;2811;A320-251NEO;BEL;CKS;MAB;2026-03-18 19:46:26.400;TS;NSW
2026-03-19 05:25:00.000;4478;A320-253NEO;SLZ;IMP;MAB;2026-03-19 05:49:11.520;TSRA;NSW
2026-03-19 19:30:00.000;2811;A320-253NEO;BEL;CKS;MAB;2026-03-19 19:46:26.400;TSRA;NSW
2026-03-20 18:30:00.000;9579;A320-251NEO;SLZ;CKS;MAB;2026-03-20 18:46:26.400;TSRA;NSW
2026-03-20 19:30:00.000;2811;A320-251NEO;BEL;CKS;MAB;2026-03-20 19:46:26.400;TSRA;NSW
2026-03-24 05:25:00.000;4478;A320-251NEO;SLZ;IMP;MAB;2026-03-24 05:49:11.520;TSRA;-RA
2026-03-24 15:30:00.000;4800;A320-251NEO;CNF;CKS;MAB;2026-03-24 15:46:26.400;TSRA;NSW
2026-03-24 19:30:00.000;2811;A320-251NEO;BEL;CKS;MAB;2026-03-24 19:46:26.400;TS;NSW
2026-03-25 19:30:00.000;2811;A320-251NEO;BEL;CKS;MAB;2026-03-25 19:46:26.400;TSRA;NSW
2026-03-31 05:25:00.000;4478;A320-253NEO;SLZ;IMP;MAB;2026-03-31 05:49:11.520;TS;NSW
2026-03-31 19:30:00.000;2811;A320-251NEO;BEL;CKS;MAB;2026-03-31 19:46:26.400;TS;VCSH
2026-04-02 05:25:00.000;4478;A320-251NEO;SLZ;IMP;MAB;2026-04-02 05:49:11.520;TSRA;NSW
2026-04-02 18:30:00.000;9579;A320-253NEO;SLZ;CKS;MAB;2026-04-02 18:46:26.400;TSRA;-RA
2026-04-02 19:30:00.000;2811;A320-251NEO;BEL;CKS;MAB;2026-04-02 19:46:26.400;TSRA;NSW
2026-04-03 19:30:00.000;2811;A320-253NEO;BEL;CKS;MAB;2026-04-03 19:46:26.400;TS;NSW
2026-04-06 15:35:00.000;4800;A320-251NEO;CNF;CKS;MAB;2026-04-06 15:51:26.400;TS;NSW
2026-04-06 18:25:00.000;9577;A320-251NEO;SLZ;CKS;MAB;2026-04-06 18:41:26.400;TS;NSW
2026-04-06 19:30:00.000;2811;A320-251NEO;BEL;CKS;MAB;2026-04-06 19:46:26.400;TS;NSW
2026-04-07 19:30:00.000;2811;A320-251NEO;BEL;CKS;MAB;2026-04-07 19:46:26.400;TSRA;NSW
2026-04-08 05:25:00.000;4478;A320-251NEO;SLZ;IMP;MAB;2026-04-08 05:49:11.520;TSRA;NSW
2026-04-08 19:30:00.000;2811;A320-251NEO;BEL;CKS;MAB;2026-04-08 19:46:26.400;TSRA;NSW
2026-04-09 19:30:00.000;2811;A320-251NEO;BEL;CKS;MAB;2026-04-09 19:46:26.400;TSRA;NSW
2026-04-10 18:05:00.000;9578;A320-251NEO;CNF;CKS;MAB;2026-04-10 18:21:26.400;TS;NSW
2026-04-10 19:30:00.000;2811;A320-251NEO;BEL;CKS;MAB;2026-04-10 19:46:26.400;TS;NSW
2026-04-13 05:25:00.000;4478;A320-251NEO;SLZ;IMP;MAB;2026-04-13 05:49:11.520;TS;NSW
2026-04-15 05:25:00.000;4478;A320-251NEO;SLZ;IMP;MAB;2026-04-15 05:49:11.520;TS;NSW
2026-04-16 15:35:00.000;4800;A320-253NEO;CNF;CKS;MAB;2026-04-16 15:51:26.400;TS;NSW
2026-04-19 05:00:00.000;2878;A320-251NEO;CNF;IMP;MAB;2026-04-19 05:24:11.520;TSRA;NSW
2026-04-22 18:30:00.000;9579;A320-253NEO;SLZ;CKS;MAB;2026-04-22 18:46:26.400;TS;NSW
2026-04-22 19:30:00.000;2811;A320-253NEO;BEL;CKS;MAB;2026-04-22 19:46:26.400;TS;NSW
2026-04-24 05:25:00.000;4478;A320-251NEO;SLZ;IMP;MAB;2026-04-24 05:49:11.520;TS;-RA BR
2026-04-24 18:25:00.000;9578;A320-251NEO;CNF;CKS;MAB;2026-04-24 18:41:26.400;TSRA;NSW
2026-04-24 19:30:00.000;2811;A320-253NEO;BEL;CKS;MAB;2026-04-24 19:46:26.400;TSRA;NSW
2026-04-27 19:30:00.000;2811;A320-251NEO;BEL;CKS;MAB;2026-04-27 19:46:26.400;TSRA;NSW
2026-04-28 19:30:00.000;2811;A320-253NEO;BEL;CKS;MAB;2026-04-28 19:46:26.400;TSRA;NSW
2026-04-30 18:30:00.000;9579;A320-251NEO;SLZ;CKS;MAB;2026-04-30 18:46:26.400;TS;NSW
2026-04-30 19:30:00.000;2811;A320-251NEO;BEL;CKS;MAB;2026-04-30 19:46:26.400;TS;NSW
2026-05-05 19:30:00.000;2811;A320-251NEO;BEL;CKS;MAB;2026-05-05 19:46:26.400;TSRA;NSW
2026-05-15 18:25:00.000;9578;A320-251NEO;CNF;CKS;MAB;2026-05-15 18:41:26.400;TS;NSW
2026-05-15 19:30:00.000;2811;A320-253NEO;BEL;CKS;MAB;2026-05-15 19:46:26.400;TS;NSW
2026-06-01 05:00:00.000;2878;A320-251NEO;CNF;IMP;MAB;2026-06-01 05:24:11.520;TSRA;NSW
2026-06-01 05:25:00.000;4478;A320-253NEO;SLZ;IMP;MAB;2026-06-01 05:49:11.520;TSRA;NSW
2026-06-01 19:30:00.000;2811;A320-251NEO;BEL;CKS;MAB;2026-06-01 19:46:26.400;TSRA;NSW
2026-07-10 19:30:00.000;2811;A320-251NEO;BEL;CKS;MAB;2026-07-10 19:46:26.400;TS;NSW
2026-07-15 15:35:00.000;4800;A320-251NEO;CNF;CKS;MAB;2026-07-15 15:51:26.400;TSRA;NSW
2026-07-28 19:30:00.000;2811;A320-251NEO;BEL;CKS;MAB;2026-07-28 19:46:26.400;TS;NSW
2025-08-01 17:35:00.000;2943;A320-251NEO;MAO;BVB;MAO;2025-08-01 19:00:17.760;TSRA;NSW
2025-08-03 17:35:00.000;2943;A320-253NEO;MAO;BVB;MAO;2025-08-03 19:00:17.760;TS;NSW
2025-08-05 17:35:00.000;2943;A320-251NEO;MAO;BVB;MAO;2025-08-05 19:00:17.760;TSRA;NSW
2025-08-06 17:35:00.000;2943;A320-251NEO;MAO;BVB;MAO;2025-08-06 19:00:17.760;TS;VCTS
2025-08-07 17:35:00.000;2943;A320-251NEO;MAO;BVB;MAO;2025-08-07 19:00:17.760;TSRA;VCSH
2025-08-10 17:35:00.000;2943;A320-253NEO;MAO;BVB;MAO;2025-08-10 19:00:17.760;TSRA;NSW
2025-08-11 17:35:00.000;2943;A321-251NEO;MAO;BVB;MAO;2025-08-11 19:00:17.760;TSRA;NSW
2025-08-16 17:35:00.000;2943;A320-251NEO;MAO;BVB;MAO;2025-08-16 19:00:17.760;TSRA;NSW
2025-08-24 17:35:00.000;2943;A320-251NEO;MAO;BVB;MAO;2025-08-24 19:00:17.760;TS;NSW
2025-08-25 17:35:00.000;2943;A320-251NEO;MAO;BVB;MAO;2025-08-25 19:00:17.760;TSRA;-RA
2025-08-26 17:35:00.000;2943;A320-251NEO;MAO;BVB;MAO;2025-08-26 19:00:17.760;TSRA;NSW
2025-08-27 17:35:00.000;2943;A320-251NEO;MAO;BVB;MAO;2025-08-27 19:00:17.760;TS;VCSH
2025-08-30 17:35:00.000;2943;A320-251NEO;MAO;BVB;MAO;2025-08-30 19:00:17.760;TSRA;NSW
2025-09-04 17:35:00.000;2943;A320-251NEO;MAO;BVB;MAO;2025-09-04 19:00:17.760;TSRA;NSW
2025-09-06 17:35:00.000;2943;A320-253NEO;MAO;BVB;MAO;2025-09-06 19:00:17.760;TS;VCSH
2025-09-09 17:35:00.000;2943;A320-251NEO;MAO;BVB;MAO;2025-09-09 19:00:17.760;TS;VCSH
2025-09-10 17:35:00.000;2943;A320-251NEO;MAO;BVB;MAO;2025-09-10 19:00:17.760;TS;VCSH
2025-09-15 17:35:00.000;2943;A320-251NEO;MAO;BVB;MAO;2025-09-15 19:00:17.760;TS;VCSH
2025-09-19 17:35:00.000;2943;A320-251NEO;MAO;BVB;MAO;2025-09-19 19:00:17.760;TS;NSW
2025-09-24 17:35:00.000;2943;A320-251NEO;MAO;BVB;MAO;2025-09-24 19:00:17.760;TSRA;NSW
2025-09-26 17:35:00.000;2943;A320-251NEO;MAO;BVB;MAO;2025-09-26 19:00:17.760;TSRA;NSW
2025-09-27 17:35:00.000;2943;A320-251NEO;MAO;BVB;MAO;2025-09-27 19:00:17.760;TSRA;NSW
2025-09-29 17:35:00.000;2943;A320-251NEO;MAO;BVB;MAO;2025-09-29 19:00:17.760;TS;NSW
2025-09-30 17:35:00.000;2943;A320-251NEO;MAO;BVB;MAO;2025-09-30 19:00:17.760;TS;VCSH
2025-10-02 17:25:00.000;2943;A320-251NEO;MAO;BVB;MAO;2025-10-02 18:50:17.760;TS;NSW
2025-10-03 17:25:00.000;2943;A320-251NEO;MAO;BVB;MAO;2025-10-03 18:50:17.760;TSRA;NSW
2025-10-04 17:25:00.000;2943;A320-251NEO;MAO;BVB;MAO;2025-10-04 18:50:17.760;TSRA;NSW
2025-10-05 17:25:00.000;2943;A320-251NEO;MAO;BVB;MAO;2025-10-05 18:50:17.760;TS;NSW
2025-10-07 17:25:00.000;2943;A320-253NEO;MAO;BVB;MAO;2025-10-07 18:50:17.760;TS;VCSH VCTS
2025-10-10 17:25:00.000;2943;A320-251NEO;MAO;BVB;MAO;2025-10-10 18:50:17.760;TSRA;NSW
2025-10-12 17:25:00.000;2943;A320-251NEO;MAO;BVB;MAO;2025-10-12 18:50:17.760;TS;NSW
2025-10-15 17:10:00.000;4183;ATR72-600;MAO;TFF;MAO;2025-10-15 18:43:40.000;TS;NSW
2025-10-15 17:25:00.000;2943;A320-253NEO;MAO;BVB;MAO;2025-10-15 18:50:17.760;TS;NSW
2025-10-19 17:25:00.000;2943;A320-251NEO;MAO;BVB;MAO;2025-10-19 18:50:17.760;TSRA;NSW
2025-10-20 17:25:00.000;2943;A320-251NEO;MAO;BVB;MAO;2025-10-20 18:50:17.760;TSRA;NSW
2025-10-21 17:25:00.000;2943;A320-251NEO;MAO;BVB;MAO;2025-10-21 18:50:17.760;TSRA;NSW
2025-10-24 17:25:00.000;2943;A320-251NEO;MAO;BVB;MAO;2025-10-24 18:50:17.760;TS;SHRA
2025-10-28 17:25:00.000;2943;A320-251NEO;MAO;BVB;MAO;2025-10-28 18:50:17.760;TS;NSW
2025-10-30 17:25:00.000;2943;A320-253NEO;MAO;BVB;MAO;2025-10-30 18:50:17.760;TS;NSW
2025-10-31 17:25:00.000;2943;A320-251NEO;MAO;BVB;MAO;2025-10-31 18:50:17.760;TS;NSW
2025-11-03 17:25:00.000;2943;A320-253NEO;MAO;BVB;MAO;2025-11-03 18:50:17.760;TSRA;NSW
2025-11-07 17:25:00.000;2943;A320-251NEO;MAO;BVB;MAO;2025-11-07 18:50:17.760;TS;NSW
2025-11-10 17:25:00.000;2943;A320-251NEO;MAO;BVB;MAO;2025-11-10 18:50:17.760;TS;VCSH
2025-11-11 17:25:00.000;2943;A320-251NEO;MAO;BVB;MAO;2025-11-11 18:50:17.760;TS;-SHRA
2025-11-12 17:25:00.000;2943;A320-251NEO;MAO;BVB;MAO;2025-11-12 18:50:17.760;TS;NSW
2025-11-13 17:25:00.000;2943;A320-251NEO;MAO;BVB;MAO;2025-11-13 18:50:17.760;TSRA;NSW
2025-11-14 17:25:00.000;2943;A320-251NEO;MAO;BVB;MAO;2025-11-14 18:50:17.760;TS;NSW
2025-11-19 18:05:00.000;2943;A320-253NEO;MAO;BVB;MAO;2025-11-19 19:30:17.760;TS;NSW
2025-11-20 18:05:00.000;2943;A320-251NEO;MAO;BVB;MAO;2025-11-20 19:30:17.760;TSRA;NSW
2025-11-23 17:25:00.000;2943;A320-251NEO;MAO;BVB;MAO;2025-11-23 18:50:17.760;TS;NSW
2025-11-24 17:25:00.000;2943;A320-251NEO;MAO;BVB;MAO;2025-11-24 18:50:17.760;TSRA;NSW
2025-11-25 17:25:00.000;2943;A320-251NEO;MAO;BVB;MAO;2025-11-25 18:50:17.760;TSRA;NSW
2025-11-30 17:25:00.000;2943;A320-251NEO;MAO;BVB;MAO;2025-11-30 18:50:17.760;TSRA;VCSH
2025-12-01 17:25:00.000;2943;A320-251NEO;MAO;BVB;MAO;2025-12-01 18:50:17.760;TSRA;VCSH
2025-12-04 17:25:00.000;2943;A320-251NEO;MAO;BVB;MAO;2025-12-04 18:50:17.760;TS;NSW
2025-12-09 17:25:00.000;2943;A320-251NEO;MAO;BVB;MAO;2025-12-09 18:50:17.760;TS;NSW
2025-12-12 17:25:00.000;2943;A320-251NEO;MAO;BVB;MAO;2025-12-12 18:50:17.760;TS;NSW
2025-12-13 17:25:00.000;2943;A320-251NEO;MAO;BVB;MAO;2025-12-13 18:50:17.760;TSRA;VCSH
2025-12-14 17:25:00.000;2943;A320-251NEO;MAO;BVB;MAO;2025-12-14 18:50:17.760;TSRA;NSW
2025-12-16 17:25:00.000;2943;A320-251NEO;MAO;BVB;MAO;2025-12-16 18:50:17.760;TS;VCSH
2025-12-17 17:25:00.000;2943;A320-251NEO;MAO;BVB;MAO;2025-12-17 18:50:17.760;TS;VCSH VCTS
2025-12-19 17:25:00.000;2943;A320-251NEO;MAO;BVB;MAO;2025-12-19 18:50:17.760;TSRA;NSW
2025-12-20 17:25:00.000;2943;A320-251NEO;MAO;BVB;MAO;2025-12-20 18:50:17.760;TSRA;NSW
2025-12-22 17:25:00.000;2943;A320-251NEO;MAO;BVB;MAO;2025-12-22 18:50:17.760;TSRA;VCSH
2025-12-23 17:25:00.000;2943;A320-251NEO;MAO;BVB;MAO;2025-12-23 18:50:17.760;TSRA;-RA
2025-12-24 17:25:00.000;2943;A320-251NEO;MAO;BVB;MAO;2025-12-24 18:50:17.760;TSRA;-RA
2025-12-25 17:25:00.000;2943;A320-251NEO;MAO;BVB;MAO;2025-12-25 18:50:17.760;TSRA;NSW
2025-12-31 17:25:00.000;2943;A320-251NEO;MAO;BVB;MAO;2025-12-31 18:50:17.760;TS;NSW
2026-01-02 17:25:00.000;2943;A320-253NEO;MAO;BVB;MAO;2026-01-02 18:50:17.760;TSRA;NSW
2026-01-04 17:25:00.000;2943;A320-251NEO;MAO;BVB;MAO;2026-01-04 18:50:17.760;TSRA;NSW
2026-01-09 17:25:00.000;2943;A320-251NEO;MAO;BVB;MAO;2026-01-09 18:50:17.760;TSRA;NSW
2026-01-12 17:25:00.000;2943;A320-251NEO;MAO;BVB;MAO;2026-01-12 18:50:17.760;TS;NSW
2026-01-14 17:25:00.000;2943;A320-251NEO;MAO;BVB;MAO;2026-01-14 18:50:17.760;TSRA;VCSH VCTS
2026-01-17 17:25:00.000;2943;A320-251NEO;MAO;BVB;MAO;2026-01-17 18:50:17.760;TS;NSW
2026-01-18 17:25:00.000;2943;A320-251NEO;MAO;BVB;MAO;2026-01-18 18:50:17.760;TSRA;NSW
2026-01-21 17:25:00.000;2943;A320-251NEO;MAO;BVB;MAO;2026-01-21 18:50:17.760;TSRA;NSW
2026-01-22 17:25:00.000;2943;A320-251NEO;MAO;BVB;MAO;2026-01-22 18:50:17.760;TS;VCSH
2026-01-24 17:25:00.000;2943;A320-251NEO;MAO;BVB;MAO;2026-01-24 18:50:17.760;TSRA;-RA BR
2026-01-26 17:25:00.000;2943;A320-251NEO;MAO;BVB;MAO;2026-01-26 18:50:17.760;TSRA;NSW
2026-01-27 17:25:00.000;2943;A320-251NEO;MAO;BVB;MAO;2026-01-27 18:50:17.760;TS;NSW
2026-01-28 17:25:00.000;2943;A320-253NEO;MAO;BVB;MAO;2026-01-28 18:50:17.760;TS;-SHRA
2026-01-29 17:25:00.000;2943;A320-251NEO;MAO;BVB;MAO;2026-01-29 18:50:17.760;TSRA;NSW
2026-01-30 17:25:00.000;2943;A320-251NEO;MAO;BVB;MAO;2026-01-30 18:50:17.760;TSRA;NSW
2026-02-01 17:25:00.000;2943;A320-251NEO;MAO;BVB;MAO;2026-02-01 18:50:17.760;TSRA;NSW
2026-02-02 17:25:00.000;2943;A320-253NEO;MAO;BVB;MAO;2026-02-02 18:50:17.760;TSRA;NSW
2026-02-08 17:25:00.000;2943;A320-251NEO;MAO;BVB;MAO;2026-02-08 18:50:17.760;TS;NSW
2026-02-11 17:25:00.000;2943;A320-251NEO;MAO;BVB;MAO;2026-02-11 18:50:17.760;TSRA;-SHRA
2026-02-12 17:25:00.000;2943;A320-251NEO;MAO;BVB;MAO;2026-02-12 18:50:17.760;TS;NSW
2026-02-17 17:25:00.000;2943;A320-251NEO;MAO;BVB;MAO;2026-02-17 18:50:17.760;TSRA;NSW
2026-02-19 17:25:00.000;2943;A320-251NEO;MAO;BVB;MAO;2026-02-19 18:50:17.760;TS;VCSH
2026-02-21 17:25:00.000;2943;A320-251NEO;MAO;BVB;MAO;2026-02-21 18:50:17.760;TSRA;VCSH
2026-02-22 17:25:00.000;2943;A320-251NEO;MAO;BVB;MAO;2026-02-22 18:50:17.760;TSRA;VCSH
2026-02-24 17:25:00.000;2943;A320-251NEO;MAO;BVB;MAO;2026-02-24 18:50:17.760;TSRA;NSW
2026-02-26 17:25:00.000;2943;A320-251NEO;MAO;BVB;MAO;2026-02-26 18:50:17.760;TSRA;-RA
2026-02-27 17:25:00.000;2943;A320-251NEO;MAO;BVB;MAO;2026-02-27 18:50:17.760;TSRA;NSW
2026-03-08 17:25:00.000;2943;A320-251NEO;MAO;BVB;MAO;2026-03-08 18:50:17.760;TSRA;NSW
2026-03-09 17:25:00.000;2943;A320-251NEO;MAO;BVB;MAO;2026-03-09 18:50:17.760;TSRA;NSW
2026-03-18 17:25:00.000;2943;A320-251NEO;MAO;BVB;MAO;2026-03-18 18:50:17.760;TS;NSW
2026-03-19 17:25:00.000;2943;A320-251NEO;MAO;BVB;MAO;2026-03-19 18:50:17.760;TSRA;NSW
2026-03-24 17:25:00.000;2943;A320-251NEO;MAO;BVB;MAO;2026-03-24 18:50:17.760;TS;VCSH
2026-03-30 17:25:00.000;2943;A320-251NEO;MAO;BVB;MAO;2026-03-30 18:50:17.760;TSRA;VCSH
2026-03-31 17:25:00.000;2943;A320-251NEO;MAO;BVB;MAO;2026-03-31 18:50:17.760;TS;-RA
2026-04-02 17:25:00.000;2943;A320-251NEO;MAO;BVB;MAO;2026-04-02 18:50:17.760;TSRA;NSW
2026-04-06 17:25:00.000;2943;A320-251NEO;MAO;BVB;MAO;2026-04-06 18:50:17.760;TS;VCSH
2026-04-06 17:30:00.000;4183;ATR72-600;MAO;TFF;MAO;2026-04-06 19:03:40.000;TS;VCSH
2026-04-08 17:25:00.000;2943;A320-251NEO;MAO;BVB;MAO;2026-04-08 18:50:17.760;TSRA;NSW
2026-04-09 17:25:00.000;2943;A320-251NEO;MAO;BVB;MAO;2026-04-09 18:50:17.760;TSRA;VCSH
2026-04-10 17:25:00.000;2943;A320-251NEO;MAO;BVB;MAO;2026-04-10 18:50:17.760;TS;NSW
2026-04-11 17:25:00.000;2943;A320-251NEO;MAO;BVB;MAO;2026-04-11 18:50:17.760;TS;VCSH
2026-04-12 17:25:00.000;2943;A320-251NEO;MAO;BVB;MAO;2026-04-12 18:50:17.760;TS;NSW
2026-04-14 17:25:00.000;2943;A320-253NEO;MAO;BVB;MAO;2026-04-14 18:50:17.760;TS;-RA
2026-04-18 17:25:00.000;2943;A320-251NEO;MAO;BVB;MAO;2026-04-18 18:50:17.760;TSRA;SHRA
2026-04-20 17:25:00.000;2943;A320-251NEO;MAO;BVB;MAO;2026-04-20 18:50:17.760;TS;NSW
2026-04-21 17:25:00.000;2943;A320-251NEO;MAO;BVB;MAO;2026-04-21 18:50:17.760;TS;NSW
2026-04-22 17:25:00.000;2943;A320-251NEO;MAO;BVB;MAO;2026-04-22 18:50:17.760;TSRA;NSW
2026-04-27 17:25:00.000;2943;A320-251NEO;MAO;BVB;MAO;2026-04-27 18:50:17.760;TSRA;NSW
2026-04-28 17:25:00.000;2943;A320-251NEO;MAO;BVB;MAO;2026-04-28 18:50:17.760;TSRA;NSW
2026-04-30 17:25:00.000;2943;A320-251NEO;MAO;BVB;MAO;2026-04-30 18:50:17.760;TSRA;VCSH VCTS
2026-05-01 17:25:00.000;2943;A320-251NEO;MAO;BVB;MAO;2026-05-01 18:50:17.760;TSRA;NSW
2026-05-02 17:25:00.000;2943;A320-251NEO;MAO;BVB;MAO;2026-05-02 18:50:17.760;TSRA;VCSH VCTS
2026-05-03 17:25:00.000;2943;A320-251NEO;MAO;BVB;MAO;2026-05-03 18:50:17.760;TSRA;NSW
2026-05-05 17:25:00.000;2943;A320-251NEO;MAO;BVB;MAO;2026-05-05 18:50:17.760;TSRA;NSW
2026-05-07 17:25:00.000;2943;A320-251NEO;MAO;BVB;MAO;2026-05-07 18:50:17.760;TSRA;NSW
2026-05-08 17:25:00.000;2943;A320-253NEO;MAO;BVB;MAO;2026-05-08 18:50:17.760;TSRA;VCSH
2026-05-12 17:25:00.000;2943;A320-253NEO;MAO;BVB;MAO;2026-05-12 18:50:17.760;TSRA;RA
2026-05-17 17:25:00.000;2943;A320-251NEO;MAO;BVB;MAO;2026-05-17 18:50:17.760;TS;VCSH
2026-05-18 17:25:00.000;2943;A320-251NEO;MAO;BVB;MAO;2026-05-18 18:50:17.760;TS;-RA
2026-05-20 17:25:00.000;2943;A320-251NEO;MAO;BVB;MAO;2026-05-20 18:50:17.760;TS;NSW
2026-05-21 17:25:00.000;2943;A320-251NEO;MAO;BVB;MAO;2026-05-21 18:50:17.760;TSRA;NSW
2026-05-22 17:25:00.000;2943;A320-251NEO;MAO;BVB;MAO;2026-05-22 18:50:17.760;TSRA;NSW
2026-05-24 17:25:00.000;2943;A320-251NEO;MAO;BVB;MAO;2026-05-24 18:50:17.760;TSRA;NSW
2026-05-27 17:25:00.000;2943;A320-251NEO;MAO;BVB;MAO;2026-05-27 18:50:17.760;TS;NSW
2026-05-29 17:25:00.000;2943;A320-251NEO;MAO;BVB;MAO;2026-05-29 18:50:17.760;TS;NSW
2026-06-01 17:25:00.000;2943;A320-251NEO;MAO;BVB;MAO;2026-06-01 18:50:17.760;TSRA;NSW
2026-06-05 13:35:00.000;2683;ATR72-600;MAO;TFF;MAO;2026-06-05 15:08:40.000;TSRA;NSW
2026-06-06 17:25:00.000;2943;A320-251NEO;MAO;BVB;MAO;2026-06-06 18:50:17.760;TSRA;NSW
2026-06-07 17:25:00.000;2943;A320-251NEO;MAO;BVB;MAO;2026-06-07 18:50:17.760;TSRA;NSW
2026-06-08 17:25:00.000;2943;A320-251NEO;MAO;BVB;MAO;2026-06-08 18:50:17.760;TSRA;NSW
2026-06-09 17:00:00.000;4183;ATR72-600;TBT;TFF;MAO;2026-06-09 18:33:40.000;TS;-RA
2026-06-09 17:25:00.000;2943;A320-251NEO;MAO;BVB;MAO;2026-06-09 18:50:17.760;TS;-RA
2026-06-10 17:25:00.000;2943;A320-251NEO;MAO;BVB;MAO;2026-06-10 18:50:17.760;TSRA;NSW
2026-06-17 17:25:00.000;2943;A320-251NEO;MAO;BVB;MAO;2026-06-17 18:50:17.760;TSRA;NSW
2026-06-22 17:25:00.000;2943;A320-251NEO;MAO;BVB;MAO;2026-06-22 18:50:17.760;TS;NSW
2026-06-26 17:25:00.000;2943;A320-253NEO;MAO;BVB;MAO;2026-06-26 18:50:17.760;TSRA;VCSH
2026-07-09 17:00:00.000;4183;ATR72-600;TBT;TFF;MAO;2026-07-09 18:33:40.000;TSRA;NSW
2026-07-09 17:15:00.000;2943;A320-251NEO;MAO;BVB;MAO;2026-07-09 18:40:17.760;TSRA;NSW
2026-07-10 17:15:00.000;2943;A320-251NEO;MAO;BVB;MAO;2026-07-10 18:40:17.760;TS;NSW
2026-07-16 17:15:00.000;2943;A320-251NEO;MAO;BVB;MAO;2026-07-16 18:40:17.760;TS;NSW
2026-07-21 17:00:00.000;4183;ATR72-600;TBT;TFF;MAO;2026-07-21 18:33:40.000;TS;VCSH
2026-07-21 17:15:00.000;2943;A320-251NEO;MAO;BVB;MAO;2026-07-21 18:40:17.760;TS;VCSH
2026-07-30 17:00:00.000;4183;ATR72-600;TBT;TFF;MAO;2026-07-30 18:33:40.000;TSRA;NSW
2026-07-30 17:15:00.000;2943;A320-251NEO;MAO;BVB;MAO;2026-07-30 18:40:17.760;TSRA;NSW
2025-08-06 23:20:00.000;4070;A320-251NEO;VCP;BEL;MCP;2025-08-07 00:02:41.760;TS;NSW
2025-08-07 00:30:00.000;4500;A320-251NEO;CNF;BEL;MCP;2025-08-07 01:12:41.760;TS;NSW
2025-08-07 07:30:00.000;8721;A320-253NEO;FLL;BEL;MCP;2025-08-07 08:12:41.760;TSRA;NSW
2025-08-07 07:50:00.000;4235;A320-253NEO;MCP;BEL;MCP;2025-08-07 08:32:41.760;TSRA;NSW
2025-08-07 08:20:00.000;4113;A320-251NEO;MAB;BEL;MCP;2025-08-07 09:02:41.760;TSRA;NSW
2025-08-07 17:15:00.000;4800;A320-251NEO;CKS;BEL;MCP;2025-08-07 17:57:41.760;TSRA;NSW
2025-08-07 17:20:00.000;2040;A321-231;VCP;BEL;MCP;2025-08-07 18:02:41.760;TSRA;NSW
2025-08-07 17:20:00.000;4218;A320-253NEO;BEL;ATM;MCP;2025-08-07 18:10:34.080;TSRA;NSW
2025-08-07 18:35:00.000;2705;A320-253NEO;MCP;BEL;MCP;2025-08-07 19:17:41.760;TSRA;VCSH
2025-08-07 19:00:00.000;4463;A320-253NEO;ATM;BEL;MCP;2025-08-07 19:42:41.760;TSRA;VCSH
2025-08-07 19:00:00.000;4210;A320-251NEO;MAB;BEL;MCP;2025-08-07 19:42:41.760;TSRA;VCSH
2025-08-07 19:20:00.000;2941;A320-253NEO;STM;BEL;MCP;2025-08-07 20:02:41.760;TSRA;NSW
2025-08-07 22:30:00.000;4428;A320-251NEO;MCP;BEL;MCP;2025-08-07 23:12:41.760;TSRA;NSW
2025-08-07 23:20:00.000;4070;A320-251NEO;VCP;BEL;MCP;2025-08-08 00:02:41.760;TSRA;NSW
2025-08-08 00:30:00.000;4500;A320-253NEO;CNF;BEL;MCP;2025-08-08 01:12:41.760;TSRA;VCTS
2025-08-12 17:20:00.000;2040;A321-231;VCP;BEL;MCP;2025-08-12 18:02:41.760;TS;NSW
2025-08-12 17:20:00.000;4218;A320-251NEO;BEL;ATM;MCP;2025-08-12 18:10:34.080;TS;NSW
2025-08-12 18:35:00.000;2705;A320-251NEO;MCP;BEL;MCP;2025-08-12 19:17:41.760;TS;NSW
2025-08-12 18:55:00.000;2637;A320-251NEO;SLZ;BEL;MCP;2025-08-12 19:37:41.760;TS;NSW
2025-08-12 19:00:00.000;4463;A320-251NEO;ATM;BEL;MCP;2025-08-12 19:42:41.760;TS;NSW
2025-08-12 19:00:00.000;4210;A320-251NEO;MAB;BEL;MCP;2025-08-12 19:42:41.760;TS;NSW
2025-08-12 19:10:00.000;4070;A320-251NEO;VCP;BEL;MCP;2025-08-12 19:52:41.760;TS;NSW
2025-08-12 19:20:00.000;2941;A320-251NEO;STM;BEL;MCP;2025-08-12 20:02:41.760;TS;NSW
2025-08-14 18:35:00.000;2705;A320-251NEO;MCP;BEL;MCP;2025-08-14 19:17:41.760;TS;NSW
2025-08-14 18:55:00.000;2637;A320-251NEO;SLZ;BEL;MCP;2025-08-14 19:37:41.760;TS;NSW
2025-08-14 19:00:00.000;4463;A320-251NEO;ATM;BEL;MCP;2025-08-14 19:42:41.760;TS;NSW
2025-08-14 19:00:00.000;4210;A320-251NEO;MAB;BEL;MCP;2025-08-14 19:42:41.760;TS;NSW
2025-08-14 19:10:00.000;4070;A320-253NEO;VCP;BEL;MCP;2025-08-14 19:52:41.760;TS;NSW
2025-08-14 19:20:00.000;2941;A320-251NEO;STM;BEL;MCP;2025-08-14 20:02:41.760;TS;NSW
2025-08-15 01:30:00.000;2937;A320-253NEO;FOR;BEL;MCP;2025-08-15 02:12:41.760;TS;NSW
2025-08-15 17:20:00.000;4218;A320-251NEO;BEL;ATM;MCP;2025-08-15 18:10:34.080;TS;NSW
2025-08-15 18:35:00.000;2705;A320-251NEO;MCP;BEL;MCP;2025-08-15 19:17:41.760;TS;NSW
2025-08-15 18:55:00.000;2637;A320-251NEO;SLZ;BEL;MCP;2025-08-15 19:37:41.760;TS;NSW
2025-08-15 19:00:00.000;4463;A320-251NEO;ATM;BEL;MCP;2025-08-15 19:42:41.760;TS;NSW
2025-08-15 19:00:00.000;4210;A320-251NEO;MAB;BEL;MCP;2025-08-15 19:42:41.760;TS;NSW
2025-08-15 19:10:00.000;4070;A320-251NEO;VCP;BEL;MCP;2025-08-15 19:52:41.760;TS;NSW
2025-08-15 19:20:00.000;2941;A320-253NEO;STM;BEL;MCP;2025-08-15 20:02:41.760;TS;NSW
2025-08-16 04:25:00.000;4438;A320-251NEO;CNF;BEL;MCP;2025-08-16 05:07:41.760;TSRA;NSW
2025-08-16 04:30:00.000;2954;A320-251NEO;VCP;BEL;MCP;2025-08-16 05:12:41.760;TSRA;NSW
2025-08-24 17:20:00.000;4218;A320-251NEO;BEL;ATM;MCP;2025-08-24 18:10:34.080;TSRA;VCSH
2025-08-24 18:35:00.000;2705;A320-251NEO;MCP;BEL;MCP;2025-08-24 19:17:41.760;TSRA;VCSH VCTS
2025-08-24 19:00:00.000;4463;A320-251NEO;ATM;BEL;MCP;2025-08-24 19:42:41.760;TSRA;VCSH VCTS
2025-08-24 19:00:00.000;4210;A320-251NEO;MAB;BEL;MCP;2025-08-24 19:42:41.760;TSRA;VCSH VCTS
2025-08-24 19:10:00.000;4070;A320-251NEO;VCP;BEL;MCP;2025-08-24 19:52:41.760;TSRA;VCSH VCTS
2025-08-24 19:20:00.000;2941;A320-251NEO;STM;BEL;MCP;2025-08-24 20:02:41.760;TSRA;NSW
2025-08-25 17:20:00.000;4218;A320-251NEO;BEL;ATM;MCP;2025-08-25 18:10:34.080;TS;NSW
2025-08-25 18:35:00.000;2705;A320-253NEO;MCP;BEL;MCP;2025-08-25 19:17:41.760;TS;NSW
2025-08-25 18:55:00.000;2637;A320-251NEO;SLZ;BEL;MCP;2025-08-25 19:37:41.760;TS;NSW
2025-08-25 19:00:00.000;4463;A320-251NEO;ATM;BEL;MCP;2025-08-25 19:42:41.760;TS;NSW
2025-08-25 19:00:00.000;4210;A320-251NEO;MAB;BEL;MCP;2025-08-25 19:42:41.760;TS;NSW
2025-08-25 19:10:00.000;4070;A320-251NEO;VCP;BEL;MCP;2025-08-25 19:52:41.760;TS;NSW
2025-08-25 19:20:00.000;2941;A320-251NEO;STM;BEL;MCP;2025-08-25 20:02:41.760;TS;NSW
2025-08-26 17:20:00.000;4218;A320-251NEO;BEL;ATM;MCP;2025-08-26 18:10:34.080;TS;VCTS
2025-08-26 17:45:00.000;9901;A321-231;GIG;BEL;MCP;2025-08-26 18:27:41.760;TS;VCTS
2025-08-26 18:35:00.000;2705;A320-251NEO;MCP;BEL;MCP;2025-08-26 19:17:41.760;TS;NSW
2025-08-26 18:55:00.000;2637;A320-251NEO;SLZ;BEL;MCP;2025-08-26 19:37:41.760;TS;NSW
2025-08-26 19:00:00.000;4463;A320-251NEO;ATM;BEL;MCP;2025-08-26 19:42:41.760;TS;NSW
2025-08-26 19:00:00.000;4210;A320-251NEO;MAB;BEL;MCP;2025-08-26 19:42:41.760;TS;NSW
2025-08-26 19:10:00.000;4070;A320-251NEO;VCP;BEL;MCP;2025-08-26 19:52:41.760;TS;NSW
2025-08-27 04:00:00.000;4856;A320-251NEO;MAO;BEL;MCP;2025-08-27 04:42:41.760;TS;NSW
2025-08-27 04:05:00.000;4949;A320-251NEO;REC;BEL;MCP;2025-08-27 04:47:41.760;TS;NSW
2025-08-27 04:25:00.000;4438;A320-251NEO;CNF;BEL;MCP;2025-08-27 05:07:41.760;TS;NSW
2025-08-27 04:30:00.000;2954;A320-251NEO;VCP;BEL;MCP;2025-08-27 05:12:41.760;TS;NSW
2025-08-27 05:35:00.000;4500;A320-251NEO;CNF;BEL;MCP;2025-08-27 06:17:41.760;TS;NSW
2025-08-27 07:50:00.000;4235;A320-251NEO;MCP;BEL;MCP;2025-08-27 08:32:41.760;TS;NSW
2025-08-27 08:05:00.000;4113;A320-251NEO;MAB;BEL;MCP;2025-08-27 08:47:41.760;TS;NSW
2025-08-30 17:20:00.000;2040;A321-231;VCP;BEL;MCP;2025-08-30 18:02:41.760;TS;NSW
2025-08-30 17:20:00.000;4218;A320-251NEO;BEL;ATM;MCP;2025-08-30 18:10:34.080;TS;NSW
2025-08-30 18:35:00.000;2705;A320-251NEO;MCP;BEL;MCP;2025-08-30 19:17:41.760;TS;NSW
2025-08-30 19:00:00.000;4463;A320-251NEO;ATM;BEL;MCP;2025-08-30 19:42:41.760;TS;NSW
2025-08-30 19:10:00.000;4070;A320-251NEO;VCP;BEL;MCP;2025-08-30 19:52:41.760;TS;NSW
2025-08-30 19:20:00.000;2941;A320-251NEO;STM;BEL;MCP;2025-08-30 20:02:41.760;TS;NSW
2025-09-03 18:35:00.000;2705;A320-251NEO;MCP;BEL;MCP;2025-09-03 19:17:41.760;TSRA;NSW
2025-09-03 19:00:00.000;4463;A320-251NEO;ATM;BEL;MCP;2025-09-03 19:42:41.760;TSRA;NSW
2025-09-03 19:10:00.000;4070;A320-251NEO;VCP;BEL;MCP;2025-09-03 19:52:41.760;TSRA;NSW
2025-09-03 19:20:00.000;2941;A320-251NEO;STM;BEL;MCP;2025-09-03 20:02:41.760;TSRA;VCSH
2025-09-04 17:20:00.000;2040;A321-231;VCP;BEL;MCP;2025-09-04 18:02:41.760;TSRA;NSW
2025-09-04 17:20:00.000;4218;A320-251NEO;BEL;ATM;MCP;2025-09-04 18:10:34.080;TSRA;NSW
2025-09-06 17:20:00.000;2040;A321-231;VCP;BEL;MCP;2025-09-06 18:02:41.760;TS;NSW
2025-09-06 17:20:00.000;4218;A320-251NEO;BEL;ATM;MCP;2025-09-06 18:10:34.080;TS;NSW
2025-09-06 18:35:00.000;2705;A320-251NEO;MCP;BEL;MCP;2025-09-06 19:17:41.760;TS;VCSH
2025-09-29 19:20:00.000;2941;A320-253NEO;STM;BEL;MCP;2025-09-29 20:02:41.760;TSRA;NSW
2025-10-01 17:20:00.000;4218;A320-251NEO;BEL;ATM;MCP;2025-10-01 18:10:34.080;TS;NSW
2025-10-01 18:35:00.000;2705;A320-251NEO;MCP;BEL;MCP;2025-10-01 19:17:41.760;TS;NSW
2025-10-01 19:00:00.000;4463;A320-251NEO;ATM;BEL;MCP;2025-10-01 19:42:41.760;TS;NSW
2025-10-01 19:10:00.000;4070;A320-251NEO;VCP;BEL;MCP;2025-10-01 19:52:41.760;TS;NSW
2025-10-01 19:15:00.000;2637;A320-251NEO;SLZ;BEL;MCP;2025-10-01 19:57:41.760;TS;NSW
2025-10-01 19:30:00.000;2941;A320-251NEO;STM;BEL;MCP;2025-10-01 20:12:41.760;TS;NSW
2025-10-04 17:20:00.000;2040;A321-231;VCP;BEL;MCP;2025-10-04 18:02:41.760;TS;NSW
2025-10-04 18:35:00.000;2705;A320-251NEO;MCP;BEL;MCP;2025-10-04 19:17:41.760;TS;NSW
2025-10-04 18:55:00.000;2637;A320-253NEO;SLZ;BEL;MCP;2025-10-04 19:37:41.760;TS;NSW
2025-10-04 19:00:00.000;4463;A320-251NEO;ATM;BEL;MCP;2025-10-04 19:42:41.760;TS;NSW
2025-10-04 19:30:00.000;2941;A320-251NEO;STM;BEL;MCP;2025-10-04 20:12:41.760;TS;NSW
2025-10-11 17:20:00.000;2040;A321-231;VCP;BEL;MCP;2025-10-11 18:02:41.760;TSRA;NSW
2025-10-11 17:20:00.000;4218;A320-251NEO;BEL;ATM;MCP;2025-10-11 18:10:34.080;TSRA;NSW
2025-10-11 18:55:00.000;2705;A320-251NEO;MCP;BEL;MCP;2025-10-11 19:37:41.760;TSRA;NSW
2025-10-11 18:55:00.000;2637;A320-251NEO;SLZ;BEL;MCP;2025-10-11 19:37:41.760;TSRA;NSW
2025-10-11 19:00:00.000;4463;A320-251NEO;ATM;BEL;MCP;2025-10-11 19:42:41.760;TSRA;NSW
2025-10-11 19:10:00.000;4070;A320-251NEO;VCP;BEL;MCP;2025-10-11 19:52:41.760;TSRA;NSW
2025-10-11 19:30:00.000;2941;A320-251NEO;STM;BEL;MCP;2025-10-11 20:12:41.760;TSRA;NSW
2025-10-21 17:20:00.000;4218;A320-251NEO;BEL;ATM;MCP;2025-10-21 18:10:34.080;TS;NSW
2025-10-21 18:35:00.000;2705;A320-251NEO;MCP;BEL;MCP;2025-10-21 19:17:41.760;TS;NSW
2025-10-21 19:00:00.000;4463;A320-251NEO;ATM;BEL;MCP;2025-10-21 19:42:41.760;TS;NSW
2025-10-21 19:00:00.000;4210;A320-253NEO;MAB;BEL;MCP;2025-10-21 19:42:41.760;TS;NSW
2025-10-21 19:10:00.000;4070;A320-253NEO;VCP;BEL;MCP;2025-10-21 19:52:41.760;TS;NSW
2025-10-21 19:15:00.000;2637;A320-253NEO;SLZ;BEL;MCP;2025-10-21 19:57:41.760;TS;NSW
2025-10-21 19:30:00.000;2941;A320-251NEO;STM;BEL;MCP;2025-10-21 20:12:41.760;TS;NSW
2025-10-26 18:35:00.000;4210;A320-251NEO;MAB;BEL;MCP;2025-10-26 19:17:41.760;TS;NSW
2025-10-26 18:55:00.000;2705;A320-251NEO;MCP;BEL;MCP;2025-10-26 19:37:41.760;TS;NSW
2025-10-26 19:00:00.000;4463;A320-251NEO;ATM;BEL;MCP;2025-10-26 19:42:41.760;TS;NSW
2025-10-26 19:10:00.000;4070;A320-251NEO;VCP;BEL;MCP;2025-10-26 19:52:41.760;TS;NSW
2025-10-26 19:10:00.000;2637;A320-251NEO;SLZ;BEL;MCP;2025-10-26 19:52:41.760;TS;NSW
2025-10-26 20:10:00.000;2941;A320-251NEO;STM;BEL;MCP;2025-10-26 20:52:41.760;TS;NSW
2025-10-26 21:45:00.000;9430;ATR72-600;OYK;BEL;MCP;2025-10-26 22:44:18.000;TS;NSW
2025-11-08 17:25:00.000;2040;A321-231;VCP;BEL;MCP;2025-11-08 18:07:41.760;TS;NSW
2025-11-08 17:40:00.000;4218;A320-251NEO;BEL;ATM;MCP;2025-11-08 18:30:34.080;TS;NSW
2025-11-08 18:55:00.000;2705;A320-251NEO;MCP;BEL;MCP;2025-11-08 19:37:41.760;TS;NSW
2025-11-08 19:00:00.000;4070;A320-251NEO;VCP;BEL;MCP;2025-11-08 19:42:41.760;TS;NSW
2025-11-08 19:20:00.000;4463;A320-251NEO;ATM;BEL;MCP;2025-11-08 20:02:41.760;TS;NSW
2025-11-08 19:30:00.000;2941;A320-251NEO;STM;BEL;MCP;2025-11-08 20:12:41.760;TS;NSW
2025-11-08 20:00:00.000;2637;A320-253NEO;SLZ;BEL;MCP;2025-11-08 20:42:41.760;TS;NSW
2025-11-10 17:20:00.000;4218;A320-251NEO;BEL;ATM;MCP;2025-11-10 18:10:34.080;TSRA;NSW
2025-11-10 18:30:00.000;4070;A320-251NEO;VCP;BEL;MCP;2025-11-10 19:12:41.760;TSRA;NSW
2025-11-10 18:55:00.000;2705;A320-251NEO;MCP;BEL;MCP;2025-11-10 19:37:41.760;TSRA;NSW
2025-11-10 19:00:00.000;4463;A320-251NEO;ATM;BEL;MCP;2025-11-10 19:42:41.760;TSRA;NSW
2025-11-10 19:35:00.000;2637;A320-251NEO;SLZ;BEL;MCP;2025-11-10 20:17:41.760;TSRA;NSW
2025-11-10 20:10:00.000;2941;A320-251NEO;STM;BEL;MCP;2025-11-10 20:52:41.760;TSRA;NSW
2025-11-10 22:20:00.000;4428;A320-251NEO;MCP;BEL;MCP;2025-11-10 23:02:41.760;TSRA;NSW
2025-11-19 17:20:00.000;4218;A320-253NEO;BEL;ATM;MCP;2025-11-19 18:10:34.080;TS;VCTS
2025-11-19 20:10:00.000;2941;A320-251NEO;STM;BEL;MCP;2025-11-19 20:52:41.760;TS;NSW
2025-11-20 18:30:00.000;4070;A320-253NEO;VCP;BEL;MCP;2025-11-20 19:12:41.760;TS;NSW
2025-11-20 18:35:00.000;4210;A320-251NEO;MAB;BEL;MCP;2025-11-20 19:17:41.760;TS;NSW
2025-11-20 18:55:00.000;2705;A320-251NEO;MCP;BEL;MCP;2025-11-20 19:37:41.760;TS;NSW
2025-11-20 19:00:00.000;4463;A320-251NEO;ATM;BEL;MCP;2025-11-20 19:42:41.760;TS;NSW
2025-11-20 19:35:00.000;2637;A320-253NEO;SLZ;BEL;MCP;2025-11-20 20:17:41.760;TS;NSW
2025-11-20 20:10:00.000;2941;A320-251NEO;STM;BEL;MCP;2025-11-20 20:52:41.760;TS;NSW
2025-11-21 23:15:00.000;9062;ATR72-600;MCP;BEL;MCP;2025-11-22 00:14:18.000;TS;NSW
2025-11-23 17:20:00.000;4218;A320-253NEO;BEL;ATM;MCP;2025-11-23 18:10:34.080;TS;NSW
2025-11-23 18:35:00.000;4210;A320-251NEO;MAB;BEL;MCP;2025-11-23 19:17:41.760;TS;NSW
2025-11-23 18:55:00.000;2705;A320-251NEO;MCP;BEL;MCP;2025-11-23 19:37:41.760;TS;NSW
2025-11-23 19:00:00.000;4070;A320-253NEO;VCP;BEL;MCP;2025-11-23 19:42:41.760;TS;NSW
2025-11-23 19:10:00.000;2637;A320-251NEO;SLZ;BEL;MCP;2025-11-23 19:52:41.760;TS;NSW
2025-11-23 19:20:00.000;4463;A320-253NEO;ATM;BEL;MCP;2025-11-23 20:02:41.760;TS;NSW
2025-11-25 05:20:00.000;4438;A320-251NEO;CNF;BEL;MCP;2025-11-25 06:02:41.760;TS;NSW
2025-11-25 07:55:00.000;8721;A320-251NEO;FLL;BEL;MCP;2025-11-25 08:37:41.760;TS;NSW
2025-11-25 08:30:00.000;4113;A320-251NEO;MAB;BEL;MCP;2025-11-25 09:12:41.760;TS;NSW
2025-11-25 08:40:00.000;4445;A320-251NEO;STM;BEL;MCP;2025-11-25 09:22:41.760;TS;NSW
2025-12-13 17:20:00.000;4218;A320-251NEO;BEL;ATM;MCP;2025-12-13 18:10:34.080;TSRA;NSW
2025-12-13 18:35:00.000;2705;A320-251NEO;MCP;BEL;MCP;2025-12-13 19:17:41.760;TSRA;NSW
2025-12-13 18:55:00.000;2637;A320-251NEO;SLZ;BEL;MCP;2025-12-13 19:37:41.760;TSRA;NSW
2025-12-13 19:05:00.000;4463;A320-251NEO;ATM;BEL;MCP;2025-12-13 19:47:41.760;TSRA;NSW
2025-12-13 19:10:00.000;4070;A320-251NEO;VCP;BEL;MCP;2025-12-13 19:52:41.760;TSRA;NSW
2025-12-13 19:30:00.000;2941;A320-251NEO;STM;BEL;MCP;2025-12-13 20:12:41.760;TSRA;NSW
2025-12-17 17:20:00.000;4218;A320-251NEO;BEL;ATM;MCP;2025-12-17 18:10:34.080;TS;NSW
2025-12-17 18:35:00.000;2705;A320-251NEO;MCP;BEL;MCP;2025-12-17 19:17:41.760;TS;NSW
2025-12-17 19:05:00.000;4463;A320-251NEO;ATM;BEL;MCP;2025-12-17 19:47:41.760;TS;NSW
2025-12-17 19:10:00.000;4070;A320-251NEO;VCP;BEL;MCP;2025-12-17 19:52:41.760;TS;NSW
2025-12-17 19:30:00.000;2941;A320-251NEO;STM;BEL;MCP;2025-12-17 20:12:41.760;TS;NSW
2025-12-17 20:00:00.000;2637;A320-251NEO;SLZ;BEL;MCP;2025-12-17 20:42:41.760;TS;NSW
2025-12-18 17:20:00.000;4218;A320-251NEO;BEL;ATM;MCP;2025-12-18 18:10:34.080;TS;NSW
2025-12-18 18:35:00.000;2705;A320-251NEO;MCP;BEL;MCP;2025-12-18 19:17:41.760;TS;NSW
2025-12-18 19:00:00.000;4210;A320-251NEO;MAB;BEL;MCP;2025-12-18 19:42:41.760;TS;NSW
2025-12-18 19:05:00.000;4463;A320-251NEO;ATM;BEL;MCP;2025-12-18 19:47:41.760;TS;NSW
2025-12-18 19:10:00.000;4070;A320-251NEO;VCP;BEL;MCP;2025-12-18 19:52:41.760;TS;NSW
2025-12-18 19:15:00.000;2637;A320-251NEO;SLZ;BEL;MCP;2025-12-18 19:57:41.760;TS;NSW
2025-12-18 19:25:00.000;2040;A321-231;VCP;BEL;MCP;2025-12-18 20:07:41.760;TS;NSW
2025-12-18 19:30:00.000;2941;A320-251NEO;STM;BEL;MCP;2025-12-18 20:12:41.760;TS;NSW
2025-12-19 18:35:00.000;2705;A320-251NEO;MCP;BEL;MCP;2025-12-19 19:17:41.760;TSRA;NSW
2025-12-19 19:00:00.000;4210;A320-253NEO;MAB;BEL;MCP;2025-12-19 19:42:41.760;TSRA;NSW
2025-12-19 19:05:00.000;4463;A320-251NEO;ATM;BEL;MCP;2025-12-19 19:47:41.760;TSRA;NSW
2025-12-19 19:10:00.000;4070;A320-251NEO;VCP;BEL;MCP;2025-12-19 19:52:41.760;TSRA;NSW
2025-12-19 19:15:00.000;2637;A320-251NEO;SLZ;BEL;MCP;2025-12-19 19:57:41.760;TSRA;NSW
2025-12-19 19:30:00.000;2941;A320-251NEO;STM;BEL;MCP;2025-12-19 20:12:41.760;TSRA;VCSH
2025-12-19 21:59:00.000;4800;A320-251NEO;MCP;BEL;MCP;2025-12-19 22:41:41.760;TSRA;SHRA
2025-12-20 17:20:00.000;4218;A320-253NEO;BEL;ATM;MCP;2025-12-20 18:10:34.080;TSRA;NSW
2025-12-20 18:35:00.000;2705;A320-251NEO;MCP;BEL;MCP;2025-12-20 19:17:41.760;TSRA;NSW
2025-12-20 18:55:00.000;2637;A320-251NEO;SLZ;BEL;MCP;2025-12-20 19:37:41.760;TSRA;NSW
2025-12-20 19:05:00.000;4463;A320-253NEO;ATM;BEL;MCP;2025-12-20 19:47:41.760;TSRA;NSW
2025-12-20 19:10:00.000;4070;A320-251NEO;VCP;BEL;MCP;2025-12-20 19:52:41.760;TSRA;NSW
2025-12-20 19:20:00.000;2941;A320-251NEO;STM;BEL;MCP;2025-12-20 20:02:41.760;TSRA;NSW
2025-12-20 20:05:00.000;2051;A321-231;REC;BEL;MCP;2025-12-20 20:47:41.760;TSRA;NSW
2025-12-21 03:35:00.000;4438;A320-251NEO;CNF;BEL;MCP;2025-12-21 04:17:41.760;TSRA;NSW
2025-12-21 04:05:00.000;4949;A320-251NEO;REC;BEL;MCP;2025-12-21 04:47:41.760;TSRA;NSW
2025-12-21 04:30:00.000;2954;A320-251NEO;VCP;BEL;MCP;2025-12-21 05:12:41.760;TSRA;NSW
2025-12-22 17:20:00.000;4218;A320-251NEO;BEL;ATM;MCP;2025-12-22 18:10:34.080;TSRA;-RA
2025-12-22 18:35:00.000;2705;A320-251NEO;MCP;BEL;MCP;2025-12-22 19:17:41.760;TSRA;NSW
2025-12-22 19:05:00.000;4463;A320-251NEO;ATM;BEL;MCP;2025-12-22 19:47:41.760;TSRA;NSW
2025-12-22 19:10:00.000;4070;A320-251NEO;VCP;BEL;MCP;2025-12-22 19:52:41.760;TSRA;NSW
2025-12-22 19:15:00.000;2637;A320-253NEO;SLZ;BEL;MCP;2025-12-22 19:57:41.760;TSRA;NSW
2025-12-22 19:30:00.000;2941;A320-251NEO;STM;BEL;MCP;2025-12-22 20:12:41.760;TSRA;NSW
2025-12-22 21:30:00.000;9593;ATR72-600;OYK;BEL;MCP;2025-12-22 22:29:18.000;TSRA;-RA
2025-12-22 22:35:00.000;4428;A320-251NEO;MCP;BEL;MCP;2025-12-22 23:17:41.760;TSRA;NSW
2025-12-23 01:30:00.000;2906;A320-251NEO;FOR;BEL;MCP;2025-12-23 02:12:41.760;TSRA;NSW
2025-12-23 17:25:00.000;2040;A321-231;VCP;BEL;MCP;2025-12-23 18:07:41.760;TSRA;-RA
2025-12-23 17:20:00.000;4218;A320-251NEO;BEL;ATM;MCP;2025-12-23 18:10:34.080;TSRA;-RA
2025-12-23 18:35:00.000;2705;A320-251NEO;MCP;BEL;MCP;2025-12-23 19:17:41.760;TSRA;-RA
2025-12-23 19:00:00.000;4210;A320-251NEO;MAB;BEL;MCP;2025-12-23 19:42:41.760;TSRA;-RA
2025-12-23 19:05:00.000;4463;A320-251NEO;ATM;BEL;MCP;2025-12-23 19:47:41.760;TSRA;-RA
2025-12-23 19:10:00.000;4070;A320-253NEO;VCP;BEL;MCP;2025-12-23 19:52:41.760;TSRA;-RA
2025-12-23 19:15:00.000;2637;A320-251NEO;SLZ;BEL;MCP;2025-12-23 19:57:41.760;TSRA;-RA
2025-12-23 19:30:00.000;2941;A320-251NEO;STM;BEL;MCP;2025-12-23 20:12:41.760;TSRA;-RA
2025-12-24 08:05:00.000;4113;A320-251NEO;MAB;BEL;MCP;2025-12-24 08:47:41.760;TSRA;FG
2025-12-24 08:35:00.000;4445;A320-251NEO;STM;BEL;MCP;2025-12-24 09:17:41.760;TSRA;FG
2025-12-24 17:20:00.000;4218;A320-253NEO;BEL;ATM;MCP;2025-12-24 18:10:34.080;TSRA;-RA
2025-12-24 19:05:00.000;4463;A320-253NEO;ATM;BEL;MCP;2025-12-24 19:47:41.760;TSRA;NSW
2025-12-24 19:10:00.000;4070;A320-253NEO;VCP;BEL;MCP;2025-12-24 19:52:41.760;TSRA;NSW
2025-12-24 19:15:00.000;2637;A320-251NEO;SLZ;BEL;MCP;2025-12-24 19:57:41.760;TSRA;NSW
2025-12-27 17:00:00.000;2040;A321-231;VCP;BEL;MCP;2025-12-27 17:42:41.760;TS;VCSH
2025-12-28 17:20:00.000;4218;A320-251NEO;BEL;ATM;MCP;2025-12-28 18:10:34.080;TS;NSW
2025-12-28 18:35:00.000;2705;A320-251NEO;MCP;BEL;MCP;2025-12-28 19:17:41.760;TS;NSW
2025-12-28 19:00:00.000;4210;A320-253NEO;MAB;BEL;MCP;2025-12-28 19:42:41.760;TS;NSW
2025-12-28 19:05:00.000;4463;A320-251NEO;ATM;BEL;MCP;2025-12-28 19:47:41.760;TS;NSW
2025-12-28 19:10:00.000;4070;A320-253NEO;VCP;BEL;MCP;2025-12-28 19:52:41.760;TS;NSW
2025-12-28 19:15:00.000;2637;A320-251NEO;SLZ;BEL;MCP;2025-12-28 19:57:41.760;TS;NSW
2025-12-28 19:30:00.000;2941;A320-251NEO;STM;BEL;MCP;2025-12-28 20:12:41.760;TS;NSW
2025-12-30 17:20:00.000;4218;A320-251NEO;BEL;ATM;MCP;2025-12-30 18:10:34.080;TS;NSW
2025-12-30 17:50:00.000;4800;A320-251NEO;CKS;BEL;MCP;2025-12-30 18:32:41.760;TS;NSW
2025-12-30 19:00:00.000;4210;A320-251NEO;MAB;BEL;MCP;2025-12-30 19:42:41.760;TS;NSW
2025-12-30 19:05:00.000;4463;A320-251NEO;ATM;BEL;MCP;2025-12-30 19:47:41.760;TS;NSW
2025-12-30 19:10:00.000;4070;A320-251NEO;VCP;BEL;MCP;2025-12-30 19:52:41.760;TS;NSW
2025-12-30 19:15:00.000;2637;A320-251NEO;SLZ;BEL;MCP;2025-12-30 19:57:41.760;TS;NSW
2025-12-30 19:30:00.000;2941;A320-253NEO;STM;BEL;MCP;2025-12-30 20:12:41.760;TS;NSW
2025-12-30 21:30:00.000;9591;ATR72-600;OYK;BEL;MCP;2025-12-30 22:29:18.000;TS;NSW
2025-12-30 22:35:00.000;4428;A320-251NEO;MCP;BEL;MCP;2025-12-30 23:17:41.760;TS;NSW
2026-01-05 14:30:00.000;4544;A320-251NEO;MAO;BEL;MCP;2026-01-05 15:12:41.760;TS;NSW
2026-01-05 14:35:00.000;4100;A320-251NEO;FOR;BEL;MCP;2026-01-05 15:17:41.760;TS;NSW
2026-01-05 14:50:00.000;4840;A320-253NEO;VCP;BEL;MCP;2026-01-05 15:32:41.760;TS;NSW
2026-01-05 15:05:00.000;4432;A320-253NEO;REC;BEL;MCP;2026-01-05 15:47:41.760;TS;NSW
2026-01-05 15:05:00.000;4729;A320-251NEO;CNF;BEL;MCP;2026-01-05 15:47:41.760;TS;NSW
2026-01-05 16:00:00.000;9591;ATR72-600;OYK;BEL;MCP;2026-01-05 16:59:18.000;TS;VCSH
2026-01-05 17:15:00.000;4800;A320-251NEO;CKS;BEL;MCP;2026-01-05 17:57:41.760;TS;NSW
2026-01-14 16:00:00.000;9591;ATR72-600;OYK;BEL;MCP;2026-01-14 16:59:18.000;TSRA;NSW
2026-01-14 17:15:00.000;4800;A320-251NEO;CKS;BEL;MCP;2026-01-14 17:57:41.760;TSRA;NSW
2026-01-14 17:20:00.000;4218;A320-251NEO;BEL;ATM;MCP;2026-01-14 18:10:34.080;TSRA;NSW
2026-01-14 18:35:00.000;2705;A320-251NEO;MCP;BEL;MCP;2026-01-14 19:17:41.760;TSRA;NSW
2026-01-14 19:00:00.000;4463;A320-251NEO;ATM;BEL;MCP;2026-01-14 19:42:41.760;TSRA;NSW
2026-01-14 19:10:00.000;4070;A320-251NEO;VCP;BEL;MCP;2026-01-14 19:52:41.760;TSRA;NSW
2026-01-14 19:20:00.000;2941;A320-251NEO;STM;BEL;MCP;2026-01-14 20:02:41.760;TSRA;NSW
2026-01-14 20:00:00.000;2637;A320-253NEO;SLZ;BEL;MCP;2026-01-14 20:42:41.760;TSRA;NSW
2026-01-17 17:20:00.000;4218;A320-251NEO;BEL;ATM;MCP;2026-01-17 18:10:34.080;TS;NSW
2026-01-17 18:35:00.000;2705;A320-251NEO;MCP;BEL;MCP;2026-01-17 19:17:41.760;TS;NSW
2026-01-17 19:00:00.000;4463;A320-251NEO;ATM;BEL;MCP;2026-01-17 19:42:41.760;TS;NSW
2026-01-17 19:10:00.000;4070;A320-251NEO;VCP;BEL;MCP;2026-01-17 19:52:41.760;TS;NSW
2026-01-17 19:20:00.000;2941;A320-253NEO;STM;BEL;MCP;2026-01-17 20:02:41.760;TS;NSW
2026-01-17 20:00:00.000;2637;A320-251NEO;SLZ;BEL;MCP;2026-01-17 20:42:41.760;TS;NSW
2026-01-18 17:20:00.000;4218;A320-253NEO;BEL;ATM;MCP;2026-01-18 18:10:34.080;TS;NSW
2026-01-18 18:35:00.000;2705;A320-251NEO;MCP;BEL;MCP;2026-01-18 19:17:41.760;TS;NSW
2026-01-18 19:00:00.000;4463;A320-253NEO;ATM;BEL;MCP;2026-01-18 19:42:41.760;TS;NSW
2026-01-18 19:05:00.000;4210;A320-253NEO;MAB;BEL;MCP;2026-01-18 19:47:41.760;TS;NSW
2026-01-18 19:10:00.000;4070;A320-251NEO;VCP;BEL;MCP;2026-01-18 19:52:41.760;TS;NSW
2026-01-18 19:15:00.000;2637;A320-251NEO;SLZ;BEL;MCP;2026-01-18 19:57:41.760;TS;NSW
2026-01-18 19:20:00.000;2941;A320-253NEO;STM;BEL;MCP;2026-01-18 20:02:41.760;TS;NSW
2026-01-21 17:20:00.000;4218;A320-251NEO;BEL;ATM;MCP;2026-01-21 18:10:34.080;TS;VCSH
2026-01-21 18:35:00.000;2705;A320-251NEO;MCP;BEL;MCP;2026-01-21 19:17:41.760;TS;NSW
2026-01-21 19:00:00.000;4463;A320-251NEO;ATM;BEL;MCP;2026-01-21 19:42:41.760;TS;NSW
2026-01-21 19:10:00.000;4070;A320-251NEO;VCP;BEL;MCP;2026-01-21 19:52:41.760;TS;NSW
2026-01-21 19:20:00.000;2941;A320-251NEO;STM;BEL;MCP;2026-01-21 20:02:41.760;TS;NSW
2026-01-21 20:00:00.000;2637;A320-253NEO;SLZ;BEL;MCP;2026-01-21 20:42:41.760;TS;NSW
2026-01-22 17:20:00.000;4218;A320-253NEO;BEL;ATM;MCP;2026-01-22 18:10:34.080;TS;VCSH
2026-01-22 18:35:00.000;2705;A320-251NEO;MCP;BEL;MCP;2026-01-22 19:17:41.760;TS;NSW
2026-01-22 19:00:00.000;4463;A320-253NEO;ATM;BEL;MCP;2026-01-22 19:42:41.760;TS;NSW
2026-01-22 19:05:00.000;4210;A320-251NEO;MAB;BEL;MCP;2026-01-22 19:47:41.760;TS;NSW
2026-01-22 19:10:00.000;4070;A320-251NEO;VCP;BEL;MCP;2026-01-22 19:52:41.760;TS;NSW
2026-01-22 19:15:00.000;2637;A320-251NEO;SLZ;BEL;MCP;2026-01-22 19:57:41.760;TS;NSW
2026-01-22 19:20:00.000;2941;A320-253NEO;STM;BEL;MCP;2026-01-22 20:02:41.760;TS;VCSH
2026-01-26 17:20:00.000;4218;A320-251NEO;BEL;ATM;MCP;2026-01-26 18:10:34.080;TSRA;NSW
2026-01-27 17:25:00.000;2040;A321-231;VCP;BEL;MCP;2026-01-27 18:07:41.760;TS;NSW
2026-01-27 17:20:00.000;4218;A320-251NEO;BEL;ATM;MCP;2026-01-27 18:10:34.080;TS;NSW
2026-01-27 18:35:00.000;2705;A320-251NEO;MCP;BEL;MCP;2026-01-27 19:17:41.760;TS;NSW
2026-01-27 19:00:00.000;4463;A320-251NEO;ATM;BEL;MCP;2026-01-27 19:42:41.760;TS;NSW
2026-01-27 19:05:00.000;4210;A320-251NEO;MAB;BEL;MCP;2026-01-27 19:47:41.760;TS;NSW
2026-01-27 19:10:00.000;4070;A320-251NEO;VCP;BEL;MCP;2026-01-27 19:52:41.760;TS;NSW
2026-01-27 19:20:00.000;2941;A320-251NEO;STM;BEL;MCP;2026-01-27 20:02:41.760;TS;NSW
2026-01-27 19:20:00.000;2637;A320-251NEO;SLZ;BEL;MCP;2026-01-27 20:02:41.760;TS;NSW
2026-01-28 14:30:00.000;4544;A320-251NEO;MAO;BEL;MCP;2026-01-28 15:12:41.760;TSRA;NSW
2026-01-28 14:50:00.000;4840;A320-251NEO;VCP;BEL;MCP;2026-01-28 15:32:41.760;TSRA;NSW
2026-01-28 15:05:00.000;4432;A320-251NEO;REC;BEL;MCP;2026-01-28 15:47:41.760;TSRA;NSW
2026-01-28 15:05:00.000;4729;A320-253NEO;CNF;BEL;MCP;2026-01-28 15:47:41.760;TSRA;NSW
2026-01-28 15:50:00.000;4100;A320-251NEO;FOR;BEL;MCP;2026-01-28 16:32:41.760;TSRA;VCSH
2026-01-28 16:00:00.000;9591;ATR72-600;OYK;BEL;MCP;2026-01-28 16:59:18.000;TSRA;VCSH
2026-01-28 17:15:00.000;4800;A320-251NEO;CKS;BEL;MCP;2026-01-28 17:57:41.760;TSRA;VCSH
2026-01-28 17:20:00.000;4218;A320-253NEO;BEL;ATM;MCP;2026-01-28 18:10:34.080;TS;-SHRA
2026-01-28 18:35:00.000;2705;A320-251NEO;MCP;BEL;MCP;2026-01-28 19:17:41.760;TS;VCTS
2026-01-28 19:00:00.000;4463;A320-253NEO;ATM;BEL;MCP;2026-01-28 19:42:41.760;TS;VCTS
2026-01-28 19:10:00.000;4070;A320-251NEO;VCP;BEL;MCP;2026-01-28 19:52:41.760;TS;VCTS
2026-01-30 17:20:00.000;4218;A320-251NEO;BEL;ATM;MCP;2026-01-30 18:10:34.080;TS;VCSH
2026-01-30 18:35:00.000;2705;A320-253NEO;MCP;BEL;MCP;2026-01-30 19:17:41.760;TS;VCSH
2026-01-30 19:00:00.000;4463;A320-251NEO;ATM;BEL;MCP;2026-01-30 19:42:41.760;TS;VCSH
2026-01-30 19:05:00.000;4210;A320-251NEO;MAB;BEL;MCP;2026-01-30 19:47:41.760;TS;VCSH
2026-01-30 19:10:00.000;4070;A320-251NEO;VCP;BEL;MCP;2026-01-30 19:52:41.760;TS;VCSH
2026-01-30 19:20:00.000;2941;A320-253NEO;STM;BEL;MCP;2026-01-30 20:02:41.760;TS;NSW
2026-01-30 19:20:00.000;2637;A320-251NEO;SLZ;BEL;MCP;2026-01-30 20:02:41.760;TS;NSW
2026-01-31 17:20:00.000;4218;A320-251NEO;BEL;ATM;MCP;2026-01-31 18:10:34.080;TS;NSW
2026-01-31 18:35:00.000;2705;A320-251NEO;MCP;BEL;MCP;2026-01-31 19:17:41.760;TS;NSW
2026-01-31 19:00:00.000;4463;A320-251NEO;ATM;BEL;MCP;2026-01-31 19:42:41.760;TS;NSW
2026-01-31 19:10:00.000;4070;A320-251NEO;VCP;BEL;MCP;2026-01-31 19:52:41.760;TS;NSW
2026-01-31 19:20:00.000;2941;A320-253NEO;STM;BEL;MCP;2026-01-31 20:02:41.760;TS;VCSH
2026-01-31 20:00:00.000;2637;A320-253NEO;SLZ;BEL;MCP;2026-01-31 20:42:41.760;TS;VCSH
2026-02-01 14:30:00.000;4182;A320-253NEO;FOR;BEL;MCP;2026-02-01 15:12:41.760;TSRA;NSW
2026-02-01 14:40:00.000;4544;A320-251NEO;MAO;BEL;MCP;2026-02-01 15:22:41.760;TSRA;NSW
2026-02-01 14:50:00.000;4840;A320-251NEO;VCP;BEL;MCP;2026-02-01 15:32:41.760;TSRA;NSW
2026-02-01 15:05:00.000;4432;A320-251NEO;REC;BEL;MCP;2026-02-01 15:47:41.760;TSRA;NSW
2026-02-01 15:05:00.000;4729;A320-251NEO;CNF;BEL;MCP;2026-02-01 15:47:41.760;TSRA;NSW
2026-02-01 17:20:00.000;4218;A320-251NEO;BEL;ATM;MCP;2026-02-01 18:10:34.080;TSRA;NSW
2026-02-01 18:35:00.000;2705;A320-251NEO;MCP;BEL;MCP;2026-02-01 19:17:41.760;TSRA;NSW
2026-02-01 19:00:00.000;4210;A320-251NEO;MAB;BEL;MCP;2026-02-01 19:42:41.760;TSRA;NSW
2026-02-01 19:05:00.000;4463;A320-251NEO;ATM;BEL;MCP;2026-02-01 19:47:41.760;TSRA;NSW
2026-02-01 19:10:00.000;4070;A320-251NEO;VCP;BEL;MCP;2026-02-01 19:52:41.760;TSRA;NSW
2026-02-01 19:15:00.000;2941;A320-253NEO;STM;BEL;MCP;2026-02-01 19:57:41.760;TSRA;NSW
2026-02-01 19:15:00.000;2637;A320-251NEO;SLZ;BEL;MCP;2026-02-01 19:57:41.760;TSRA;NSW
2026-02-02 14:35:00.000;4100;A320-251NEO;FOR;BEL;MCP;2026-02-02 15:17:41.760;TSRA;NSW
2026-02-02 14:40:00.000;4544;A320-251NEO;MAO;BEL;MCP;2026-02-02 15:22:41.760;TSRA;NSW
2026-02-02 14:50:00.000;4840;A320-251NEO;VCP;BEL;MCP;2026-02-02 15:32:41.760;TSRA;NSW
2026-02-02 15:05:00.000;4432;A320-251NEO;REC;BEL;MCP;2026-02-02 15:47:41.760;TSRA;NSW
2026-02-02 15:05:00.000;4729;A320-251NEO;CNF;BEL;MCP;2026-02-02 15:47:41.760;TSRA;NSW
2026-02-02 15:55:00.000;9591;ATR72-600;OYK;BEL;MCP;2026-02-02 16:54:18.000;TSRA;NSW
2026-02-02 18:35:00.000;2705;A320-251NEO;MCP;BEL;MCP;2026-02-02 19:17:41.760;TSRA;NSW
2026-02-02 19:05:00.000;4463;A320-251NEO;ATM;BEL;MCP;2026-02-02 19:47:41.760;TSRA;NSW
2026-02-02 19:10:00.000;4070;A320-251NEO;VCP;BEL;MCP;2026-02-02 19:52:41.760;TSRA;NSW
2026-02-02 19:15:00.000;2941;A320-251NEO;STM;BEL;MCP;2026-02-02 19:57:41.760;TSRA;NSW
2026-02-02 19:15:00.000;2637;A320-251NEO;SLZ;BEL;MCP;2026-02-02 19:57:41.760;TSRA;NSW
2026-02-03 17:25:00.000;2040;A321-231;VCP;BEL;MCP;2026-02-03 18:07:41.760;TS;NSW
2026-02-03 17:20:00.000;4218;A320-251NEO;BEL;ATM;MCP;2026-02-03 18:10:34.080;TS;NSW
2026-02-03 18:35:00.000;2705;A320-251NEO;MCP;BEL;MCP;2026-02-03 19:17:41.760;TS;NSW
2026-02-03 19:00:00.000;4210;A320-251NEO;MAB;BEL;MCP;2026-02-03 19:42:41.760;TS;NSW
2026-02-03 19:05:00.000;4463;A320-251NEO;ATM;BEL;MCP;2026-02-03 19:47:41.760;TS;NSW
2026-02-03 19:10:00.000;4070;A320-253NEO;VCP;BEL;MCP;2026-02-03 19:52:41.760;TS;NSW
2026-02-03 19:15:00.000;2941;A320-251NEO;STM;BEL;MCP;2026-02-03 19:57:41.760;TS;NSW
2026-02-03 19:15:00.000;2637;A320-251NEO;SLZ;BEL;MCP;2026-02-03 19:57:41.760;TS;NSW
2026-02-06 17:20:00.000;4218;A320-251NEO;BEL;ATM;MCP;2026-02-06 18:10:34.080;TS;NSW
2026-02-06 18:35:00.000;2705;A320-251NEO;MCP;BEL;MCP;2026-02-06 19:17:41.760;TS;NSW
2026-02-06 19:00:00.000;4210;A320-253NEO;MAB;BEL;MCP;2026-02-06 19:42:41.760;TS;NSW
2026-02-06 19:05:00.000;4463;A320-251NEO;ATM;BEL;MCP;2026-02-06 19:47:41.760;TS;NSW
2026-02-06 19:10:00.000;4070;A320-253NEO;VCP;BEL;MCP;2026-02-06 19:52:41.760;TS;NSW
2026-02-06 19:15:00.000;2941;A320-251NEO;STM;BEL;MCP;2026-02-06 19:57:41.760;TS;NSW
2026-02-06 19:15:00.000;2637;A320-251NEO;SLZ;BEL;MCP;2026-02-06 19:57:41.760;TS;NSW
2026-02-06 20:34:00.000;4210;A320-253NEO;MCP;BEL;MCP;2026-02-06 21:16:41.760;TS;-RA
2026-02-06 21:10:00.000;2705;A320-251NEO;SLZ;BEL;MCP;2026-02-06 21:52:41.760;TS;-RA
2026-02-07 17:25:00.000;2040;A321-231;VCP;BEL;MCP;2026-02-07 18:07:41.760;TSRA;RA
2026-02-07 17:20:00.000;4218;A320-253NEO;BEL;ATM;MCP;2026-02-07 18:10:34.080;TSRA;RA
2026-02-07 18:35:00.000;2705;A320-251NEO;MCP;BEL;MCP;2026-02-07 19:17:41.760;TSRA;RA
2026-02-07 19:05:00.000;4463;A320-253NEO;ATM;BEL;MCP;2026-02-07 19:47:41.760;TSRA;RA
2026-02-07 19:10:00.000;4070;A320-251NEO;VCP;BEL;MCP;2026-02-07 19:52:41.760;TSRA;RA
2026-02-07 19:15:00.000;2941;A320-251NEO;STM;BEL;MCP;2026-02-07 19:57:41.760;TSRA;RA
2026-02-07 20:00:00.000;2637;A320-251NEO;SLZ;BEL;MCP;2026-02-07 20:42:41.760;TSRA;-RA
2026-02-08 17:20:00.000;4218;A320-251NEO;BEL;ATM;MCP;2026-02-08 18:10:34.080;TSRA;NSW
2026-02-08 18:35:00.000;2705;A320-251NEO;MCP;BEL;MCP;2026-02-08 19:17:41.760;TSRA;NSW
2026-02-08 19:00:00.000;4210;A320-253NEO;MAB;BEL;MCP;2026-02-08 19:42:41.760;TSRA;NSW
2026-02-08 19:05:00.000;4463;A320-251NEO;ATM;BEL;MCP;2026-02-08 19:47:41.760;TSRA;NSW
2026-02-08 19:10:00.000;4070;A320-251NEO;VCP;BEL;MCP;2026-02-08 19:52:41.760;TSRA;NSW
2026-02-08 19:15:00.000;2637;A320-251NEO;SLZ;BEL;MCP;2026-02-08 19:57:41.760;TSRA;NSW
2026-02-08 21:35:00.000;9591;ATR72-600;OYK;BEL;MCP;2026-02-08 22:34:18.000;TSRA;NSW
2026-02-09 15:55:00.000;9591;ATR72-600;OYK;BEL;MCP;2026-02-09 16:54:18.000;TS;VCSH
2026-02-09 17:20:00.000;4218;A320-251NEO;BEL;ATM;MCP;2026-02-09 18:10:34.080;TSRA;VCSH
2026-02-09 19:05:00.000;4463;A320-251NEO;ATM;BEL;MCP;2026-02-09 19:47:41.760;TSRA;-RA
2026-02-09 19:10:00.000;4070;A320-253NEO;VCP;BEL;MCP;2026-02-09 19:52:41.760;TSRA;-RA
2026-02-09 19:15:00.000;2941;A320-251NEO;STM;BEL;MCP;2026-02-09 19:57:41.760;TSRA;-RA
2026-02-09 19:15:00.000;2637;A320-253NEO;SLZ;BEL;MCP;2026-02-09 19:57:41.760;TSRA;-RA
2026-02-10 17:25:00.000;2040;A321-231;VCP;BEL;MCP;2026-02-10 18:07:41.760;TSRA;NSW
2026-02-10 17:20:00.000;4218;A320-251NEO;BEL;ATM;MCP;2026-02-10 18:10:34.080;TSRA;NSW
2026-02-10 18:10:00.000;9802;A320-251NEO;VCP;BEL;MCP;2026-02-10 18:52:41.760;TSRA;NSW
2026-02-10 18:35:00.000;2705;A320-251NEO;MCP;BEL;MCP;2026-02-10 19:17:41.760;TSRA;NSW
2026-02-10 19:00:00.000;4210;A320-251NEO;MAB;BEL;MCP;2026-02-10 19:42:41.760;TSRA;NSW
2026-02-10 19:05:00.000;4463;A320-251NEO;ATM;BEL;MCP;2026-02-10 19:47:41.760;TSRA;NSW
2026-02-10 19:10:00.000;4070;A320-253NEO;VCP;BEL;MCP;2026-02-10 19:52:41.760;TSRA;NSW
2026-02-10 19:15:00.000;2941;A320-251NEO;STM;BEL;MCP;2026-02-10 19:57:41.760;TSRA;NSW
2026-02-10 19:15:00.000;2637;A320-251NEO;SLZ;BEL;MCP;2026-02-10 19:57:41.760;TSRA;NSW
2026-02-11 17:20:00.000;4218;A320-253NEO;BEL;ATM;MCP;2026-02-11 18:10:34.080;TSRA;NSW
2026-02-11 18:35:00.000;2705;A320-251NEO;MCP;BEL;MCP;2026-02-11 19:17:41.760;TSRA;NSW
2026-02-11 19:05:00.000;4463;A320-253NEO;ATM;BEL;MCP;2026-02-11 19:47:41.760;TSRA;NSW
2026-02-11 19:10:00.000;4070;A320-251NEO;VCP;BEL;MCP;2026-02-11 19:52:41.760;TSRA;NSW
2026-02-11 19:15:00.000;2941;A320-251NEO;STM;BEL;MCP;2026-02-11 19:57:41.760;TSRA;NSW
2026-02-11 20:00:00.000;2637;A320-251NEO;SLZ;BEL;MCP;2026-02-11 20:42:41.760;TSRA;NSW
2026-02-12 17:20:00.000;4218;A320-251NEO;BEL;ATM;MCP;2026-02-12 18:10:34.080;TSRA;NSW
2026-02-12 18:35:00.000;2705;A320-251NEO;MCP;BEL;MCP;2026-02-12 19:17:41.760;TSRA;NSW
2026-02-12 19:00:00.000;4210;A320-251NEO;MAB;BEL;MCP;2026-02-12 19:42:41.760;TSRA;NSW
2026-02-12 19:05:00.000;4463;A320-251NEO;ATM;BEL;MCP;2026-02-12 19:47:41.760;TSRA;NSW
2026-02-12 19:10:00.000;4070;A320-251NEO;VCP;BEL;MCP;2026-02-12 19:52:41.760;TSRA;NSW
2026-02-12 19:15:00.000;2941;A320-251NEO;STM;BEL;MCP;2026-02-12 19:57:41.760;TSRA;NSW
2026-02-12 19:15:00.000;2637;A320-253NEO;SLZ;BEL;MCP;2026-02-12 19:57:41.760;TSRA;NSW
2026-02-13 17:15:00.000;4800;A320-253NEO;CKS;BEL;MCP;2026-02-13 17:57:41.760;TSRA;NSW
2026-02-13 18:35:00.000;2705;A320-251NEO;MCP;BEL;MCP;2026-02-13 19:17:41.760;TSRA;NSW
2026-02-13 19:00:00.000;4210;A320-251NEO;MAB;BEL;MCP;2026-02-13 19:42:41.760;TSRA;NSW
2026-02-13 19:05:00.000;4463;A320-253NEO;ATM;BEL;MCP;2026-02-13 19:47:41.760;TSRA;NSW
2026-02-13 19:10:00.000;4070;A320-253NEO;VCP;BEL;MCP;2026-02-13 19:52:41.760;TSRA;NSW
2026-02-13 19:15:00.000;2941;A320-251NEO;STM;BEL;MCP;2026-02-13 19:57:41.760;TSRA;NSW
2026-02-13 19:15:00.000;2637;A320-251NEO;SLZ;BEL;MCP;2026-02-13 19:57:41.760;TSRA;NSW
2026-02-16 17:20:00.000;4218;A320-251NEO;BEL;ATM;MCP;2026-02-16 18:10:34.080;TSRA;-RA
2026-02-16 18:35:00.000;2705;A320-251NEO;MCP;BEL;MCP;2026-02-16 19:17:41.760;TSRA;NSW
2026-02-16 19:05:00.000;4463;A320-251NEO;ATM;BEL;MCP;2026-02-16 19:47:41.760;TSRA;NSW
2026-02-16 19:10:00.000;4070;A320-251NEO;VCP;BEL;MCP;2026-02-16 19:52:41.760;TSRA;NSW
2026-02-16 19:15:00.000;2941;A320-251NEO;STM;BEL;MCP;2026-02-16 19:57:41.760;TSRA;NSW
2026-02-16 19:15:00.000;2637;A320-253NEO;SLZ;BEL;MCP;2026-02-16 19:57:41.760;TSRA;NSW
2026-02-17 17:25:00.000;2040;A321-231;VCP;BEL;MCP;2026-02-17 18:07:41.760;TSRA;NSW
2026-02-17 17:20:00.000;4218;A320-251NEO;BEL;ATM;MCP;2026-02-17 18:10:34.080;TSRA;NSW
2026-02-17 18:35:00.000;2705;A320-251NEO;MCP;BEL;MCP;2026-02-17 19:17:41.760;TSRA;VCSH
2026-02-17 19:00:00.000;4210;A320-253NEO;MAB;BEL;MCP;2026-02-17 19:42:41.760;TSRA;VCSH
2026-02-17 19:05:00.000;4463;A320-251NEO;ATM;BEL;MCP;2026-02-17 19:47:41.760;TSRA;VCSH
2026-02-17 19:10:00.000;4070;A320-251NEO;VCP;BEL;MCP;2026-02-17 19:52:41.760;TSRA;VCSH
2026-02-17 19:15:00.000;2941;A320-251NEO;STM;BEL;MCP;2026-02-17 19:57:41.760;TSRA;VCSH
2026-02-17 19:15:00.000;2637;A320-253NEO;SLZ;BEL;MCP;2026-02-17 19:57:41.760;TSRA;VCSH
2026-02-19 16:55:00.000;9591;ATR72-600;OYK;BEL;MCP;2026-02-19 17:54:18.000;TSRA;VCSH
2026-02-19 17:15:00.000;4800;A320-251NEO;CKS;BEL;MCP;2026-02-19 17:57:41.760;TSRA;VCSH
2026-02-19 17:20:00.000;4218;A320-253NEO;BEL;ATM;MCP;2026-02-19 18:10:34.080;TS;VCSH VCTS
2026-02-19 18:35:00.000;2705;A320-251NEO;MCP;BEL;MCP;2026-02-19 19:17:41.760;TS;NSW
2026-02-19 19:00:00.000;4210;A320-253NEO;MAB;BEL;MCP;2026-02-19 19:42:41.760;TS;NSW
2026-02-19 19:05:00.000;4463;A320-253NEO;ATM;BEL;MCP;2026-02-19 19:47:41.760;TS;NSW
2026-02-19 19:10:00.000;4070;A320-251NEO;VCP;BEL;MCP;2026-02-19 19:52:41.760;TS;NSW
2026-02-19 19:15:00.000;2941;A320-251NEO;STM;BEL;MCP;2026-02-19 19:57:41.760;TS;NSW
2026-02-19 19:15:00.000;2637;A320-251NEO;SLZ;BEL;MCP;2026-02-19 19:57:41.760;TS;NSW
2026-02-20 14:35:00.000;4100;A320-251NEO;FOR;BEL;MCP;2026-02-20 15:17:41.760;TSRA;VCSH
2026-02-20 14:40:00.000;4544;A320-251NEO;MAO;BEL;MCP;2026-02-20 15:22:41.760;TSRA;VCSH
2026-02-20 14:50:00.000;4840;A320-251NEO;VCP;BEL;MCP;2026-02-20 15:32:41.760;TSRA;VCSH
2026-02-20 15:05:00.000;4432;A320-253NEO;REC;BEL;MCP;2026-02-20 15:47:41.760;TSRA;VCSH
2026-02-20 15:05:00.000;4729;A320-251NEO;CNF;BEL;MCP;2026-02-20 15:47:41.760;TSRA;VCSH
2026-02-20 15:55:00.000;9591;ATR72-600;OYK;BEL;MCP;2026-02-20 16:54:18.000;TSRA;VCSH
2026-02-20 17:15:00.000;4800;A320-251NEO;CKS;BEL;MCP;2026-02-20 17:57:41.760;TSRA;VCSH
2026-02-21 18:35:00.000;2705;A320-251NEO;MCP;BEL;MCP;2026-02-21 19:17:41.760;TSRA;NSW
2026-02-21 19:05:00.000;4463;A320-253NEO;ATM;BEL;MCP;2026-02-21 19:47:41.760;TSRA;NSW
2026-02-21 19:10:00.000;4070;A320-251NEO;VCP;BEL;MCP;2026-02-21 19:52:41.760;TSRA;NSW
2026-02-21 19:15:00.000;2941;A320-251NEO;STM;BEL;MCP;2026-02-21 19:57:41.760;TSRA;NSW
2026-02-21 20:00:00.000;2637;A320-253NEO;SLZ;BEL;MCP;2026-02-21 20:42:41.760;TSRA;NSW
2026-02-22 17:20:00.000;4218;A320-251NEO;BEL;ATM;MCP;2026-02-22 18:10:34.080;TSRA;NSW
2026-02-22 18:35:00.000;2705;A320-253NEO;MCP;BEL;MCP;2026-02-22 19:17:41.760;TSRA;-RA
2026-02-22 19:00:00.000;4210;A320-251NEO;MAB;BEL;MCP;2026-02-22 19:42:41.760;TSRA;-RA
2026-02-22 19:05:00.000;4463;A320-251NEO;ATM;BEL;MCP;2026-02-22 19:47:41.760;TSRA;-RA
2026-02-22 19:10:00.000;4070;A320-253NEO;VCP;BEL;MCP;2026-02-22 19:52:41.760;TSRA;-RA
2026-02-22 19:15:00.000;2941;A320-251NEO;STM;BEL;MCP;2026-02-22 19:57:41.760;TSRA;-RA
2026-02-22 19:15:00.000;2637;A320-251NEO;SLZ;BEL;MCP;2026-02-22 19:57:41.760;TSRA;-RA
2026-02-22 21:35:00.000;9591;ATR72-600;OYK;BEL;MCP;2026-02-22 22:34:18.000;TSRA;NSW
2026-02-23 17:20:00.000;4800;A320-253NEO;CKS;BEL;MCP;2026-02-23 18:02:41.760;TS;-RA
2026-02-23 17:30:00.000;4218;A320-251NEO;BEL;ATM;MCP;2026-02-23 18:20:34.080;TS;-RA
2026-02-23 18:35:00.000;2705;A320-251NEO;MCP;BEL;MCP;2026-02-23 19:17:41.760;TS;-RA
2026-02-23 18:55:00.000;4210;A320-251NEO;MAB;BEL;MCP;2026-02-23 19:37:41.760;TS;-RA
2026-02-23 19:10:00.000;4463;A320-251NEO;ATM;BEL;MCP;2026-02-23 19:52:41.760;TS;-RA
2026-02-23 19:10:00.000;4070;A320-251NEO;VCP;BEL;MCP;2026-02-23 19:52:41.760;TS;-RA
2026-02-23 19:10:00.000;2637;A320-251NEO;SLZ;BEL;MCP;2026-02-23 19:52:41.760;TS;-RA
2026-02-24 08:30:00.000;4445;A320-251NEO;STM;BEL;MCP;2026-02-24 09:12:41.760;TSRA;-RA BR
2026-02-24 08:30:00.000;4113;A320-251NEO;MAB;BEL;MCP;2026-02-24 09:12:41.760;TSRA;-RA BR
2026-02-24 17:20:00.000;4800;A320-251NEO;CKS;BEL;MCP;2026-02-24 18:02:41.760;TSRA;RA
2026-02-24 17:25:00.000;2040;A321-231;VCP;BEL;MCP;2026-02-24 18:07:41.760;TSRA;RA
2026-02-24 17:30:00.000;4218;A320-251NEO;BEL;ATM;MCP;2026-02-24 18:20:34.080;TSRA;NSW
2026-02-24 18:35:00.000;2705;A320-251NEO;MCP;BEL;MCP;2026-02-24 19:17:41.760;TSRA;NSW
2026-02-24 18:55:00.000;4210;A320-251NEO;MAB;BEL;MCP;2026-02-24 19:37:41.760;TSRA;NSW
2026-02-24 19:10:00.000;4463;A320-251NEO;ATM;BEL;MCP;2026-02-24 19:52:41.760;TSRA;NSW
2026-02-24 19:10:00.000;4070;A320-251NEO;VCP;BEL;MCP;2026-02-24 19:52:41.760;TSRA;NSW
2026-02-24 19:10:00.000;2637;A320-251NEO;SLZ;BEL;MCP;2026-02-24 19:52:41.760;TSRA;NSW
2026-02-24 19:45:00.000;2941;A320-253NEO;STM;BEL;MCP;2026-02-24 20:27:41.760;TSRA;-RA BR
2026-02-24 21:35:00.000;9591;ATR72-600;OYK;BEL;MCP;2026-02-24 22:34:18.000;TSRA;NSW
2026-02-25 17:20:00.000;4800;A320-251NEO;CKS;BEL;MCP;2026-02-25 18:02:41.760;TS;-RA
2026-02-25 17:30:00.000;4218;A320-251NEO;BEL;ATM;MCP;2026-02-25 18:20:34.080;TS;-RA
2026-02-25 18:35:00.000;2705;A320-251NEO;MCP;BEL;MCP;2026-02-25 19:17:41.760;TS;NSW
2026-02-25 19:10:00.000;4463;A320-251NEO;ATM;BEL;MCP;2026-02-25 19:52:41.760;TS;NSW
2026-02-25 19:10:00.000;4070;A320-251NEO;VCP;BEL;MCP;2026-02-25 19:52:41.760;TS;NSW
2026-02-25 19:10:00.000;2637;A320-251NEO;SLZ;BEL;MCP;2026-02-25 19:52:41.760;TS;NSW
2026-02-25 19:45:00.000;2941;A320-251NEO;STM;BEL;MCP;2026-02-25 20:27:41.760;TS;NSW
2026-03-03 19:45:00.000;2941;A320-251NEO;STM;BEL;MCP;2026-03-03 20:27:41.760;TSRA;VCSH
2026-03-03 21:35:00.000;9591;ATR72-600;OYK;BEL;MCP;2026-03-03 22:34:18.000;TSRA;NSW
2026-03-04 14:20:00.000;4100;A320-251NEO;FOR;BEL;MCP;2026-03-04 15:02:41.760;TSRA;NSW
2026-03-04 14:40:00.000;4544;A320-251NEO;MAO;BEL;MCP;2026-03-04 15:22:41.760;TSRA;NSW
2026-03-04 14:50:00.000;4840;A320-253NEO;VCP;BEL;MCP;2026-03-04 15:32:41.760;TSRA;NSW
2026-03-04 15:05:00.000;4729;A320-251NEO;CNF;BEL;MCP;2026-03-04 15:47:41.760;TSRA;NSW
2026-03-04 15:10:00.000;4432;A320-251NEO;REC;BEL;MCP;2026-03-04 15:52:41.760;TSRA;-RA BR
2026-03-04 15:55:00.000;9591;ATR72-600;OYK;BEL;MCP;2026-03-04 16:54:18.000;TSRA;-RA
2026-03-04 17:20:00.000;4800;A320-251NEO;CKS;BEL;MCP;2026-03-04 18:02:41.760;TSRA;NSW
2026-03-04 17:30:00.000;4218;A320-251NEO;BEL;ATM;MCP;2026-03-04 18:20:34.080;TSRA;NSW
2026-03-04 18:35:00.000;2705;A320-253NEO;MCP;BEL;MCP;2026-03-04 19:17:41.760;TSRA;NSW
2026-03-04 19:10:00.000;4463;A320-251NEO;ATM;BEL;MCP;2026-03-04 19:52:41.760;TSRA;NSW
2026-03-04 19:10:00.000;4070;A320-251NEO;VCP;BEL;MCP;2026-03-04 19:52:41.760;TSRA;NSW
2026-03-04 19:15:00.000;2637;A320-251NEO;SLZ;BEL;MCP;2026-03-04 19:57:41.760;TSRA;NSW
2026-03-04 19:45:00.000;2941;A320-251NEO;STM;BEL;MCP;2026-03-04 20:27:41.760;TSRA;NSW
2026-03-05 07:45:00.000;4235;A320-253NEO;MCP;BEL;MCP;2026-03-05 08:27:41.760;TSRA;-RA
2026-03-05 07:55:00.000;8721;A320-251NEO;FLL;BEL;MCP;2026-03-05 08:37:41.760;TSRA;-RA
2026-03-05 08:30:00.000;4445;A320-251NEO;STM;BEL;MCP;2026-03-05 09:12:41.760;TSRA;-RA
2026-03-05 08:30:00.000;4113;A320-251NEO;MAB;BEL;MCP;2026-03-05 09:12:41.760;TSRA;-RA
2026-03-05 14:20:00.000;4100;A320-251NEO;FOR;BEL;MCP;2026-03-05 15:02:41.760;TS;-RA
2026-03-05 14:40:00.000;4544;A320-253NEO;MAO;BEL;MCP;2026-03-05 15:22:41.760;TS;-RA
2026-03-05 14:50:00.000;4840;A320-251NEO;VCP;BEL;MCP;2026-03-05 15:32:41.760;TS;-RA
2026-03-05 15:05:00.000;4729;A320-251NEO;CNF;BEL;MCP;2026-03-05 15:47:41.760;TS;-RA
2026-03-05 15:10:00.000;4432;A320-253NEO;REC;BEL;MCP;2026-03-05 15:52:41.760;TS;-RA
2026-03-05 17:20:00.000;4800;A320-251NEO;CKS;BEL;MCP;2026-03-05 18:02:41.760;TS;-RA
2026-03-05 17:30:00.000;4218;A320-253NEO;BEL;ATM;MCP;2026-03-05 18:20:34.080;TS;-RA
2026-03-05 18:35:00.000;2705;A320-251NEO;MCP;BEL;MCP;2026-03-05 19:17:41.760;TS;-RA
2026-03-05 18:55:00.000;4210;A320-251NEO;MAB;BEL;MCP;2026-03-05 19:37:41.760;TS;-RA
2026-03-05 19:10:00.000;4463;A320-253NEO;ATM;BEL;MCP;2026-03-05 19:52:41.760;TS;-RA
2026-03-05 19:10:00.000;4070;A320-251NEO;VCP;BEL;MCP;2026-03-05 19:52:41.760;TS;-RA
2026-03-05 19:15:00.000;2637;A320-251NEO;SLZ;BEL;MCP;2026-03-05 19:57:41.760;TS;-RA
2026-03-05 19:45:00.000;2941;A320-253NEO;STM;BEL;MCP;2026-03-05 20:27:41.760;TS;NSW
2026-03-06 07:45:00.000;4235;A320-251NEO;MCP;BEL;MCP;2026-03-06 08:27:41.760;TSRA BR;NSW
2026-03-06 08:30:00.000;4445;A320-253NEO;STM;BEL;MCP;2026-03-06 09:12:41.760;TSRA BR;NSW
2026-03-06 08:30:00.000;4113;A320-251NEO;MAB;BEL;MCP;2026-03-06 09:12:41.760;TSRA BR;NSW
2026-03-06 18:35:00.000;2705;A320-251NEO;MCP;BEL;MCP;2026-03-06 19:17:41.760;TS;-RA
2026-03-06 18:55:00.000;4210;A320-251NEO;MAB;BEL;MCP;2026-03-06 19:37:41.760;TS;-RA
2026-03-06 19:10:00.000;4463;A320-251NEO;ATM;BEL;MCP;2026-03-06 19:52:41.760;TS;-RA
2026-03-06 19:10:00.000;4070;A320-251NEO;VCP;BEL;MCP;2026-03-06 19:52:41.760;TS;-RA
2026-03-06 19:15:00.000;2637;A320-251NEO;SLZ;BEL;MCP;2026-03-06 19:57:41.760;TS;-RA
2026-03-08 17:30:00.000;4218;A320-253NEO;BEL;ATM;MCP;2026-03-08 18:20:34.080;TS;NSW
2026-03-08 18:35:00.000;2705;A320-251NEO;MCP;BEL;MCP;2026-03-08 19:17:41.760;TS;NSW
2026-03-08 18:55:00.000;4210;A320-251NEO;MAB;BEL;MCP;2026-03-08 19:37:41.760;TS;NSW
2026-03-08 19:10:00.000;4463;A320-253NEO;ATM;BEL;MCP;2026-03-08 19:52:41.760;TS;NSW
2026-03-08 19:15:00.000;2637;A320-251NEO;SLZ;BEL;MCP;2026-03-08 19:57:41.760;TS;NSW
2026-03-08 19:45:00.000;2941;A320-251NEO;STM;BEL;MCP;2026-03-08 20:27:41.760;TS;VCSH
2026-03-09 17:20:00.000;4800;A320-251NEO;CKS;BEL;MCP;2026-03-09 18:02:41.760;TSRA;VCSH VCTS
2026-03-09 17:30:00.000;4218;A320-251NEO;BEL;ATM;MCP;2026-03-09 18:20:34.080;TSRA;VCSH VCTS
2026-03-09 18:35:00.000;2705;A320-251NEO;MCP;BEL;MCP;2026-03-09 19:17:41.760;TSRA;NSW
2026-03-09 18:55:00.000;4210;A320-253NEO;MAB;BEL;MCP;2026-03-09 19:37:41.760;TSRA;NSW
2026-03-09 19:10:00.000;4463;A320-251NEO;ATM;BEL;MCP;2026-03-09 19:52:41.760;TSRA;NSW
2026-03-09 19:10:00.000;4070;A320-251NEO;VCP;BEL;MCP;2026-03-09 19:52:41.760;TSRA;NSW
2026-03-09 19:15:00.000;2637;A320-251NEO;SLZ;BEL;MCP;2026-03-09 19:57:41.760;TSRA;NSW
2026-03-09 19:45:00.000;2941;A320-251NEO;STM;BEL;MCP;2026-03-09 20:27:41.760;TSRA;NSW
2026-03-10 17:20:00.000;4800;A320-251NEO;CKS;BEL;MCP;2026-03-10 18:02:41.760;TSRA;NSW
2026-03-10 17:30:00.000;4218;A320-251NEO;BEL;ATM;MCP;2026-03-10 18:20:34.080;TSRA;NSW
2026-03-10 18:35:00.000;2705;A320-253NEO;MCP;BEL;MCP;2026-03-10 19:17:41.760;TSRA;NSW
2026-03-10 18:55:00.000;4210;A320-251NEO;MAB;BEL;MCP;2026-03-10 19:37:41.760;TSRA;NSW
2026-03-10 19:10:00.000;4463;A320-251NEO;ATM;BEL;MCP;2026-03-10 19:52:41.760;TSRA;NSW
2026-03-10 19:10:00.000;4070;A320-251NEO;VCP;BEL;MCP;2026-03-10 19:52:41.760;TSRA;NSW
2026-03-10 19:15:00.000;2637;A320-253NEO;SLZ;BEL;MCP;2026-03-10 19:57:41.760;TSRA;NSW
2026-03-10 19:45:00.000;2941;A320-251NEO;STM;BEL;MCP;2026-03-10 20:27:41.760;TSRA;NSW
2026-03-11 17:20:00.000;4800;A320-251NEO;CKS;BEL;MCP;2026-03-11 18:02:41.760;TS;NSW
2026-03-11 17:30:00.000;4218;A320-251NEO;BEL;ATM;MCP;2026-03-11 18:20:34.080;TS;NSW
2026-03-11 18:35:00.000;2705;A320-251NEO;MCP;BEL;MCP;2026-03-11 19:17:41.760;TS;NSW
2026-03-11 19:10:00.000;4463;A320-251NEO;ATM;BEL;MCP;2026-03-11 19:52:41.760;TS;NSW
2026-03-11 19:10:00.000;4070;A320-251NEO;VCP;BEL;MCP;2026-03-11 19:52:41.760;TS;NSW
2026-03-11 19:15:00.000;2637;A320-251NEO;SLZ;BEL;MCP;2026-03-11 19:57:41.760;TS;NSW
2026-03-11 19:45:00.000;2941;A320-251NEO;STM;BEL;MCP;2026-03-11 20:27:41.760;TS;NSW
2026-03-12 17:20:00.000;4800;A320-251NEO;CKS;BEL;MCP;2026-03-12 18:02:41.760;TS;NSW
2026-03-12 17:30:00.000;4218;A320-253NEO;BEL;ATM;MCP;2026-03-12 18:20:34.080;TS;NSW
2026-03-12 18:35:00.000;2705;A320-251NEO;MCP;BEL;MCP;2026-03-12 19:17:41.760;TS;NSW
2026-03-12 18:55:00.000;4210;A320-251NEO;MAB;BEL;MCP;2026-03-12 19:37:41.760;TS;NSW
2026-03-12 19:10:00.000;4463;A320-253NEO;ATM;BEL;MCP;2026-03-12 19:52:41.760;TS;NSW
2026-03-12 19:10:00.000;4070;A320-251NEO;VCP;BEL;MCP;2026-03-12 19:52:41.760;TS;NSW
2026-03-12 19:15:00.000;2637;A320-253NEO;SLZ;BEL;MCP;2026-03-12 19:57:41.760;TS;NSW
2026-03-12 19:45:00.000;2941;A320-251NEO;STM;BEL;MCP;2026-03-12 20:27:41.760;TS;NSW
2026-03-12 20:25:00.000;2050;A321-231;VCP;BEL;MCP;2026-03-12 21:07:41.760;TS;NSW
2026-03-12 21:35:00.000;9591;ATR72-600;OYK;BEL;MCP;2026-03-12 22:34:18.000;TS;NSW
2026-03-13 17:20:00.000;4800;A320-251NEO;CKS;BEL;MCP;2026-03-13 18:02:41.760;TSRA;NSW
2026-03-13 17:30:00.000;4218;A320-251NEO;BEL;ATM;MCP;2026-03-13 18:20:34.080;TSRA;NSW
2026-03-13 19:45:00.000;2941;A320-251NEO;STM;BEL;MCP;2026-03-13 20:27:41.760;TSRA;NSW
2026-03-14 17:25:00.000;2040;A321-231;VCP;BEL;MCP;2026-03-14 18:07:41.760;TS;NSW
2026-03-14 17:30:00.000;4218;A320-251NEO;BEL;ATM;MCP;2026-03-14 18:20:34.080;TS;NSW
2026-03-14 18:35:00.000;2705;A320-253NEO;MCP;BEL;MCP;2026-03-14 19:17:41.760;TS;NSW
2026-03-14 19:10:00.000;4463;A320-251NEO;ATM;BEL;MCP;2026-03-14 19:52:41.760;TS;NSW
2026-03-14 19:10:00.000;4070;A320-251NEO;VCP;BEL;MCP;2026-03-14 19:52:41.760;TS;NSW
2026-03-14 19:15:00.000;2637;A320-251NEO;SLZ;BEL;MCP;2026-03-14 19:57:41.760;TS;NSW
2026-03-14 19:45:00.000;2941;A320-253NEO;STM;BEL;MCP;2026-03-14 20:27:41.760;TS;NSW
2026-03-15 14:20:00.000;4182;A320-251NEO;FOR;BEL;MCP;2026-03-15 15:02:41.760;TS;NSW
2026-03-15 14:40:00.000;4544;A320-251NEO;MAO;BEL;MCP;2026-03-15 15:22:41.760;TS;NSW
2026-03-15 14:50:00.000;4840;A320-251NEO;VCP;BEL;MCP;2026-03-15 15:32:41.760;TS;-RA
2026-03-15 15:05:00.000;4729;A320-251NEO;CNF;BEL;MCP;2026-03-15 15:47:41.760;TS;-RA
2026-03-15 15:10:00.000;4432;A320-251NEO;REC;BEL;MCP;2026-03-15 15:52:41.760;TS;-RA
2026-03-15 18:35:00.000;2705;A320-251NEO;MCP;BEL;MCP;2026-03-15 19:17:41.760;TSRA;NSW
2026-03-15 18:55:00.000;4210;A320-251NEO;MAB;BEL;MCP;2026-03-15 19:37:41.760;TSRA;NSW
2026-03-15 19:10:00.000;4463;A320-251NEO;ATM;BEL;MCP;2026-03-15 19:52:41.760;TSRA;NSW
2026-03-15 19:15:00.000;2637;A320-251NEO;SLZ;BEL;MCP;2026-03-15 19:57:41.760;TSRA;NSW
2026-03-15 19:45:00.000;2941;A320-251NEO;STM;BEL;MCP;2026-03-15 20:27:41.760;TSRA;NSW
2026-03-18 17:20:00.000;4800;A320-251NEO;CKS;BEL;MCP;2026-03-18 18:02:41.760;TSRA;NSW
2026-03-18 17:30:00.000;4218;A320-251NEO;BEL;ATM;MCP;2026-03-18 18:20:34.080;TSRA;NSW
2026-03-18 18:35:00.000;2705;A320-251NEO;MCP;BEL;MCP;2026-03-18 19:17:41.760;TSRA;NSW
2026-03-18 19:10:00.000;4463;A320-251NEO;ATM;BEL;MCP;2026-03-18 19:52:41.760;TSRA;NSW
2026-03-18 19:10:00.000;4070;A320-251NEO;VCP;BEL;MCP;2026-03-18 19:52:41.760;TSRA;NSW
2026-03-18 19:15:00.000;2637;A320-251NEO;SLZ;BEL;MCP;2026-03-18 19:57:41.760;TSRA;NSW
2026-03-18 19:45:00.000;2941;A320-251NEO;STM;BEL;MCP;2026-03-18 20:27:41.760;TSRA;NSW
2026-03-18 19:59:00.000;9901;ATR72-600;REC;BEL;MCP;2026-03-18 20:58:18.000;TSRA;NSW
2026-03-19 17:20:00.000;4800;A320-253NEO;CKS;BEL;MCP;2026-03-19 18:02:41.760;TSRA;VCSH
2026-03-19 17:30:00.000;4218;A320-251NEO;BEL;ATM;MCP;2026-03-19 18:20:34.080;TSRA;VCSH
2026-03-19 18:35:00.000;2705;A320-251NEO;MCP;BEL;MCP;2026-03-19 19:17:41.760;TSRA;VCSH
2026-03-19 18:55:00.000;4210;A320-253NEO;MAB;BEL;MCP;2026-03-19 19:37:41.760;TSRA;VCSH
2026-03-19 19:10:00.000;4463;A320-251NEO;ATM;BEL;MCP;2026-03-19 19:52:41.760;TSRA;VCSH
2026-03-19 19:10:00.000;4070;A320-251NEO;VCP;BEL;MCP;2026-03-19 19:52:41.760;TSRA;VCSH
2026-03-19 19:15:00.000;2637;A320-251NEO;SLZ;BEL;MCP;2026-03-19 19:57:41.760;TSRA;VCSH
2026-03-19 19:45:00.000;2941;A320-251NEO;STM;BEL;MCP;2026-03-19 20:27:41.760;TSRA;NSW
2026-03-20 14:20:00.000;4100;A320-251NEO;FOR;BEL;MCP;2026-03-20 15:02:41.760;TSRA;RA BR
2026-03-20 14:40:00.000;4544;A320-251NEO;MAO;BEL;MCP;2026-03-20 15:22:41.760;TSRA;RA BR
2026-03-20 14:50:00.000;4840;A320-251NEO;VCP;BEL;MCP;2026-03-20 15:32:41.760;TSRA;RA BR
2026-03-20 15:05:00.000;4729;A320-253NEO;CNF;BEL;MCP;2026-03-20 15:47:41.760;TSRA;RA BR
2026-03-20 15:10:00.000;4432;A320-251NEO;REC;BEL;MCP;2026-03-20 15:52:41.760;TSRA;RA BR
2026-03-20 15:55:00.000;9591;ATR72-600;OYK;BEL;MCP;2026-03-20 16:54:18.000;TSRA;-RA BR
2026-03-20 16:30:00.000;9800;ATR72-600;MAO;BEL;MCP;2026-03-20 17:29:18.000;TSRA;-RA BR
2026-03-20 17:20:00.000;4800;A320-251NEO;CKS;BEL;MCP;2026-03-20 18:02:41.760;TSRA;-RA BR
2026-03-20 17:30:00.000;4218;A320-251NEO;BEL;ATM;MCP;2026-03-20 18:20:34.080;TSRA;-RA BR
2026-03-20 18:35:00.000;2705;A320-251NEO;MCP;BEL;MCP;2026-03-20 19:17:41.760;TSRA;-RA
2026-03-20 18:55:00.000;4210;A320-251NEO;MAB;BEL;MCP;2026-03-20 19:37:41.760;TSRA;-RA
2026-03-20 19:10:00.000;4463;A320-251NEO;ATM;BEL;MCP;2026-03-20 19:52:41.760;TSRA;-RA
2026-03-20 19:10:00.000;4070;A320-251NEO;VCP;BEL;MCP;2026-03-20 19:52:41.760;TSRA;-RA
2026-03-20 19:15:00.000;2637;A320-251NEO;SLZ;BEL;MCP;2026-03-20 19:57:41.760;TSRA;-RA
2026-03-20 19:45:00.000;2941;A320-253NEO;STM;BEL;MCP;2026-03-20 20:27:41.760;TSRA;-RA
2026-03-24 01:35:00.000;2906;A320-251NEO;FOR;BEL;MCP;2026-03-24 02:17:41.760;TSRA;NSW
2026-03-24 01:40:00.000;4861;A320-251NEO;MAO;BEL;MCP;2026-03-24 02:22:41.760;TSRA;NSW
2026-03-24 03:50:00.000;4500;A320-253NEO;CNF;BEL;MCP;2026-03-24 04:32:41.760;TSRA;NSW
2026-03-24 04:00:00.000;2954;A320-253NEO;VCP;BEL;MCP;2026-03-24 04:42:41.760;TSRA;NSW
2026-03-24 04:05:00.000;4949;A320-253NEO;REC;BEL;MCP;2026-03-24 04:47:41.760;TSRA;NSW
2026-03-24 05:00:00.000;4438;A320-251NEO;CNF;BEL;MCP;2026-03-24 05:42:41.760;TSRA;NSW
2026-03-24 17:20:00.000;4800;A320-251NEO;CKS;BEL;MCP;2026-03-24 18:02:41.760;TS;NSW
2026-03-24 17:25:00.000;2040;A321-231;VCP;BEL;MCP;2026-03-24 18:07:41.760;TS;NSW
2026-03-24 17:30:00.000;4218;A320-251NEO;BEL;ATM;MCP;2026-03-24 18:20:34.080;TS;NSW
2026-03-24 18:35:00.000;2705;A320-251NEO;MCP;BEL;MCP;2026-03-24 19:17:41.760;TS;NSW
2026-03-24 18:55:00.000;4210;A320-251NEO;MAB;BEL;MCP;2026-03-24 19:37:41.760;TS;NSW
2026-03-24 19:10:00.000;4463;A320-251NEO;ATM;BEL;MCP;2026-03-24 19:52:41.760;TS;NSW
2026-03-24 19:10:00.000;4070;A320-251NEO;VCP;BEL;MCP;2026-03-24 19:52:41.760;TS;NSW
2026-03-24 19:15:00.000;2637;A320-253NEO;SLZ;BEL;MCP;2026-03-24 19:57:41.760;TS;NSW
2026-03-24 19:45:00.000;2941;A320-251NEO;STM;BEL;MCP;2026-03-24 20:27:41.760;TS;NSW
2026-03-25 17:20:00.000;4800;A320-251NEO;CKS;BEL;MCP;2026-03-25 18:02:41.760;TSRA;NSW
2026-03-25 17:30:00.000;4218;A320-251NEO;BEL;ATM;MCP;2026-03-25 18:20:34.080;TSRA;NSW
2026-03-25 18:35:00.000;2705;A320-253NEO;MCP;BEL;MCP;2026-03-25 19:17:41.760;TSRA;NSW
2026-03-25 19:10:00.000;4463;A320-251NEO;ATM;BEL;MCP;2026-03-25 19:52:41.760;TSRA;NSW
2026-03-25 19:10:00.000;4070;A320-251NEO;VCP;BEL;MCP;2026-03-25 19:52:41.760;TSRA;NSW
2026-03-25 19:15:00.000;2637;A320-251NEO;SLZ;BEL;MCP;2026-03-25 19:57:41.760;TSRA;NSW
2026-03-25 19:45:00.000;2941;A320-251NEO;STM;BEL;MCP;2026-03-25 20:27:41.760;TSRA;NSW
2026-03-26 17:20:00.000;4800;A320-251NEO;CKS;BEL;MCP;2026-03-26 18:02:41.760;TS;NSW
2026-03-26 17:30:00.000;4218;A320-253NEO;BEL;ATM;MCP;2026-03-26 18:20:34.080;TS;NSW
2026-03-26 18:55:00.000;4210;A320-251NEO;MAB;BEL;MCP;2026-03-26 19:37:41.760;TS;VCSH
2026-03-26 19:10:00.000;4463;A320-253NEO;ATM;BEL;MCP;2026-03-26 19:52:41.760;TS;VCSH
2026-03-26 19:10:00.000;4070;A320-251NEO;VCP;BEL;MCP;2026-03-26 19:52:41.760;TS;VCSH
2026-03-26 19:15:00.000;2637;A320-251NEO;SLZ;BEL;MCP;2026-03-26 19:57:41.760;TS;VCSH
2026-03-28 17:25:00.000;2040;A321-231;VCP;BEL;MCP;2026-03-28 18:07:41.760;TSRA;NSW
2026-03-28 17:30:00.000;4218;A320-251NEO;BEL;ATM;MCP;2026-03-28 18:20:34.080;TSRA;NSW
2026-03-28 18:35:00.000;2705;A320-251NEO;MCP;BEL;MCP;2026-03-28 19:17:41.760;TSRA;NSW
2026-03-28 19:10:00.000;4463;A320-251NEO;ATM;BEL;MCP;2026-03-28 19:52:41.760;TSRA;NSW
2026-03-28 19:10:00.000;4070;A320-253NEO;VCP;BEL;MCP;2026-03-28 19:52:41.760;TSRA;NSW
2026-03-28 19:15:00.000;2637;A320-251NEO;SLZ;BEL;MCP;2026-03-28 19:57:41.760;TSRA;NSW
2026-03-28 19:45:00.000;2941;A320-251NEO;STM;BEL;MCP;2026-03-28 20:27:41.760;TSRA;NSW
2026-03-29 17:30:00.000;4218;A320-251NEO;BEL;ATM;MCP;2026-03-29 18:20:34.080;TS;VCSH
2026-03-29 18:30:00.000;2705;A320-251NEO;MCP;BEL;MCP;2026-03-29 19:12:41.760;TS;VCSH
2026-03-29 18:55:00.000;4210;A320-253NEO;MAB;BEL;MCP;2026-03-29 19:37:41.760;TS;VCSH
2026-03-29 19:10:00.000;4463;A320-251NEO;ATM;BEL;MCP;2026-03-29 19:52:41.760;TS;VCSH
2026-03-29 19:15:00.000;2637;A320-251NEO;SLZ;BEL;MCP;2026-03-29 19:57:41.760;TS;VCSH
2026-03-29 19:45:00.000;2941;A320-251NEO;STM;BEL;MCP;2026-03-29 20:27:41.760;TS;NSW
2026-03-30 17:20:00.000;4800;A320-251NEO;CKS;BEL;MCP;2026-03-30 18:02:41.760;TS;NSW
2026-03-30 17:30:00.000;4218;A320-251NEO;BEL;ATM;MCP;2026-03-30 18:20:34.080;TS;NSW
2026-03-30 18:30:00.000;2705;A320-251NEO;MCP;BEL;MCP;2026-03-30 19:12:41.760;TS;VCTS
2026-03-30 18:55:00.000;4210;A320-253NEO;MAB;BEL;MCP;2026-03-30 19:37:41.760;TS;VCTS
2026-03-30 19:10:00.000;4463;A320-251NEO;ATM;BEL;MCP;2026-03-30 19:52:41.760;TS;VCTS
2026-03-30 19:10:00.000;4070;A320-251NEO;VCP;BEL;MCP;2026-03-30 19:52:41.760;TS;VCTS
2026-03-30 19:15:00.000;2637;A320-251NEO;SLZ;BEL;MCP;2026-03-30 19:57:41.760;TS;VCTS
2026-03-30 19:45:00.000;2941;A320-253NEO;STM;BEL;MCP;2026-03-30 20:27:41.760;TS;VCSH
2026-03-30 21:40:00.000;9595;ATR72-600;OYK;BEL;MCP;2026-03-30 22:39:18.000;TS;NSW
2026-03-31 01:35:00.000;2906;A320-253NEO;FOR;BEL;MCP;2026-03-31 02:17:41.760;TSRA;NSW
2026-03-31 01:40:00.000;4861;A320-251NEO;MAO;BEL;MCP;2026-03-31 02:22:41.760;TSRA;NSW
2026-03-31 03:50:00.000;4500;A320-251NEO;CNF;BEL;MCP;2026-03-31 04:32:41.760;TSRA;VCSH
2026-03-31 04:00:00.000;2954;A320-251NEO;VCP;BEL;MCP;2026-03-31 04:42:41.760;TSRA;VCSH
2026-03-31 04:05:00.000;4949;A320-251NEO;REC;BEL;MCP;2026-03-31 04:47:41.760;TSRA;VCSH
2026-03-31 05:00:00.000;4438;A320-251NEO;CNF;BEL;MCP;2026-03-31 05:42:41.760;TSRA;NSW
2026-03-31 18:30:00.000;2705;A320-251NEO;MCP;BEL;MCP;2026-03-31 19:12:41.760;TS;NSW
2026-03-31 18:55:00.000;4210;A320-253NEO;MAB;BEL;MCP;2026-03-31 19:37:41.760;TS;NSW
2026-03-31 19:10:00.000;4463;A320-251NEO;ATM;BEL;MCP;2026-03-31 19:52:41.760;TS;NSW
2026-03-31 19:10:00.000;4070;A320-251NEO;VCP;BEL;MCP;2026-03-31 19:52:41.760;TS;NSW
2026-03-31 19:15:00.000;2637;A320-251NEO;SLZ;BEL;MCP;2026-03-31 19:57:41.760;TS;NSW
2026-03-31 19:45:00.000;2941;A320-253NEO;STM;BEL;MCP;2026-03-31 20:27:41.760;TS;NSW
2026-04-02 17:30:00.000;4218;A320-251NEO;BEL;ATM;MCP;2026-04-02 18:20:34.080;TSRA;NSW
2026-04-02 18:30:00.000;2705;A320-251NEO;MCP;BEL;MCP;2026-04-02 19:12:41.760;TSRA;NSW
2026-04-02 18:55:00.000;4210;A320-251NEO;MAB;BEL;MCP;2026-04-02 19:37:41.760;TSRA;NSW
2026-04-02 19:10:00.000;4463;A320-251NEO;ATM;BEL;MCP;2026-04-02 19:52:41.760;TSRA;NSW
2026-04-02 19:15:00.000;4070;A320-251NEO;VCP;BEL;MCP;2026-04-02 19:57:41.760;TSRA;NSW
2026-04-02 19:15:00.000;2637;A320-251NEO;SLZ;BEL;MCP;2026-04-02 19:57:41.760;TSRA;NSW
2026-04-02 19:45:00.000;2941;A320-251NEO;STM;BEL;MCP;2026-04-02 20:27:41.760;TSRA;NSW
2026-04-02 20:25:00.000;2050;A321-231;VCP;BEL;MCP;2026-04-02 21:07:41.760;TSRA;NSW
2026-04-03 01:35:00.000;2906;A320-251NEO;FOR;BEL;MCP;2026-04-03 02:17:41.760;TSRA BR;NSW
2026-04-03 01:40:00.000;4861;A320-251NEO;MAO;BEL;MCP;2026-04-03 02:22:41.760;TSRA BR;NSW
2026-04-03 01:40:00.000;9806;ATR72-600;REC;BEL;MCP;2026-04-03 02:39:18.000;TSRA BR;NSW
2026-04-03 03:50:00.000;4500;A320-253NEO;CNF;BEL;MCP;2026-04-03 04:32:41.760;TSRA BR;VCTS
2026-04-03 04:20:00.000;4949;A320-251NEO;REC;BEL;MCP;2026-04-03 05:02:41.760;TSRA BR;NSW
2026-04-03 05:00:00.000;4438;A320-251NEO;CNF;BEL;MCP;2026-04-03 05:42:41.760;TSRA BR;NSW
2026-04-04 03:50:00.000;4500;A320-251NEO;CNF;BEL;MCP;2026-04-04 04:32:41.760;TS;NSW
2026-04-04 14:20:00.000;4544;A320-251NEO;MAO;BEL;MCP;2026-04-04 15:02:41.760;TSRA;VCSH
2026-04-04 14:20:00.000;4182;A320-251NEO;FOR;BEL;MCP;2026-04-04 15:02:41.760;TSRA;VCSH
2026-04-04 14:55:00.000;4840;A320-251NEO;VCP;BEL;MCP;2026-04-04 15:37:41.760;TSRA;VCSH
2026-04-04 15:05:00.000;4729;A320-251NEO;CNF;BEL;MCP;2026-04-04 15:47:41.760;TSRA;VCSH
2026-04-04 15:10:00.000;4432;A320-251NEO;REC;BEL;MCP;2026-04-04 15:52:41.760;TSRA;VCSH
2026-04-07 17:20:00.000;4800;A320-251NEO;CKS;BEL;MCP;2026-04-07 18:02:41.760;TSRA;VCSH
2026-04-07 17:25:00.000;2040;A321-231;VCP;BEL;MCP;2026-04-07 18:07:41.760;TSRA;VCSH
2026-04-07 17:30:00.000;4218;A320-253NEO;BEL;ATM;MCP;2026-04-07 18:20:34.080;TSRA;VCSH
2026-04-07 18:30:00.000;2705;A320-251NEO;MCP;BEL;MCP;2026-04-07 19:12:41.760;TSRA;NSW
2026-04-07 18:55:00.000;4210;A320-251NEO;MAB;BEL;MCP;2026-04-07 19:37:41.760;TSRA;NSW
2026-04-07 19:10:00.000;4463;A320-253NEO;ATM;BEL;MCP;2026-04-07 19:52:41.760;TSRA;NSW
2026-04-07 19:15:00.000;4070;A320-251NEO;VCP;BEL;MCP;2026-04-07 19:57:41.760;TSRA;NSW
2026-04-07 19:15:00.000;2637;A320-251NEO;SLZ;BEL;MCP;2026-04-07 19:57:41.760;TSRA;NSW
2026-04-07 19:45:00.000;2941;A320-253NEO;STM;BEL;MCP;2026-04-07 20:27:41.760;TSRA;NSW
2026-04-08 17:20:00.000;4800;A320-251NEO;CKS;BEL;MCP;2026-04-08 18:02:41.760;TSRA;VCSH
2026-04-08 17:30:00.000;4218;A320-251NEO;BEL;ATM;MCP;2026-04-08 18:20:34.080;TSRA;VCSH
2026-04-08 18:30:00.000;2705;A320-251NEO;MCP;BEL;MCP;2026-04-08 19:12:41.760;TSRA;NSW
2026-04-08 19:10:00.000;4463;A320-251NEO;ATM;BEL;MCP;2026-04-08 19:52:41.760;TSRA;NSW
2026-04-08 19:15:00.000;4070;A320-253NEO;VCP;BEL;MCP;2026-04-08 19:57:41.760;TSRA;NSW
2026-04-08 19:15:00.000;2637;A320-251NEO;SLZ;BEL;MCP;2026-04-08 19:57:41.760;TSRA;NSW
2026-04-08 19:45:00.000;2941;A320-251NEO;STM;BEL;MCP;2026-04-08 20:27:41.760;TSRA;NSW
2026-04-10 17:20:00.000;4800;A320-251NEO;CKS;BEL;MCP;2026-04-10 18:02:41.760;TS;VCSH
2026-04-10 17:30:00.000;4218;A320-253NEO;BEL;ATM;MCP;2026-04-10 18:20:34.080;TS;VCSH
2026-04-10 18:30:00.000;2705;A320-251NEO;MCP;BEL;MCP;2026-04-10 19:12:41.760;TS;NSW
2026-04-10 18:55:00.000;4210;A320-253NEO;MAB;BEL;MCP;2026-04-10 19:37:41.760;TS;NSW
2026-04-10 19:10:00.000;4463;A320-253NEO;ATM;BEL;MCP;2026-04-10 19:52:41.760;TS;NSW
2026-04-10 19:15:00.000;4070;A320-251NEO;VCP;BEL;MCP;2026-04-10 19:57:41.760;TS;NSW
2026-04-10 19:15:00.000;2637;A320-253NEO;SLZ;BEL;MCP;2026-04-10 19:57:41.760;TS;NSW
2026-04-10 19:45:00.000;2941;A320-253NEO;STM;BEL;MCP;2026-04-10 20:27:41.760;TS;NSW
2026-04-14 17:20:00.000;4800;A320-251NEO;CKS;BEL;MCP;2026-04-14 18:02:41.760;TS;VCSH
2026-04-14 17:25:00.000;2040;A321-231;VCP;BEL;MCP;2026-04-14 18:07:41.760;TS;VCSH
2026-04-14 17:35:00.000;4218;A320-253NEO;BEL;ATM;MCP;2026-04-14 18:25:34.080;TS;VCSH
2026-04-14 18:30:00.000;2705;A320-251NEO;MCP;BEL;MCP;2026-04-14 19:12:41.760;TS;NSW
2026-04-14 18:55:00.000;4210;A320-251NEO;MAB;BEL;MCP;2026-04-14 19:37:41.760;TS;NSW
2026-04-14 19:15:00.000;4463;A320-253NEO;ATM;BEL;MCP;2026-04-14 19:57:41.760;TS;NSW
2026-04-14 19:15:00.000;4070;A320-251NEO;VCP;BEL;MCP;2026-04-14 19:57:41.760;TS;NSW
2026-04-14 19:15:00.000;2637;A320-251NEO;SLZ;BEL;MCP;2026-04-14 19:57:41.760;TS;NSW
2026-04-14 19:45:00.000;2941;A320-251NEO;STM;BEL;MCP;2026-04-14 20:27:41.760;TS;VCTS
2026-04-17 17:20:00.000;4800;A320-253NEO;CKS;BEL;MCP;2026-04-17 18:02:41.760;TS;NSW
2026-04-17 17:35:00.000;4218;A320-253NEO;BEL;ATM;MCP;2026-04-17 18:25:34.080;TS;NSW
2026-04-17 18:30:00.000;2705;A320-251NEO;MCP;BEL;MCP;2026-04-17 19:12:41.760;TS;NSW
2026-04-17 18:55:00.000;4210;A320-251NEO;MAB;BEL;MCP;2026-04-17 19:37:41.760;TS;NSW
2026-04-17 19:15:00.000;4463;A320-253NEO;ATM;BEL;MCP;2026-04-17 19:57:41.760;TS;NSW
2026-04-17 19:15:00.000;4070;A320-251NEO;VCP;BEL;MCP;2026-04-17 19:57:41.760;TS;NSW
2026-04-17 19:15:00.000;2637;A320-251NEO;SLZ;BEL;MCP;2026-04-17 19:57:41.760;TS;NSW
2026-04-18 17:25:00.000;2040;A321-231;VCP;BEL;MCP;2026-04-18 18:07:41.760;TSRA;VCSH
2026-04-18 17:35:00.000;4218;A320-251NEO;BEL;ATM;MCP;2026-04-18 18:25:34.080;TSRA;VCSH
2026-04-18 18:30:00.000;2705;A320-251NEO;MCP;BEL;MCP;2026-04-18 19:12:41.760;TSRA;VCSH
2026-04-18 19:15:00.000;4463;A320-251NEO;ATM;BEL;MCP;2026-04-18 19:57:41.760;TSRA;VCSH
2026-04-18 19:15:00.000;4070;A320-251NEO;VCP;BEL;MCP;2026-04-18 19:57:41.760;TSRA;VCSH
2026-04-18 19:15:00.000;2637;A320-251NEO;SLZ;BEL;MCP;2026-04-18 19:57:41.760;TSRA;VCSH
2026-04-18 19:45:00.000;2941;A320-253NEO;STM;BEL;MCP;2026-04-18 20:27:41.760;TSRA;-RA BR
2026-04-19 17:30:00.000;4218;A320-251NEO;BEL;ATM;MCP;2026-04-19 18:20:34.080;TS;NSW
2026-04-19 18:30:00.000;2705;A320-251NEO;MCP;BEL;MCP;2026-04-19 19:12:41.760;TS;NSW
2026-04-19 18:55:00.000;4210;A320-253NEO;MAB;BEL;MCP;2026-04-19 19:37:41.760;TS;NSW
2026-04-19 19:10:00.000;4463;A320-251NEO;ATM;BEL;MCP;2026-04-19 19:52:41.760;TS;NSW
2026-04-19 19:15:00.000;2637;A320-251NEO;SLZ;BEL;MCP;2026-04-19 19:57:41.760;TS;NSW
2026-04-19 19:45:00.000;2941;A320-251NEO;STM;BEL;MCP;2026-04-19 20:27:41.760;TS;NSW
2026-04-22 18:30:00.000;2705;A320-251NEO;MCP;BEL;MCP;2026-04-22 19:12:41.760;TSRA;-RA
2026-04-22 19:10:00.000;4463;A320-251NEO;ATM;BEL;MCP;2026-04-22 19:52:41.760;TSRA;-RA
2026-04-22 19:15:00.000;4070;A320-251NEO;VCP;BEL;MCP;2026-04-22 19:57:41.760;TSRA;-RA
2026-04-22 19:15:00.000;2637;A320-251NEO;SLZ;BEL;MCP;2026-04-22 19:57:41.760;TSRA;-RA
2026-04-22 19:45:00.000;2941;A320-253NEO;STM;BEL;MCP;2026-04-22 20:27:41.760;TSRA;NSW
2026-04-23 19:45:00.000;2941;A320-251NEO;STM;BEL;MCP;2026-04-23 20:27:41.760;TSRA;NSW
2026-04-23 20:25:00.000;2050;A321-231;VCP;BEL;MCP;2026-04-23 21:07:41.760;TSRA;NSW
2026-04-23 23:05:00.000;4783;ATR72-600;MCP;BEL;MCP;2026-04-24 00:04:18.000;TS;NSW
2026-04-24 01:35:00.000;2906;A320-251NEO;FOR;BEL;MCP;2026-04-24 02:17:41.760;TS;NSW
2026-04-24 01:40:00.000;4861;A320-251NEO;MAO;BEL;MCP;2026-04-24 02:22:41.760;TS;NSW
2026-04-27 17:20:00.000;4800;A320-251NEO;CKS;BEL;MCP;2026-04-27 18:02:41.760;TS;VCSH
2026-04-27 17:30:00.000;4218;A320-251NEO;BEL;ATM;MCP;2026-04-27 18:20:34.080;TS;VCSH
2026-04-27 18:30:00.000;2705;A320-251NEO;MCP;BEL;MCP;2026-04-27 19:12:41.760;TS;VCSH
2026-04-27 18:55:00.000;4210;A320-251NEO;MAB;BEL;MCP;2026-04-27 19:37:41.760;TS;VCSH
2026-04-27 19:10:00.000;4463;A320-251NEO;ATM;BEL;MCP;2026-04-27 19:52:41.760;TS;VCSH
2026-04-27 19:15:00.000;4070;A320-251NEO;VCP;BEL;MCP;2026-04-27 19:57:41.760;TS;VCSH
2026-04-27 19:15:00.000;2637;A320-251NEO;SLZ;BEL;MCP;2026-04-27 19:57:41.760;TS;VCSH
2026-04-27 19:45:00.000;2941;A320-253NEO;STM;BEL;MCP;2026-04-27 20:27:41.760;TS;NSW
2026-04-28 17:20:00.000;4800;A320-253NEO;CKS;BEL;MCP;2026-04-28 18:02:41.760;TSRA;NSW
2026-04-28 17:25:00.000;2040;A321-231;VCP;BEL;MCP;2026-04-28 18:07:41.760;TSRA;NSW
2026-04-28 17:30:00.000;4218;A320-251NEO;BEL;ATM;MCP;2026-04-28 18:20:34.080;TSRA;NSW
2026-04-28 18:30:00.000;2705;A320-251NEO;MCP;BEL;MCP;2026-04-28 19:12:41.760;TSRA;NSW
2026-04-28 18:55:00.000;4210;A320-253NEO;MAB;BEL;MCP;2026-04-28 19:37:41.760;TSRA;NSW
2026-04-28 19:10:00.000;4463;A320-251NEO;ATM;BEL;MCP;2026-04-28 19:52:41.760;TSRA;NSW
2026-04-28 19:15:00.000;4070;A320-251NEO;VCP;BEL;MCP;2026-04-28 19:57:41.760;TSRA;NSW
2026-04-28 19:15:00.000;2637;A320-251NEO;SLZ;BEL;MCP;2026-04-28 19:57:41.760;TSRA;NSW
2026-04-28 19:45:00.000;2941;A320-251NEO;STM;BEL;MCP;2026-04-28 20:27:41.760;TSRA;NSW
2026-04-28 23:05:00.000;4783;ATR72-600;MCP;BEL;MCP;2026-04-29 00:04:18.000;TSRA;NSW
2026-04-30 17:20:00.000;4800;A320-251NEO;CKS;BEL;MCP;2026-04-30 18:02:41.760;TSRA;VCSH
2026-04-30 17:30:00.000;4218;A320-253NEO;BEL;ATM;MCP;2026-04-30 18:20:34.080;TSRA;VCSH
2026-04-30 18:30:00.000;2705;A320-251NEO;MCP;BEL;MCP;2026-04-30 19:12:41.760;TSRA;VCSH
2026-04-30 18:55:00.000;4210;A320-251NEO;MAB;BEL;MCP;2026-04-30 19:37:41.760;TSRA;VCSH
2026-04-30 19:10:00.000;4463;A320-253NEO;ATM;BEL;MCP;2026-04-30 19:52:41.760;TSRA;VCSH
2026-04-30 19:15:00.000;4070;A320-251NEO;VCP;BEL;MCP;2026-04-30 19:57:41.760;TSRA;VCSH
2026-04-30 19:15:00.000;2637;A320-253NEO;SLZ;BEL;MCP;2026-04-30 19:57:41.760;TSRA;VCSH
2026-04-30 19:45:00.000;2941;A320-253NEO;STM;BEL;MCP;2026-04-30 20:27:41.760;TSRA;NSW
2026-04-30 20:25:00.000;2050;A321-231;VCP;BEL;MCP;2026-04-30 21:07:41.760;TSRA;NSW
2026-05-01 17:30:00.000;4218;A320-251NEO;BEL;ATM;MCP;2026-05-01 18:20:34.080;TSRA;NSW
2026-05-01 18:30:00.000;2705;A320-251NEO;MCP;BEL;MCP;2026-05-01 19:12:41.760;TSRA;NSW
2026-05-01 18:55:00.000;4210;A320-253NEO;MAB;BEL;MCP;2026-05-01 19:37:41.760;TSRA;NSW
2026-05-01 19:10:00.000;4463;A320-251NEO;ATM;BEL;MCP;2026-05-01 19:52:41.760;TSRA;NSW
2026-05-01 19:15:00.000;4070;A320-251NEO;VCP;BEL;MCP;2026-05-01 19:57:41.760;TSRA;NSW
2026-05-01 19:45:00.000;2941;A320-251NEO;STM;BEL;MCP;2026-05-01 20:27:41.760;TSRA;NSW
2026-05-02 19:45:00.000;2941;A320-251NEO;STM;BEL;MCP;2026-05-02 20:27:41.760;TSRA;NSW
2026-05-03 17:30:00.000;4218;A320-251NEO;BEL;ATM;MCP;2026-05-03 18:20:34.080;TSRA;VCSH
2026-05-03 18:30:00.000;2705;A320-251NEO;MCP;BEL;MCP;2026-05-03 19:12:41.760;TSRA;VCSH
2026-05-03 18:55:00.000;4210;A320-251NEO;MAB;BEL;MCP;2026-05-03 19:37:41.760;TSRA;VCSH
2026-05-03 19:10:00.000;4463;A320-251NEO;ATM;BEL;MCP;2026-05-03 19:52:41.760;TSRA;VCSH
2026-05-03 19:10:00.000;2637;A320-251NEO;SLZ;BEL;MCP;2026-05-03 19:52:41.760;TSRA;VCSH
2026-05-04 03:55:00.000;4500;A320-253NEO;CNF;BEL;MCP;2026-05-04 04:37:41.760;TS;NSW
2026-05-04 04:00:00.000;4856;A320-251NEO;MAO;BEL;MCP;2026-05-04 04:42:41.760;TS;NSW
2026-05-04 04:20:00.000;4949;A320-251NEO;REC;BEL;MCP;2026-05-04 05:02:41.760;TS;NSW
2026-05-04 04:40:00.000;2954;A320-251NEO;VCP;BEL;MCP;2026-05-04 05:22:41.760;TS;NSW
2026-05-04 04:55:00.000;4438;A320-251NEO;CNF;BEL;MCP;2026-05-04 05:37:41.760;TS;NSW
2026-05-04 17:20:00.000;4800;A320-251NEO;CKS;BEL;MCP;2026-05-04 18:02:41.760;TS;VCTS
2026-05-04 17:30:00.000;4218;A320-253NEO;BEL;ATM;MCP;2026-05-04 18:20:34.080;TS;VCTS
2026-05-04 18:30:00.000;2705;A320-253NEO;MCP;BEL;MCP;2026-05-04 19:12:41.760;TS;VCSH VCTS
2026-05-04 18:55:00.000;4210;A320-253NEO;MAB;BEL;MCP;2026-05-04 19:37:41.760;TS;VCSH VCTS
2026-05-04 20:38:00.000;2941;A320-253NEO;STM;BEL;MCP;2026-05-04 21:20:41.760;TS;-RA
2026-05-05 08:30:00.000;4445;A320-251NEO;STM;BEL;MCP;2026-05-05 09:12:41.760;TSRA;NSW
2026-05-05 14:20:00.000;4544;A320-251NEO;MAO;BEL;MCP;2026-05-05 15:02:41.760;TSRA;-RA
2026-05-05 14:20:00.000;4100;A320-251NEO;FOR;BEL;MCP;2026-05-05 15:02:41.760;TSRA;-RA
2026-05-05 14:55:00.000;4840;A320-253NEO;VCP;BEL;MCP;2026-05-05 15:37:41.760;TSRA;-RA
2026-05-05 15:05:00.000;4729;A320-251NEO;CNF;BEL;MCP;2026-05-05 15:47:41.760;TSRA;-RA
2026-05-05 15:10:00.000;4432;A320-251NEO;REC;BEL;MCP;2026-05-05 15:52:41.760;TSRA;-RA
2026-05-05 17:20:00.000;4800;A320-251NEO;CKS;BEL;MCP;2026-05-05 18:02:41.760;TSRA;NSW
2026-05-05 17:25:00.000;2040;A321-231;VCP;BEL;MCP;2026-05-05 18:07:41.760;TSRA;NSW
2026-05-05 17:30:00.000;4218;A320-251NEO;BEL;ATM;MCP;2026-05-05 18:20:34.080;TSRA;NSW
2026-05-05 18:30:00.000;2705;A320-253NEO;MCP;BEL;MCP;2026-05-05 19:12:41.760;TSRA;NSW
2026-05-05 18:55:00.000;4210;A320-251NEO;MAB;BEL;MCP;2026-05-05 19:37:41.760;TSRA;NSW
2026-05-05 19:10:00.000;4463;A320-251NEO;ATM;BEL;MCP;2026-05-05 19:52:41.760;TSRA;NSW
2026-05-05 19:10:00.000;2637;A320-251NEO;SLZ;BEL;MCP;2026-05-05 19:52:41.760;TSRA;NSW
2026-05-05 19:15:00.000;4070;A320-251NEO;VCP;BEL;MCP;2026-05-05 19:57:41.760;TSRA;NSW
2026-05-05 19:45:00.000;2941;A320-251NEO;STM;BEL;MCP;2026-05-05 20:27:41.760;TSRA;VCSH
2026-05-05 21:55:00.000;4783;ATR72-600;MCP;BEL;MCP;2026-05-05 22:54:18.000;TSRA;NSW
2026-05-07 14:20:00.000;4544;A320-251NEO;MAO;BEL;MCP;2026-05-07 15:02:41.760;TSRA;-RA
2026-05-07 14:20:00.000;4100;A320-251NEO;FOR;BEL;MCP;2026-05-07 15:02:41.760;TSRA;-RA
2026-05-07 14:55:00.000;4840;A320-251NEO;VCP;BEL;MCP;2026-05-07 15:37:41.760;TSRA;-RA
2026-05-07 15:05:00.000;4729;A320-251NEO;CNF;BEL;MCP;2026-05-07 15:47:41.760;TSRA;-RA
2026-05-07 15:10:00.000;4432;A320-251NEO;REC;BEL;MCP;2026-05-07 15:52:41.760;TSRA;-RA
2026-05-07 17:20:00.000;4800;A320-251NEO;CKS;BEL;MCP;2026-05-07 18:02:41.760;TS;NSW
2026-05-07 17:30:00.000;4218;A320-251NEO;BEL;ATM;MCP;2026-05-07 18:20:34.080;TS;NSW
2026-05-07 18:30:00.000;2705;A320-251NEO;MCP;BEL;MCP;2026-05-07 19:12:41.760;TS;NSW
2026-05-07 18:55:00.000;4210;A320-251NEO;MAB;BEL;MCP;2026-05-07 19:37:41.760;TS;NSW
2026-05-07 19:10:00.000;4463;A320-251NEO;ATM;BEL;MCP;2026-05-07 19:52:41.760;TS;NSW
2026-05-07 19:10:00.000;2637;A320-251NEO;SLZ;BEL;MCP;2026-05-07 19:52:41.760;TS;NSW
2026-05-07 19:15:00.000;4070;A320-251NEO;VCP;BEL;MCP;2026-05-07 19:57:41.760;TS;NSW
2026-05-07 19:45:00.000;2941;A320-251NEO;STM;BEL;MCP;2026-05-07 20:27:41.760;TS;NSW
2026-05-07 20:25:00.000;2050;A321-231;VCP;BEL;MCP;2026-05-07 21:07:41.760;TS;NSW
2026-05-07 21:55:00.000;4783;ATR72-600;MCP;BEL;MCP;2026-05-07 22:54:18.000;TS;NSW
2026-05-08 17:20:00.000;4800;A320-251NEO;CKS;BEL;MCP;2026-05-08 18:02:41.760;TSRA;VCSH
2026-05-08 17:30:00.000;4218;A320-251NEO;BEL;ATM;MCP;2026-05-08 18:20:34.080;TSRA;VCSH
2026-05-08 18:30:00.000;2705;A320-251NEO;MCP;BEL;MCP;2026-05-08 19:12:41.760;TSRA;NSW
2026-05-08 18:55:00.000;4210;A320-251NEO;MAB;BEL;MCP;2026-05-08 19:37:41.760;TSRA;NSW
2026-05-08 19:10:00.000;4463;A320-251NEO;ATM;BEL;MCP;2026-05-08 19:52:41.760;TSRA;NSW
2026-05-08 19:10:00.000;2637;A320-251NEO;SLZ;BEL;MCP;2026-05-08 19:52:41.760;TSRA;NSW
2026-05-08 19:15:00.000;4070;A320-251NEO;VCP;BEL;MCP;2026-05-08 19:57:41.760;TSRA;NSW
2026-05-08 19:45:00.000;2941;A320-251NEO;STM;BEL;MCP;2026-05-08 20:27:41.760;TSRA;NSW
2026-05-10 17:30:00.000;4218;A320-251NEO;BEL;ATM;MCP;2026-05-10 18:20:34.080;TS;VCSH
2026-05-10 18:30:00.000;2705;A320-251NEO;MCP;BEL;MCP;2026-05-10 19:12:41.760;TS;VCSH
2026-05-10 18:55:00.000;4210;A320-253NEO;MAB;BEL;MCP;2026-05-10 19:37:41.760;TS;VCSH
2026-05-10 19:10:00.000;4463;A320-251NEO;ATM;BEL;MCP;2026-05-10 19:52:41.760;TS;VCSH
2026-05-10 19:10:00.000;2637;A320-251NEO;SLZ;BEL;MCP;2026-05-10 19:52:41.760;TS;VCSH
2026-05-10 19:15:00.000;4070;A320-251NEO;VCP;BEL;MCP;2026-05-10 19:57:41.760;TS;VCSH
2026-05-10 19:45:00.000;2941;A320-251NEO;STM;BEL;MCP;2026-05-10 20:27:41.760;TS;NSW
2026-05-10 20:54:00.000;4463;A320-251NEO;MCP;BEL;MCP;2026-05-10 21:36:41.760;TS;NSW
2026-05-12 17:20:00.000;4800;A320-253NEO;CKS;BEL;MCP;2026-05-12 18:02:41.760;TSRA;-RA
2026-05-12 17:25:00.000;2040;A321-231;VCP;BEL;MCP;2026-05-12 18:07:41.760;TSRA;-RA
2026-05-12 17:30:00.000;4218;A320-251NEO;BEL;ATM;MCP;2026-05-12 18:20:34.080;TSRA;-RA
2026-05-12 18:30:00.000;2705;A320-251NEO;MCP;BEL;MCP;2026-05-12 19:12:41.760;TSRA;-RA
2026-05-12 18:55:00.000;4210;A320-251NEO;MAB;BEL;MCP;2026-05-12 19:37:41.760;TSRA;NSW
2026-05-12 19:10:00.000;4463;A320-251NEO;ATM;BEL;MCP;2026-05-12 19:52:41.760;TSRA;NSW
2026-05-12 19:10:00.000;2637;A320-251NEO;SLZ;BEL;MCP;2026-05-12 19:52:41.760;TSRA;NSW
2026-05-12 19:15:00.000;4070;A320-251NEO;VCP;BEL;MCP;2026-05-12 19:57:41.760;TSRA;NSW
2026-05-12 19:45:00.000;2941;A320-251NEO;STM;BEL;MCP;2026-05-12 20:27:41.760;TSRA;NSW
2026-05-12 21:55:00.000;4783;ATR72-600;MCP;BEL;MCP;2026-05-12 22:54:18.000;TSRA;NSW
2026-05-13 01:35:00.000;2906;A320-251NEO;FOR;BEL;MCP;2026-05-13 02:17:41.760;TSRA;NSW
2026-05-13 01:40:00.000;4861;A320-251NEO;MAO;BEL;MCP;2026-05-13 02:22:41.760;TSRA;NSW
2026-05-13 17:20:00.000;4800;A320-251NEO;CKS;BEL;MCP;2026-05-13 18:02:41.760;TSRA;-RA
2026-05-13 17:30:00.000;4218;A320-253NEO;BEL;ATM;MCP;2026-05-13 18:20:34.080;TSRA;-RA
2026-05-13 18:30:00.000;2705;A320-251NEO;MCP;BEL;MCP;2026-05-13 19:12:41.760;TSRA;-RA
2026-05-13 19:10:00.000;4463;A320-253NEO;ATM;BEL;MCP;2026-05-13 19:52:41.760;TSRA;NSW
2026-05-13 19:10:00.000;2637;A320-251NEO;SLZ;BEL;MCP;2026-05-13 19:52:41.760;TSRA;NSW
2026-05-13 19:15:00.000;4070;A320-251NEO;VCP;BEL;MCP;2026-05-13 19:57:41.760;TSRA;NSW
2026-05-15 17:20:00.000;4800;A320-253NEO;CKS;BEL;MCP;2026-05-15 18:02:41.760;TS;VCSH
2026-05-15 17:30:00.000;4218;A320-251NEO;BEL;ATM;MCP;2026-05-15 18:20:34.080;TS;VCSH
2026-05-15 18:30:00.000;2705;A320-251NEO;MCP;BEL;MCP;2026-05-15 19:12:41.760;TS;VCSH
2026-05-15 18:55:00.000;4210;A320-251NEO;MAB;BEL;MCP;2026-05-15 19:37:41.760;TS;VCSH
2026-05-15 19:10:00.000;4463;A320-251NEO;ATM;BEL;MCP;2026-05-15 19:52:41.760;TS;VCSH
2026-05-15 19:10:00.000;2637;A320-253NEO;SLZ;BEL;MCP;2026-05-15 19:52:41.760;TS;VCSH
2026-05-15 19:15:00.000;4070;A320-251NEO;VCP;BEL;MCP;2026-05-15 19:57:41.760;TS;VCSH
2026-05-15 19:45:00.000;2941;A320-253NEO;STM;BEL;MCP;2026-05-15 20:27:41.760;TS;NSW
2026-05-17 17:30:00.000;4218;A320-251NEO;BEL;ATM;MCP;2026-05-17 18:20:34.080;TS;NSW
2026-05-17 18:30:00.000;2705;A320-251NEO;MCP;BEL;MCP;2026-05-17 19:12:41.760;TS;NSW
2026-05-17 18:55:00.000;4210;A320-251NEO;MAB;BEL;MCP;2026-05-17 19:37:41.760;TS;NSW
2026-05-17 19:10:00.000;4463;A320-251NEO;ATM;BEL;MCP;2026-05-17 19:52:41.760;TS;NSW
2026-05-17 19:10:00.000;2637;A320-251NEO;SLZ;BEL;MCP;2026-05-17 19:52:41.760;TS;NSW
2026-05-17 19:15:00.000;4070;A320-251NEO;VCP;BEL;MCP;2026-05-17 19:57:41.760;TS;NSW
2026-05-17 19:45:00.000;2941;A320-251NEO;STM;BEL;MCP;2026-05-17 20:27:41.760;TS;NSW
2026-05-18 17:20:00.000;4800;A320-253NEO;CKS;BEL;MCP;2026-05-18 18:02:41.760;TS;VCSH
2026-05-18 17:30:00.000;4218;A320-253NEO;BEL;ATM;MCP;2026-05-18 18:20:34.080;TS;VCSH
2026-05-18 18:30:00.000;2705;A320-253NEO;MCP;BEL;MCP;2026-05-18 19:12:41.760;TS;VCSH
2026-05-18 18:55:00.000;4210;A320-251NEO;MAB;BEL;MCP;2026-05-18 19:37:41.760;TS;VCSH
2026-05-18 19:10:00.000;4463;A320-253NEO;ATM;BEL;MCP;2026-05-18 19:52:41.760;TS;VCSH
2026-05-18 19:10:00.000;2637;A320-251NEO;SLZ;BEL;MCP;2026-05-18 19:52:41.760;TS;VCSH
2026-05-18 19:15:00.000;4070;A320-251NEO;VCP;BEL;MCP;2026-05-18 19:57:41.760;TS;VCSH
2026-05-18 19:45:00.000;2941;A320-251NEO;STM;BEL;MCP;2026-05-18 20:27:41.760;TS;VCSH
2026-05-19 17:20:00.000;4800;A320-251NEO;CKS;BEL;MCP;2026-05-19 18:02:41.760;TS;VCSH
2026-05-19 17:25:00.000;2040;A321-231;VCP;BEL;MCP;2026-05-19 18:07:41.760;TS;VCSH
2026-05-19 17:30:00.000;4218;A320-251NEO;BEL;ATM;MCP;2026-05-19 18:20:34.080;TS;VCSH
2026-05-19 18:30:00.000;2705;A320-251NEO;MCP;BEL;MCP;2026-05-19 19:12:41.760;TS;VCSH
2026-05-19 18:55:00.000;4210;A320-253NEO;MAB;BEL;MCP;2026-05-19 19:37:41.760;TS;VCSH
2026-05-19 19:10:00.000;4463;A320-251NEO;ATM;BEL;MCP;2026-05-19 19:52:41.760;TS;VCSH
2026-05-19 19:10:00.000;2637;A320-251NEO;SLZ;BEL;MCP;2026-05-19 19:52:41.760;TS;VCSH
2026-05-19 19:15:00.000;4070;A320-251NEO;VCP;BEL;MCP;2026-05-19 19:57:41.760;TS;VCSH
2026-05-19 19:45:00.000;2941;A320-251NEO;STM;BEL;MCP;2026-05-19 20:27:41.760;TS;VCTS
2026-05-19 21:55:00.000;4783;ATR72-600;MCP;BEL;MCP;2026-05-19 22:54:18.000;TS;NSW
2026-05-20 17:20:00.000;4800;A320-251NEO;CKS;BEL;MCP;2026-05-20 18:02:41.760;TS;NSW
2026-05-20 17:30:00.000;4218;A320-251NEO;BEL;ATM;MCP;2026-05-20 18:20:34.080;TS;NSW
2026-05-20 18:30:00.000;2705;A320-253NEO;MCP;BEL;MCP;2026-05-20 19:12:41.760;TS;NSW
2026-05-20 19:10:00.000;4463;A320-251NEO;ATM;BEL;MCP;2026-05-20 19:52:41.760;TS;NSW
2026-05-20 19:10:00.000;2637;A320-251NEO;SLZ;BEL;MCP;2026-05-20 19:52:41.760;TS;NSW
2026-05-20 19:15:00.000;4070;A320-251NEO;VCP;BEL;MCP;2026-05-20 19:57:41.760;TS;NSW
2026-05-20 19:45:00.000;2941;A320-251NEO;STM;BEL;MCP;2026-05-20 20:27:41.760;TS;NSW
2026-05-21 17:20:00.000;4800;A320-251NEO;CKS;BEL;MCP;2026-05-21 18:02:41.760;TS;NSW
2026-05-21 17:30:00.000;4218;A320-251NEO;BEL;ATM;MCP;2026-05-21 18:20:34.080;TS;NSW
2026-05-21 18:30:00.000;2705;A320-251NEO;MCP;BEL;MCP;2026-05-21 19:12:41.760;TS;NSW
2026-05-21 18:55:00.000;4210;A320-251NEO;MAB;BEL;MCP;2026-05-21 19:37:41.760;TS;NSW
2026-05-21 19:10:00.000;4463;A320-251NEO;ATM;BEL;MCP;2026-05-21 19:52:41.760;TS;NSW
2026-05-21 19:10:00.000;2637;A320-251NEO;SLZ;BEL;MCP;2026-05-21 19:52:41.760;TS;NSW
2026-05-21 19:15:00.000;4070;A320-251NEO;VCP;BEL;MCP;2026-05-21 19:57:41.760;TS;NSW
2026-05-21 19:45:00.000;2941;A320-251NEO;STM;BEL;MCP;2026-05-21 20:27:41.760;TS;NSW
2026-05-22 17:20:00.000;4800;A320-253NEO;CKS;BEL;MCP;2026-05-22 18:02:41.760;TSRA;NSW
2026-05-22 17:30:00.000;4218;A320-251NEO;BEL;ATM;MCP;2026-05-22 18:20:34.080;TSRA;NSW
2026-05-22 18:30:00.000;2705;A320-251NEO;MCP;BEL;MCP;2026-05-22 19:12:41.760;TSRA;NSW
2026-05-22 18:55:00.000;4210;A320-251NEO;MAB;BEL;MCP;2026-05-22 19:37:41.760;TSRA;NSW
2026-05-22 19:10:00.000;4463;A320-251NEO;ATM;BEL;MCP;2026-05-22 19:52:41.760;TSRA;NSW
2026-05-22 19:10:00.000;2637;A320-251NEO;SLZ;BEL;MCP;2026-05-22 19:52:41.760;TSRA;NSW
2026-05-22 19:15:00.000;4070;A320-251NEO;VCP;BEL;MCP;2026-05-22 19:57:41.760;TSRA;NSW
2026-05-22 19:45:00.000;2941;A320-251NEO;STM;BEL;MCP;2026-05-22 20:27:41.760;TSRA;NSW
2026-05-24 08:30:00.000;4445;A320-253NEO;STM;BEL;MCP;2026-05-24 09:12:41.760;TSRA;-RA
2026-05-24 14:15:00.000;4182;A320-251NEO;FOR;BEL;MCP;2026-05-24 14:57:41.760;TSRA;NSW
2026-05-24 14:20:00.000;4544;A320-251NEO;MAO;BEL;MCP;2026-05-24 15:02:41.760;TSRA;-RA
2026-05-24 14:50:00.000;4840;A320-251NEO;VCP;BEL;MCP;2026-05-24 15:32:41.760;TSRA;-RA
2026-05-24 15:05:00.000;4729;A320-251NEO;CNF;BEL;MCP;2026-05-24 15:47:41.760;TSRA;-RA
2026-05-24 15:10:00.000;4432;A320-251NEO;REC;BEL;MCP;2026-05-24 15:52:41.760;TSRA;-RA
2026-05-24 17:30:00.000;4218;A320-251NEO;BEL;ATM;MCP;2026-05-24 18:20:34.080;TSRA;NSW
2026-05-24 18:30:00.000;2705;A320-251NEO;MCP;BEL;MCP;2026-05-24 19:12:41.760;TSRA;NSW
2026-05-24 18:55:00.000;4210;A320-251NEO;MAB;BEL;MCP;2026-05-24 19:37:41.760;TSRA;NSW
2026-05-24 19:10:00.000;4463;A320-251NEO;ATM;BEL;MCP;2026-05-24 19:52:41.760;TSRA;NSW
2026-05-24 19:10:00.000;2637;A320-251NEO;SLZ;BEL;MCP;2026-05-24 19:52:41.760;TSRA;NSW
2026-05-24 19:15:00.000;4070;A320-251NEO;VCP;BEL;MCP;2026-05-24 19:57:41.760;TSRA;NSW
2026-05-24 19:45:00.000;2941;A320-251NEO;STM;BEL;MCP;2026-05-24 20:27:41.760;TSRA;NSW
2026-05-25 14:20:00.000;4544;A320-251NEO;MAO;BEL;MCP;2026-05-25 15:02:41.760;TSRA;NSW
2026-05-25 14:20:00.000;4100;A320-251NEO;FOR;BEL;MCP;2026-05-25 15:02:41.760;TSRA;NSW
2026-05-25 14:55:00.000;4840;A320-251NEO;VCP;BEL;MCP;2026-05-25 15:37:41.760;TSRA;NSW
2026-05-25 15:05:00.000;4729;A320-251NEO;CNF;BEL;MCP;2026-05-25 15:47:41.760;TSRA;NSW
2026-05-25 15:10:00.000;4432;A320-251NEO;REC;BEL;MCP;2026-05-25 15:52:41.760;TSRA;NSW
2026-05-26 06:45:00.000;4113;A320-251NEO;MAB;BEL;MCP;2026-05-26 07:27:41.760;TSRA;NSW
2026-05-27 17:20:00.000;4800;A320-251NEO;CKS;BEL;MCP;2026-05-27 18:02:41.760;TS;-RA
2026-05-27 17:30:00.000;4218;A320-251NEO;BEL;ATM;MCP;2026-05-27 18:20:34.080;TS;-RA
2026-05-27 18:30:00.000;2705;A320-251NEO;MCP;BEL;MCP;2026-05-27 19:12:41.760;TS;NSW
2026-05-27 19:10:00.000;4463;A320-251NEO;ATM;BEL;MCP;2026-05-27 19:52:41.760;TS;NSW
2026-05-27 19:10:00.000;2637;A320-253NEO;SLZ;BEL;MCP;2026-05-27 19:52:41.760;TS;NSW
2026-05-27 19:15:00.000;4070;A320-253NEO;VCP;BEL;MCP;2026-05-27 19:57:41.760;TS;NSW
2026-05-27 19:45:00.000;2941;A320-251NEO;STM;BEL;MCP;2026-05-27 20:27:41.760;TS;VCSH
2026-05-28 17:20:00.000;4800;A320-251NEO;CKS;BEL;MCP;2026-05-28 18:02:41.760;TS;NSW
2026-05-28 17:30:00.000;4218;A320-251NEO;BEL;ATM;MCP;2026-05-28 18:20:34.080;TS;NSW
2026-05-28 18:30:00.000;2705;A320-251NEO;MCP;BEL;MCP;2026-05-28 19:12:41.760;TS;NSW
2026-05-28 18:55:00.000;4210;A320-251NEO;MAB;BEL;MCP;2026-05-28 19:37:41.760;TS;NSW
2026-05-28 19:10:00.000;4463;A320-251NEO;ATM;BEL;MCP;2026-05-28 19:52:41.760;TS;NSW
2026-05-28 19:10:00.000;2637;A320-251NEO;SLZ;BEL;MCP;2026-05-28 19:52:41.760;TS;NSW
2026-05-28 19:15:00.000;4070;A320-253NEO;VCP;BEL;MCP;2026-05-28 19:57:41.760;TS;NSW
2026-05-28 19:45:00.000;2941;A320-251NEO;STM;BEL;MCP;2026-05-28 20:27:41.760;TS;VCSH
2026-05-28 20:25:00.000;2050;A321-231;VCP;BEL;MCP;2026-05-28 21:07:41.760;TS;-RA
2026-05-29 17:20:00.000;4800;A320-251NEO;CKS;BEL;MCP;2026-05-29 18:02:41.760;TSRA;NSW
2026-05-29 17:30:00.000;4218;A320-251NEO;BEL;ATM;MCP;2026-05-29 18:20:34.080;TSRA;NSW
2026-05-29 18:30:00.000;2705;A320-253NEO;MCP;BEL;MCP;2026-05-29 19:12:41.760;TSRA;NSW
2026-05-29 18:55:00.000;4210;A320-251NEO;MAB;BEL;MCP;2026-05-29 19:37:41.760;TSRA;NSW
2026-05-29 19:10:00.000;4463;A320-251NEO;ATM;BEL;MCP;2026-05-29 19:52:41.760;TSRA;NSW
2026-05-29 19:10:00.000;2637;A320-251NEO;SLZ;BEL;MCP;2026-05-29 19:52:41.760;TSRA;NSW
2026-05-29 19:15:00.000;4070;A320-251NEO;VCP;BEL;MCP;2026-05-29 19:57:41.760;TSRA;NSW
2026-05-29 19:45:00.000;2941;A320-253NEO;STM;BEL;MCP;2026-05-29 20:27:41.760;TSRA;NSW
2026-05-30 17:25:00.000;2040;A321-231;VCP;BEL;MCP;2026-05-30 18:07:41.760;TS;NSW
2026-05-30 17:30:00.000;4218;A320-251NEO;BEL;ATM;MCP;2026-05-30 18:20:34.080;TS;NSW
2026-05-30 18:30:00.000;2705;A320-251NEO;MCP;BEL;MCP;2026-05-30 19:12:41.760;TS;NSW
2026-05-30 19:10:00.000;4463;A320-251NEO;ATM;BEL;MCP;2026-05-30 19:52:41.760;TS;NSW
2026-05-30 19:10:00.000;2637;A320-251NEO;SLZ;BEL;MCP;2026-05-30 19:52:41.760;TS;NSW
2026-05-30 19:15:00.000;4070;A320-251NEO;VCP;BEL;MCP;2026-05-30 19:57:41.760;TS;NSW
2026-05-30 19:45:00.000;2941;A320-251NEO;STM;BEL;MCP;2026-05-30 20:27:41.760;TS;NSW
2026-05-31 17:30:00.000;4218;A320-251NEO;BEL;ATM;MCP;2026-05-31 18:20:34.080;TS;NSW
2026-05-31 18:30:00.000;2705;A320-251NEO;MCP;BEL;MCP;2026-05-31 19:12:41.760;TS;NSW
2026-05-31 19:10:00.000;4463;A320-251NEO;ATM;BEL;MCP;2026-05-31 19:52:41.760;TS;NSW
2026-05-31 19:10:00.000;2637;A320-251NEO;SLZ;BEL;MCP;2026-05-31 19:52:41.760;TS;NSW
2026-05-31 19:15:00.000;4070;A320-251NEO;VCP;BEL;MCP;2026-05-31 19:57:41.760;TS;NSW
2026-05-31 19:45:00.000;2941;A320-253NEO;STM;BEL;MCP;2026-05-31 20:27:41.760;TS;NSW
2026-06-01 17:20:00.000;4800;A320-251NEO;CKS;BEL;MCP;2026-06-01 18:02:41.760;TSRA;NSW
2026-06-01 17:30:00.000;4218;A320-251NEO;BEL;ATM;MCP;2026-06-01 18:20:34.080;TSRA;NSW
2026-06-01 18:30:00.000;2705;A320-251NEO;MCP;BEL;MCP;2026-06-01 19:12:41.760;TSRA;NSW
2026-06-01 18:55:00.000;4210;A320-251NEO;MAB;BEL;MCP;2026-06-01 19:37:41.760;TSRA;NSW
2026-06-01 19:10:00.000;4463;A320-251NEO;ATM;BEL;MCP;2026-06-01 19:52:41.760;TSRA;NSW
2026-06-01 19:15:00.000;4070;A320-251NEO;VCP;BEL;MCP;2026-06-01 19:57:41.760;TSRA;NSW
2026-06-01 19:20:00.000;2637;A320-251NEO;SLZ;BEL;MCP;2026-06-01 20:02:41.760;TSRA;NSW
2026-06-01 19:45:00.000;2941;A320-251NEO;STM;BEL;MCP;2026-06-01 20:27:41.760;TSRA;NSW
2026-06-03 14:20:00.000;4544;A320-251NEO;MAO;BEL;MCP;2026-06-03 15:02:41.760;TSRA;NSW
2026-06-03 14:20:00.000;4100;A320-251NEO;FOR;BEL;MCP;2026-06-03 15:02:41.760;TSRA;NSW
2026-06-03 14:55:00.000;4840;A320-251NEO;VCP;BEL;MCP;2026-06-03 15:37:41.760;TSRA;NSW
2026-06-03 15:05:00.000;4729;A320-251NEO;CNF;BEL;MCP;2026-06-03 15:47:41.760;TSRA;NSW
2026-06-03 15:10:00.000;4432;A320-251NEO;REC;BEL;MCP;2026-06-03 15:52:41.760;TSRA;NSW
2026-06-03 17:20:00.000;4800;A320-253NEO;CKS;BEL;MCP;2026-06-03 18:02:41.760;TSRA;NSW
2026-06-03 17:30:00.000;4218;A320-251NEO;BEL;ATM;MCP;2026-06-03 18:20:34.080;TSRA;NSW
2026-06-03 18:30:00.000;2705;A320-251NEO;MCP;BEL;MCP;2026-06-03 19:12:41.760;TSRA;NSW
2026-06-03 19:10:00.000;4463;A320-251NEO;ATM;BEL;MCP;2026-06-03 19:52:41.760;TSRA;NSW
2026-06-03 19:15:00.000;4070;A320-251NEO;VCP;BEL;MCP;2026-06-03 19:57:41.760;TSRA;NSW
2026-06-03 19:20:00.000;2637;A320-251NEO;SLZ;BEL;MCP;2026-06-03 20:02:41.760;TSRA;NSW
2026-06-03 19:45:00.000;2941;A320-251NEO;STM;BEL;MCP;2026-06-03 20:27:41.760;TSRA;NSW
2026-06-06 17:25:00.000;2040;A321-231;VCP;BEL;MCP;2026-06-06 18:07:41.760;TSRA;NSW
2026-06-06 17:30:00.000;4218;A320-251NEO;BEL;ATM;MCP;2026-06-06 18:20:34.080;TSRA;NSW
2026-06-06 18:30:00.000;2705;A320-253NEO;MCP;BEL;MCP;2026-06-06 19:12:41.760;TSRA;VCTS
2026-06-06 18:55:00.000;4210;A320-251NEO;MAB;BEL;MCP;2026-06-06 19:37:41.760;TSRA;VCTS
2026-06-06 19:10:00.000;4463;A320-251NEO;ATM;BEL;MCP;2026-06-06 19:52:41.760;TSRA;VCTS
2026-06-06 19:15:00.000;4070;A320-251NEO;VCP;BEL;MCP;2026-06-06 19:57:41.760;TSRA;VCTS
2026-06-06 19:20:00.000;2637;A320-251NEO;SLZ;BEL;MCP;2026-06-06 20:02:41.760;TSRA;VCTS
2026-06-06 19:45:00.000;2941;A320-251NEO;STM;BEL;MCP;2026-06-06 20:27:41.760;TSRA;VCTS
2026-06-06 21:40:00.000;4070;A320-251NEO;ATM;BEL;MCP;2026-06-06 22:22:41.760;TSRA;NSW
2026-06-06 21:54:00.000;2637;A320-251NEO;ATM;BEL;MCP;2026-06-06 22:36:41.760;TSRA;NSW
2026-06-09 01:35:00.000;2906;A320-251NEO;FOR;BEL;MCP;2026-06-09 02:17:41.760;TS;NSW
2026-06-09 03:50:00.000;4500;A320-251NEO;CNF;BEL;MCP;2026-06-09 04:32:41.760;TS;NSW
2026-06-09 06:45:00.000;4113;A320-251NEO;MAB;BEL;MCP;2026-06-09 07:27:41.760;TSRA;NSW
2026-06-09 07:45:00.000;4235;A320-251NEO;MCP;BEL;MCP;2026-06-09 08:27:41.760;TSRA;NSW
2026-06-09 08:30:00.000;4445;A320-251NEO;STM;BEL;MCP;2026-06-09 09:12:41.760;TSRA;NSW
2026-06-09 17:20:00.000;4800;A320-251NEO;CKS;BEL;MCP;2026-06-09 18:02:41.760;TS;NSW
2026-06-09 17:25:00.000;2040;A321-231;VCP;BEL;MCP;2026-06-09 18:07:41.760;TS;NSW
2026-06-09 17:35:00.000;4218;A320-251NEO;BEL;ATM;MCP;2026-06-09 18:25:34.080;TS;NSW
2026-06-09 18:30:00.000;2705;A320-251NEO;MCP;BEL;MCP;2026-06-09 19:12:41.760;TS;NSW
2026-06-09 18:55:00.000;4210;A320-251NEO;MAB;BEL;MCP;2026-06-09 19:37:41.760;TS;NSW
2026-06-09 19:15:00.000;4463;A320-251NEO;ATM;BEL;MCP;2026-06-09 19:57:41.760;TS;NSW
2026-06-09 19:15:00.000;4070;A320-251NEO;VCP;BEL;MCP;2026-06-09 19:57:41.760;TS;NSW
2026-06-10 15:50:00.000;4100;A320-251NEO;FOR;BEL;MCP;2026-06-10 16:32:41.760;TSRA;NSW
2026-06-10 17:20:00.000;4800;A320-251NEO;CKS;BEL;MCP;2026-06-10 18:02:41.760;TSRA;NSW
2026-06-10 17:35:00.000;4218;A320-251NEO;BEL;ATM;MCP;2026-06-10 18:25:34.080;TSRA;NSW
2026-06-11 04:20:00.000;2954;A320-253NEO;VCP;BEL;MCP;2026-06-11 05:02:41.760;TSRA;NSW
2026-06-11 04:20:00.000;4949;A320-251NEO;REC;BEL;MCP;2026-06-11 05:02:41.760;TSRA;NSW
2026-06-11 05:00:00.000;4438;A320-251NEO;CNF;BEL;MCP;2026-06-11 05:42:41.760;TSRA;NSW
2026-06-13 17:25:00.000;2040;A321-231;VCP;BEL;MCP;2026-06-13 18:07:41.760;TS;-RA
2026-06-13 17:30:00.000;4218;A320-251NEO;BEL;ATM;MCP;2026-06-13 18:20:34.080;TS;-RA
2026-06-13 18:30:00.000;2705;A320-251NEO;MCP;BEL;MCP;2026-06-13 19:12:41.760;TS;VCTS
2026-06-13 18:55:00.000;4210;A320-251NEO;MAB;BEL;MCP;2026-06-13 19:37:41.760;TS;VCTS
2026-06-13 19:10:00.000;4463;A320-251NEO;ATM;BEL;MCP;2026-06-13 19:52:41.760;TS;VCTS
2026-06-13 19:15:00.000;4070;A320-251NEO;VCP;BEL;MCP;2026-06-13 19:57:41.760;TS;VCTS
2026-06-13 19:20:00.000;2637;A320-253NEO;SLZ;BEL;MCP;2026-06-13 20:02:41.760;TS;VCTS
2026-06-17 17:20:00.000;4800;A320-251NEO;CKS;BEL;MCP;2026-06-17 18:02:41.760;TSRA;NSW
2026-06-17 17:30:00.000;4218;A320-251NEO;BEL;ATM;MCP;2026-06-17 18:20:34.080;TSRA;NSW
2026-06-17 18:30:00.000;2705;A320-251NEO;MCP;BEL;MCP;2026-06-17 19:12:41.760;TSRA;NSW
2026-06-17 18:55:00.000;4210;A320-251NEO;MAB;BEL;MCP;2026-06-17 19:37:41.760;TSRA;NSW
2026-06-17 19:10:00.000;4463;A320-251NEO;ATM;BEL;MCP;2026-06-17 19:52:41.760;TSRA;NSW
2026-06-17 19:15:00.000;4070;A320-251NEO;VCP;BEL;MCP;2026-06-17 19:57:41.760;TSRA;NSW
2026-06-17 19:20:00.000;2637;A320-251NEO;SLZ;BEL;MCP;2026-06-17 20:02:41.760;TSRA;NSW
2026-06-17 19:45:00.000;2941;A320-251NEO;STM;BEL;MCP;2026-06-17 20:27:41.760;TSRA;NSW
2026-06-18 01:35:00.000;2906;A320-251NEO;FOR;BEL;MCP;2026-06-18 02:17:41.760;TSRA;NSW
2026-06-18 01:40:00.000;4861;A320-251NEO;MAO;BEL;MCP;2026-06-18 02:22:41.760;TSRA;NSW
2026-06-20 14:20:00.000;4544;A320-253NEO;MAO;BEL;MCP;2026-06-20 15:02:41.760;TSRA;NSW
2026-06-20 14:20:00.000;4182;A320-251NEO;FOR;BEL;MCP;2026-06-20 15:02:41.760;TSRA;NSW
2026-06-20 14:55:00.000;4840;A320-251NEO;VCP;BEL;MCP;2026-06-20 15:37:41.760;TSRA;NSW
2026-06-20 15:05:00.000;4729;A320-251NEO;CNF;BEL;MCP;2026-06-20 15:47:41.760;TSRA;NSW
2026-06-20 15:10:00.000;4432;A320-251NEO;REC;BEL;MCP;2026-06-20 15:52:41.760;TSRA;NSW
2026-06-20 17:25:00.000;2040;A321-231;VCP;BEL;MCP;2026-06-20 18:07:41.760;TSRA;NSW
2026-06-20 17:30:00.000;4218;A320-251NEO;BEL;ATM;MCP;2026-06-20 18:20:34.080;TSRA;NSW
2026-06-20 18:30:00.000;2705;A320-251NEO;MCP;BEL;MCP;2026-06-20 19:12:41.760;TSRA;NSW
2026-06-20 18:55:00.000;4210;A320-253NEO;MAB;BEL;MCP;2026-06-20 19:37:41.760;TSRA;NSW
2026-06-20 19:10:00.000;4463;A320-251NEO;ATM;BEL;MCP;2026-06-20 19:52:41.760;TSRA;NSW
2026-06-20 19:15:00.000;4070;A320-251NEO;VCP;BEL;MCP;2026-06-20 19:57:41.760;TSRA;NSW
2026-06-20 19:20:00.000;2637;A320-251NEO;SLZ;BEL;MCP;2026-06-20 20:02:41.760;TSRA;NSW
2026-06-20 19:45:00.000;2941;A320-251NEO;STM;BEL;MCP;2026-06-20 20:27:41.760;TSRA;NSW
2026-06-27 17:25:00.000;2040;A321-231;VCP;BEL;MCP;2026-06-27 18:07:41.760;TSRA;VCSH
2026-06-27 17:30:00.000;4218;A320-251NEO;BEL;ATM;MCP;2026-06-27 18:20:34.080;TSRA;VCSH
2026-06-27 18:30:00.000;2705;A320-251NEO;MCP;BEL;MCP;2026-06-27 19:12:41.760;TSRA;VCSH
2026-06-27 19:10:00.000;4463;A320-251NEO;ATM;BEL;MCP;2026-06-27 19:52:41.760;TSRA;VCSH
2026-06-27 19:15:00.000;4070;A320-251NEO;VCP;BEL;MCP;2026-06-27 19:57:41.760;TSRA;VCSH
2026-06-27 19:20:00.000;2637;A320-253NEO;SLZ;BEL;MCP;2026-06-27 20:02:41.760;TSRA;VCSH
2026-06-27 19:45:00.000;2941;A320-251NEO;STM;BEL;MCP;2026-06-27 20:27:41.760;TSRA;VCSH
2026-06-29 14:20:00.000;4544;A320-251NEO;MAO;BEL;MCP;2026-06-29 15:02:41.760;TSRA;VCSH
2026-06-29 14:20:00.000;4100;A320-251NEO;FOR;BEL;MCP;2026-06-29 15:02:41.760;TSRA;VCSH
2026-06-29 14:55:00.000;4840;A320-251NEO;VCP;BEL;MCP;2026-06-29 15:37:41.760;TSRA;VCSH
2026-06-29 15:05:00.000;4729;A320-251NEO;CNF;BEL;MCP;2026-06-29 15:47:41.760;TSRA;VCSH
2026-06-29 15:10:00.000;4432;A320-251NEO;REC;BEL;MCP;2026-06-29 15:52:41.760;TSRA;VCSH
2026-06-29 18:30:00.000;2705;A320-251NEO;MCP;BEL;MCP;2026-06-29 19:12:41.760;TS;NSW
2026-06-29 18:55:00.000;4210;A320-251NEO;MAB;BEL;MCP;2026-06-29 19:37:41.760;TS;NSW
2026-06-29 19:10:00.000;4463;A320-251NEO;ATM;BEL;MCP;2026-06-29 19:52:41.760;TS;NSW
2026-06-29 19:15:00.000;4070;A320-251NEO;VCP;BEL;MCP;2026-06-29 19:57:41.760;TS;NSW
2026-06-29 19:20:00.000;2637;A320-251NEO;SLZ;BEL;MCP;2026-06-29 20:02:41.760;TS;RA
2026-06-29 19:45:00.000;2941;A320-251NEO;STM;BEL;MCP;2026-06-29 20:27:41.760;TS;-RA
2026-06-30 18:30:00.000;2705;A320-251NEO;MCP;BEL;MCP;2026-06-30 19:12:41.760;TSRA;NSW
2026-06-30 18:55:00.000;4210;A320-251NEO;MAB;BEL;MCP;2026-06-30 19:37:41.760;TSRA;NSW
2026-06-30 19:10:00.000;4463;A320-251NEO;ATM;BEL;MCP;2026-06-30 19:52:41.760;TSRA;NSW
2026-06-30 19:15:00.000;4070;A320-253NEO;VCP;BEL;MCP;2026-06-30 19:57:41.760;TSRA;NSW
2026-06-30 19:20:00.000;2637;A320-253NEO;SLZ;BEL;MCP;2026-06-30 20:02:41.760;TSRA;NSW
2026-06-30 19:45:00.000;2941;A320-251NEO;STM;BEL;MCP;2026-06-30 20:27:41.760;TSRA;NSW
2026-07-02 17:20:00.000;4800;A320-251NEO;CKS;BEL;MCP;2026-07-02 18:02:41.760;TS;NSW
2026-07-02 17:30:00.000;4218;A320-253NEO;BEL;ATM;MCP;2026-07-02 18:20:34.080;TS;NSW
2026-07-03 05:50:00.000;6101;ATR72-600;STM;BEL;MCP;2026-07-03 06:49:18.000;TS;NSW
2026-07-03 07:45:00.000;4235;A320-251NEO;MCP;BEL;MCP;2026-07-03 08:27:41.760;TS;NSW
2026-07-03 08:30:00.000;4445;A320-251NEO;STM;BEL;MCP;2026-07-03 09:12:41.760;TS;-RA
2026-07-03 08:30:00.000;4113;A320-251NEO;MAB;BEL;MCP;2026-07-03 09:12:41.760;TS;-RA
2026-07-03 17:30:00.000;4218;A320-251NEO;BEL;ATM;MCP;2026-07-03 18:20:34.080;TSRA;-RA
2026-07-03 19:45:00.000;2941;A320-251NEO;STM;BEL;MCP;2026-07-03 20:27:41.760;TSRA;-RA
2026-07-19 14:15:00.000;4182;A320-251NEO;FOR;BEL;MCP;2026-07-19 14:57:41.760;TSRA;NSW
2026-07-19 14:20:00.000;4544;A320-251NEO;MAO;BEL;MCP;2026-07-19 15:02:41.760;TSRA;NSW
2026-07-19 14:55:00.000;4840;A320-251NEO;VCP;BEL;MCP;2026-07-19 15:37:41.760;TSRA;NSW
2026-07-19 15:05:00.000;4729;A320-251NEO;CNF;BEL;MCP;2026-07-19 15:47:41.760;TSRA;NSW
2026-07-19 15:10:00.000;4432;A320-251NEO;REC;BEL;MCP;2026-07-19 15:52:41.760;TSRA;NSW
2026-07-20 07:45:00.000;4235;A320-251NEO;MCP;BEL;MCP;2026-07-20 08:27:41.760;TSRA;NSW
2026-07-20 08:30:00.000;4445;A320-251NEO;STM;BEL;MCP;2026-07-20 09:12:41.760;TSRA;NSW
2026-07-20 08:35:00.000;4113;A320-251NEO;MAB;BEL;MCP;2026-07-20 09:17:41.760;TSRA;NSW
2026-07-21 17:20:00.000;4800;A320-251NEO;CKS;BEL;MCP;2026-07-21 18:02:41.760;TSRA;RA
2026-07-21 17:25:00.000;2040;A321-231;VCP;BEL;MCP;2026-07-21 18:07:41.760;TSRA;RA
2026-07-21 17:30:00.000;4218;A320-251NEO;BEL;ATM;MCP;2026-07-21 18:20:34.080;TSRA;RA
2026-07-21 18:30:00.000;2705;A320-251NEO;MCP;BEL;MCP;2026-07-21 19:12:41.760;TSRA;NSW
2026-07-21 18:55:00.000;4210;A320-253NEO;MAB;BEL;MCP;2026-07-21 19:37:41.760;TSRA;NSW
2026-07-21 19:10:00.000;4463;A320-251NEO;ATM;BEL;MCP;2026-07-21 19:52:41.760;TSRA;NSW
2026-07-21 19:10:00.000;2637;A320-251NEO;SLZ;BEL;MCP;2026-07-21 19:52:41.760;TSRA;NSW
2026-07-21 19:15:00.000;4070;A320-251NEO;VCP;BEL;MCP;2026-07-21 19:57:41.760;TSRA;NSW
2026-07-21 19:45:00.000;2941;A320-251NEO;STM;BEL;MCP;2026-07-21 20:27:41.760;TSRA;NSW
2026-07-21 23:10:00.000;4783;ATR72-600;MCP;BEL;MCP;2026-07-22 00:09:18.000;TSRA;NSW
2026-07-22 01:35:00.000;2906;A320-251NEO;FOR;BEL;MCP;2026-07-22 02:17:41.760;TSRA;NSW
2026-07-22 01:40:00.000;4861;A320-253NEO;MAO;BEL;MCP;2026-07-22 02:22:41.760;TSRA;NSW
2026-07-22 03:50:00.000;4500;A320-251NEO;CNF;BEL;MCP;2026-07-22 04:32:41.760;TSRA;NSW
2026-07-22 04:20:00.000;2954;A320-251NEO;VCP;BEL;MCP;2026-07-22 05:02:41.760;TSRA;NSW
2026-07-22 04:20:00.000;4949;A320-251NEO;REC;BEL;MCP;2026-07-22 05:02:41.760;TSRA;NSW
2026-07-22 04:55:00.000;4438;A320-253NEO;CNF;BEL;MCP;2026-07-22 05:37:41.760;TSRA;NSW
2026-07-23 07:45:00.000;4235;A320-251NEO;MCP;BEL;MCP;2026-07-23 08:27:41.760;TSRA;NSW
2026-07-23 07:55:00.000;8721;A320-253NEO;FLL;BEL;MCP;2026-07-23 08:37:41.760;TSRA;NSW
2026-07-23 08:30:00.000;4445;A320-251NEO;STM;BEL;MCP;2026-07-23 09:12:41.760;TSRA;NSW
2026-07-23 08:30:00.000;4113;A320-251NEO;MAB;BEL;MCP;2026-07-23 09:12:41.760;TSRA;NSW
2026-07-30 17:20:00.000;4800;A320-251NEO;CKS;BEL;MCP;2026-07-30 18:02:41.760;TSRA;NSW
2026-07-30 17:30:00.000;4218;A320-251NEO;BEL;ATM;MCP;2026-07-30 18:20:34.080;TSRA;NSW
2026-07-30 18:30:00.000;2705;A320-251NEO;MCP;BEL;MCP;2026-07-30 19:12:41.760;TSRA;NSW
2026-07-30 18:55:00.000;4210;A320-251NEO;MAB;BEL;MCP;2026-07-30 19:37:41.760;TSRA;NSW
2026-07-30 19:10:00.000;4463;A320-251NEO;ATM;BEL;MCP;2026-07-30 19:52:41.760;TSRA;NSW
2026-07-30 19:10:00.000;2637;A320-251NEO;SLZ;BEL;MCP;2026-07-30 19:52:41.760;TSRA;NSW
2026-07-30 19:15:00.000;4070;A320-251NEO;VCP;BEL;MCP;2026-07-30 19:57:41.760;TSRA;NSW
2026-07-30 19:45:00.000;2941;A320-251NEO;STM;BEL;MCP;2026-07-30 20:27:41.760;TSRA;NSW
2026-07-30 23:10:00.000;4783;ATR72-600;MCP;BEL;MCP;2026-07-31 00:09:18.000;TSRA;NSW
2026-07-31 01:35:00.000;2906;A320-251NEO;FOR;BEL;MCP;2026-07-31 02:17:41.760;TSRA;NSW
2026-07-31 01:40:00.000;4861;A320-251NEO;MAO;BEL;MCP;2026-07-31 02:22:41.760;TSRA;NSW
2026-07-31 03:50:00.000;4500;A320-253NEO;CNF;BEL;MCP;2026-07-31 04:32:41.760;TSRA;NSW
2026-07-31 04:20:00.000;2954;A320-251NEO;VCP;BEL;MCP;2026-07-31 05:02:41.760;TSRA;NSW
2026-07-31 04:20:00.000;4949;A320-251NEO;REC;BEL;MCP;2026-07-31 05:02:41.760;TSRA;NSW
2026-07-31 04:55:00.000;4438;A320-251NEO;CNF;BEL;MCP;2026-07-31 05:37:41.760;TSRA;NSW
2026-02-26 22:20:00.000;4331;ATR72-600;SSA;AJU;MCZ;2026-02-26 22:58:46.000;TS;NSW
2026-03-02 17:15:00.000;2634;ATR72-600;REC;AJU;MCZ;2026-03-02 17:53:46.000;TSRA;NSW
2026-03-15 22:20:00.000;4331;ATR72-600;SSA;AJU;MCZ;2026-03-15 22:58:46.000;TS;NSW
2026-04-01 20:00:00.000;4005;A320-251NEO;CNF;AJU;MCZ;2026-04-01 20:27:54.720;TSRA;NSW
2026-05-09 18:05:00.000;4330;ATR72-600;REC;AJU;MCZ;2026-05-09 18:43:46.000;TS;-RA BR
2026-05-09 20:05:00.000;2497;A320-251NEO;CNF;AJU;MCZ;2026-05-09 20:32:54.720;TS;-RA BR
2026-05-09 22:20:00.000;4331;ATR72-600;SSA;AJU;MCZ;2026-05-09 22:58:46.000;TS;RA BR
2025-08-20 13:10:00.000;4282;A320-251NEO;VCP;CGR;MGF;2025-08-20 14:06:00.960;TSRA;NSW
2025-08-20 13:30:00.000;5094;ATR72-600;CWB;CAC;MGF;2025-08-20 14:10:48.000;TSRA;NSW
2025-10-03 20:50:00.000;4756;ATR72-600;CWB;LDB;MGF;2025-10-03 21:06:34.000;TSRA;-RA
2025-10-03 22:05:00.000;4864;A320-251NEO;VCP;IGU;MGF;2025-10-03 22:49:31.200;TSRA;NSW
2025-10-12 20:50:00.000;4756;ATR72-600;CWB;LDB;MGF;2025-10-12 21:06:34.000;TSRA;-RA
2025-10-12 22:05:00.000;4864;A320-251NEO;VCP;IGU;MGF;2025-10-12 22:49:31.200;TSRA;VCTS
2025-10-13 12:45:00.000;2955;A320-251NEO;VCP;IGU;MGF;2025-10-13 13:29:31.200;TSRA BR;-RA BR
2025-10-17 20:50:00.000;4756;ATR72-600;CWB;LDB;MGF;2025-10-17 21:06:34.000;TSRA;VCBLDU
2025-10-18 12:45:00.000;2955;A320-251NEO;VCP;IGU;MGF;2025-10-18 13:29:31.200;TSRA BR;-RA BCFG
2025-10-18 13:30:00.000;5094;ATR72-600;CWB;CAC;MGF;2025-10-18 14:10:48.000;TSRA BR;BCFG
2025-10-27 12:45:00.000;2955;A320-251NEO;VCP;IGU;MGF;2025-10-27 13:29:31.200;TSRA;NSW
2025-10-27 13:30:00.000;5094;ATR72-600;CWB;CAC;MGF;2025-10-27 14:10:48.000;TSRA;NSW
2025-10-27 20:50:00.000;4756;ATR72-600;CWB;LDB;MGF;2025-10-27 21:06:34.000;TSRA;NSW
2025-10-27 22:05:00.000;4864;A320-251NEO;VCP;IGU;MGF;2025-10-27 22:49:31.200;TSRA;NSW
2025-10-28 03:05:00.000;4980;ERJ;VCP;LDB;MGF;2025-10-28 03:16:55.680;TSRA;NSW
2025-10-28 20:50:00.000;4756;ATR72-600;CWB;LDB;MGF;2025-10-28 21:06:34.000;TSRA;NSW
2025-10-28 22:00:00.000;4584;ERJ;VCP;LDB;MGF;2025-10-28 22:11:55.680;TSRA;NSW
2025-10-28 22:05:00.000;4864;A320-251NEO;VCP;IGU;MGF;2025-10-28 22:49:31.200;TSRA;NSW
2025-10-28 22:35:00.000;2742;A320-253NEO;VCP;CGR;MGF;2025-10-28 23:31:00.960;TSRA;NSW
2025-10-29 12:45:00.000;2406;A320-253NEO;VCP;IGU;MGF;2025-10-29 13:29:31.200;TSRA;NSW
2025-11-01 12:45:00.000;2955;A320-251NEO;VCP;IGU;MGF;2025-11-01 13:29:31.200;TSRA;NSW
2025-11-01 13:30:00.000;5094;ATR72-600;CWB;CAC;MGF;2025-11-01 14:10:48.000;TSRA;NSW
2025-11-02 13:30:00.000;5094;ATR72-600;CWB;CAC;MGF;2025-11-02 14:10:48.000;TSRA BR;NSW
2025-11-03 18:10:00.000;2700;A320-251NEO;VCP;CGR;MGF;2025-11-03 19:06:00.960;TSRA;NSW
2025-11-03 20:50:00.000;4756;ATR72-600;CWB;LDB;MGF;2025-11-03 21:06:34.000;TSRA;NSW
2025-11-03 22:05:00.000;4864;A320-251NEO;VCP;IGU;MGF;2025-11-03 22:49:31.200;TSRA;NSW
2025-11-04 20:50:00.000;4756;ATR72-600;CWB;LDB;MGF;2025-11-04 21:06:34.000;TSRA;NSW
2025-11-14 20:50:00.000;4756;ATR72-600;CWB;LDB;MGF;2025-11-14 21:06:34.000;TSRA;NSW
2025-11-14 22:05:00.000;4864;A320-251NEO;VCP;IGU;MGF;2025-11-14 22:49:31.200;TSRA;NSW
2025-11-17 10:50:00.000;2713;A320-253NEO;VCP;CGR;MGF;2025-11-17 11:46:00.960;TSRA BR;RA FG
2025-11-17 13:30:00.000;5094;ATR72-600;CWB;CAC;MGF;2025-11-17 14:10:48.000;TSRA BR;NSW
2025-11-17 15:20:00.000;4282;A320-253NEO;VCP;CGR;MGF;2025-11-17 16:16:00.960;TSRA BR;VCSH
2025-11-17 20:50:00.000;4756;ATR72-600;CWB;LDB;MGF;2025-11-17 21:06:34.000;TSRA;-RA
2025-11-24 12:45:00.000;2955;A320-251NEO;VCP;IGU;MGF;2025-11-24 13:29:31.200;TSRA BR;NSW
2025-11-24 13:30:00.000;5094;ATR72-600;CWB;CAC;MGF;2025-11-24 14:10:48.000;TSRA BR;NSW
2025-11-24 20:50:00.000;4756;ATR72-600;CWB;LDB;MGF;2025-11-24 21:06:34.000;TSRA;VCTS
2025-12-02 18:00:00.000;4733;ATR72-600;VCP;LDB;MGF;2025-12-02 18:16:34.000;TSRA;NSW
2025-12-07 22:10:00.000;4584;ATR72-600;VCP;LDB;MGF;2025-12-07 22:26:34.000;TSRA;NSW
2025-12-07 22:05:00.000;4864;A320-251NEO;VCP;IGU;MGF;2025-12-07 22:49:31.200;TSRA;NSW
2025-12-12 13:30:00.000;5094;ATR72-600;CWB;CAC;MGF;2025-12-12 14:10:48.000;TSRA FG;-RA FG
2025-12-14 13:30:00.000;5094;ATR72-600;CWB;CAC;MGF;2025-12-14 14:10:48.000;TSRA;-RA
2025-12-15 17:55:00.000;4733;ATR72-600;VCP;LDB;MGF;2025-12-15 18:11:34.000;TSRA;NSW
2025-12-15 18:10:00.000;2700;A320-251NEO;VCP;CGR;MGF;2025-12-15 19:06:00.960;TSRA;VCSH
2025-12-16 12:10:00.000;6074;A320-251NEO;CGH;IGU;MGF;2025-12-16 12:54:31.200;TSRA;NSW
2025-12-16 12:45:00.000;2955;A320-251NEO;VCP;IGU;MGF;2025-12-16 13:29:31.200;TSRA;NSW
2025-12-16 13:30:00.000;5094;ATR72-600;CWB;CAC;MGF;2025-12-16 14:10:48.000;TSRA;NSW
2025-12-26 22:05:00.000;4756;ATR72-600;CWB;LDB;MGF;2025-12-26 22:21:34.000;TS;NSW
2025-12-26 22:10:00.000;4584;ATR72-600;VCP;LDB;MGF;2025-12-26 22:26:34.000;TS;NSW
2025-12-26 22:10:00.000;4864;A320-251NEO;VCP;IGU;MGF;2025-12-26 22:54:31.200;TS;NSW
2026-01-02 17:50:00.000;4733;ATR72-600;VCP;LDB;MGF;2026-01-02 18:06:34.000;TSRA;-RA VCTS
2026-01-02 20:50:00.000;4756;ATR72-600;CWB;LDB;MGF;2026-01-02 21:06:34.000;TSRA;NSW
2026-01-14 17:30:00.000;9240;A320-253NEO;VCP;IGU;MGF;2026-01-14 18:14:31.200;TS;NSW
2026-01-14 20:50:00.000;4756;ATR72-600;CWB;LDB;MGF;2026-01-14 21:06:34.000;TS;NSW
2026-01-17 17:50:00.000;4733;ATR72-600;VCP;LDB;MGF;2026-01-17 18:06:34.000;TSRA;VCSH
2026-01-28 18:05:00.000;4733;ATR72-600;VCP;LDB;MGF;2026-01-28 18:21:34.000;TSRA;NSW
2026-01-29 18:00:00.000;4733;ATR72-600;VCP;LDB;MGF;2026-01-29 18:16:34.000;TS;VCSH VCTS
2026-01-29 20:50:00.000;4756;ATR72-600;CWB;LDB;MGF;2026-01-29 21:06:34.000;TSRA;NSW
2026-01-29 22:05:00.000;4584;ATR72-600;VCP;LDB;MGF;2026-01-29 22:21:34.000;TSRA;NSW
2026-01-29 22:15:00.000;4864;A320-251NEO;VCP;IGU;MGF;2026-01-29 22:59:31.200;TSRA;NSW
2026-02-02 20:50:00.000;4756;ATR72-600;CWB;LDB;MGF;2026-02-02 21:06:34.000;TSRA;NSW
2026-02-02 22:10:00.000;4584;ATR72-600;VCP;LDB;MGF;2026-02-02 22:26:34.000;TSRA;NSW
2026-02-02 22:05:00.000;4864;A320-251NEO;VCP;IGU;MGF;2026-02-02 22:49:31.200;TSRA;NSW
2026-02-03 17:50:00.000;4733;ATR72-600;VCP;LDB;MGF;2026-02-03 18:06:34.000;TS;VCSH
2026-02-03 18:10:00.000;2700;A320-251NEO;VCP;CGR;MGF;2026-02-03 19:06:00.960;TS;NSW
2026-02-08 20:50:00.000;4756;ATR72-600;CWB;LDB;MGF;2026-02-08 21:06:34.000;TS;NSW
2026-02-12 20:50:00.000;4756;ATR72-600;CWB;LDB;MGF;2026-02-12 21:06:34.000;TSRA;VCSH
2026-02-12 22:10:00.000;4584;ATR72-600;VCP;LDB;MGF;2026-02-12 22:26:34.000;TSRA;VCSH
2026-02-12 22:05:00.000;4864;A320-251NEO;VCP;IGU;MGF;2026-02-12 22:49:31.200;TSRA;VCSH
2026-02-18 18:10:00.000;2700;A320-251NEO;VCP;CGR;MGF;2026-02-18 19:06:00.960;TS;NSW
2026-02-18 20:50:00.000;4756;ATR72-600;CWB;LDB;MGF;2026-02-18 21:06:34.000;TS;NSW
2026-02-18 22:10:00.000;4584;ATR72-600;VCP;LDB;MGF;2026-02-18 22:26:34.000;TS;NSW
2026-02-18 22:15:00.000;2308;A320-251NEO;REC;IGU;MGF;2026-02-18 22:59:31.200;TS;NSW
2026-02-20 22:05:00.000;4864;A320-251NEO;VCP;IGU;MGF;2026-02-20 22:49:31.200;TSRA;NSW
2026-02-25 20:50:00.000;4756;ATR72-600;CWB;LDB;MGF;2026-02-25 21:06:34.000;TSRA;VCSH
2026-02-25 21:50:00.000;4584;ERJ;VCP;LDB;MGF;2026-02-25 22:01:55.680;TSRA;BCFG
2026-02-25 22:05:00.000;4864;A320-251NEO;VCP;IGU;MGF;2026-02-25 22:49:31.200;TSRA;BCFG
2026-03-17 17:20:00.000;2720;ATR72-600;CWB;LDB;MGF;2026-03-17 17:36:34.000;TSRA;VCSH
2026-03-22 22:05:00.000;4864;A320-251NEO;VCP;IGU;MGF;2026-03-22 22:49:31.200;TSRA;VCTS
2026-03-24 18:10:00.000;2700;A320-251NEO;VCP;CGR;MGF;2026-03-24 19:06:00.960;TSRA;-RA
2026-03-24 20:50:00.000;4756;ATR72-600;CWB;LDB;MGF;2026-03-24 21:06:34.000;TSRA;RA
2026-03-24 22:05:00.000;4864;A320-251NEO;VCP;IGU;MGF;2026-03-24 22:49:31.200;TSRA;BCFG
2026-04-01 21:25:00.000;4756;ATR72-600;CWB;LDB;MGF;2026-04-01 21:41:34.000;TSRA;NSW
2026-04-01 22:20:00.000;2654;ERJ;VCP;LDB;MGF;2026-04-01 22:31:55.680;TSRA;VCTS
2026-04-01 22:15:00.000;4864;A320-253NEO;VCP;IGU;MGF;2026-04-01 22:59:31.200;TSRA;VCTS
2026-04-02 18:10:00.000;2700;A320-251NEO;VCP;CGR;MGF;2026-04-02 19:06:00.960;TS;NSW
2026-05-09 22:05:00.000;2654;ATR72-600;VCP;LDB;MGF;2026-05-09 22:21:34.000;TSRA;-RA FG
2026-05-09 22:00:00.000;2406;A320-251NEO;VCP;IGU;MGF;2026-05-09 22:44:31.200;TSRA;-RA FG
2026-05-15 12:45:00.000;2713;A320-251NEO;VCP;CGR;MGF;2026-05-15 13:41:00.960;TSRA;-RA BR
2026-05-15 13:25:00.000;4733;ATR72-600;VCP;LDB;MGF;2026-05-15 13:41:34.000;TSRA;-RA BR
2026-05-15 17:40:00.000;2955;A320-251NEO;VCP;IGU;MGF;2026-05-15 18:24:31.200;TSRA BR;NSW
2026-05-15 18:10:00.000;4282;A320-251NEO;VCP;CGR;MGF;2026-05-15 19:06:00.960;TSRA BR;NSW
2026-05-15 21:40:00.000;5094;ATR72-600;CWB;CAC;MGF;2026-05-15 22:20:48.000;TSRA BR;NSW
2026-05-15 22:05:00.000;2654;ATR72-600;VCP;LDB;MGF;2026-05-15 22:21:34.000;TSRA BR;NSW
2026-05-15 22:15:00.000;4864;A320-251NEO;VCP;IGU;MGF;2026-05-15 22:59:31.200;TSRA BR;NSW
2026-05-15 22:40:00.000;2742;A320-251NEO;VCP;CGR;MGF;2026-05-15 23:36:00.960;TSRA BR;NSW
2026-05-25 17:40:00.000;2955;A320-251NEO;VCP;IGU;MGF;2026-05-25 18:24:31.200;TSRA;NSW
2026-05-25 18:10:00.000;4282;A320-251NEO;VCP;CGR;MGF;2026-05-25 19:06:00.960;TSRA;NSW
2026-05-26 17:55:00.000;2720;ATR72-600;CWB;LDB;MGF;2026-05-26 18:11:34.000;TSRA BR;NSW
2026-05-26 17:40:00.000;2955;A320-251NEO;VCP;IGU;MGF;2026-05-26 18:24:31.200;TSRA BR;NSW
2026-06-10 12:35:00.000;4282;A320-251NEO;VCP;CGR;MGF;2026-06-10 13:31:00.960;TSRA;-RA BR
2026-06-10 13:20:00.000;4733;ATR72-600;VCP;LDB;MGF;2026-06-10 13:36:34.000;TSRA;-RA BR
2026-06-10 14:25:00.000;2655;A320-253NEO;CNF;CGR;MGF;2026-06-10 15:21:00.960;TSRA;NSW
2026-06-10 17:40:00.000;2406;A320-251NEO;VCP;IGU;MGF;2026-06-10 18:24:31.200;TSRA BR;RA BR BCFG
2026-06-10 18:10:00.000;2700;A320-253NEO;VCP;CGR;MGF;2026-06-10 19:06:00.960;TSRA BR;NSW
2026-06-10 21:40:00.000;5094;ATR72-600;CWB;CAC;MGF;2026-06-10 22:20:48.000;TSRA BR;BR
2026-06-10 22:05:00.000;2654;ATR72-600;VCP;LDB;MGF;2026-06-10 22:21:34.000;TSRA BR;BR
2026-06-10 22:15:00.000;4864;A320-251NEO;VCP;IGU;MGF;2026-06-10 22:59:31.200;TSRA BR;-RA FG
2026-06-10 22:45:00.000;2742;A320-251NEO;VCP;CGR;MGF;2026-06-10 23:41:00.960;TSRA BR;-RA BR
2026-06-14 18:05:00.000;2720;ATR72-600;CWB;LDB;MGF;2026-06-14 18:21:34.000;TSRA;NSW
2026-06-14 21:40:00.000;5094;ATR72-600;CWB;CAC;MGF;2026-06-14 22:20:48.000;TSRA;-DZ
2026-06-14 22:15:00.000;2654;ATR72-600;VCP;LDB;MGF;2026-06-14 22:31:34.000;TSRA;-DZ
2026-06-19 21:40:00.000;5094;ATR72-600;CWB;CAC;MGF;2026-06-19 22:20:48.000;TSRA BR;-RA BR
2026-06-19 22:05:00.000;2654;ATR72-600;VCP;LDB;MGF;2026-06-19 22:21:34.000;TSRA BR;-RA BR
2026-06-19 22:15:00.000;4864;A320-251NEO;VCP;IGU;MGF;2026-06-19 22:59:31.200;TSRA BR;-RA
2026-06-22 17:40:00.000;2955;A320-253NEO;VCP;IGU;MGF;2026-06-22 18:24:31.200;TSRA BR;VCSH
2026-06-22 18:10:00.000;2700;A320-251NEO;VCP;CGR;MGF;2026-06-22 19:06:00.960;TSRA BR;NSW
2026-06-22 21:40:00.000;5094;ATR72-600;CWB;CAC;MGF;2026-06-22 22:20:48.000;TSRA BR;-RA
2026-06-22 22:05:00.000;2654;ATR72-600;VCP;LDB;MGF;2026-06-22 22:21:34.000;TSRA BR;-RA
2026-06-22 22:15:00.000;4864;A320-251NEO;VCP;IGU;MGF;2026-06-22 22:59:31.200;TSRA BR;-RA
2026-06-22 22:45:00.000;2742;A320-251NEO;VCP;CGR;MGF;2026-06-22 23:41:00.960;TSRA BR;NSW
2026-07-22 17:40:00.000;2406;A320-251NEO;VCP;IGU;MGF;2026-07-22 18:24:31.200;TSRA;RA
2026-07-23 13:10:00.000;4733;ATR72-600;VCP;LDB;MGF;2026-07-23 13:26:34.000;TSRA BR;BCFG
2026-07-23 12:40:00.000;4282;A320-251NEO;VCP;CGR;MGF;2026-07-23 13:36:00.960;TSRA BR;BCFG
2026-07-24 17:40:00.000;2955;A320-251NEO;VCP;IGU;MGF;2026-07-24 18:24:31.200;TSRA BR;NSW
2026-07-24 22:00:00.000;2654;ATR72-600;VCP;LDB;MGF;2026-07-24 22:16:34.000;TSRA BR;NSW
2026-07-24 21:40:00.000;5094;ATR72-600;CWB;CAC;MGF;2026-07-24 22:20:48.000;TSRA BR;NSW
2026-07-24 22:15:00.000;4864;A320-251NEO;VCP;IGU;MGF;2026-07-24 22:59:31.200;TSRA BR;NSW
2026-07-29 13:10:00.000;4733;ATR72-600;VCP;LDB;MGF;2026-07-29 13:26:34.000;TSRA;VCSH
2026-07-29 12:40:00.000;4282;A320-251NEO;VCP;CGR;MGF;2026-07-29 13:36:00.960;TSRA;VCSH
2026-07-29 17:40:00.000;2406;A320-253NEO;VCP;IGU;MGF;2026-07-29 18:24:31.200;TSRA;VCSH
2025-11-08 13:50:00.000;5033;ATR72-600;CNF;BRA;MOC;2025-11-08 15:25:27.999;TSRA;NSW
2025-11-08 19:25:00.000;5023;ATR72-600;SSA;BRA;MOC;2025-11-08 21:00:27.999;TSRA;NSW
2025-12-04 19:25:00.000;5023;ATR72-600;SSA;BRA;MOC;2025-12-04 21:00:27.999;TSRA;-RA BR
2025-12-16 19:25:00.000;5023;ATR72-600;SSA;BRA;MOC;2025-12-16 21:00:27.999;TSRA;NSW
2025-12-18 19:25:00.000;5023;ATR72-600;SSA;BRA;MOC;2025-12-18 21:00:27.999;TSRA;NSW
2026-01-03 19:25:00.000;5023;ATR72-600;SSA;BRA;MOC;2026-01-03 21:00:27.999;TSRA;NSW
2026-01-06 19:25:00.000;5023;ATR72-600;SSA;BRA;MOC;2026-01-06 21:00:27.999;TSRA;NSW
2026-01-20 13:50:00.000;5033;ATR72-600;CNF;BRA;MOC;2026-01-20 15:25:27.999;TSRA;-RA
2026-01-20 19:25:00.000;5023;ATR72-600;SSA;BRA;MOC;2026-01-20 21:00:27.999;TSRA;NSW
2026-01-24 19:25:00.000;5023;ATR72-600;SSA;BRA;MOC;2026-01-24 21:00:27.999;TSRA;NSW
2026-02-03 19:25:00.000;5023;ATR72-600;SSA;BRA;MOC;2026-02-03 21:00:27.999;TSRA;NSW
2026-02-26 19:25:00.000;5023;ATR72-600;SSA;BRA;MOC;2026-02-26 21:00:27.999;TSRA;NSW
2026-02-28 13:50:00.000;5033;ATR72-600;CNF;BRA;MOC;2026-02-28 15:25:27.999;TSRA BR;NSW
2026-02-28 19:25:00.000;5023;ATR72-600;SSA;BRA;MOC;2026-02-28 21:00:27.999;TSRA BR;NSW
2026-03-05 19:25:00.000;5023;ATR72-600;SSA;BRA;MOC;2026-03-05 21:00:27.999;TSRA;VCSH
2026-03-10 19:25:00.000;5023;ATR72-600;SSA;BRA;MOC;2026-03-10 21:00:27.999;TSRA;NSW
2026-03-16 13:50:00.000;5033;ATR72-600;CNF;BRA;MOC;2026-03-16 15:25:27.999;TS;NSW
2026-03-21 19:25:00.000;5023;ATR72-600;SSA;BRA;MOC;2026-03-21 21:00:27.999;TSRA;NSW
2026-03-24 19:25:00.000;5023;ATR72-600;SSA;BRA;MOC;2026-03-24 21:00:27.999;TSRA;NSW
2026-02-06 17:50:00.000;4255;ERJ;REC;FEN;NAT;2026-02-06 18:40:28.320;TSRA;NSW
2026-02-08 16:35:00.000;2514;ERJ;REC;FEN;NAT;2026-02-08 17:25:28.320;TSRA;VCSH
2026-02-23 12:30:00.000;4718;ERJ;REC;FEN;NAT;2026-02-23 13:20:28.320;TSRA;VCSH
2026-02-23 15:00:00.000;4712;A321-251NEO;VCP;FOR;NAT;2026-02-23 15:53:47.040;TSRA;NSW
2026-02-23 16:30:00.000;2514;ERJ;REC;FEN;NAT;2026-02-23 17:20:28.320;TSRA;VCSH
2026-03-03 17:50:00.000;4255;ERJ;REC;FEN;NAT;2026-03-03 18:40:28.320;TSRA;NSW
2026-03-20 17:50:00.000;4255;ERJ;REC;FEN;NAT;2026-03-20 18:40:28.320;TS;NSW
2026-04-01 17:50:00.000;4255;ERJ;REC;FEN;NAT;2026-04-01 18:40:28.320;TSRA BR;NSW
2026-04-09 15:00:00.000;4712;A321-251NEO;VCP;FOR;NAT;2026-04-09 15:53:47.040;TSRA;NSW
2026-04-09 16:55:00.000;2514;ERJ;REC;FEN;NAT;2026-04-09 17:45:28.320;TSRA;VCSH
2026-04-09 17:50:00.000;4255;ERJ;REC;FEN;NAT;2026-04-09 18:40:28.320;TSRA;VCSH
2026-04-10 15:00:00.000;4712;A321-251NEO;VCP;FOR;NAT;2026-04-10 15:53:47.040;TSRA;NSW
2026-04-10 16:55:00.000;2514;ERJ;REC;FEN;NAT;2026-04-10 17:45:28.320;TSRA;VCSH
2026-04-10 17:50:00.000;4255;ERJ;REC;FEN;NAT;2026-04-10 18:40:28.320;TS;NSW
2026-04-19 15:00:00.000;4712;A321-251NEO;VCP;FOR;NAT;2026-04-19 15:53:47.040;TSRA;NSW
2026-04-19 16:55:00.000;2514;ERJ;REC;FEN;NAT;2026-04-19 17:45:28.320;TSRA;NSW
2026-04-19 17:50:00.000;4255;ERJ;REC;FEN;NAT;2026-04-19 18:40:28.320;TSRA;NSW
2026-04-30 15:00:00.000;4712;A321-251NEO;VCP;FOR;NAT;2026-04-30 15:53:47.040;TSRA;VCSH
2026-05-04 12:30:00.000;4718;ERJ;REC;FEN;NAT;2026-05-04 13:20:28.320;TSRA;NSW
2026-05-04 13:20:00.000;9350;ATR72-600;REC;FEN;NAT;2026-05-04 14:30:06.000;TSRA;NSW
2026-05-04 15:00:00.000;4712;A321-251NEO;VCP;FOR;NAT;2026-05-04 15:53:47.040;TSRA;NSW
2025-09-22 09:50:00.000;4208;ERJ;GIG;CWB;NVT;2025-09-22 10:10:36.960;TSRA;-RA
2025-09-22 10:25:00.000;2621;ERJ;VCP;CWB;NVT;2025-09-22 10:45:36.960;TSRA;-RA
2025-09-22 12:45:00.000;2857;ERJ;CNF;CWB;NVT;2025-09-22 13:05:36.960;TSRA;-RA
2025-09-22 13:35:00.000;2794;ERJ;CNF;FLN;NVT;2025-09-22 13:46:28.319;TSRA;-RA
2025-09-22 13:55:00.000;4147;ERJ;VCP;CWB;NVT;2025-09-22 14:15:36.960;TSRA;-RA
2025-09-22 14:15:00.000;4993;ERJ;GIG;CWB;NVT;2025-09-22 14:35:36.960;TSRA;-RA
2025-09-30 17:50:00.000;4849;ERJ;VCP;FLN;NVT;2025-09-30 18:01:28.319;TSRA;NSW
2025-09-30 19:50:00.000;2972;ERJ;VCP;CWB;NVT;2025-09-30 20:10:36.960;TSRA;NSW
2025-09-30 20:10:00.000;8715;ERJ;ASU;CWB;NVT;2025-09-30 20:30:36.960;TSRA;NSW
2025-10-01 01:05:00.000;4024;ERJ;GIG;CWB;NVT;2025-10-01 01:25:36.960;TSRA;-RA
2025-10-01 02:45:00.000;4061;ERJ;CNF;CWB;NVT;2025-10-01 03:05:36.960;TSRA;-RA
2025-10-01 03:05:00.000;4225;ERJ;CNF;FLN;NVT;2025-10-01 03:16:28.319;TSRA;-RA
2025-10-01 03:05:00.000;4368;ERJ;VCP;FLN;NVT;2025-10-01 03:16:28.319;TSRA;-RA
2025-10-01 03:05:00.000;2865;ERJ;VCP;CWB;NVT;2025-10-01 03:25:36.960;TSRA;-RA
2025-10-12 17:50:00.000;2508;ERJ;VCP;FLN;NVT;2025-10-12 18:01:28.319;TSRA;NSW
2025-10-12 18:15:00.000;6024;ERJ;CGH;CWB;NVT;2025-10-12 18:35:36.960;TSRA;NSW
2025-10-12 19:50:00.000;2972;ERJ;VCP;CWB;NVT;2025-10-12 20:10:36.960;TSRA;-RA
2025-10-12 22:00:00.000;6504;ERJ;CGH;CWB;NVT;2025-10-12 22:20:36.960;TSRA;-RA
2025-10-12 22:50:00.000;2778;ERJ;VCP;FLN;NVT;2025-10-12 23:01:28.319;TSRA;-RA
2025-10-12 23:20:00.000;4546;ERJ;VCP;CWB;NVT;2025-10-12 23:40:36.960;TSRA;-RA
2025-10-13 02:15:00.000;2866;ERJ;VCP;CWB;NVT;2025-10-13 02:35:36.960;TSRA;NSW
2025-10-13 02:40:00.000;4398;ERJ;VCP;FLN;NVT;2025-10-13 02:51:28.319;TSRA;NSW
2025-10-13 03:05:00.000;4225;ERJ;CNF;FLN;NVT;2025-10-13 03:16:28.319;TSRA;NSW
2025-10-18 09:35:00.000;4208;ERJ;GIG;CWB;NVT;2025-10-18 09:55:36.960;TSRA;NSW
2025-10-18 10:25:00.000;4147;ERJ;VCP;CWB;NVT;2025-10-18 10:45:36.960;TSRA;NSW
2025-11-03 12:45:00.000;2857;ERJ;CNF;CWB;NVT;2025-11-03 13:05:36.960;TSRA;NSW
2025-11-03 13:05:00.000;2613;ERJ;VCP;FLN;NVT;2025-11-03 13:16:28.319;TSRA;NSW
2025-11-03 14:15:00.000;4993;ERJ;GIG;CWB;NVT;2025-11-03 14:35:36.960;TSRA;NSW
2025-11-03 14:58:00.000;4147;ERJ;VCP;CWB;NVT;2025-11-03 15:18:36.960;TSRA;NSW
2025-11-03 15:30:00.000;4147;ERJ;VCP;CWB;NVT;2025-11-03 15:50:36.960;TSRA;NSW
2025-11-03 15:37:00.000;2784;ERJ;VCP;CWB;NVT;2025-11-03 15:57:36.960;TSRA;NSW
2025-11-08 01:00:00.000;9605;ERJ;XAP;FLN;NVT;2025-11-08 01:11:28.319;TSRA;RA
2025-11-08 01:30:00.000;4832;ERJ;GRU;CWB;NVT;2025-11-08 01:50:36.960;TSRA;-RA
2025-11-08 01:35:00.000;4024;ERJ;GIG;CWB;NVT;2025-11-08 01:55:36.960;TSRA;-RA
2025-11-08 02:45:00.000;4061;ERJ;CNF;CWB;NVT;2025-11-08 03:05:36.960;TSRA;-RA
2025-11-08 02:55:00.000;4368;ERJ;VCP;FLN;NVT;2025-11-08 03:06:28.319;TSRA;-RA
2025-11-08 03:05:00.000;4225;ERJ;CNF;FLN;NVT;2025-11-08 03:16:28.319;TSRA;-RA
2025-11-08 03:05:00.000;2865;ERJ;VCP;CWB;NVT;2025-11-08 03:25:36.960;TSRA;-RA
2025-11-28 18:05:00.000;2915;ERJ;POA;CWB;NVT;2025-11-28 18:25:36.960;TSRA;NSW
2025-11-28 19:10:00.000;6024;ERJ;CGH;CWB;NVT;2025-11-28 19:30:36.960;TSRA;NSW
2025-11-28 19:50:00.000;2972;ERJ;VCP;CWB;NVT;2025-11-28 20:10:36.960;TSRA;VCSH
2025-11-29 01:15:00.000;4832;ERJ;GRU;CWB;NVT;2025-11-29 01:35:36.960;TS;NSW
2025-11-29 01:35:00.000;4024;ERJ;GIG;CWB;NVT;2025-11-29 01:55:36.960;TS;NSW
2025-12-10 14:00:00.000;4993;ERJ;GIG;CWB;NVT;2025-12-10 14:20:36.960;TSRA;NSW
2025-12-10 14:05:00.000;4147;ERJ;VCP;CWB;NVT;2025-12-10 14:25:36.960;TSRA;NSW
2025-12-10 17:35:00.000;4849;ERJ;VCP;FLN;NVT;2025-12-10 17:46:28.319;TSRA;NSW
2025-12-10 17:55:00.000;2784;ERJ;VCP;CWB;NVT;2025-12-10 18:15:36.960;TSRA;VCSH
2025-12-10 19:50:00.000;2972;ERJ;VCP;CWB;NVT;2025-12-10 20:10:36.960;TSRA;NSW
2025-12-10 20:10:00.000;8725;ERJ;MVD;CWB;NVT;2025-12-10 20:30:36.960;TSRA;NSW
2025-12-23 21:50:00.000;2947;ERJ;CNF;CWB;NVT;2025-12-23 22:10:36.960;TSRA;NSW
2025-12-23 22:15:00.000;2897;ERJ;VCP;CWB;NVT;2025-12-23 22:35:36.960;TSRA;NSW
2025-12-23 23:15:00.000;4546;ERJ;VCP;CWB;NVT;2025-12-23 23:35:36.960;TSRA;NSW
2025-12-24 01:15:00.000;4832;ERJ;GRU;CWB;NVT;2025-12-24 01:35:36.960;TSRA;NSW
2025-12-24 17:55:00.000;4147;ERJ;VCP;CWB;NVT;2025-12-24 18:15:36.960;TSRA;NSW
2025-12-24 20:50:00.000;2972;ERJ;VCP;CWB;NVT;2025-12-24 21:10:36.960;TSRA;VCSH
2025-12-25 19:50:00.000;2972;ERJ;VCP;CWB;NVT;2025-12-25 20:10:36.960;TSRA;NSW
2025-12-26 17:35:00.000;4849;ERJ;VCP;FLN;NVT;2025-12-26 17:46:28.319;TS;NSW
2025-12-27 21:00:00.000;4348;ERJ;XAP;FLN;NVT;2025-12-27 21:11:28.319;TSRA;NSW
2025-12-27 22:45:00.000;2778;ERJ;VCP;FLN;NVT;2025-12-27 22:56:28.319;TSRA;VCTS
2025-12-27 23:15:00.000;4546;ERJ;VCP;CWB;NVT;2025-12-27 23:35:36.960;TSRA;VCTS
2025-12-28 00:15:00.000;9174;ERJ;REC;FLN;NVT;2025-12-28 00:26:28.319;TSRA;VCTS
2026-01-01 16:25:00.000;4147;ERJ;VCP;CWB;NVT;2026-01-01 16:45:36.960;TSRA;NSW
2026-01-01 17:35:00.000;2508;ERJ;VCP;FLN;NVT;2026-01-01 17:46:28.319;TSRA;NSW
2026-01-01 19:45:00.000;4993;ERJ;GIG;CWB;NVT;2026-01-01 20:05:36.960;-TSRA;NSW
2026-01-01 19:50:00.000;2972;ERJ;VCP;CWB;NVT;2026-01-01 20:10:36.960;-TSRA;NSW
2026-01-11 21:00:00.000;4348;ERJ;XAP;FLN;NVT;2026-01-11 21:11:28.319;TSRA;VCSH
2026-01-13 01:15:00.000;4832;ERJ;GRU;CWB;NVT;2026-01-13 01:35:36.960;TSRA;NSW
2026-01-13 01:35:00.000;4024;ERJ;GIG;CWB;NVT;2026-01-13 01:55:36.960;TSRA;NSW
2026-01-13 19:50:00.000;2972;ERJ;VCP;CWB;NVT;2026-01-13 20:10:36.960;TS;NSW
2026-01-13 20:20:00.000;8715;ERJ;ASU;CWB;NVT;2026-01-13 20:40:36.960;TS;NSW
2026-01-14 19:50:00.000;2972;ERJ;VCP;CWB;NVT;2026-01-14 20:10:36.960;TSRA;NSW
2026-01-14 20:10:00.000;8725;ERJ;MVD;CWB;NVT;2026-01-14 20:30:36.960;TSRA;NSW
2026-01-14 22:10:00.000;2897;ERJ;VCP;CWB;NVT;2026-01-14 22:30:36.960;TSRA;NSW
2026-01-14 22:45:00.000;2778;ERJ;VCP;FLN;NVT;2026-01-14 22:56:28.319;TSRA;NSW
2026-01-14 23:15:00.000;4546;ERJ;VCP;CWB;NVT;2026-01-14 23:35:36.960;TSRA;NSW
2026-01-17 22:45:00.000;2778;ERJ;VCP;FLN;NVT;2026-01-17 22:56:28.319;TS;NSW
2026-01-17 23:15:00.000;4546;ERJ;VCP;CWB;NVT;2026-01-17 23:35:36.960;TS;NSW
2026-01-18 17:35:00.000;2508;ERJ;VCP;FLN;NVT;2026-01-18 17:46:28.319;TSRA;NSW
2026-01-18 19:50:00.000;2972;ERJ;VCP;CWB;NVT;2026-01-18 20:10:36.960;-TSRA;NSW
2026-01-18 20:10:00.000;8725;ERJ;MVD;CWB;NVT;2026-01-18 20:30:36.960;-TSRA;VCTS
2026-01-18 21:00:00.000;4348;ERJ;XAP;FLN;NVT;2026-01-18 21:11:28.319;-TSRA;VCTS
2026-01-29 18:45:00.000;4307;ERJ;GIG;CWB;NVT;2026-01-29 19:05:36.960;TSRA;NSW
2026-01-30 19:25:00.000;2311;ERJ;REC;CWB;NVT;2026-01-30 19:45:36.960;TSRA;NSW
2026-01-30 19:50:00.000;2972;ERJ;VCP;CWB;NVT;2026-01-30 20:10:36.960;TSRA;NSW
2026-02-07 16:00:00.000;9351;ERJ;XAP;FLN;NVT;2026-02-07 16:11:28.319;TSRA;NSW
2026-02-07 17:35:00.000;4849;ERJ;VCP;FLN;NVT;2026-02-07 17:46:28.319;TSRA;NSW
2026-02-07 19:50:00.000;2972;ERJ;VCP;CWB;NVT;2026-02-07 20:10:36.960;TSRA;VCTS
2026-02-07 20:20:00.000;8715;ERJ;ASU;CWB;NVT;2026-02-07 20:40:36.960;TSRA;VCTS
2026-02-07 23:15:00.000;4546;ERJ;VCP;CWB;NVT;2026-02-07 23:35:36.960;TSRA;-RA
2026-02-08 09:35:00.000;4208;ERJ;GIG;CWB;NVT;2026-02-08 09:55:36.960;TSRA;NSW
2026-02-08 11:30:00.000;2621;ERJ;VCP;CWB;NVT;2026-02-08 11:50:36.960;TSRA;NSW
2026-02-08 17:35:00.000;2508;ERJ;VCP;FLN;NVT;2026-02-08 17:46:28.319;TSRA;NSW
2026-02-13 17:35:00.000;4849;ERJ;VCP;FLN;NVT;2026-02-13 17:46:28.319;TSRA;NSW
2026-02-14 19:50:00.000;2972;ERJ;VCP;CWB;NVT;2026-02-14 20:10:36.960;TSRA;NSW
2026-02-14 20:10:00.000;8725;ERJ;MVD;CWB;NVT;2026-02-14 20:30:36.960;TSRA;NSW
2026-02-14 20:20:00.000;8715;ERJ;ASU;CWB;NVT;2026-02-14 20:40:36.960;TSRA;NSW
2026-02-14 21:00:00.000;4348;ERJ;XAP;FLN;NVT;2026-02-14 21:11:28.319;TSRA;NSW
2026-02-14 22:00:00.000;4062;ERJ;CNF;CWB;NVT;2026-02-14 22:20:36.960;TSRA;NSW
2026-02-14 22:45:00.000;2778;ERJ;VCP;FLN;NVT;2026-02-14 22:56:28.319;TSRA;NSW
2026-02-17 19:50:00.000;2972;ERJ;VCP;CWB;NVT;2026-02-17 20:10:36.960;TSRA;VCTS
2026-02-17 20:20:00.000;8715;ERJ;ASU;CWB;NVT;2026-02-17 20:40:36.960;TSRA;VCTS
2026-02-18 01:15:00.000;4832;ERJ;GRU;CWB;NVT;2026-02-18 01:35:36.960;TSRA;NSW
2026-02-18 01:35:00.000;4024;ERJ;GIG;CWB;NVT;2026-02-18 01:55:36.960;TSRA;NSW
2026-02-20 19:25:00.000;2311;ERJ;REC;CWB;NVT;2026-02-20 19:45:36.960;TSRA;NSW
2026-02-20 19:50:00.000;2972;ERJ;VCP;CWB;NVT;2026-02-20 20:10:36.960;TSRA;NSW
2026-02-20 21:00:00.000;4348;ERJ;XAP;FLN;NVT;2026-02-20 21:11:28.319;TSRA;-RA
2026-02-20 21:50:00.000;2947;ERJ;CNF;CWB;NVT;2026-02-20 22:10:36.960;TSRA;-RA
2026-02-20 22:10:00.000;2897;ERJ;VCP;CWB;NVT;2026-02-20 22:30:36.960;TSRA;-RA
2026-02-20 22:55:00.000;2778;ERJ;VCP;FLN;NVT;2026-02-20 23:06:28.319;TSRA;RA
2026-02-20 23:15:00.000;4546;ERJ;VCP;CWB;NVT;2026-02-20 23:35:36.960;TSRA;-RA
2026-02-21 01:15:00.000;4832;ERJ;GRU;CWB;NVT;2026-02-21 01:35:36.960;TSRA;RA
2026-02-21 01:35:00.000;4024;ERJ;GIG;CWB;NVT;2026-02-21 01:55:36.960;TSRA;RA
2026-02-21 02:25:00.000;4061;ERJ;CNF;CWB;NVT;2026-02-21 02:45:36.960;TSRA;RA
2026-02-21 03:05:00.000;4225;ERJ;CNF;FLN;NVT;2026-02-21 03:16:28.319;TSRA;RA
2026-02-21 03:10:00.000;4367;ERJ;VCP;FLN;NVT;2026-02-21 03:21:28.319;TSRA;RA
2026-02-21 03:05:00.000;2865;ERJ;VCP;CWB;NVT;2026-02-21 03:25:36.960;TSRA;RA
2026-02-24 19:05:00.000;6024;ERJ;CGH;CWB;NVT;2026-02-24 19:25:36.960;TSRA;NSW
2026-02-24 19:50:00.000;2972;ERJ;VCP;CWB;NVT;2026-02-24 20:10:36.960;TSRA;NSW
2026-02-24 20:20:00.000;8715;ERJ;ASU;CWB;NVT;2026-02-24 20:40:36.960;TSRA;NSW
2026-02-24 21:00:00.000;4348;ERJ;XAP;FLN;NVT;2026-02-24 21:11:28.319;TSRA;NSW
2026-02-24 21:45:00.000;2947;ERJ;CNF;CWB;NVT;2026-02-24 22:05:36.960;TSRA;NSW
2026-02-24 21:55:00.000;2897;ERJ;VCP;CWB;NVT;2026-02-24 22:15:36.960;TSRA;NSW
2026-02-24 22:55:00.000;2778;ERJ;VCP;FLN;NVT;2026-02-24 23:06:28.319;TSRA;NSW
2026-02-25 17:35:00.000;4849;ERJ;VCP;FLN;NVT;2026-02-25 17:46:28.319;TSRA;NSW
2026-02-25 17:35:00.000;2739;ERJ;CNF;CWB;NVT;2026-02-25 17:55:36.960;TSRA;NSW
2026-02-25 17:55:00.000;2784;ERJ;VCP;CWB;NVT;2026-02-25 18:15:36.960;TSRA;VCSH
2026-03-19 19:50:00.000;6024;ERJ;CGH;CWB;NVT;2026-03-19 20:10:36.960;TSRA;NSW
2026-03-19 19:50:00.000;2972;ERJ;VCP;CWB;NVT;2026-03-19 20:10:36.960;TSRA;NSW
2026-03-19 21:00:00.000;4348;ERJ;XAP;FLN;NVT;2026-03-19 21:11:28.319;TSRA;NSW
2026-03-19 21:25:00.000;2984;ERJ;POA;CWB;NVT;2026-03-19 21:45:36.960;TSRA;NSW
2026-03-19 21:50:00.000;2947;ERJ;CNF;CWB;NVT;2026-03-19 22:10:36.960;TSRA;NSW
2026-03-19 21:55:00.000;2897;ERJ;VCP;CWB;NVT;2026-03-19 22:15:36.960;TSRA;NSW
2026-03-19 22:30:00.000;2778;ERJ;VCP;FLN;NVT;2026-03-19 22:41:28.319;TSRA;NSW
2026-03-19 23:10:00.000;4546;ERJ;VCP;CWB;NVT;2026-03-19 23:30:36.960;TSRA;NSW
2026-03-22 18:25:00.000;2915;ERJ;POA;CWB;NVT;2026-03-22 18:45:36.960;TSRA;NSW
2026-03-22 19:50:00.000;2972;ERJ;VCP;CWB;NVT;2026-03-22 20:10:36.960;TSRA;NSW
2026-03-22 21:00:00.000;4348;ERJ;XAP;FLN;NVT;2026-03-22 21:11:28.319;TSRA;NSW
2026-03-22 21:25:00.000;2984;ERJ;POA;CWB;NVT;2026-03-22 21:45:36.960;TSRA;NSW
2026-04-01 18:20:00.000;2784;ERJ;VCP;CWB;NVT;2026-04-01 18:40:36.960;TS;NSW
2026-04-01 18:25:00.000;6024;ERJ;CGH;CWB;NVT;2026-04-01 18:45:36.960;TS;NSW
2026-04-01 18:55:00.000;4024;ERJ;GIG;CWB;NVT;2026-04-01 19:15:36.960;TS;NSW
2026-04-07 18:20:00.000;2915;ERJ;POA;CWB;NVT;2026-04-07 18:40:36.960;TSRA;NSW
2026-04-07 18:25:00.000;6024;ERJ;CGH;CWB;NVT;2026-04-07 18:45:36.960;TSRA;NSW
2026-04-07 19:40:00.000;4064;ERJ;CNF;CWB;NVT;2026-04-07 20:00:36.960;TSRA;NSW
2026-04-07 19:50:00.000;2972;ERJ;VCP;CWB;NVT;2026-04-07 20:10:36.960;TSRA;NSW
2026-04-07 21:00:00.000;4348;ERJ;XAP;FLN;NVT;2026-04-07 21:11:28.319;TSRA;NSW
2026-04-07 21:20:00.000;2984;ERJ;POA;CWB;NVT;2026-04-07 21:40:36.960;TSRA;NSW
2026-04-07 21:35:00.000;2947;ERJ;CNF;CWB;NVT;2026-04-07 21:55:36.960;TSRA;NSW
2026-05-09 00:10:00.000;4024;ERJ;GIG;CWB;NVT;2026-05-09 00:30:36.960;-TSRA;NSW
2026-05-09 01:10:00.000;2621;ERJ;VCP;CWB;NVT;2026-05-09 01:30:36.960;-TSRA;NSW
2026-05-09 01:15:00.000;4832;ERJ;GRU;CWB;NVT;2026-05-09 01:35:36.960;-TSRA;NSW
2026-05-09 02:25:00.000;4368;ERJ;VCP;FLN;NVT;2026-05-09 02:36:28.319;-TSRA;-RA
2026-05-09 02:25:00.000;4061;ERJ;CNF;CWB;NVT;2026-05-09 02:45:36.960;-TSRA;-RA
2026-05-09 03:05:00.000;2865;ERJ;VCP;CWB;NVT;2026-05-09 03:25:36.960;-TSRA;-RA
2026-05-16 19:45:00.000;2765;ERJ;GRU;CWB;NVT;2026-05-16 20:05:36.960;TSRA;NSW
2026-05-16 21:00:00.000;4348;ERJ;XAP;FLN;NVT;2026-05-16 21:11:28.319;TSRA;NSW
2026-05-17 00:10:00.000;4024;ERJ;GIG;CWB;NVT;2026-05-17 00:30:36.960;TSRA;NSW
2026-05-17 01:10:00.000;2621;ERJ;VCP;CWB;NVT;2026-05-17 01:30:36.960;TSRA;NSW
2026-05-26 12:40:00.000;2857;ERJ;CNF;CWB;NVT;2026-05-26 13:00:36.960;TSRA;NSW
2026-05-26 12:45:00.000;6020;ERJ;CGH;CWB;NVT;2026-05-26 13:05:36.960;TSRA;NSW
2026-05-26 13:05:00.000;2613;ERJ;VCP;FLN;NVT;2026-05-26 13:16:28.319;TSRA;NSW
2026-05-26 13:50:00.000;4147;ERJ;VCP;CWB;NVT;2026-05-26 14:10:36.960;TSRA;-RA
2026-05-26 14:15:00.000;4993;ERJ;GIG;CWB;NVT;2026-05-26 14:35:36.960;TSRA;-RA
2026-05-26 17:35:00.000;4849;ERJ;VCP;FLN;NVT;2026-05-26 17:46:28.319;TSRA;-RA
2026-05-26 18:30:00.000;6024;ERJ;CGH;CWB;NVT;2026-05-26 18:50:36.960;TSRA;NSW
2026-05-26 18:35:00.000;2915;ERJ;POA;CWB;NVT;2026-05-26 18:55:36.960;TSRA;NSW
2026-06-22 18:40:00.000;2670;ERJ;CNF;CWB;NVT;2026-06-22 19:00:36.960;TSRA;NSW
2026-06-22 19:50:00.000;2972;ERJ;VCP;CWB;NVT;2026-06-22 20:10:36.960;TSRA;NSW
2026-06-28 21:40:00.000;2947;ERJ;CNF;CWB;NVT;2026-06-28 22:00:36.960;TSRA;-RA VCTS
2026-06-28 22:20:00.000;2778;ERJ;VCP;FLN;NVT;2026-06-28 22:31:28.319;TSRA;-RA VCTS
2026-06-28 23:15:00.000;4546;ERJ;VCP;CWB;NVT;2026-06-28 23:35:36.960;TSRA;-RA
2026-06-29 00:10:00.000;6042;ERJ;CGH;CWB;NVT;2026-06-29 00:30:36.960;-TSRA;-RA
2026-06-29 00:10:00.000;4024;ERJ;GIG;CWB;NVT;2026-06-29 00:30:36.960;-TSRA;-RA
2026-06-29 01:15:00.000;4832;ERJ;GRU;CWB;NVT;2026-06-29 01:35:36.960;-TSRA;-RA
2026-06-29 02:00:00.000;2621;ERJ;VCP;CWB;NVT;2026-06-29 02:20:36.960;-TSRA;-RA
2026-06-29 02:35:00.000;4224;ERJ;CNF;FLN;NVT;2026-06-29 02:46:28.319;-TSRA;-RA
2026-06-29 02:35:00.000;4061;ERJ;CNF;CWB;NVT;2026-06-29 02:55:36.960;-TSRA;-RA
2026-06-30 13:00:00.000;2613;ERJ;VCP;FLN;NVT;2026-06-30 13:11:28.319;TSRA;NSW
2026-06-30 13:30:00.000;2794;ERJ;CNF;FLN;NVT;2026-06-30 13:41:28.319;TSRA;NSW
2026-06-30 13:25:00.000;2982;ERJ;POA;CWB;NVT;2026-06-30 13:45:36.960;TSRA;NSW
2026-06-30 21:10:00.000;4390;ERJ;GRU;CWB;NVT;2026-06-30 21:30:36.960;TSRA;NSW
2026-07-01 00:10:00.000;4024;ERJ;GIG;CWB;NVT;2026-07-01 00:30:36.960;TSRA;BR
2026-07-01 01:15:00.000;4832;ERJ;GRU;CWB;NVT;2026-07-01 01:35:36.960;TSRA;BR
2026-07-01 01:20:00.000;2745;ERJ;POA;CWB;NVT;2026-07-01 01:40:36.960;TSRA;BR
2026-07-01 01:30:00.000;6028;ERJ;CGH;CWB;NVT;2026-07-01 01:50:36.960;TSRA;BR
2026-07-11 13:05:00.000;2613;ERJ;VCP;FLN;NVT;2026-07-11 13:16:28.319;TSRA;-RA
2026-07-11 13:05:00.000;2857;ERJ;CNF;CWB;NVT;2026-07-11 13:25:36.960;TSRA;-RA
2026-07-11 13:35:00.000;2794;ERJ;CNF;FLN;NVT;2026-07-11 13:46:28.319;TSRA;-RA
2026-07-11 13:30:00.000;2982;ERJ;POA;CWB;NVT;2026-07-11 13:50:36.960;TSRA;-RA
2026-07-11 13:55:00.000;4826;ERJ;GRU;CWB;NVT;2026-07-11 14:15:36.960;TSRA;RA BR
2026-07-11 14:15:00.000;4993;ERJ;GIG;CWB;NVT;2026-07-11 14:35:36.960;TSRA;RA BR
2026-07-11 17:35:00.000;4849;ERJ;VCP;FLN;NVT;2026-07-11 17:46:28.319;TSRA;RA BR
2026-07-29 13:05:00.000;2613;ERJ;VCP;FLN;NVT;2026-07-29 13:16:28.319;TSRA;-RA
2026-07-29 13:35:00.000;2794;ERJ;CNF;FLN;NVT;2026-07-29 13:46:28.319;TSRA;-RA
2026-07-29 13:30:00.000;2982;ERJ;POA;CWB;NVT;2026-07-29 13:50:36.960;TSRA;-RA
2026-07-29 13:50:00.000;4147;ERJ;VCP;CWB;NVT;2026-07-29 14:10:36.960;TSRA;-RA
2026-07-29 15:30:00.000;9061;ERJ;VCP;CWB;NVT;2026-07-29 15:50:36.960;TSRA;NSW
2025-09-02 19:05:00.000;4680;ERJ;VCP;JPR;OAL;2025-09-02 19:15:36.480;TS;NSW
2025-09-06 19:05:00.000;4680;ERJ;VCP;JPR;OAL;2025-09-06 19:15:36.480;TS;NSW
2025-09-16 19:05:00.000;4680;ERJ;VCP;JPR;OAL;2025-09-16 19:15:36.480;TSRA;VCSH
2025-09-16 18:45:00.000;4216;ERJ;VCP;AFL;OAL;2025-09-16 20:04:13.440;TSRA;NSW
2025-09-19 18:55:00.000;4808;ERJ;VCP;BVH;OAL;2025-09-19 19:20:43.680;TS;VCSH
2025-09-26 18:55:00.000;4808;ERJ;VCP;BVH;OAL;2025-09-26 19:20:43.680;TS;NSW
2025-10-07 18:45:00.000;4216;ERJ;VCP;AFL;OAL;2025-10-07 20:04:13.440;TS;NSW
2025-10-12 18:45:00.000;4216;ERJ;VCP;AFL;OAL;2025-10-12 20:04:13.440;TSRA;VCSH
2025-10-24 18:50:00.000;4808;ERJ;VCP;BVH;OAL;2025-10-24 19:15:43.680;TS;NSW
2025-11-06 18:45:00.000;4216;ERJ;VCP;AFL;OAL;2025-11-06 20:04:13.440;TS;VCTS VCSH
2025-11-10 18:50:00.000;4808;ERJ;VCP;BVH;OAL;2025-11-10 19:15:43.680;TSRA;VCSH
2025-11-11 19:00:00.000;4680;ERJ;VCP;JPR;OAL;2025-11-11 19:10:36.480;TSRA;NSW
2025-11-11 18:45:00.000;4216;ERJ;VCP;AFL;OAL;2025-11-11 20:04:13.440;TSRA;NSW
2025-11-14 18:50:00.000;4808;ERJ;VCP;BVH;OAL;2025-11-14 19:15:43.680;TS;VCSH
2025-11-20 18:45:00.000;4216;ERJ;VCP;AFL;OAL;2025-11-20 20:04:13.440;TS;NSW
2025-11-25 19:00:00.000;4680;ERJ;VCP;JPR;OAL;2025-11-25 19:10:36.480;TSRA;NSW
2025-11-25 18:45:00.000;4216;ERJ;VCP;AFL;OAL;2025-11-25 20:04:13.440;TSRA;NSW
2025-11-29 19:00:00.000;4680;ERJ;VCP;JPR;OAL;2025-11-29 19:10:36.480;TS;NSW
2025-11-30 18:45:00.000;4216;ERJ;VCP;AFL;OAL;2025-11-30 20:04:13.440;TS;NSW
2025-12-02 18:45:00.000;4216;ERJ;VCP;AFL;OAL;2025-12-02 20:04:13.440;TSRA;VCSH
2025-12-09 19:00:00.000;4680;ERJ;VCP;JPR;OAL;2025-12-09 19:10:36.480;TSRA;NSW
2025-12-26 18:55:00.000;4808;ERJ;VCP;BVH;OAL;2025-12-26 19:20:43.680;TSRA;NSW
2025-12-30 19:00:00.000;4680;ERJ;VCP;JPR;OAL;2025-12-30 19:10:36.480;TS;NSW
2026-01-19 18:55:00.000;4808;ERJ;VCP;BVH;OAL;2026-01-19 19:20:43.680;TS;NSW
2026-02-03 19:00:00.000;4680;ERJ;VCP;JPR;OAL;2026-02-03 19:10:36.480;TSRA;VCTS VCSH
2026-02-03 18:45:00.000;4216;ERJ;VCP;AFL;OAL;2026-02-03 20:04:13.440;TSRA;VCTS VCSH
2026-02-12 18:45:00.000;4216;ERJ;VCP;AFL;OAL;2026-02-12 20:04:13.440;TSRA;-RA
2026-02-23 19:00:00.000;4808;ERJ;VCP;BVH;OAL;2026-02-23 19:25:43.680;TSRA;NSW
2026-03-07 20:05:00.000;4680;ERJ;VCP;JPR;OAL;2026-03-07 20:15:36.480;TSRA;NSW
2026-03-10 20:05:00.000;4680;ERJ;VCP;JPR;OAL;2026-03-10 20:15:36.480;TS;-RA
2026-03-10 19:40:00.000;4216;ERJ;VCP;AFL;OAL;2026-03-10 20:59:13.440;TS;-RA
2026-03-14 20:05:00.000;4680;ERJ;VCP;JPR;OAL;2026-03-14 20:15:36.480;TS;NSW
2026-03-20 19:55:00.000;4808;ERJ;VCP;BVH;OAL;2026-03-20 20:20:43.680;TSRA;NSW
2026-04-11 20:00:00.000;4680;ERJ;VCP;JPR;OAL;2026-04-11 20:10:36.480;TS;NSW
2026-04-29 19:50:00.000;4808;ERJ;VCP;BVH;OAL;2026-04-29 20:15:43.680;TSRA;NSW
2026-07-15 16:35:00.000;2632;ERJ;CGB;AFL;OAL;2026-07-15 17:54:13.440;TS;NSW
2026-07-15 19:45:00.000;4808;ERJ;VCP;BVH;OAL;2026-07-15 20:10:43.680;TS;NSW
2025-11-20 04:40:00.000;2678;ERJ;VCP;JDO;PNZ;2025-11-20 05:16:01.439;TSRA;-RA
2026-01-04 04:40:00.000;2678;ERJ;VCP;JDO;PNZ;2026-01-04 05:16:01.439;TSRA;NSW
2026-02-07 04:40:00.000;2678;ERJ;VCP;JDO;PNZ;2026-02-07 05:16:01.439;TS;NSW
2026-03-02 14:45:00.000;2678;A320-253NEO;VCP;JDO;PNZ;2026-03-02 15:21:01.439;TSRA;NSW
2026-03-30 14:45:00.000;2678;A320-251NEO;VCP;JDO;PNZ;2026-03-30 15:21:01.439;TS;NSW
2026-04-12 04:40:00.000;2678;ERJ;VCP;JDO;PNZ;2026-04-12 05:16:01.439;TSRA;NSW
2026-04-21 06:15:00.000;2678;ERJ;VCP;JDO;PNZ;2026-04-21 06:51:01.439;TSRA;NSW
2025-08-02 13:00:00.000;2732;A320-251NEO;VCP;CXJ;POA;2025-08-02 13:11:29.760;TSRA;NSW
2025-08-02 13:15:00.000;4854;A320-251NEO;VCP;PFB;POA;2025-08-02 13:44:08.160;TSRA;NSW
2025-08-02 17:40:00.000;2946;ATR72-600;POA;PET;POA;2025-08-02 18:19:50.000;TSRA;NSW
2025-08-02 19:35:00.000;4349;ERJ 195LR;FLN;XAP;POA;2025-08-02 20:20:18.720;TSRA;NSW
2025-08-23 13:00:00.000;2732;A320-251NEO;VCP;CXJ;POA;2025-08-23 13:11:29.760;TSRA;-RA
2025-08-23 13:15:00.000;4854;A320-251NEO;VCP;PFB;POA;2025-08-23 13:44:08.160;TSRA;RA
2025-09-15 19:35:00.000;4349;ERJ 195LR;FLN;XAP;POA;2025-09-15 20:20:18.720;TSRA;-RA BR
2025-09-30 13:20:00.000;2732;A320-253NEO;VCP;CXJ;POA;2025-09-30 13:31:29.760;TSRA;NSW
2025-09-30 13:15:00.000;4854;A320-251NEO;VCP;PFB;POA;2025-09-30 13:44:08.160;TSRA;NSW
2025-09-30 17:35:00.000;2946;ATR72-600;POA;PET;POA;2025-09-30 18:14:50.000;TSRA;-RA BR
2025-10-12 13:15:00.000;4854;ERJ 195LR;VCP;PFB;POA;2025-10-12 13:44:08.160;TSRA;VCSH
2025-10-12 17:40:00.000;2732;ERJ 195LR;VCP;CXJ;POA;2025-10-12 17:51:29.760;TSRA;NSW
2025-10-16 17:45:00.000;2929;ATR72-600;POA;RIA;POA;2025-10-16 18:29:08.000;TS;NSW
2025-11-21 17:40:00.000;2732;A320-251NEO;VCP;CXJ;POA;2025-11-21 17:51:29.760;TSRA;NSW
2025-12-09 12:45:00.000;4363;ERJ 195LR;VCP;XAP;POA;2025-12-09 13:30:18.720;-TSRA;-RA BR
2025-12-09 13:15:00.000;4854;A320-251NEO;VCP;PFB;POA;2025-12-09 13:44:08.160;-TSRA;-RA BR
2025-12-09 17:40:00.000;2732;A320-251NEO;VCP;CXJ;POA;2025-12-09 17:51:29.760;-TSRA;-RA
2025-12-23 14:30:00.000;2946;ATR72-600;POA;PET;POA;2025-12-23 15:09:50.000;TSRA;NSW
2025-12-25 17:40:00.000;2732;A320-251NEO;VCP;CXJ;POA;2025-12-25 17:51:29.760;TSRA;RA VCTS
2026-01-10 17:45:00.000;2929;ATR72-600;POA;RIA;POA;2026-01-10 18:29:08.000;TSRA;NSW
2026-01-17 17:45:00.000;2929;ATR72-600;POA;RIA;POA;2026-01-17 18:29:08.000;TSRA;VCSH
2026-01-18 13:15:00.000;4854;A320-251NEO;VCP;PFB;POA;2026-01-18 13:44:08.160;TSRA;-RA
2026-01-18 17:40:00.000;2732;A320-251NEO;VCP;CXJ;POA;2026-01-18 17:51:29.760;TSRA;NSW
2026-01-29 14:30:00.000;2946;ATR72-600;POA;PET;POA;2026-01-29 15:09:50.000;TS;VCSH
2026-01-29 17:45:00.000;2929;ATR72-600;POA;RIA;POA;2026-01-29 18:29:08.000;TSRA;NSW
2026-01-31 14:30:00.000;2946;ATR72-600;POA;PET;POA;2026-01-31 15:09:50.000;TSRA;RA
2026-01-31 17:40:00.000;2732;A320-251NEO;VCP;CXJ;POA;2026-01-31 17:51:29.760;TSRA;NSW
2026-01-31 17:45:00.000;2929;ATR72-600;POA;RIA;POA;2026-01-31 18:29:08.000;TSRA;VCSH
2026-02-07 13:15:00.000;4854;A320-251NEO;VCP;PFB;POA;2026-02-07 13:44:08.160;TSRA;NSW
2026-02-17 17:40:00.000;2732;A320-253NEO;VCP;CXJ;POA;2026-02-17 17:51:29.760;TSRA;NSW
2026-03-18 13:15:00.000;4854;A320-251NEO;VCP;PFB;POA;2026-03-18 13:44:08.160;TS;NSW
2026-03-25 13:15:00.000;4854;A320-251NEO;VCP;PFB;POA;2026-03-25 13:44:08.160;TSRA;NSW
2026-04-16 14:30:00.000;2946;ATR72-600;POA;PET;POA;2026-04-16 15:09:50.000;TSRA;NSW
2026-06-12 13:30:00.000;2732;A320-251NEO;VCP;CXJ;POA;2026-06-12 13:41:29.760;TSRA BR;NSW
2026-06-12 13:15:00.000;4854;A320-251NEO;VCP;PFB;POA;2026-06-12 13:44:08.160;TSRA BR;NSW
2026-06-28 13:20:00.000;2732;A320-253NEO;VCP;CXJ;POA;2026-06-28 13:31:29.760;TSRA;NSW
2026-06-28 13:15:00.000;4854;A320-251NEO;VCP;PFB;POA;2026-06-28 13:44:08.160;TSRA;NSW
2026-07-11 13:30:00.000;2732;A320-251NEO;VCP;CXJ;POA;2026-07-11 13:41:29.760;TSRA;NSW
2026-07-11 13:15:00.000;4854;A320-253NEO;VCP;PFB;POA;2026-07-11 13:44:08.160;TSRA;NSW
2026-07-21 14:30:00.000;2946;ATR72-600;POA;PET;POA;2026-07-21 15:09:50.000;-TSRA;-RA BR
2026-07-21 17:45:00.000;2929;ATR72-600;POA;RIA;POA;2026-07-21 18:29:08.000;TSRA;-RA BR
2026-07-28 17:31:00.000;2929;ATR72-600;POA;RIA;POA;2026-07-28 18:15:08.000;TSRA;NSW
2026-07-29 13:30:00.000;2732;A320-251NEO;VCP;CXJ;POA;2026-07-29 13:41:29.760;TSRA;NSW
2026-07-29 13:15:00.000;4854;A320-251NEO;VCP;PFB;POA;2026-07-29 13:44:08.160;TSRA;NSW
2025-08-03 18:50:00.000;4790;ERJ;VCP;OAL;PVH;2025-08-03 19:43:08.160;TS;NSW
2025-09-18 05:10:00.000;4598;A320-251NEO;CNF;RBR;PVH;2025-09-18 06:09:11.040;TSRA;NSW
2025-09-24 18:50:00.000;4790;ERJ;VCP;OAL;PVH;2025-09-24 19:43:08.160;TSRA;VCTS
2025-10-01 18:50:00.000;4790;ERJ;VCP;OAL;PVH;2025-10-01 19:43:08.160;TSRA;NSW
2025-10-12 18:45:00.000;4790;ERJ;VCP;OAL;PVH;2025-10-12 19:38:08.160;TS;NSW
2025-10-19 18:45:00.000;4790;ERJ;VCP;OAL;PVH;2025-10-19 19:38:08.160;TS;VCSH
2025-10-29 18:45:00.000;4790;ERJ;VCP;OAL;PVH;2025-10-29 19:38:08.160;TSRA;NSW
2025-11-09 18:45:00.000;4790;ERJ;VCP;OAL;PVH;2025-11-09 19:38:08.160;TSRA;NSW
2025-11-12 18:45:00.000;4790;ERJ;VCP;OAL;PVH;2025-11-12 19:38:08.160;TS;NSW
2025-11-16 18:45:00.000;4790;ERJ;VCP;OAL;PVH;2025-11-16 19:38:08.160;TS;NSW
2025-11-22 05:10:00.000;4598;A320-251NEO;CNF;RBR;PVH;2025-11-22 06:09:11.040;TSRA;NSW
2025-11-23 18:45:00.000;4790;ERJ;VCP;OAL;PVH;2025-11-23 19:38:08.160;TS;NSW
2025-11-24 17:30:00.000;9352;A320-251NEO;MAO;RBR;PVH;2025-11-24 18:29:11.040;TS;VCSH VCTS
2025-11-26 18:45:00.000;4790;ERJ;VCP;OAL;PVH;2025-11-26 19:38:08.160;TS;-RA
2025-11-30 18:45:00.000;4790;ERJ;VCP;OAL;PVH;2025-11-30 19:38:08.160;TSRA;NSW
2025-12-03 18:45:00.000;4790;ERJ;VCP;OAL;PVH;2025-12-03 19:38:08.160;TSRA;NSW
2025-12-10 18:45:00.000;4790;ERJ;VCP;OAL;PVH;2025-12-10 19:38:08.160;TS;NSW
2025-12-14 18:50:00.000;4790;ERJ;VCP;OAL;PVH;2025-12-14 19:43:08.160;TSRA;VCSH
2026-01-11 18:50:00.000;4790;ERJ;VCP;OAL;PVH;2026-01-11 19:43:08.160;TS;-SHRA
2026-01-13 05:10:00.000;4598;A320-251NEO;CNF;RBR;PVH;2026-01-13 06:09:11.040;TSRA;NSW
2026-01-21 18:50:00.000;4790;ERJ;VCP;OAL;PVH;2026-01-21 19:43:08.160;TS;VCSH
2026-02-01 22:00:00.000;4790;ERJ;VCP;OAL;PVH;2026-02-01 22:53:08.160;TSRA;NSW
2026-02-08 18:50:00.000;4790;ERJ;VCP;OAL;PVH;2026-02-08 19:43:08.160;TSRA;VCSH VCTS
2026-02-22 18:50:00.000;4790;ERJ;VCP;OAL;PVH;2026-02-22 19:43:08.160;TSRA;NSW
2026-03-04 20:00:00.000;4790;ERJ;VCP;OAL;PVH;2026-03-04 20:53:08.160;TSRA;NSW
2026-03-05 05:10:00.000;4598;A320-253NEO;CNF;RBR;PVH;2026-03-05 06:09:11.040;TSRA;VCTS
2026-03-08 20:00:00.000;4790;ERJ;VCP;OAL;PVH;2026-03-08 20:53:08.160;TSRA;NSW
2026-03-11 20:00:00.000;4790;ERJ;VCP;OAL;PVH;2026-03-11 20:53:08.160;TSRA;-RA
2026-03-18 20:00:00.000;4790;ERJ;VCP;OAL;PVH;2026-03-18 20:53:08.160;TS;NSW
2026-03-22 20:00:00.000;4790;ERJ;VCP;OAL;PVH;2026-03-22 20:53:08.160;TS;NSW
2026-03-25 20:00:00.000;4790;ERJ;VCP;OAL;PVH;2026-03-25 20:53:08.160;TSRA;NSW
2026-04-01 21:05:00.000;4790;ERJ;VCP;OAL;PVH;2026-04-01 21:58:08.160;TSRA;NSW
2026-04-06 20:00:00.000;4790;ERJ;VCP;OAL;PVH;2026-04-06 20:53:08.160;TSRA;NSW
2026-04-08 20:00:00.000;4790;ERJ;VCP;OAL;PVH;2026-04-08 20:53:08.160;TSRA;NSW
2026-04-12 20:00:00.000;4790;ERJ;VCP;OAL;PVH;2026-04-12 20:53:08.160;TS;VCSH
2026-04-21 16:30:00.000;2650;ERJ;CGB;OAL;PVH;2026-04-21 17:23:08.160;TS;NSW
2026-04-22 20:00:00.000;4790;ERJ;VCP;OAL;PVH;2026-04-22 20:53:08.160;TSRA;NSW
2026-05-17 20:00:00.000;4790;ERJ;VCP;OAL;PVH;2026-05-17 20:53:08.160;TS;VCSH
2026-06-08 19:55:00.000;4790;ERJ;VCP;OAL;PVH;2026-06-08 20:48:08.160;TS;NSW
2026-07-15 16:15:00.000;4598;A320-251NEO;CNF;RBR;PVH;2026-07-15 17:14:11.040;TS;NSW
2025-09-16 19:05:00.000;9094;A320-251NEO;NAT;VCP;RAO;2025-09-16 19:33:19.199;TSRA;NSW
2025-09-16 19:05:00.000;4397;A320-251NEO;BSB;VCP;RAO;2025-09-16 19:33:19.199;TSRA;NSW
2025-09-16 19:10:00.000;4022;A320-251NEO;MAO;VCP;RAO;2025-09-16 19:38:19.199;TSRA;NSW
2025-09-16 19:20:00.000;2710;ATR72-600;JOI;VCP;RAO;2025-09-16 19:59:20.000;TSRA;NSW
2025-09-16 19:20:00.000;4650;ATR72-600;LDB;VCP;RAO;2025-09-16 19:59:20.000;TSRA;NSW
2025-09-16 19:55:00.000;4867;A320-251NEO;GYN;VCP;RAO;2025-09-16 20:23:19.199;TSRA;NSW
2025-09-16 19:55:00.000;2727;A320-253NEO;POA;VCP;RAO;2025-09-16 20:23:19.199;TSRA;NSW
2025-09-16 19:45:00.000;4520;ATR72-600;PPB;VCP;RAO;2025-09-16 20:24:20.000;TSRA;NSW
2025-09-16 19:50:00.000;4140;ATR72-600;SJP;VCP;RAO;2025-09-16 20:29:20.000;TSRA;NSW
2025-09-16 20:05:00.000;4726;A320-251NEO;IGU;VCP;RAO;2025-09-16 20:33:19.199;TSRA;NSW
2025-09-16 20:05:00.000;4281;A320-251NEO;VIX;VCP;RAO;2025-09-16 20:33:19.199;TSRA;NSW
2025-09-16 20:00:00.000;4611;ATR72-600;MGF;VCP;RAO;2025-09-16 20:39:20.000;TSRA;NSW
2025-09-16 20:20:00.000;2631;ATR72-600;IZA;VCP;RAO;2025-09-16 20:59:20.000;TSRA;NSW
2025-09-16 20:40:00.000;4591;A320-251NEO;BPS;VCP;RAO;2025-09-16 21:08:19.199;TSRA;NSW
2025-09-16 20:50:00.000;4270;ATR72-600;RAO;VCP;RAO;2025-09-16 21:29:20.000;TSRA;NSW
2025-09-16 21:35:00.000;4195;A320-251NEO;SSA;VCP;RAO;2025-09-16 22:03:19.199;TSRA;NSW
2025-09-16 22:30:00.000;4011;A320-251NEO;IOS;VCP;RAO;2025-09-16 22:58:19.199;TSRA;NSW
2025-09-19 17:35:00.000;4518;A320-253NEO;MCZ;VCP;RAO;2025-09-19 18:03:19.199;TS;NSW
2025-09-19 19:10:00.000;4022;A320-253NEO;MAO;VCP;RAO;2025-09-19 19:38:19.199;TS;NSW
2025-09-19 19:20:00.000;4669;A320-253NEO;FOR;VCP;RAO;2025-09-19 19:48:19.199;TS;NSW
2025-09-19 19:20:00.000;2710;ATR72-600;JOI;VCP;RAO;2025-09-19 19:59:20.000;TS;NSW
2025-09-19 19:25:00.000;4503;ATR72-600;PTO;VCP;RAO;2025-09-19 20:04:20.000;TS;NSW
2025-09-19 19:55:00.000;4867;A320-253NEO;GYN;VCP;RAO;2025-09-19 20:23:19.199;TS;NSW
2025-09-19 19:55:00.000;2727;A320-251NEO;POA;VCP;RAO;2025-09-19 20:23:19.199;TS;NSW
2025-09-19 19:45:00.000;4520;ATR72-600;PPB;VCP;RAO;2025-09-19 20:24:20.000;TS;NSW
2025-09-19 19:50:00.000;4140;ATR72-600;SJP;VCP;RAO;2025-09-19 20:29:20.000;TS;NSW
2025-09-19 20:05:00.000;4726;A320-251NEO;IGU;VCP;RAO;2025-09-19 20:33:19.199;TS;NSW
2025-09-19 20:05:00.000;4281;A320-251NEO;VIX;VCP;RAO;2025-09-19 20:33:19.199;TS;NSW
2025-09-19 20:00:00.000;4611;ATR72-600;MGF;VCP;RAO;2025-09-19 20:39:20.000;TS;NSW
2025-09-19 20:25:00.000;4285;A320-251NEO;CGR;VCP;RAO;2025-09-19 20:53:19.199;TS;NSW
2025-09-19 20:20:00.000;2631;ATR72-600;IZA;VCP;RAO;2025-09-19 20:59:20.000;TS;NSW
2025-09-19 20:40:00.000;4591;A320-251NEO;BPS;VCP;RAO;2025-09-19 21:08:19.199;TS;NSW
2025-09-19 20:50:00.000;4270;ATR72-600;RAO;VCP;RAO;2025-09-19 21:29:20.000;TS;NSW
2025-09-22 12:00:00.000;4096;A320-251NEO;CNF;VCP;RAO;2025-09-22 12:28:19.199;TSRA;-RA
2025-09-22 12:15:00.000;6596;A320-251NEO;RAO;VCP;RAO;2025-09-22 12:43:19.199;TSRA;-RA
2025-09-22 12:45:00.000;4327;A320-251NEO;GIG;VCP;RAO;2025-09-22 13:13:19.199;TSRA;NSW
2025-09-22 12:50:00.000;4921;A320-251NEO;SJP;VCP;RAO;2025-09-22 13:18:19.199;TSRA;NSW
2025-09-22 12:55:00.000;4474;ATR72-600;RAO;VCP;RAO;2025-09-22 13:34:20.000;TSRA;NSW
2025-09-22 13:10:00.000;2615;A320-251NEO;GYN;VCP;RAO;2025-09-22 13:38:19.199;TSRA;NSW
2025-09-22 13:10:00.000;2847;ATR72-600;RAO;VCP;RAO;2025-09-22 13:49:20.000;TSRA;-RA BR
2025-09-22 13:45:00.000;2687;A320-251NEO;POA;VCP;RAO;2025-09-22 14:13:19.199;TSRA;-RA BR
2025-09-22 14:40:00.000;2904;A320-251NEO;SSA;VCP;RAO;2025-09-22 15:08:19.199;TSRA;-RA
2025-09-22 14:35:00.000;4540;ATR72-600;JTC;VCP;RAO;2025-09-22 15:14:20.000;TSRA;-RA
2025-09-22 14:50:00.000;4274;A320-251NEO;XAP;VCP;RAO;2025-09-22 15:18:19.199;TSRA;-RA
2025-09-22 14:55:00.000;2869;A320-251NEO;GYN;VCP;RAO;2025-09-22 15:23:19.199;TSRA;-RA
2025-09-22 15:00:00.000;4483;A320-253NEO;FLN;VCP;RAO;2025-09-22 15:28:19.199;TSRA;-RA
2025-09-22 15:10:00.000;2688;A320-251NEO;POA;VCP;RAO;2025-09-22 15:38:19.199;TSRA;-RA
2025-09-22 15:20:00.000;4855;A320-251NEO;PFB;VCP;RAO;2025-09-22 15:48:19.199;TSRA;-RA
2025-09-22 15:15:00.000;4154;ATR72-600;ARU;VCP;RAO;2025-09-22 15:54:20.000;TSRA;-RA
2025-09-22 15:30:00.000;5093;A320-251NEO;VIX;VCP;RAO;2025-09-22 15:58:19.199;TSRA;-RA
2025-09-22 15:35:00.000;4992;A320-251NEO;CXJ;VCP;RAO;2025-09-22 16:03:19.199;TSRA;NSW
2025-09-22 15:25:00.000;4309;ATR72-600;LDB;VCP;RAO;2025-09-22 16:04:20.000;TSRA;NSW
2025-09-22 15:30:00.000;4103;ATR72-600;MGF;VCP;RAO;2025-09-22 16:09:20.000;TSRA;NSW
2025-09-22 15:45:00.000;4241;ATR72-600;UDI;VCP;RAO;2025-09-22 16:24:20.000;TSRA;NSW
2025-09-22 19:10:00.000;4022;A320-253NEO;MAO;VCP;RAO;2025-09-22 19:38:19.199;TSRA BR;RA
2025-09-22 19:10:00.000;2823;A320-253NEO;REC;VCP;RAO;2025-09-22 19:38:19.199;TSRA BR;RA
2025-09-22 19:00:00.000;2710;ATR72-600;JOI;VCP;RAO;2025-09-22 19:39:20.000;TSRA BR;RA
2025-09-22 19:25:00.000;4503;ATR72-600;PTO;VCP;RAO;2025-09-22 20:04:20.000;TSRA BR;-RA
2025-09-22 19:55:00.000;4867;A320-251NEO;GYN;VCP;RAO;2025-09-22 20:23:19.199;TSRA BR;-RA
2025-09-22 19:55:00.000;2727;A320-251NEO;POA;VCP;RAO;2025-09-22 20:23:19.199;TSRA BR;-RA
2025-09-22 19:45:00.000;4520;ATR72-600;PPB;VCP;RAO;2025-09-22 20:24:20.000;TSRA BR;-RA
2025-09-22 20:00:00.000;5041;A320-251NEO;CNF;VCP;RAO;2025-09-22 20:28:19.199;TSRA BR;-RA
2025-09-22 19:50:00.000;4140;ATR72-600;SJP;VCP;RAO;2025-09-22 20:29:20.000;TSRA BR;-RA
2025-09-22 20:05:00.000;4281;A320-251NEO;VIX;VCP;RAO;2025-09-22 20:33:19.199;TSRA BR;-RA
2025-09-22 20:00:00.000;4611;ATR72-600;MGF;VCP;RAO;2025-09-22 20:39:20.000;TSRA BR;-RA
2025-09-22 20:25:00.000;4285;A320-251NEO;CGR;VCP;RAO;2025-09-22 20:53:19.199;TSRA BR;-RA
2025-09-22 20:20:00.000;2631;ATR72-600;IZA;VCP;RAO;2025-09-22 20:59:20.000;TSRA BR;-RA
2025-09-22 20:20:00.000;4265;ATR72-600;UDI;VCP;RAO;2025-09-22 20:59:20.000;TSRA BR;-RA
2025-09-22 20:40:00.000;4591;A320-251NEO;BPS;VCP;RAO;2025-09-22 21:08:19.199;TSRA;NSW
2025-09-22 22:15:00.000;9009;A320-251NEO;MAO;VCP;RAO;2025-09-22 22:43:19.199;TSRA;NSW
2025-09-22 22:30:00.000;4011;A320-251NEO;IOS;VCP;RAO;2025-09-22 22:58:19.199;TSRA;NSW
2025-10-18 19:50:00.000;4992;A320-251NEO;CXJ;VCP;RAO;2025-10-18 20:18:19.199;TS;-RA
2025-10-18 19:40:00.000;2631;ATR72-600;IZA;VCP;RAO;2025-10-18 20:19:20.000;TS;-RA
2025-10-18 19:45:00.000;4520;ATR72-600;PPB;VCP;RAO;2025-10-18 20:24:20.000;TS;-RA
2025-10-18 19:50:00.000;4140;ATR72-600;SJP;VCP;RAO;2025-10-18 20:29:20.000;TS;-RA
2025-10-18 20:10:00.000;2594;A320-251NEO;NAT;UDI;RAO;2025-10-18 20:43:00.000;TS;-RA
2025-10-18 23:50:00.000;2435;A320-251NEO;FOR;VCP;RAO;2025-10-19 00:18:19.199;TS;NSW
2025-10-19 00:00:00.000;4013;A320-251NEO;MAO;VCP;RAO;2025-10-19 00:28:19.199;TS;NSW
2025-10-19 00:05:00.000;4865;A320-251NEO;IGU;VCP;RAO;2025-10-19 00:33:19.199;TS;NSW
2025-10-19 00:30:00.000;4567;A320-251NEO;GYN;VCP;RAO;2025-10-19 00:58:19.199;TS;NSW
2025-10-30 17:35:00.000;4518;A320-253NEO;MCZ;VCP;RAO;2025-10-30 18:03:19.199;TSRA;NSW
2025-10-30 17:35:00.000;4876;ATR72-600;SJP;VCP;RAO;2025-10-30 18:14:20.000;TSRA;NSW
2025-10-30 19:10:00.000;4022;A320-251NEO;MAO;VCP;RAO;2025-10-30 19:38:19.199;TSRA;-RA
2025-10-30 19:20:00.000;4669;A320-251NEO;FOR;VCP;RAO;2025-10-30 19:48:19.199;TSRA;-RA
2025-10-30 19:30:00.000;2631;ATR72-600;IZA;VCP;RAO;2025-10-30 20:09:20.000;TSRA;-RA
2025-10-30 19:50:00.000;4992;A320-251NEO;CXJ;VCP;RAO;2025-10-30 20:18:19.199;TSRA;-RA
2025-10-30 19:55:00.000;2429;A320-251NEO;POA;VCP;RAO;2025-10-30 20:23:19.199;TSRA;-RA
2025-10-30 19:45:00.000;4520;ATR72-600;PPB;VCP;RAO;2025-10-30 20:24:20.000;TSRA;-RA
2025-10-30 19:50:00.000;4140;ATR72-600;SJP;VCP;RAO;2025-10-30 20:29:20.000;TSRA;-RA
2025-10-30 20:05:00.000;4281;A320-253NEO;VIX;VCP;RAO;2025-10-30 20:33:19.199;TSRA;-RA
2025-10-30 20:15:00.000;4265;ATR72-600;UDI;VCP;RAO;2025-10-30 20:54:20.000;TSRA;-RA
2025-10-31 19:10:00.000;4022;A320-251NEO;MAO;VCP;RAO;2025-10-31 19:38:19.199;TSRA;NSW
2025-10-31 19:10:00.000;2823;A320-251NEO;REC;VCP;RAO;2025-10-31 19:38:19.199;TSRA;NSW
2025-10-31 19:20:00.000;4669;A320-251NEO;FOR;VCP;RAO;2025-10-31 19:48:19.199;TSRA;NSW
2025-10-31 19:30:00.000;4503;ATR72-600;PTO;VCP;RAO;2025-10-31 20:09:20.000;TSRA;NSW
2025-10-31 19:30:00.000;2631;ATR72-600;IZA;VCP;RAO;2025-10-31 20:09:20.000;TSRA;NSW
2025-10-31 19:50:00.000;4992;A320-253NEO;CXJ;VCP;RAO;2025-10-31 20:18:19.199;TSRA;NSW
2025-10-31 19:55:00.000;2727;A320-253NEO;POA;VCP;RAO;2025-10-31 20:23:19.199;TSRA;NSW
2025-10-31 19:45:00.000;4520;ATR72-600;PPB;VCP;RAO;2025-10-31 20:24:20.000;TSRA;NSW
2025-10-31 19:50:00.000;4140;ATR72-600;SJP;VCP;RAO;2025-10-31 20:29:20.000;TSRA;NSW
2025-10-31 20:40:00.000;4591;A320-251NEO;BPS;VCP;RAO;2025-10-31 21:08:19.199;TSRA;NSW
2025-11-01 17:35:00.000;4518;A320-251NEO;MCZ;VCP;RAO;2025-11-01 18:03:19.199;TSRA;NSW
2025-11-01 17:35:00.000;4876;ATR72-600;SJP;VCP;RAO;2025-11-01 18:14:20.000;TSRA;NSW
2025-11-01 19:05:00.000;2512;A320-251NEO;BPS;JTC;RAO;2025-11-01 19:27:48.000;TSRA;NSW
2025-11-01 19:10:00.000;4022;A320-251NEO;MAO;VCP;RAO;2025-11-01 19:38:19.199;TSRA;NSW
2025-11-01 19:20:00.000;4669;A320-251NEO;FOR;VCP;RAO;2025-11-01 19:48:19.199;TSRA;NSW
2025-11-01 19:25:00.000;2401;A320-253NEO;NAT;VCP;RAO;2025-11-01 19:53:19.199;TSRA;NSW
2025-11-01 19:30:00.000;2631;ATR72-600;IZA;VCP;RAO;2025-11-01 20:09:20.000;TSRA;NSW
2025-11-01 19:50:00.000;4992;A320-251NEO;CXJ;VCP;RAO;2025-11-01 20:18:19.199;TSRA;NSW
2025-11-01 19:45:00.000;4520;ATR72-600;PPB;VCP;RAO;2025-11-01 20:24:20.000;TSRA;NSW
2025-11-01 19:50:00.000;4140;ATR72-600;SJP;VCP;RAO;2025-11-01 20:29:20.000;TSRA;NSW
2025-11-02 17:35:00.000;4518;A320-251NEO;MCZ;VCP;RAO;2025-11-02 18:03:19.199;TSRA BR;NSW
2025-11-02 19:10:00.000;4022;A320-253NEO;MAO;VCP;RAO;2025-11-02 19:38:19.199;TSRA BR;-RA
2025-11-02 19:20:00.000;4669;A320-251NEO;FOR;VCP;RAO;2025-11-02 19:48:19.199;TSRA BR;-RA
2025-11-02 19:30:00.000;2401;A320-251NEO;NAT;VCP;RAO;2025-11-02 19:58:19.199;TSRA BR;-RA
2025-11-02 19:35:00.000;4503;ATR72-600;PTO;VCP;RAO;2025-11-02 20:14:20.000;TSRA BR;NSW
2025-11-02 19:50:00.000;4992;A320-251NEO;CXJ;VCP;RAO;2025-11-02 20:18:19.199;TSRA BR;NSW
2025-11-02 19:45:00.000;4520;ATR72-600;PPB;VCP;RAO;2025-11-02 20:24:20.000;TSRA BR;NSW
2025-11-02 19:50:00.000;4140;ATR72-600;SJP;VCP;RAO;2025-11-02 20:29:20.000;TSRA BR;NSW
2025-11-02 20:35:00.000;2409;A320-253NEO;BPS;VCP;RAO;2025-11-02 21:03:19.199;TSRA BR;NSW
2025-11-02 20:50:00.000;4270;ATR72-600;RAO;VCP;RAO;2025-11-02 21:29:20.000;TSRA BR;NSW
2025-11-02 21:10:00.000;2568;A320-253NEO;FOR;UDI;RAO;2025-11-02 21:43:00.000;TSRA BR;NSW
2025-11-02 21:30:00.000;4031;A320-251NEO;CWB;VCP;RAO;2025-11-02 21:58:19.199;TSRA BR;NSW
2025-11-02 22:40:00.000;4339;A320-251NEO;CGB;VCP;RAO;2025-11-02 23:08:19.199;TSRA BR;NSW
2025-11-02 22:40:00.000;9004;ATR72-600;CWB;VCP;RAO;2025-11-02 23:19:20.000;TSRA BR;NSW
2025-11-02 22:50:00.000;4222;ATR72-600;MII;VCP;RAO;2025-11-02 23:29:20.000;TSRA BR;NSW
2025-11-02 23:15:00.000;4794;ATR72-600;SJP;VCP;RAO;2025-11-02 23:54:20.000;TSRA BR;NSW
2025-11-03 17:35:00.000;4518;A320-253NEO;MCZ;VCP;RAO;2025-11-03 18:03:19.199;TSRA;NSW
2025-11-03 17:35:00.000;4876;ATR72-600;SJP;VCP;RAO;2025-11-03 18:14:20.000;TSRA;NSW
2025-11-03 19:10:00.000;4022;A320-253NEO;MAO;VCP;RAO;2025-11-03 19:38:19.199;TSRA;NSW
2025-11-03 19:20:00.000;4669;A320-251NEO;FOR;VCP;RAO;2025-11-03 19:48:19.199;TSRA;NSW
2025-11-03 19:30:00.000;2631;ATR72-600;IZA;VCP;RAO;2025-11-03 20:09:20.000;TSRA;NSW
2025-11-03 19:35:00.000;4503;ATR72-600;PTO;VCP;RAO;2025-11-03 20:14:20.000;TSRA;NSW
2025-11-03 19:50:00.000;4992;A320-251NEO;CXJ;VCP;RAO;2025-11-03 20:18:19.199;TSRA;NSW
2025-11-03 19:55:00.000;4867;A320-251NEO;GYN;VCP;RAO;2025-11-03 20:23:19.199;TSRA;NSW
2025-11-03 19:55:00.000;2727;A320-251NEO;POA;VCP;RAO;2025-11-03 20:23:19.199;TSRA;NSW
2025-11-03 19:45:00.000;4520;ATR72-600;PPB;VCP;RAO;2025-11-03 20:24:20.000;TSRA;NSW
2025-11-03 19:50:00.000;4140;ATR72-600;SJP;VCP;RAO;2025-11-03 20:29:20.000;TSRA;NSW
2025-11-03 20:20:00.000;4285;A320-251NEO;CGR;VCP;RAO;2025-11-03 20:48:19.199;TSRA;NSW
2025-11-04 17:35:00.000;4518;A320-253NEO;MCZ;VCP;RAO;2025-11-04 18:03:19.199;TSRA;NSW
2025-11-04 17:35:00.000;4876;ATR72-600;SJP;VCP;RAO;2025-11-04 18:14:20.000;TSRA;NSW
2025-11-04 18:15:00.000;4917;A320-251NEO;CNF;VCP;RAO;2025-11-04 18:43:19.199;TSRA;NSW
2025-11-04 19:10:00.000;4022;A320-251NEO;MAO;VCP;RAO;2025-11-04 19:38:19.199;TSRA;NSW
2025-11-04 19:10:00.000;2823;A320-251NEO;REC;VCP;RAO;2025-11-04 19:38:19.199;TSRA;NSW
2025-11-04 19:20:00.000;4669;A320-251NEO;FOR;VCP;RAO;2025-11-04 19:48:19.199;TSRA;NSW
2025-11-05 17:35:00.000;4518;A320-251NEO;MCZ;VCP;RAO;2025-11-05 18:03:19.199;TSRA;NSW
2025-11-05 17:35:00.000;4876;ATR72-600;SJP;VCP;RAO;2025-11-05 18:14:20.000;TSRA;NSW
2025-11-05 18:15:00.000;4917;A320-251NEO;CNF;VCP;RAO;2025-11-05 18:43:19.199;TSRA;NSW
2025-11-05 19:10:00.000;4022;A320-251NEO;MAO;VCP;RAO;2025-11-05 19:38:19.199;TSRA;NSW
2025-11-05 19:10:00.000;2823;A320-251NEO;REC;VCP;RAO;2025-11-05 19:38:19.199;TSRA;NSW
2025-11-05 19:20:00.000;4669;A320-251NEO;FOR;VCP;RAO;2025-11-05 19:48:19.199;TSRA;NSW
2025-11-05 19:30:00.000;2631;ATR72-600;IZA;VCP;RAO;2025-11-05 20:09:20.000;TSRA;NSW
2025-11-05 19:35:00.000;4503;ATR72-600;PTO;VCP;RAO;2025-11-05 20:14:20.000;TSRA;NSW
2025-11-05 19:50:00.000;4992;A320-251NEO;CXJ;VCP;RAO;2025-11-05 20:18:19.199;TSRA;NSW
2025-11-05 19:55:00.000;2727;A320-251NEO;POA;VCP;RAO;2025-11-05 20:23:19.199;TSRA;NSW
2025-11-05 19:45:00.000;4520;ATR72-600;PPB;VCP;RAO;2025-11-05 20:24:20.000;TSRA;NSW
2025-11-05 19:50:00.000;4140;ATR72-600;SJP;VCP;RAO;2025-11-05 20:29:20.000;TSRA;NSW
2025-11-05 20:40:00.000;4591;A320-251NEO;BPS;VCP;RAO;2025-11-05 21:08:19.199;TSRA;NSW
2025-11-05 20:50:00.000;4270;ATR72-600;RAO;VCP;RAO;2025-11-05 21:29:20.000;TSRA;NSW
2025-11-05 21:35:00.000;4195;A320-251NEO;SSA;VCP;RAO;2025-11-05 22:03:19.199;TSRA;NSW
2025-11-08 09:30:00.000;4335;A320-251NEO;REC;VCP;RAO;2025-11-08 09:58:19.199;TSRA;NSW
2025-11-08 09:35:00.000;4379;A320-251NEO;THE;VCP;RAO;2025-11-08 10:03:19.199;TSRA;NSW
2025-11-08 09:30:00.000;4211;ATR72-600;RAO;VCP;RAO;2025-11-08 10:09:20.000;TSRA;NSW
2025-11-08 09:45:00.000;6091;A320-251NEO;FOR;VCP;RAO;2025-11-08 10:13:19.199;TSRA;NSW
2025-11-08 09:50:00.000;2717;ATR72-600;SJP;VCP;RAO;2025-11-08 10:29:20.000;TSRA;NSW
2025-11-08 10:05:00.000;4383;A320-251NEO;MAO;VCP;RAO;2025-11-08 10:33:19.199;TSRA;NSW
2025-11-08 10:25:00.000;2686;A320-251NEO;POA;VCP;RAO;2025-11-08 10:53:19.199;TSRA;NSW
2025-11-08 10:15:00.000;4474;ATR72-600;PPB;VCP;RAO;2025-11-08 10:54:20.000;TSRA;NSW
2025-11-08 10:35:00.000;4921;A320-251NEO;VIX;VCP;RAO;2025-11-08 11:03:19.199;TSRA;NSW
2025-11-08 10:40:00.000;4327;A320-253NEO;GYN;VCP;RAO;2025-11-08 11:08:19.199;TSRA;NSW
2025-11-08 10:45:00.000;6596;A320-251NEO;BSB;VCP;RAO;2025-11-08 11:13:19.199;TSRA;NSW
2025-11-08 13:45:00.000;4111;ATR72-600;SJP;VCP;RAO;2025-11-08 14:24:20.000;TSRA;VCSH
2025-11-08 14:00:00.000;2640;A320-251NEO;BEL;VCP;RAO;2025-11-08 14:28:19.199;TSRA;VCSH
2025-11-08 14:00:00.000;2592;A320-251NEO;REC;UDI;RAO;2025-11-08 14:33:00.000;TSRA;VCSH
2025-11-08 16:55:00.000;4215;A320-253NEO;SSA;VCP;RAO;2025-11-08 17:23:19.199;TSRA;NSW
2025-11-08 17:10:00.000;2593;A320-251NEO;MCZ;UDI;RAO;2025-11-08 17:43:00.000;TSRA;NSW
2025-11-08 17:25:00.000;2574;A320-251NEO;JPA;UDI;RAO;2025-11-08 17:58:00.000;TSRA;NSW
2025-11-08 17:35:00.000;4518;A320-251NEO;MCZ;VCP;RAO;2025-11-08 18:03:19.199;TSRA;NSW
2025-11-08 17:35:00.000;4876;ATR72-600;SJP;VCP;RAO;2025-11-08 18:14:20.000;TSRA;NSW
2025-11-08 17:55:00.000;4316;A320-251NEO;VCP;UDI;RAO;2025-11-08 18:28:00.000;TSRA;NSW
2025-11-08 19:05:00.000;2512;A320-253NEO;BPS;JTC;RAO;2025-11-08 19:27:48.000;TSRA;NSW
2025-11-08 19:10:00.000;4022;A320-251NEO;MAO;VCP;RAO;2025-11-08 19:38:19.199;TSRA;NSW
2025-11-08 19:20:00.000;4669;A320-251NEO;FOR;VCP;RAO;2025-11-08 19:48:19.199;TSRA;NSW
2025-11-08 19:25:00.000;2401;A320-251NEO;NAT;VCP;RAO;2025-11-08 19:53:19.199;TSRA;NSW
2025-11-08 19:30:00.000;2631;ATR72-600;IZA;VCP;RAO;2025-11-08 20:09:20.000;TSRA;NSW
2025-11-08 19:50:00.000;4992;A320-251NEO;CXJ;VCP;RAO;2025-11-08 20:18:19.199;TSRA;NSW
2025-11-08 19:45:00.000;4520;ATR72-600;PPB;VCP;RAO;2025-11-08 20:24:20.000;TSRA;NSW
2025-11-08 20:00:00.000;4265;A320-251NEO;UDI;VCP;RAO;2025-11-08 20:28:19.199;TSRA;NSW
2025-11-08 20:50:00.000;4270;ATR72-600;RAO;VCP;RAO;2025-11-08 21:29:20.000;TSRA;NSW
2025-11-08 21:10:00.000;2568;A320-251NEO;FOR;UDI;RAO;2025-11-08 21:43:00.000;TSRA;NSW
2025-11-08 21:25:00.000;2594;A320-253NEO;NAT;UDI;RAO;2025-11-08 21:58:00.000;TSRA;NSW
2025-11-08 22:40:00.000;2501;A320-251NEO;MCZ;VCP;RAO;2025-11-08 23:08:19.199;TSRA;NSW
2025-11-08 22:40:00.000;4540;ATR72-600;JTC;VCP;RAO;2025-11-08 23:19:20.000;TSRA;NSW
2025-11-08 23:00:00.000;4222;ATR72-600;MII;VCP;RAO;2025-11-08 23:39:20.000;TSRA;NSW
2025-11-08 23:20:00.000;2551;A320-253NEO;SSA;VCP;RAO;2025-11-08 23:48:19.199;TSRA;NSW
2025-11-08 23:20:00.000;2705;A320-251NEO;BEL;VCP;RAO;2025-11-08 23:48:19.199;TSRA;NSW
2025-11-15 19:30:00.000;2631;ATR72-600;IZA;VCP;RAO;2025-11-15 20:09:20.000;TSRA;NSW
2025-11-15 19:50:00.000;4992;A320-251NEO;CXJ;VCP;RAO;2025-11-15 20:18:19.199;TSRA;NSW
2025-11-15 19:45:00.000;4520;ATR72-600;PPB;VCP;RAO;2025-11-15 20:24:20.000;TSRA;NSW
2025-11-15 19:50:00.000;4140;ATR72-600;SJP;VCP;RAO;2025-11-15 20:29:20.000;TSRA;NSW
2025-11-15 20:50:00.000;4270;ATR72-600;RAO;VCP;RAO;2025-11-15 21:29:20.000;TSRA;NSW
2025-11-15 21:10:00.000;2568;A320-251NEO;FOR;UDI;RAO;2025-11-15 21:43:00.000;TSRA;NSW
2025-11-15 21:25:00.000;2594;A320-251NEO;NAT;UDI;RAO;2025-11-15 21:58:00.000;TSRA;NSW
2025-11-15 22:40:00.000;2501;A320-251NEO;MCZ;VCP;RAO;2025-11-15 23:08:19.199;TSRA;NSW
2025-11-15 22:40:00.000;4540;ATR72-600;JTC;VCP;RAO;2025-11-15 23:19:20.000;TSRA;NSW
2025-11-15 23:10:00.000;4339;A320-253NEO;CGB;VCP;RAO;2025-11-15 23:38:19.199;TSRA;NSW
2025-11-15 23:00:00.000;4222;ATR72-600;MII;VCP;RAO;2025-11-15 23:39:20.000;TSRA;NSW
2025-11-15 23:20:00.000;2551;A320-251NEO;SSA;VCP;RAO;2025-11-15 23:48:19.199;TSRA;NSW
2025-11-15 23:20:00.000;2705;A320-251NEO;BEL;VCP;RAO;2025-11-15 23:48:19.199;TSRA;NSW
2025-11-18 17:35:00.000;4518;A320-253NEO;MCZ;VCP;RAO;2025-11-18 18:03:19.199;TSRA BR;VCSH
2025-11-18 17:35:00.000;4876;ATR72-600;SJP;VCP;RAO;2025-11-18 18:14:20.000;TSRA BR;VCSH
2025-11-18 19:10:00.000;4022;A320-251NEO;MAO;VCP;RAO;2025-11-18 19:38:19.199;TSRA BR;NSW
2025-11-18 19:20:00.000;4669;A320-251NEO;FOR;VCP;RAO;2025-11-18 19:48:19.199;TSRA BR;NSW
2025-11-18 19:30:00.000;2631;ATR72-600;IZA;VCP;RAO;2025-11-18 20:09:20.000;TSRA BR;NSW
2025-11-18 19:50:00.000;4992;A320-251NEO;CXJ;VCP;RAO;2025-11-18 20:18:19.199;TSRA BR;NSW
2025-11-18 19:55:00.000;4867;A320-251NEO;GYN;VCP;RAO;2025-11-18 20:23:19.199;TSRA BR;NSW
2025-11-18 19:45:00.000;4520;ATR72-600;PPB;VCP;RAO;2025-11-18 20:24:20.000;TSRA BR;NSW
2025-11-18 19:50:00.000;4140;ATR72-600;SJP;VCP;RAO;2025-11-18 20:29:20.000;TSRA BR;NSW
2025-11-18 20:05:00.000;9906;ATR72-600;CGB;VCP;RAO;2025-11-18 20:44:20.000;TSRA BR;NSW
2025-11-18 20:15:00.000;4265;ATR72-600;UDI;VCP;RAO;2025-11-18 20:54:20.000;TSRA BR;NSW
2025-11-18 20:40:00.000;4591;A320-251NEO;BPS;VCP;RAO;2025-11-18 21:08:19.199;TSRA BR;NSW
2025-11-18 20:50:00.000;4270;ATR72-600;RAO;VCP;RAO;2025-11-18 21:29:20.000;TSRA BR;NSW
2025-11-24 17:35:00.000;4518;A320-253NEO;MCZ;VCP;RAO;2025-11-24 18:03:19.199;TSRA;-RA
2025-11-24 17:35:00.000;4876;ATR72-600;SJP;VCP;RAO;2025-11-24 18:14:20.000;TSRA;-RA
2025-11-24 18:15:00.000;4917;A320-251NEO;CNF;VCP;RAO;2025-11-24 18:43:19.199;TSRA;-RA
2025-11-24 19:10:00.000;4073;A320-251NEO;MAO;VCP;RAO;2025-11-24 19:38:19.199;TSRA;NSW
2025-11-24 19:30:00.000;2631;ATR72-600;IZA;VCP;RAO;2025-11-24 20:09:20.000;TSRA;NSW
2025-11-24 19:35:00.000;4503;ATR72-600;PTO;VCP;RAO;2025-11-24 20:14:20.000;TSRA;NSW
2025-11-24 19:50:00.000;4992;A320-251NEO;CXJ;VCP;RAO;2025-11-24 20:18:19.199;TSRA;NSW
2025-11-24 19:55:00.000;4867;A320-251NEO;GYN;VCP;RAO;2025-11-24 20:23:19.199;TSRA;NSW
2025-11-24 19:55:00.000;2727;A320-251NEO;POA;VCP;RAO;2025-11-24 20:23:19.199;TSRA;NSW
2025-11-24 19:45:00.000;4520;ATR72-600;PPB;VCP;RAO;2025-11-24 20:24:20.000;TSRA;NSW
2025-11-24 19:50:00.000;4140;ATR72-600;SJP;VCP;RAO;2025-11-24 20:29:20.000;TSRA;NSW
2025-12-07 23:25:00.000;4202;ATR72-600;JOI;VCP;RAO;2025-12-08 00:04:20.000;TS;NSW
2025-12-07 23:40:00.000;4076;A320-253NEO;OPS;VCP;RAO;2025-12-08 00:08:19.199;TS;NSW
2025-12-07 23:30:00.000;2710;ATR72-600;RAO;VCP;RAO;2025-12-08 00:09:20.000;TS;NSW
2025-12-07 23:50:00.000;2435;A320-251NEO;FOR;VCP;RAO;2025-12-08 00:18:19.199;TS;NSW
2025-12-08 00:15:00.000;4865;A320-251NEO;IGU;VCP;RAO;2025-12-08 00:43:19.199;TS;NSW
2025-12-08 00:15:00.000;2670;ATR72-600;LDB;VCP;RAO;2025-12-08 00:54:20.000;TS;NSW
2025-12-08 00:30:00.000;2527;A320-251NEO;MCZ;VCP;RAO;2025-12-08 00:58:19.199;TS;NSW
2025-12-08 00:30:00.000;4816;A320-251NEO;SLZ;VCP;RAO;2025-12-08 00:58:19.199;TS;NSW
2025-12-08 19:10:00.000;4073;A320-251NEO;MAO;VCP;RAO;2025-12-08 19:38:19.199;TSRA BR;NSW
2025-12-08 19:20:00.000;2710;ATR72-600;JOI;VCP;RAO;2025-12-08 19:59:20.000;TSRA BR;NSW
2025-12-08 19:30:00.000;4503;ATR72-600;PTO;VCP;RAO;2025-12-08 20:09:20.000;TSRA BR;-RA
2025-12-08 19:50:00.000;4992;A320-253NEO;CXJ;VCP;RAO;2025-12-08 20:18:19.199;TSRA BR;-RA
2025-12-08 19:55:00.000;4867;A320-251NEO;GYN;VCP;RAO;2025-12-08 20:23:19.199;TSRA BR;-RA
2025-12-08 19:55:00.000;2727;A320-251NEO;POA;VCP;RAO;2025-12-08 20:23:19.199;TSRA BR;-RA
2025-12-08 19:45:00.000;4520;ATR72-600;PPB;VCP;RAO;2025-12-08 20:24:20.000;TSRA BR;-RA
2025-12-08 19:50:00.000;4140;ATR72-600;SJP;VCP;RAO;2025-12-08 20:29:20.000;TSRA BR;-RA
2025-12-08 20:05:00.000;4281;A320-251NEO;VIX;VCP;RAO;2025-12-08 20:33:19.199;TSRA BR;-RA
2025-12-08 20:00:00.000;4611;ATR72-600;MGF;VCP;RAO;2025-12-08 20:39:20.000;TSRA BR;-RA
2025-12-08 20:15:00.000;4265;ATR72-600;UDI;VCP;RAO;2025-12-08 20:54:20.000;TSRA BR;-RA
2025-12-08 20:40:00.000;4591;A320-251NEO;BPS;VCP;RAO;2025-12-08 21:08:19.199;TSRA BR;NSW
2025-12-08 20:50:00.000;4270;ATR72-600;RAO;VCP;RAO;2025-12-08 21:29:20.000;TSRA BR;NSW
2025-12-08 21:35:00.000;4195;A320-251NEO;SSA;VCP;RAO;2025-12-08 22:03:19.199;TSRA BR;NSW
2025-12-08 22:20:00.000;4011;A320-251NEO;IOS;VCP;RAO;2025-12-08 22:48:19.199;TSRA BR;NSW
2025-12-08 22:40:00.000;4339;A320-251NEO;CGB;VCP;RAO;2025-12-08 23:08:19.199;TSRA BR;NSW
2025-12-08 23:20:00.000;2705;A320-251NEO;BEL;VCP;RAO;2025-12-08 23:48:19.199;TSRA BR;NSW
2025-12-08 23:40:00.000;4076;A320-251NEO;OPS;VCP;RAO;2025-12-09 00:08:19.199;TSRA BR;-RA BR
2025-12-09 00:00:00.000;4013;A320-251NEO;MAO;VCP;RAO;2025-12-09 00:28:19.199;TSRA BR;RA
2025-12-09 00:00:00.000;9904;ATR72-600;CGB;VCP;RAO;2025-12-09 00:39:20.000;TSRA BR;RA
2025-12-09 00:20:00.000;4865;A320-253NEO;IGU;VCP;RAO;2025-12-09 00:48:19.199;TSRA BR;RA
2025-12-09 00:10:00.000;4279;ATR72-600;MGF;VCP;RAO;2025-12-09 00:49:20.000;TSRA BR;RA
2025-12-09 00:25:00.000;2921;A320-251NEO;CNF;VCP;RAO;2025-12-09 00:53:19.199;TSRA BR;RA
2025-12-09 00:15:00.000;2670;ATR72-600;LDB;VCP;RAO;2025-12-09 00:54:20.000;TSRA BR;RA
2025-12-09 00:30:00.000;4816;A320-251NEO;SLZ;VCP;RAO;2025-12-09 00:58:19.199;TSRA BR;RA
2025-12-09 00:25:00.000;4374;ATR72-600;UDI;VCP;RAO;2025-12-09 01:04:20.000;TSRA BR;-RA
2025-12-09 00:40:00.000;4567;A320-251NEO;GYN;VCP;RAO;2025-12-09 01:08:19.199;TSRA BR;-RA
2025-12-09 00:40:00.000;2945;A320-251NEO;VIX;VCP;RAO;2025-12-09 01:08:19.199;TSRA BR;-RA
2025-12-09 00:55:00.000;2983;A320-251NEO;CGB;VCP;RAO;2025-12-09 01:23:19.199;TSRA BR;-RA
2025-12-09 01:10:00.000;2699;A320-251NEO;POA;VCP;RAO;2025-12-09 01:38:19.199;TSRA BR;-RA
2025-12-09 11:45:00.000;5064;A320-251NEO;GYN;VCP;RAO;2025-12-09 12:13:19.199;TS;-RA
2025-12-09 13:10:00.000;2847;ATR72-600;RAO;VCP;RAO;2025-12-09 13:49:20.000;TS;NSW
2025-12-09 13:50:00.000;2687;A320-251NEO;POA;VCP;RAO;2025-12-09 14:18:19.199;TSRA BR;NSW
2025-12-09 13:45:00.000;4111;ATR72-600;SJP;VCP;RAO;2025-12-09 14:24:20.000;TSRA BR;NSW
2025-12-09 14:00:00.000;2640;A320-251NEO;BEL;VCP;RAO;2025-12-09 14:28:19.199;TSRA BR;NSW
2025-12-09 14:05:00.000;2999;A320-251NEO;BPS;VCP;RAO;2025-12-09 14:33:19.199;TSRA BR;NSW
2025-12-09 14:10:00.000;4238;A320-251NEO;CGB;VCP;RAO;2025-12-09 14:38:19.199;TSRA BR;NSW
2025-12-09 14:40:00.000;2904;A320-251NEO;SSA;VCP;RAO;2025-12-09 15:08:19.199;TSRA BR;-RA
2025-12-09 14:30:00.000;4540;ATR72-600;JTC;VCP;RAO;2025-12-09 15:09:20.000;TSRA BR;-RA
2025-12-09 14:55:00.000;2869;A320-251NEO;GYN;VCP;RAO;2025-12-09 15:23:19.199;TSRA BR;-RA
2025-12-09 15:05:00.000;4726;A320-251NEO;IGU;VCP;RAO;2025-12-09 15:33:19.199;TSRA BR;-RA
2025-12-09 15:10:00.000;2688;A320-251NEO;POA;VCP;RAO;2025-12-09 15:38:19.199;TSRA BR;-RA
2025-12-09 15:20:00.000;4855;A320-251NEO;PFB;VCP;RAO;2025-12-09 15:48:19.199;TSRA BR;-RA
2025-12-09 15:15:00.000;4154;ATR72-600;ARU;VCP;RAO;2025-12-09 15:54:20.000;TSRA BR;-RA
2025-12-09 15:35:00.000;2631;ATR72-600;IZA;VCP;RAO;2025-12-09 16:14:20.000;TSRA BR;-RA
2025-12-09 15:40:00.000;4334;ATR72-600;JOI;VCP;RAO;2025-12-09 16:19:20.000;TSRA BR;-RA
2025-12-09 16:00:00.000;4766;ATR72-600;RAO;VCP;RAO;2025-12-09 16:39:20.000;TSRA BR;-RA
2025-12-09 16:20:00.000;2928;A320-251NEO;PMW;VCP;RAO;2025-12-09 16:48:19.199;TSRA BR;-RA
2025-12-09 16:10:00.000;9902;ATR72-600;CNF;VCP;RAO;2025-12-09 16:49:20.000;TSRA BR;-RA
2025-12-09 16:50:00.000;4215;A320-253NEO;SSA;VCP;RAO;2025-12-09 17:18:19.199;TSRA BR;-RA
2025-12-09 17:10:00.000;5041;A320-251NEO;CGB;VCP;RAO;2025-12-09 17:38:19.199;TSRA BR;-RA
2025-12-09 17:35:00.000;4518;A320-251NEO;MCZ;VCP;RAO;2025-12-09 18:03:19.199;TSRA;-RA
2025-12-09 19:10:00.000;4073;A320-253NEO;MAO;VCP;RAO;2025-12-09 19:38:19.199;TSRA;-RA
2025-12-09 19:20:00.000;2710;ATR72-600;JOI;VCP;RAO;2025-12-09 19:59:20.000;TSRA;-RA
2025-12-09 19:50:00.000;4992;A320-251NEO;CXJ;VCP;RAO;2025-12-09 20:18:19.199;TSRA;-RA
2025-12-09 19:55:00.000;4867;A320-251NEO;GYN;VCP;RAO;2025-12-09 20:23:19.199;TSRA;-RA
2025-12-09 19:55:00.000;2727;A320-251NEO;POA;VCP;RAO;2025-12-09 20:23:19.199;TSRA;-RA
2025-12-09 19:45:00.000;4650;ATR72-600;LDB;VCP;RAO;2025-12-09 20:24:20.000;TSRA;-RA
2025-12-09 19:45:00.000;4520;ATR72-600;PPB;VCP;RAO;2025-12-09 20:24:20.000;TSRA;-RA
2025-12-09 19:50:00.000;4140;ATR72-600;SJP;VCP;RAO;2025-12-09 20:29:20.000;TSRA;-RA
2025-12-09 20:00:00.000;4611;ATR72-600;MGF;VCP;RAO;2025-12-09 20:39:20.000;TSRA;-RA
2025-12-09 20:40:00.000;4591;A320-251NEO;BPS;VCP;RAO;2025-12-09 21:08:19.199;TSRA;NSW
2025-12-09 20:50:00.000;4270;ATR72-600;RAO;VCP;RAO;2025-12-09 21:29:20.000;TSRA;NSW
2025-12-09 21:35:00.000;4195;A320-251NEO;SSA;VCP;RAO;2025-12-09 22:03:19.199;TSRA;NSW
2025-12-09 22:20:00.000;4011;A320-253NEO;IOS;VCP;RAO;2025-12-09 22:48:19.199;TSRA;NSW
2025-12-10 17:35:00.000;4518;A320-251NEO;MCZ;VCP;RAO;2025-12-10 18:03:19.199;TSRA;NSW
2025-12-10 19:10:00.000;4073;A320-253NEO;MAO;VCP;RAO;2025-12-10 19:38:19.199;TSRA;NSW
2025-12-10 19:30:00.000;4503;ATR72-600;PTO;VCP;RAO;2025-12-10 20:09:20.000;TSRA;NSW
2025-12-10 19:55:00.000;2727;A320-251NEO;POA;VCP;RAO;2025-12-10 20:23:19.199;TSRA;NSW
2025-12-10 19:45:00.000;4520;ATR72-600;PPB;VCP;RAO;2025-12-10 20:24:20.000;TSRA;NSW
2025-12-10 19:50:00.000;4140;ATR72-600;SJP;VCP;RAO;2025-12-10 20:29:20.000;TSRA;NSW
2025-12-10 20:05:00.000;4281;A320-251NEO;VIX;VCP;RAO;2025-12-10 20:33:19.199;TSRA;NSW
2025-12-10 20:00:00.000;4611;ATR72-600;MGF;VCP;RAO;2025-12-10 20:39:20.000;TSRA;NSW
2025-12-10 20:40:00.000;4591;A320-251NEO;BPS;VCP;RAO;2025-12-10 21:08:19.199;TSRA;NSW
2025-12-13 12:55:00.000;2253;A320-251NEO;MCZ;JTC;RAO;2025-12-13 13:17:48.000;TSRA;NSW
2025-12-13 13:10:00.000;2847;ATR72-600;RAO;VCP;RAO;2025-12-13 13:49:20.000;TSRA;NSW
2025-12-13 14:00:00.000;2640;A320-251NEO;BEL;VCP;RAO;2025-12-13 14:28:19.199;TSRA;NSW
2025-12-13 14:00:00.000;2592;A320-251NEO;REC;UDI;RAO;2025-12-13 14:33:00.000;TSRA;NSW
2025-12-13 14:40:00.000;2904;A320-251NEO;SSA;VCP;RAO;2025-12-13 15:08:19.199;TSRA;NSW
2025-12-13 14:50:00.000;2414;A320-251NEO;BPS;UDI;RAO;2025-12-13 15:23:00.000;TSRA;NSW
2025-12-13 15:05:00.000;4154;ATR72-600;ARU;VCP;RAO;2025-12-13 15:44:20.000;TSRA;NSW
2025-12-13 15:20:00.000;4855;A320-251NEO;PFB;VCP;RAO;2025-12-13 15:48:19.199;TSRA;NSW
2025-12-13 15:35:00.000;2631;ATR72-600;IZA;VCP;RAO;2025-12-13 16:14:20.000;TSRA;NSW
2025-12-13 15:35:00.000;4334;ATR72-600;JOI;VCP;RAO;2025-12-13 16:14:20.000;TSRA;NSW
2025-12-13 15:50:00.000;4611;ATR72-600;MGF;VCP;RAO;2025-12-13 16:29:20.000;TSRA;NSW
2025-12-13 16:00:00.000;4766;ATR72-600;RAO;VCP;RAO;2025-12-13 16:39:20.000;TSRA;NSW
2025-12-13 16:15:00.000;2331;A320-251NEO;REC;VCP;RAO;2025-12-13 16:43:19.199;TSRA;NSW
2025-12-13 16:20:00.000;2928;A320-251NEO;PMW;VCP;RAO;2025-12-13 16:48:19.199;TSRA;NSW
2025-12-13 17:00:00.000;2593;A320-251NEO;MCZ;UDI;RAO;2025-12-13 17:33:00.000;TSRA;NSW
2025-12-13 17:10:00.000;5041;A320-253NEO;CGB;VCP;RAO;2025-12-13 17:38:19.199;TSRA;NSW
2025-12-13 17:20:00.000;2574;A320-251NEO;JPA;UDI;RAO;2025-12-13 17:53:00.000;TSRA;NSW
2025-12-13 22:05:00.000;2401;A320-251NEO;CWB;VCP;RAO;2025-12-13 22:33:19.199;TSRA;-RA
2025-12-14 17:35:00.000;4518;A320-251NEO;MCZ;VCP;RAO;2025-12-14 18:03:19.199;TSRA;NSW
2025-12-15 17:35:00.000;4518;A320-253NEO;MCZ;VCP;RAO;2025-12-15 18:03:19.199;TSRA;NSW
2025-12-15 19:10:00.000;4073;A320-251NEO;MAO;VCP;RAO;2025-12-15 19:38:19.199;TSRA;NSW
2025-12-15 19:20:00.000;4503;ATR72-600;PTO;VCP;RAO;2025-12-15 19:59:20.000;TSRA;NSW
2025-12-15 19:20:00.000;2710;ATR72-600;JOI;VCP;RAO;2025-12-15 19:59:20.000;TSRA;NSW
2025-12-15 19:50:00.000;4992;A320-251NEO;CXJ;VCP;RAO;2025-12-15 20:18:19.199;TSRA;NSW
2025-12-15 19:40:00.000;4650;ATR72-600;LDB;VCP;RAO;2025-12-15 20:19:20.000;TSRA;NSW
2025-12-15 19:55:00.000;2389;A320-251NEO;POA;VCP;RAO;2025-12-15 20:23:19.199;TSRA;NSW
2025-12-15 20:20:00.000;4247;A320-251NEO;CGR;VCP;RAO;2025-12-15 20:48:19.199;TSRA;NSW
2025-12-15 20:20:00.000;4265;ATR72-600;UDI;VCP;RAO;2025-12-15 20:59:20.000;TSRA;NSW
2025-12-15 20:40:00.000;4591;A320-251NEO;BPS;VCP;RAO;2025-12-15 21:08:19.199;TSRA;NSW
2025-12-15 20:50:00.000;4270;ATR72-600;RAO;VCP;RAO;2025-12-15 21:29:20.000;TSRA;NSW
2025-12-15 21:00:00.000;2593;A320-251NEO;MCZ;UDI;RAO;2025-12-15 21:33:00.000;TSRA;NSW
2025-12-15 22:20:00.000;4011;A320-251NEO;IOS;VCP;RAO;2025-12-15 22:48:19.199;TSRA;NSW
2025-12-16 14:40:00.000;2904;A320-251NEO;SSA;VCP;RAO;2025-12-16 15:08:19.199;TSRA;NSW
2025-12-16 14:30:00.000;4540;ATR72-600;JTC;VCP;RAO;2025-12-16 15:09:20.000;TSRA;NSW
2025-12-16 14:55:00.000;2869;A320-251NEO;GYN;VCP;RAO;2025-12-16 15:23:19.199;TSRA;NSW
2025-12-16 15:00:00.000;4483;A320-251NEO;FLN;VCP;RAO;2025-12-16 15:28:19.199;TSRA;NSW
2025-12-16 15:05:00.000;4726;A320-251NEO;IGU;VCP;RAO;2025-12-16 15:33:19.199;TSRA;NSW
2025-12-16 15:10:00.000;2688;A320-251NEO;POA;VCP;RAO;2025-12-16 15:38:19.199;TSRA;NSW
2025-12-16 15:05:00.000;4154;ATR72-600;ARU;VCP;RAO;2025-12-16 15:44:20.000;TSRA;NSW
2025-12-16 15:20:00.000;4855;A320-251NEO;PFB;VCP;RAO;2025-12-16 15:48:19.199;TSRA;NSW
2025-12-16 15:30:00.000;5093;A320-251NEO;VIX;VCP;RAO;2025-12-16 15:58:19.199;TSRA;NSW
2025-12-16 15:35:00.000;2631;ATR72-600;IZA;VCP;RAO;2025-12-16 16:14:20.000;TSRA;VCSH
2025-12-16 15:45:00.000;4241;ATR72-600;UDI;VCP;RAO;2025-12-16 16:24:20.000;TSRA;VCSH
2025-12-16 16:00:00.000;4766;ATR72-600;RAO;VCP;RAO;2025-12-16 16:39:20.000;TSRA;VCSH
2025-12-16 16:20:00.000;2928;A320-251NEO;PMW;VCP;RAO;2025-12-16 16:48:19.199;TSRA;VCSH
2025-12-16 16:50:00.000;4215;A320-253NEO;SSA;VCP;RAO;2025-12-16 17:18:19.199;TSRA;NSW
2025-12-16 17:10:00.000;5041;A320-251NEO;CGB;VCP;RAO;2025-12-16 17:38:19.199;TSRA;NSW
2025-12-16 17:10:00.000;4876;ATR72-600;SJP;VCP;RAO;2025-12-16 17:49:20.000;TSRA;NSW
2025-12-16 17:35:00.000;4518;A320-251NEO;MCZ;VCP;RAO;2025-12-16 18:03:19.199;TSRA;NSW
2025-12-16 19:10:00.000;4073;A320-251NEO;MAO;VCP;RAO;2025-12-16 19:38:19.199;TSRA;NSW
2025-12-16 19:20:00.000;2710;ATR72-600;JOI;VCP;RAO;2025-12-16 19:59:20.000;TSRA;NSW
2025-12-16 19:50:00.000;4992;A320-251NEO;CXJ;VCP;RAO;2025-12-16 20:18:19.199;TSRA;NSW
2025-12-16 19:40:00.000;4650;ATR72-600;LDB;VCP;RAO;2025-12-16 20:19:20.000;TSRA;NSW
2025-12-16 19:55:00.000;2389;A320-251NEO;POA;VCP;RAO;2025-12-16 20:23:19.199;TSRA;NSW
2025-12-16 19:45:00.000;4520;ATR72-600;PPB;VCP;RAO;2025-12-16 20:24:20.000;TSRA;NSW
2025-12-16 19:50:00.000;4140;ATR72-600;SJP;VCP;RAO;2025-12-16 20:29:20.000;TSRA;NSW
2025-12-16 20:20:00.000;2234;A320-251NEO;SSA;UDI;RAO;2025-12-16 20:53:00.000;TSRA;NSW
2025-12-16 20:20:00.000;4265;ATR72-600;UDI;VCP;RAO;2025-12-16 20:59:20.000;TSRA;NSW
2025-12-16 20:40:00.000;4591;A320-251NEO;BPS;VCP;RAO;2025-12-16 21:08:19.199;TSRA;NSW
2025-12-16 20:50:00.000;4270;ATR72-600;RAO;VCP;RAO;2025-12-16 21:29:20.000;TSRA;NSW
2025-12-16 21:30:00.000;4195;A320-251NEO;SSA;VCP;RAO;2025-12-16 21:58:19.199;TSRA;NSW
2025-12-16 22:20:00.000;4011;A320-253NEO;IOS;VCP;RAO;2025-12-16 22:48:19.199;TSRA;NSW
2025-12-18 17:35:00.000;4518;A320-253NEO;MCZ;VCP;RAO;2025-12-18 18:03:19.199;TSRA;NSW
2025-12-18 19:10:00.000;4073;A320-251NEO;MAO;VCP;RAO;2025-12-18 19:38:19.199;TSRA;NSW
2025-12-18 19:20:00.000;2710;ATR72-600;JOI;VCP;RAO;2025-12-18 19:59:20.000;TSRA;NSW
2025-12-18 19:50:00.000;4992;A320-251NEO;CXJ;VCP;RAO;2025-12-18 20:18:19.199;TSRA;NSW
2025-12-18 19:40:00.000;4650;ATR72-600;LDB;VCP;RAO;2025-12-18 20:19:20.000;TSRA;NSW
2025-12-18 19:55:00.000;4867;A320-251NEO;GYN;VCP;RAO;2025-12-18 20:23:19.199;TSRA;NSW
2025-12-18 19:45:00.000;4520;ATR72-600;PPB;VCP;RAO;2025-12-18 20:24:20.000;TSRA;NSW
2025-12-18 19:50:00.000;4140;ATR72-600;SJP;VCP;RAO;2025-12-18 20:29:20.000;TSRA;NSW
2025-12-18 20:25:00.000;2234;A320-251NEO;SSA;UDI;RAO;2025-12-18 20:58:00.000;TSRA;NSW
2025-12-18 20:20:00.000;4265;ATR72-600;UDI;VCP;RAO;2025-12-18 20:59:20.000;TSRA;NSW
2025-12-18 20:40:00.000;4591;A320-251NEO;BPS;VCP;RAO;2025-12-18 21:08:19.199;TSRA;NSW
2025-12-18 20:50:00.000;4270;ATR72-600;RAO;VCP;RAO;2025-12-18 21:29:20.000;TSRA;NSW
2025-12-18 21:35:00.000;4195;A320-251NEO;SSA;VCP;RAO;2025-12-18 22:03:19.199;TSRA;NSW
2025-12-18 22:20:00.000;4011;A320-251NEO;IOS;VCP;RAO;2025-12-18 22:48:19.199;TSRA;NSW
2025-12-18 22:40:00.000;4339;A320-251NEO;CGB;VCP;RAO;2025-12-18 23:08:19.199;TSRA;NSW
2025-12-18 23:05:00.000;4222;ATR72-600;MII;VCP;RAO;2025-12-18 23:44:20.000;TSRA;NSW
2025-12-18 23:20:00.000;2705;A320-251NEO;BEL;VCP;RAO;2025-12-18 23:48:19.199;TSRA;NSW
2025-12-18 23:15:00.000;4794;ATR72-600;SJP;VCP;RAO;2025-12-18 23:54:20.000;TSRA;NSW
2025-12-18 23:25:00.000;4202;ATR72-600;JOI;VCP;RAO;2025-12-19 00:04:20.000;TSRA;NSW
2025-12-18 23:40:00.000;4076;A320-253NEO;OPS;VCP;RAO;2025-12-19 00:08:19.199;TSRA;NSW
2025-12-18 23:55:00.000;2912;A320-253NEO;NAT;VCP;RAO;2025-12-19 00:23:19.199;TSRA;NSW
2025-12-18 23:55:00.000;2215;A320-253NEO;BPS;VCP;RAO;2025-12-19 00:23:19.199;TSRA;NSW
2025-12-19 00:00:00.000;4013;A320-253NEO;MAO;VCP;RAO;2025-12-19 00:28:19.199;TSRA;NSW
2025-12-19 00:15:00.000;4567;A320-251NEO;GYN;VCP;RAO;2025-12-19 00:43:19.199;TSRA;NSW
2025-12-19 00:05:00.000;2670;ATR72-600;LDB;VCP;RAO;2025-12-19 00:44:20.000;TSRA;NSW
2025-12-19 00:20:00.000;2830;A320-253NEO;POA;VCP;RAO;2025-12-19 00:48:19.199;TSRA;NSW
2025-12-19 00:25:00.000;4865;A320-251NEO;IGU;VCP;RAO;2025-12-19 00:53:19.199;TSRA;NSW
2025-12-19 00:25:00.000;2945;A320-251NEO;VIX;VCP;RAO;2025-12-19 00:53:19.199;TSRA;NSW
2025-12-19 00:30:00.000;4816;A320-251NEO;SLZ;VCP;RAO;2025-12-19 00:58:19.199;TSRA;NSW
2025-12-19 00:25:00.000;4374;ATR72-600;UDI;VCP;RAO;2025-12-19 01:04:20.000;TSRA;-RA
2025-12-19 00:30:00.000;4119;ATR72-600;RAO;VCP;RAO;2025-12-19 01:09:20.000;TSRA;-RA
2025-12-19 01:10:00.000;9130;A320-251NEO;FOR;VCP;RAO;2025-12-19 01:38:19.199;TSRA;-RA
2025-12-19 01:35:00.000;2983;A320-251NEO;CGB;VCP;RAO;2025-12-19 02:03:19.199;TSRA;NSW
2025-12-19 17:35:00.000;4518;A320-251NEO;MCZ;VCP;RAO;2025-12-19 18:03:19.199;TSRA;-RA
2025-12-19 19:50:00.000;4992;A320-253NEO;CXJ;VCP;RAO;2025-12-19 20:18:19.199;TSRA;NSW
2025-12-19 19:40:00.000;4650;ATR72-600;LDB;VCP;RAO;2025-12-19 20:19:20.000;TSRA;NSW
2025-12-19 19:55:00.000;4867;A320-251NEO;GYN;VCP;RAO;2025-12-19 20:23:19.199;TSRA;NSW
2025-12-19 19:45:00.000;4520;ATR72-600;PPB;VCP;RAO;2025-12-19 20:24:20.000;TSRA;NSW
2025-12-19 20:20:00.000;4265;ATR72-600;UDI;VCP;RAO;2025-12-19 20:59:20.000;TSRA;NSW
2025-12-19 20:50:00.000;4270;ATR72-600;RAO;VCP;RAO;2025-12-19 21:29:20.000;TSRA;NSW
2025-12-19 21:00:00.000;2593;A320-251NEO;MCZ;UDI;RAO;2025-12-19 21:33:00.000;TSRA;NSW
2025-12-19 21:35:00.000;4195;A320-251NEO;SSA;VCP;RAO;2025-12-19 22:03:19.199;TSRA;NSW
2025-12-19 22:20:00.000;4011;A320-251NEO;IOS;VCP;RAO;2025-12-19 22:48:19.199;TSRA;NSW
2025-12-20 17:35:00.000;4518;A320-251NEO;MCZ;VCP;RAO;2025-12-20 18:03:19.199;TSRA;NSW
2025-12-20 18:05:00.000;4540;ATR72-600;JTC;VCP;RAO;2025-12-20 18:44:20.000;TSRA;NSW
2025-12-20 19:05:00.000;2512;A320-251NEO;BPS;JTC;RAO;2025-12-20 19:27:48.000;TSRA;NSW
2025-12-20 19:15:00.000;2823;A320-253NEO;REC;VCP;RAO;2025-12-20 19:43:19.199;TSRA;NSW
2025-12-20 19:25:00.000;2405;A320-251NEO;REC;JTC;RAO;2025-12-20 19:47:48.000;TSRA;NSW
2025-12-20 19:20:00.000;2710;ATR72-600;JOI;VCP;RAO;2025-12-20 19:59:20.000;TSRA;NSW
2025-12-20 19:45:00.000;2401;A320-251NEO;NAT;VCP;RAO;2025-12-20 20:13:19.199;TSRA;NSW
2025-12-20 19:50:00.000;4992;A320-251NEO;CXJ;VCP;RAO;2025-12-20 20:18:19.199;TSRA;NSW
2025-12-20 19:40:00.000;4650;ATR72-600;LDB;VCP;RAO;2025-12-20 20:19:20.000;TSRA;NSW
2025-12-20 19:45:00.000;4520;ATR72-600;PPB;VCP;RAO;2025-12-20 20:24:20.000;TSRA;NSW
2025-12-20 19:50:00.000;4140;ATR72-600;SJP;VCP;RAO;2025-12-20 20:29:20.000;TSRA;NSW
2025-12-20 20:05:00.000;2409;A320-251NEO;BPS;VCP;RAO;2025-12-20 20:33:19.199;TSRA;NSW
2025-12-20 20:20:00.000;4265;ATR72-600;UDI;VCP;RAO;2025-12-20 20:59:20.000;TSRA;NSW
2025-12-20 20:55:00.000;4270;ATR72-600;RAO;VCP;RAO;2025-12-20 21:34:20.000;TSRA;NSW
2025-12-20 21:10:00.000;2568;A320-251NEO;FOR;UDI;RAO;2025-12-20 21:43:00.000;TSRA;NSW
2025-12-20 21:10:00.000;2594;A320-251NEO;NAT;UDI;RAO;2025-12-20 21:43:00.000;TSRA;NSW
2025-12-27 19:45:00.000;2401;A320-253NEO;NAT;VCP;RAO;2025-12-27 20:13:19.199;TSRA;BLDU
2025-12-27 19:50:00.000;4992;A320-251NEO;CXJ;VCP;RAO;2025-12-27 20:18:19.199;TSRA;BLDU
2025-12-27 19:40:00.000;4650;ATR72-600;LDB;VCP;RAO;2025-12-27 20:19:20.000;TSRA;BLDU
2025-12-27 19:45:00.000;4520;ATR72-600;PPB;VCP;RAO;2025-12-27 20:24:20.000;TSRA;BLDU
2025-12-27 19:50:00.000;4140;ATR72-600;SJP;VCP;RAO;2025-12-27 20:29:20.000;TSRA;BLDU
2025-12-27 20:05:00.000;2409;A320-251NEO;BPS;VCP;RAO;2025-12-27 20:33:19.199;TSRA;BLDU
2025-12-27 20:20:00.000;4265;ATR72-600;UDI;VCP;RAO;2025-12-27 20:59:20.000;TSRA;BLDU
2025-12-27 20:55:00.000;4270;ATR72-600;RAO;VCP;RAO;2025-12-27 21:34:20.000;TSRA;NSW
2025-12-27 21:10:00.000;2568;A320-253NEO;FOR;UDI;RAO;2025-12-27 21:43:00.000;TSRA;NSW
2025-12-27 21:10:00.000;2594;A320-251NEO;NAT;UDI;RAO;2025-12-27 21:43:00.000;TSRA;NSW
2025-12-27 22:05:00.000;9183;A320-251NEO;REC;VCP;RAO;2025-12-27 22:33:19.199;TSRA;NSW
2025-12-27 23:00:00.000;2501;A320-251NEO;MCZ;VCP;RAO;2025-12-27 23:28:19.199;TSRA;NSW
2025-12-27 23:20:00.000;2551;A320-251NEO;SSA;VCP;RAO;2025-12-27 23:48:19.199;TSRA;NSW
2025-12-27 23:20:00.000;2705;A320-251NEO;BEL;VCP;RAO;2025-12-27 23:48:19.199;TSRA;NSW
2025-12-28 17:35:00.000;4518;A320-251NEO;MCZ;VCP;RAO;2025-12-28 18:03:19.199;TSRA;NSW
2025-12-28 19:30:00.000;2401;A320-251NEO;NAT;VCP;RAO;2025-12-28 19:58:19.199;TSRA;NSW
2025-12-28 19:20:00.000;4503;ATR72-600;PTO;VCP;RAO;2025-12-28 19:59:20.000;TSRA;NSW
2025-12-28 19:20:00.000;2710;ATR72-600;JOI;VCP;RAO;2025-12-28 19:59:20.000;TSRA;NSW
2025-12-28 19:55:00.000;2429;A320-251NEO;POA;VCP;RAO;2025-12-28 20:23:19.199;TSRA;NSW
2025-12-28 19:45:00.000;4520;ATR72-600;PPB;VCP;RAO;2025-12-28 20:24:20.000;TSRA;NSW
2025-12-28 20:00:00.000;4611;ATR72-600;MGF;VCP;RAO;2025-12-28 20:39:20.000;TSRA;NSW
2025-12-28 20:20:00.000;4265;ATR72-600;UDI;VCP;RAO;2025-12-28 20:59:20.000;TSRA;NSW
2025-12-28 20:35:00.000;2409;A320-251NEO;BPS;VCP;RAO;2025-12-28 21:03:19.199;TSRA;NSW
2025-12-28 20:50:00.000;4270;ATR72-600;RAO;VCP;RAO;2025-12-28 21:29:20.000;TSRA;NSW
2025-12-28 21:05:00.000;2568;A320-251NEO;FOR;UDI;RAO;2025-12-28 21:38:00.000;TSRA;NSW
2025-12-28 22:40:00.000;4339;A320-251NEO;CGB;VCP;RAO;2025-12-28 23:08:19.199;TSRA;NSW
2025-12-28 23:05:00.000;4222;ATR72-600;MII;VCP;RAO;2025-12-28 23:44:20.000;TSRA;NSW
2025-12-28 23:20:00.000;2705;A320-251NEO;BEL;VCP;RAO;2025-12-28 23:48:19.199;TSRA;NSW
2025-12-28 23:15:00.000;4794;ATR72-600;SJP;VCP;RAO;2025-12-28 23:54:20.000;TSRA;NSW
2025-12-29 17:35:00.000;4518;A320-251NEO;MCZ;VCP;RAO;2025-12-29 18:03:19.199;TSRA;NSW
2025-12-29 19:10:00.000;4073;A320-251NEO;MAO;VCP;RAO;2025-12-29 19:38:19.199;TSRA;NSW
2025-12-29 19:20:00.000;2710;ATR72-600;JOI;VCP;RAO;2025-12-29 19:59:20.000;TSRA;NSW
2025-12-29 20:40:00.000;4591;A320-251NEO;BPS;VCP;RAO;2025-12-29 21:08:19.199;TSRA;NSW
2025-12-29 20:50:00.000;4270;ATR72-600;RAO;VCP;RAO;2025-12-29 21:29:20.000;TSRA;NSW
2025-12-29 21:00:00.000;2593;A320-251NEO;MCZ;UDI;RAO;2025-12-29 21:33:00.000;TSRA;NSW
2025-12-29 21:20:00.000;4503;ATR72-600;PTO;VCP;RAO;2025-12-29 21:59:20.000;TSRA;NSW
2025-12-31 17:35:00.000;4518;A320-253NEO;MCZ;VCP;RAO;2025-12-31 18:03:19.199;TSRA;NSW
2025-12-31 19:10:00.000;2594;A320-251NEO;NAT;UDI;RAO;2025-12-31 19:43:00.000;TSRA;NSW
2025-12-31 19:15:00.000;2823;A320-251NEO;REC;VCP;RAO;2025-12-31 19:43:19.199;TSRA;NSW
2025-12-31 19:20:00.000;2710;ATR72-600;JOI;VCP;RAO;2025-12-31 19:59:20.000;TSRA;NSW
2025-12-31 19:45:00.000;9054;A320-251NEO;BEL;VCP;RAO;2025-12-31 20:13:19.199;TSRA;NSW
2025-12-31 19:50:00.000;4992;A320-253NEO;CXJ;VCP;RAO;2025-12-31 20:18:19.199;TSRA;NSW
2025-12-31 19:40:00.000;4650;ATR72-600;LDB;VCP;RAO;2025-12-31 20:19:20.000;TSRA;NSW
2025-12-31 19:55:00.000;2389;A320-251NEO;POA;VCP;RAO;2025-12-31 20:23:19.199;TSRA;NSW
2025-12-31 19:45:00.000;4520;ATR72-600;PPB;VCP;RAO;2025-12-31 20:24:20.000;TSRA;NSW
2025-12-31 19:50:00.000;4140;ATR72-600;SJP;VCP;RAO;2025-12-31 20:29:20.000;TSRA;NSW
2025-12-31 20:00:00.000;4611;ATR72-600;MGF;VCP;RAO;2025-12-31 20:39:20.000;TSRA;NSW
2025-12-31 20:40:00.000;4591;A320-251NEO;BPS;VCP;RAO;2025-12-31 21:08:19.199;TSRA;NSW
2025-12-31 20:50:00.000;4270;ATR72-600;RAO;VCP;RAO;2025-12-31 21:29:20.000;TSRA;NSW
2025-12-31 21:35:00.000;4195;A320-251NEO;SSA;VCP;RAO;2025-12-31 22:03:19.199;TSRA;NSW
2025-12-31 22:20:00.000;4011;A320-253NEO;IOS;VCP;RAO;2025-12-31 22:48:19.199;TSRA;NSW
2026-01-07 14:25:00.000;4154;ATR72-600;ARU;VCP;RAO;2026-01-07 15:04:20.000;TSRA;NSW
2026-01-07 14:40:00.000;2904;A320-251NEO;SSA;VCP;RAO;2026-01-07 15:08:19.199;TSRA;NSW
2026-01-07 14:55:00.000;2869;A320-251NEO;GYN;VCP;RAO;2026-01-07 15:23:19.199;TSRA;NSW
2026-01-07 15:05:00.000;2407;A320-251NEO;IGU;VCP;RAO;2026-01-07 15:33:19.199;TSRA;NSW
2026-01-07 15:10:00.000;2688;A320-251NEO;POA;VCP;RAO;2026-01-07 15:38:19.199;TSRA;NSW
2026-01-07 15:20:00.000;4855;A320-251NEO;PFB;VCP;RAO;2026-01-07 15:48:19.199;TSRA;NSW
2026-01-07 15:30:00.000;5093;A320-251NEO;VIX;VCP;RAO;2026-01-07 15:58:19.199;TSRA;NSW
2026-01-07 15:35:00.000;2631;ATR72-600;IZA;VCP;RAO;2026-01-07 16:14:20.000;TSRA;NSW
2026-01-07 16:00:00.000;4766;ATR72-600;RAO;VCP;RAO;2026-01-07 16:39:20.000;TSRA;NSW
2026-01-07 16:20:00.000;2928;A320-251NEO;PMW;VCP;RAO;2026-01-07 16:48:19.199;TSRA;NSW
2026-01-07 16:50:00.000;4215;A320-251NEO;SSA;VCP;RAO;2026-01-07 17:18:19.199;TSRA;NSW
2026-01-07 17:10:00.000;5041;A320-251NEO;CGB;VCP;RAO;2026-01-07 17:38:19.199;TSRA;NSW
2026-01-07 17:15:00.000;4876;ATR72-600;SJP;VCP;RAO;2026-01-07 17:54:20.000;TSRA;NSW
2026-01-07 17:35:00.000;4518;A320-251NEO;MCZ;VCP;RAO;2026-01-07 18:03:19.199;TSRA;NSW
2026-01-07 18:00:00.000;9803;ATR72-600;PLU;VCP;RAO;2026-01-07 18:39:20.000;TSRA;NSW
2026-01-07 19:10:00.000;4073;A320-251NEO;MAO;VCP;RAO;2026-01-07 19:38:19.199;TSRA;NSW
2026-01-07 19:15:00.000;2594;A320-251NEO;NAT;UDI;RAO;2026-01-07 19:48:00.000;TSRA;NSW
2026-01-07 19:20:00.000;4503;ATR72-600;PTO;VCP;RAO;2026-01-07 19:59:20.000;TSRA;NSW
2026-01-07 19:20:00.000;2710;ATR72-600;JOI;VCP;RAO;2026-01-07 19:59:20.000;TSRA;NSW
2026-01-07 19:50:00.000;4992;A320-253NEO;CXJ;VCP;RAO;2026-01-07 20:18:19.199;TSRA;NSW
2026-01-07 19:55:00.000;4867;A320-251NEO;GYN;VCP;RAO;2026-01-07 20:23:19.199;TSRA;NSW
2026-01-07 19:55:00.000;2389;A320-251NEO;POA;VCP;RAO;2026-01-07 20:23:19.199;TSRA;NSW
2026-01-07 20:05:00.000;4520;ATR72-600;PPB;VCP;RAO;2026-01-07 20:44:20.000;TSRA;NSW
2026-01-07 20:40:00.000;4591;A320-251NEO;BPS;VCP;RAO;2026-01-07 21:08:19.199;TSRA;NSW
2026-01-07 21:10:00.000;4270;ATR72-600;RAO;VCP;RAO;2026-01-07 21:49:20.000;TSRA;NSW
2026-01-07 21:35:00.000;4195;A320-251NEO;SSA;VCP;RAO;2026-01-07 22:03:19.199;TSRA;NSW
2026-01-07 22:45:00.000;4339;A320-251NEO;CGB;VCP;RAO;2026-01-07 23:13:19.199;TSRA;NSW
2026-01-07 22:50:00.000;4011;A320-251NEO;IOS;VCP;RAO;2026-01-07 23:18:19.199;TSRA;NSW
2026-01-07 23:05:00.000;4222;ATR72-600;MII;VCP;RAO;2026-01-07 23:44:20.000;TSRA;NSW
2026-01-07 23:20:00.000;2705;A320-251NEO;BEL;VCP;RAO;2026-01-07 23:48:19.199;TSRA;NSW
2026-01-08 19:10:00.000;4073;A320-251NEO;MAO;VCP;RAO;2026-01-08 19:38:19.199;TSRA;NSW
2026-01-08 19:30:00.000;4140;ATR72-600;SJP;VCP;RAO;2026-01-08 20:09:20.000;TSRA;NSW
2026-01-08 19:50:00.000;4992;A320-253NEO;CXJ;VCP;RAO;2026-01-08 20:18:19.199;TSRA;NSW
2026-01-08 19:55:00.000;4867;A320-253NEO;GYN;VCP;RAO;2026-01-08 20:23:19.199;TSRA;NSW
2026-01-08 19:55:00.000;2429;A320-251NEO;POA;VCP;RAO;2026-01-08 20:23:19.199;TSRA;NSW
2026-01-08 20:00:00.000;4611;ATR72-600;MGF;VCP;RAO;2026-01-08 20:39:20.000;TSRA;NSW
2026-01-08 20:05:00.000;4520;ATR72-600;PPB;VCP;RAO;2026-01-08 20:44:20.000;TSRA;NSW
2026-01-08 20:25:00.000;2234;A320-251NEO;SSA;UDI;RAO;2026-01-08 20:58:00.000;TSRA;NSW
2026-01-08 20:40:00.000;4591;A320-251NEO;BPS;VCP;RAO;2026-01-08 21:08:19.199;TSRA;NSW
2026-01-08 21:10:00.000;4270;ATR72-600;RAO;VCP;RAO;2026-01-08 21:49:20.000;TSRA;NSW
2026-01-09 17:35:00.000;4518;A320-251NEO;MCZ;VCP;RAO;2026-01-09 18:03:19.199;TSRA;NSW
2026-01-09 19:10:00.000;4073;A320-251NEO;MAO;VCP;RAO;2026-01-09 19:38:19.199;TSRA;NSW
2026-01-09 19:20:00.000;4503;ATR72-600;PTO;VCP;RAO;2026-01-09 19:59:20.000;TSRA;NSW
2026-01-09 19:50:00.000;4992;A320-251NEO;CXJ;VCP;RAO;2026-01-09 20:18:19.199;TSRA;NSW
2026-01-09 19:55:00.000;4867;A320-251NEO;GYN;VCP;RAO;2026-01-09 20:23:19.199;TSRA;NSW
2026-01-09 19:55:00.000;2389;A320-251NEO;POA;VCP;RAO;2026-01-09 20:23:19.199;TSRA;NSW
2026-01-09 20:00:00.000;4265;ATR72-600;UDI;VCP;RAO;2026-01-09 20:39:20.000;TSRA;NSW
2026-01-09 20:05:00.000;4520;ATR72-600;PPB;VCP;RAO;2026-01-09 20:44:20.000;TSRA;NSW
2026-01-09 20:40:00.000;4591;A320-251NEO;BPS;VCP;RAO;2026-01-09 21:08:19.199;TSRA;NSW
2026-01-09 21:00:00.000;2593;A320-251NEO;MCZ;UDI;RAO;2026-01-09 21:33:00.000;TSRA;NSW
2026-01-09 21:10:00.000;4270;ATR72-600;RAO;VCP;RAO;2026-01-09 21:49:20.000;TSRA;NSW
2026-01-09 21:35:00.000;4195;A320-251NEO;SSA;VCP;RAO;2026-01-09 22:03:19.199;TSRA;NSW
2026-01-14 19:10:00.000;4073;A320-251NEO;MAO;VCP;RAO;2026-01-14 19:38:19.199;TSRA;NSW
2026-01-14 19:15:00.000;2594;A320-251NEO;NAT;UDI;RAO;2026-01-14 19:48:00.000;TSRA;NSW
2026-01-14 19:20:00.000;4503;ATR72-600;PTO;VCP;RAO;2026-01-14 19:59:20.000;TSRA;NSW
2026-01-14 19:45:00.000;9241;A320-253NEO;IGU;VCP;RAO;2026-01-14 20:13:19.199;TSRA;NSW
2026-01-14 19:50:00.000;4992;A320-251NEO;CXJ;VCP;RAO;2026-01-14 20:18:19.199;TSRA;NSW
2026-01-14 19:55:00.000;2389;A320-251NEO;POA;VCP;RAO;2026-01-14 20:23:19.199;TSRA;NSW
2026-01-14 19:50:00.000;4140;ATR72-600;SJP;VCP;RAO;2026-01-14 20:29:20.000;TSRA;NSW
2026-01-14 20:05:00.000;4520;ATR72-600;PPB;VCP;RAO;2026-01-14 20:44:20.000;TSRA;NSW
2026-01-14 20:40:00.000;4591;A320-251NEO;BPS;VCP;RAO;2026-01-14 21:08:19.199;TSRA;NSW
2026-01-17 17:35:00.000;4518;A320-251NEO;MCZ;VCP;RAO;2026-01-17 18:03:19.199;TSRA;NSW
2026-01-17 19:05:00.000;2512;A320-251NEO;BPS;JTC;RAO;2026-01-17 19:27:48.000;TSRA;NSW
2026-01-17 19:25:00.000;2405;A320-253NEO;REC;JTC;RAO;2026-01-17 19:47:48.000;TSRA;NSW
2026-01-17 19:40:00.000;2401;A320-251NEO;NAT;VCP;RAO;2026-01-17 20:08:19.199;TSRA;VCSH
2026-01-17 19:50:00.000;4992;A320-251NEO;CXJ;VCP;RAO;2026-01-17 20:18:19.199;TSRA;VCSH
2026-01-17 19:40:00.000;4650;ATR72-600;LDB;VCP;RAO;2026-01-17 20:19:20.000;TSRA;VCSH
2026-01-17 19:45:00.000;4520;ATR72-600;PPB;VCP;RAO;2026-01-17 20:24:20.000;TSRA;VCSH
2026-01-17 20:00:00.000;9803;A320-251NEO;GYN;VCP;RAO;2026-01-17 20:28:19.199;TSRA;VCSH
2026-01-17 19:50:00.000;4140;ATR72-600;SJP;VCP;RAO;2026-01-17 20:29:20.000;TSRA;VCSH
2026-01-17 20:05:00.000;2409;A320-251NEO;BPS;VCP;RAO;2026-01-17 20:33:19.199;TSRA;VCSH
2026-01-17 20:55:00.000;4270;ATR72-600;RAO;VCP;RAO;2026-01-17 21:34:20.000;TSRA;NSW
2026-01-17 21:10:00.000;2568;A320-251NEO;FOR;UDI;RAO;2026-01-17 21:43:00.000;TSRA;NSW
2026-01-17 21:10:00.000;2594;A320-253NEO;NAT;UDI;RAO;2026-01-17 21:43:00.000;TSRA;NSW
2026-01-17 23:00:00.000;2501;A320-251NEO;MCZ;VCP;RAO;2026-01-17 23:28:19.199;TSRA;NSW
2026-01-17 23:20:00.000;2551;A320-251NEO;SSA;VCP;RAO;2026-01-17 23:48:19.199;TSRA;NSW
2026-01-17 23:20:00.000;2705;A320-251NEO;BEL;VCP;RAO;2026-01-17 23:48:19.199;TSRA;NSW
2026-01-18 17:35:00.000;4518;A320-253NEO;MCZ;VCP;RAO;2026-01-18 18:03:19.199;TSRA;NSW
2026-01-18 19:30:00.000;2401;A320-251NEO;NAT;VCP;RAO;2026-01-18 19:58:19.199;TSRA;NSW
2026-01-18 19:20:00.000;4503;ATR72-600;PTO;VCP;RAO;2026-01-18 19:59:20.000;TSRA;NSW
2026-01-18 19:20:00.000;2710;ATR72-600;JOI;VCP;RAO;2026-01-18 19:59:20.000;TSRA;NSW
2026-01-18 19:40:00.000;4669;A320-251NEO;FOR;VCP;RAO;2026-01-18 20:08:19.199;TSRA;NSW
2026-01-18 19:50:00.000;4992;A320-251NEO;CXJ;VCP;RAO;2026-01-18 20:18:19.199;TSRA;NSW
2026-01-18 19:45:00.000;4520;ATR72-600;PPB;VCP;RAO;2026-01-18 20:24:20.000;TSRA;NSW
2026-01-18 20:35:00.000;2409;A320-251NEO;BPS;VCP;RAO;2026-01-18 21:03:19.199;TSRA;-RA
2026-01-18 20:50:00.000;4270;ATR72-600;RAO;VCP;RAO;2026-01-18 21:29:20.000;TSRA;-RA
2026-01-18 21:05:00.000;2568;A320-251NEO;FOR;UDI;RAO;2026-01-18 21:38:00.000;TSRA;-RA
2026-01-18 21:35:00.000;4195;A320-251NEO;SSA;VCP;RAO;2026-01-18 22:03:19.199;TSRA;NSW
2026-01-19 12:10:00.000;2239;A320-253NEO;BPS;UDI;RAO;2026-01-19 12:43:00.000;TSRA;NSW
2026-01-19 13:10:00.000;2847;ATR72-600;RAO;VCP;RAO;2026-01-19 13:49:20.000;TSRA;NSW
2026-01-19 13:55:00.000;2253;A320-253NEO;MCZ;JTC;RAO;2026-01-19 14:17:48.000;TSRA;NSW
2026-01-19 13:45:00.000;4111;ATR72-600;SJP;VCP;RAO;2026-01-19 14:24:20.000;TSRA;NSW
2026-01-19 14:00:00.000;2640;A320-251NEO;BEL;VCP;RAO;2026-01-19 14:28:19.199;TSRA;NSW
2026-01-19 14:40:00.000;2904;A320-251NEO;SSA;VCP;RAO;2026-01-19 15:08:19.199;TSRA;NSW
2026-01-19 14:30:00.000;4540;ATR72-600;JTC;VCP;RAO;2026-01-19 15:09:20.000;TSRA;NSW
2026-01-19 14:55:00.000;2869;A320-251NEO;GYN;VCP;RAO;2026-01-19 15:23:19.199;TSRA;NSW
2026-01-19 15:05:00.000;4726;A320-251NEO;IGU;VCP;RAO;2026-01-19 15:33:19.199;TSRA;NSW
2026-01-19 15:05:00.000;4154;ATR72-600;ARU;VCP;RAO;2026-01-19 15:44:20.000;TSRA;NSW
2026-01-19 15:20:00.000;4855;A320-251NEO;PFB;VCP;RAO;2026-01-19 15:48:19.199;TSRA;NSW
2026-01-19 15:30:00.000;5093;A320-251NEO;VIX;VCP;RAO;2026-01-19 15:58:19.199;TSRA;NSW
2026-01-19 15:35:00.000;2631;ATR72-600;IZA;VCP;RAO;2026-01-19 16:14:20.000;TSRA;NSW
2026-01-19 16:00:00.000;4766;ATR72-600;RAO;VCP;RAO;2026-01-19 16:39:20.000;TSRA;NSW
2026-01-19 16:15:00.000;2876;A320-251NEO;REC;VCP;RAO;2026-01-19 16:43:19.199;TSRA;NSW
2026-01-19 16:20:00.000;2928;A320-251NEO;PMW;VCP;RAO;2026-01-19 16:48:19.199;TSRA;NSW
2026-01-19 16:50:00.000;4215;A320-253NEO;SSA;VCP;RAO;2026-01-19 17:18:19.199;TSRA;NSW
2026-01-19 17:10:00.000;5041;A320-251NEO;CGB;VCP;RAO;2026-01-19 17:38:19.199;TSRA;NSW
2026-01-19 17:10:00.000;4876;ATR72-600;SJP;VCP;RAO;2026-01-19 17:49:20.000;TSRA;NSW
2026-01-19 17:35:00.000;4518;A320-251NEO;MCZ;VCP;RAO;2026-01-19 18:03:19.199;TSRA;NSW
2026-01-19 19:20:00.000;4503;ATR72-600;PTO;VCP;RAO;2026-01-19 19:59:20.000;TSRA;NSW
2026-01-19 19:35:00.000;4073;A320-253NEO;MAO;VCP;RAO;2026-01-19 20:03:19.199;TSRA;NSW
2026-01-19 19:50:00.000;4992;A320-251NEO;CXJ;VCP;RAO;2026-01-19 20:18:19.199;TSRA;NSW
2026-01-19 19:40:00.000;4650;ATR72-600;LDB;VCP;RAO;2026-01-19 20:19:20.000;TSRA;NSW
2026-01-19 19:55:00.000;4867;A320-253NEO;GYN;VCP;RAO;2026-01-19 20:23:19.199;TSRA;NSW
2026-01-19 19:55:00.000;2389;A320-251NEO;POA;VCP;RAO;2026-01-19 20:23:19.199;TSRA;NSW
2026-01-19 19:45:00.000;4520;ATR72-600;PPB;VCP;RAO;2026-01-19 20:24:20.000;TSRA;NSW
2026-01-19 19:50:00.000;4140;ATR72-600;SJP;VCP;RAO;2026-01-19 20:29:20.000;TSRA;NSW
2026-01-19 20:40:00.000;4591;A320-251NEO;BPS;VCP;RAO;2026-01-19 21:08:19.199;TSRA;NSW
2026-01-19 20:50:00.000;4270;ATR72-600;RAO;VCP;RAO;2026-01-19 21:29:20.000;TSRA;NSW
2026-01-19 21:00:00.000;2593;A320-253NEO;MCZ;UDI;RAO;2026-01-19 21:33:00.000;TSRA;NSW
2026-01-23 17:35:00.000;4518;A320-251NEO;MCZ;VCP;RAO;2026-01-23 18:03:19.199;TSRA;NSW
2026-01-23 19:20:00.000;4503;ATR72-600;PTO;VCP;RAO;2026-01-23 19:59:20.000;TSRA;NSW
2026-01-23 19:20:00.000;2710;ATR72-600;JOI;VCP;RAO;2026-01-23 19:59:20.000;TSRA;NSW
2026-01-23 19:35:00.000;4073;A320-251NEO;MAO;VCP;RAO;2026-01-23 20:03:19.199;TSRA;NSW
2026-01-23 19:50:00.000;4992;A320-251NEO;CXJ;VCP;RAO;2026-01-23 20:18:19.199;TSRA;NSW
2026-01-23 19:55:00.000;2389;A320-251NEO;POA;VCP;RAO;2026-01-23 20:23:19.199;TSRA;NSW
2026-01-23 19:45:00.000;4520;ATR72-600;PPB;VCP;RAO;2026-01-23 20:24:20.000;TSRA;NSW
2026-01-23 20:00:00.000;4867;A320-251NEO;GYN;VCP;RAO;2026-01-23 20:28:19.199;TSRA;NSW
2026-01-23 19:55:00.000;4650;ATR72-600;LDB;VCP;RAO;2026-01-23 20:34:20.000;TSRA;NSW
2026-01-23 20:40:00.000;4591;A320-251NEO;BPS;VCP;RAO;2026-01-23 21:08:19.199;TSRA;NSW
2026-01-23 20:50:00.000;4270;ATR72-600;RAO;VCP;RAO;2026-01-23 21:29:20.000;TSRA;NSW
2026-01-23 21:00:00.000;2593;A320-253NEO;MCZ;UDI;RAO;2026-01-23 21:33:00.000;TSRA;NSW
2026-01-25 17:35:00.000;4518;A320-251NEO;MCZ;VCP;RAO;2026-01-25 18:03:19.199;TSRA;NSW
2026-01-25 19:30:00.000;2401;A320-251NEO;NAT;VCP;RAO;2026-01-25 19:58:19.199;TSRA;NSW
2026-01-25 19:20:00.000;4503;ATR72-600;PTO;VCP;RAO;2026-01-25 19:59:20.000;TSRA;NSW
2026-01-25 19:50:00.000;4992;A320-251NEO;CXJ;VCP;RAO;2026-01-25 20:18:19.199;TSRA;NSW
2026-01-25 19:45:00.000;4520;ATR72-600;PPB;VCP;RAO;2026-01-25 20:24:20.000;TSRA;NSW
2026-01-25 19:50:00.000;4265;ATR72-600;UDI;VCP;RAO;2026-01-25 20:29:20.000;TSRA;NSW
2026-01-26 17:35:00.000;4518;A320-251NEO;MCZ;VCP;RAO;2026-01-26 18:03:19.199;TSRA;NSW
2026-01-26 17:50:00.000;9352;A320-251NEO;JPA;VCP;RAO;2026-01-26 18:18:19.199;TSRA;NSW
2026-01-26 19:20:00.000;4503;ATR72-600;PTO;VCP;RAO;2026-01-26 19:59:20.000;TSRA;NSW
2026-01-26 19:35:00.000;4073;A320-253NEO;MAO;VCP;RAO;2026-01-26 20:03:19.199;TSRA;NSW
2026-01-26 19:50:00.000;4992;A320-251NEO;CXJ;VCP;RAO;2026-01-26 20:18:19.199;TSRA;NSW
2026-01-26 19:40:00.000;4650;ATR72-600;LDB;VCP;RAO;2026-01-26 20:19:20.000;TSRA;NSW
2026-01-26 19:55:00.000;2389;A320-251NEO;POA;VCP;RAO;2026-01-26 20:23:19.199;TSRA;NSW
2026-01-26 19:45:00.000;4520;ATR72-600;PPB;VCP;RAO;2026-01-26 20:24:20.000;TSRA;NSW
2026-01-27 19:35:00.000;4073;A320-251NEO;MAO;VCP;RAO;2026-01-27 20:03:19.199;TSRA;NSW
2026-01-27 19:35:00.000;4650;ATR72-600;LDB;VCP;RAO;2026-01-27 20:14:20.000;TSRA;NSW
2026-01-27 19:50:00.000;4992;A320-253NEO;CXJ;VCP;RAO;2026-01-27 20:18:19.199;TSRA;NSW
2026-01-27 19:55:00.000;2389;A320-251NEO;POA;VCP;RAO;2026-01-27 20:23:19.199;TSRA;NSW
2026-01-27 20:00:00.000;4867;A320-251NEO;GYN;VCP;RAO;2026-01-27 20:28:19.199;TSRA;NSW
2026-01-27 19:50:00.000;4140;ATR72-600;SJP;VCP;RAO;2026-01-27 20:29:20.000;TSRA;NSW
2026-01-27 20:20:00.000;2234;A320-251NEO;SSA;UDI;RAO;2026-01-27 20:53:00.000;TSRA;NSW
2026-01-27 22:00:00.000;4385;ATR72-600;ROO;VCP;RAO;2026-01-27 22:39:20.000;TSRA;VCSH
2026-01-27 22:50:00.000;4011;A320-251NEO;IOS;VCP;RAO;2026-01-27 23:18:19.199;TSRA;NSW
2026-01-27 23:20:00.000;2705;A320-251NEO;BEL;VCP;RAO;2026-01-27 23:48:19.199;TSRA;NSW
2026-01-28 20:40:00.000;4591;A320-251NEO;BPS;VCP;RAO;2026-01-28 21:08:19.199;TSRA;NSW
2026-01-28 20:50:00.000;4270;ATR72-600;RAO;VCP;RAO;2026-01-28 21:29:20.000;TSRA;NSW
2026-01-28 21:35:00.000;4195;A320-251NEO;SSA;VCP;RAO;2026-01-28 22:03:19.199;TSRA;NSW
2026-01-28 22:45:00.000;4339;A320-251NEO;CGB;VCP;RAO;2026-01-28 23:13:19.199;TSRA;NSW
2026-01-28 22:50:00.000;4011;A320-253NEO;IOS;VCP;RAO;2026-01-28 23:18:19.199;TSRA;NSW
2026-01-28 23:05:00.000;4222;ATR72-600;MII;VCP;RAO;2026-01-28 23:44:20.000;TSRA;NSW
2026-01-28 23:20:00.000;2705;A320-251NEO;BEL;VCP;RAO;2026-01-28 23:48:19.199;TSRA;NSW
2026-01-29 17:35:00.000;4518;A320-251NEO;MCZ;VCP;RAO;2026-01-29 18:03:19.199;TSRA;NSW
2026-01-29 19:25:00.000;4073;A320-253NEO;MAO;VCP;RAO;2026-01-29 19:53:19.199;TSRA;NSW
2026-01-29 19:20:00.000;2710;ATR72-600;JOI;VCP;RAO;2026-01-29 19:59:20.000;TSRA;NSW
2026-01-29 19:45:00.000;4669;A320-251NEO;FOR;VCP;RAO;2026-01-29 20:13:19.199;TSRA;NSW
2026-01-29 19:35:00.000;4140;ATR72-600;SJP;VCP;RAO;2026-01-29 20:14:20.000;TSRA;NSW
2026-01-29 19:50:00.000;4992;A320-251NEO;CXJ;VCP;RAO;2026-01-29 20:18:19.199;TSRA;NSW
2026-01-29 19:55:00.000;2429;A320-251NEO;POA;VCP;RAO;2026-01-29 20:23:19.199;TSRA;NSW
2026-01-29 19:45:00.000;4650;ATR72-600;LDB;VCP;RAO;2026-01-29 20:24:20.000;TSRA;NSW
2026-01-29 19:45:00.000;4520;ATR72-600;PPB;VCP;RAO;2026-01-29 20:24:20.000;TSRA;NSW
2026-01-29 20:05:00.000;2234;A320-251NEO;SSA;UDI;RAO;2026-01-29 20:38:00.000;TSRA;NSW
2026-01-29 20:40:00.000;4591;A320-253NEO;BPS;VCP;RAO;2026-01-29 21:08:19.199;TSRA;NSW
2026-01-29 20:50:00.000;4270;ATR72-600;RAO;VCP;RAO;2026-01-29 21:29:20.000;TSRA;NSW
2026-01-29 21:35:00.000;4195;A320-251NEO;SSA;VCP;RAO;2026-01-29 22:03:19.199;TSRA;NSW
2026-01-29 22:45:00.000;4339;A320-251NEO;CGB;VCP;RAO;2026-01-29 23:13:19.199;TSRA;NSW
2026-01-29 22:50:00.000;4011;A320-253NEO;IOS;VCP;RAO;2026-01-29 23:18:19.199;TSRA;NSW
2026-01-29 23:05:00.000;4222;ATR72-600;MII;VCP;RAO;2026-01-29 23:44:20.000;TSRA;NSW
2026-01-29 23:20:00.000;2705;A320-251NEO;BEL;VCP;RAO;2026-01-29 23:48:19.199;TSRA;NSW
2026-01-29 23:25:00.000;4202;ATR72-600;JOI;VCP;RAO;2026-01-30 00:04:20.000;TSRA;NSW
2026-01-29 23:40:00.000;4076;A320-251NEO;OPS;VCP;RAO;2026-01-30 00:08:19.199;TSRA;NSW
2026-01-29 23:55:00.000;2215;A320-251NEO;BPS;VCP;RAO;2026-01-30 00:23:19.199;TSRA;NSW
2026-01-30 00:00:00.000;2912;A320-251NEO;NAT;VCP;RAO;2026-01-30 00:28:19.199;TSRA;NSW
2026-01-30 00:00:00.000;4013;A320-251NEO;MAO;VCP;RAO;2026-01-30 00:28:19.199;TSRA;NSW
2026-01-30 00:05:00.000;2670;ATR72-600;LDB;VCP;RAO;2026-01-30 00:44:20.000;TSRA;NSW
2026-01-30 00:20:00.000;9900;A320-253NEO;POA;VCP;RAO;2026-01-30 00:48:19.199;TSRA;NSW
2026-01-30 00:30:00.000;4865;A320-251NEO;IGU;VCP;RAO;2026-01-30 00:58:19.199;TSRA;NSW
2026-01-30 00:30:00.000;4816;A320-251NEO;SLZ;VCP;RAO;2026-01-30 00:58:19.199;TSRA;NSW
2026-01-30 00:25:00.000;4374;ATR72-600;UDI;VCP;RAO;2026-01-30 01:04:20.000;TSRA;NSW
2026-01-30 00:40:00.000;4567;A320-251NEO;GYN;VCP;RAO;2026-01-30 01:08:19.199;TSRA;NSW
2026-01-30 00:35:00.000;4119;ATR72-600;RAO;VCP;RAO;2026-01-30 01:14:20.000;TSRA;NSW
2026-01-30 01:35:00.000;2983;A320-251NEO;CGB;VCP;RAO;2026-01-30 02:03:19.199;TSRA;-RA
2026-01-30 02:28:00.000;4816;A320-253NEO;RAO;VCP;RAO;2026-01-30 02:56:19.199;TSRA;-RA
2026-01-30 17:35:00.000;4518;A320-253NEO;MCZ;VCP;RAO;2026-01-30 18:03:19.199;TSRA;NSW
2026-01-30 19:35:00.000;4073;A320-251NEO;MAO;VCP;RAO;2026-01-30 20:03:19.199;TSRA;NSW
2026-01-30 19:40:00.000;4669;A320-251NEO;FOR;VCP;RAO;2026-01-30 20:08:19.199;TSRA;NSW
2026-01-30 19:50:00.000;4992;A320-251NEO;CXJ;VCP;RAO;2026-01-30 20:18:19.199;TSRA;NSW
2026-01-30 19:55:00.000;2389;A320-251NEO;POA;VCP;RAO;2026-01-30 20:23:19.199;TSRA;NSW
2026-01-30 19:45:00.000;4520;ATR72-600;PPB;VCP;RAO;2026-01-30 20:24:20.000;TSRA;NSW
2026-01-30 20:00:00.000;4867;A320-251NEO;GYN;VCP;RAO;2026-01-30 20:28:19.199;TSRA;NSW
2026-01-30 19:50:00.000;4140;ATR72-600;SJP;VCP;RAO;2026-01-30 20:29:20.000;TSRA;NSW
2026-01-30 20:20:00.000;4265;ATR72-600;UDI;VCP;RAO;2026-01-30 20:59:20.000;TSRA;NSW
2026-01-30 20:40:00.000;4591;A320-251NEO;BPS;VCP;RAO;2026-01-30 21:08:19.199;TSRA;NSW
2026-01-30 20:50:00.000;4270;ATR72-600;RAO;VCP;RAO;2026-01-30 21:29:20.000;TSRA;NSW
2026-01-30 21:00:00.000;2593;A320-251NEO;MCZ;UDI;RAO;2026-01-30 21:33:00.000;TSRA;NSW
2026-01-30 21:00:00.000;9356;ATR72-600;CNF;VCP;RAO;2026-01-30 21:39:20.000;TSRA;NSW
2026-01-30 21:35:00.000;4195;A320-251NEO;SSA;VCP;RAO;2026-01-30 22:03:19.199;TSRA;NSW
2026-02-01 17:40:00.000;4518;A320-253NEO;MCZ;VCP;RAO;2026-02-01 18:08:19.199;TSRA;NSW
2026-02-01 19:15:00.000;4503;ATR72-600;PTO;VCP;RAO;2026-02-01 19:54:20.000;TSRA;NSW
2026-02-01 19:30:00.000;2401;A320-251NEO;NAT;VCP;RAO;2026-02-01 19:58:19.199;TSRA;NSW
2026-02-02 13:10:00.000;2847;ATR72-600;RAO;VCP;RAO;2026-02-02 13:49:20.000;TSRA;NSW
2026-02-02 13:50:00.000;2687;A320-251NEO;POA;VCP;RAO;2026-02-02 14:18:19.199;TSRA;NSW
2026-02-02 13:45:00.000;4111;ATR72-600;SJP;VCP;RAO;2026-02-02 14:24:20.000;TSRA;NSW
2026-02-02 14:00:00.000;2640;A320-251NEO;BEL;VCP;RAO;2026-02-02 14:28:19.199;TSRA;NSW
2026-02-02 14:40:00.000;2904;A320-251NEO;SSA;VCP;RAO;2026-02-02 15:08:19.199;TSRA;NSW
2026-02-02 14:30:00.000;4579;ATR72-600;JTC;VCP;RAO;2026-02-02 15:09:20.000;TSRA;NSW
2026-02-02 14:50:00.000;2970;A320-251NEO;CGR;VCP;RAO;2026-02-02 15:18:19.199;TSRA;NSW
2026-02-02 14:55:00.000;4726;A320-251NEO;IGU;VCP;RAO;2026-02-02 15:23:19.199;TSRA;NSW
2026-02-02 14:55:00.000;2869;A320-251NEO;GYN;VCP;RAO;2026-02-02 15:23:19.199;TSRA;NSW
2026-02-02 15:10:00.000;2688;A320-253NEO;POA;VCP;RAO;2026-02-02 15:38:19.199;TSRA;NSW
2026-02-02 15:05:00.000;4154;ATR72-600;ARU;VCP;RAO;2026-02-02 15:44:20.000;TSRA;NSW
2026-02-02 15:20:00.000;4855;A320-251NEO;PFB;VCP;RAO;2026-02-02 15:48:19.199;TSRA;NSW
2026-02-02 15:15:00.000;4334;ATR72-600;JOI;VCP;RAO;2026-02-02 15:54:20.000;TSRA;NSW
2026-02-02 15:30:00.000;5093;A320-251NEO;VIX;VCP;RAO;2026-02-02 15:58:19.199;TSRA;NSW
2026-02-02 15:35:00.000;2631;ATR72-600;IZA;VCP;RAO;2026-02-02 16:14:20.000;TSRA;NSW
2026-02-02 16:00:00.000;4766;ATR72-600;RAO;VCP;RAO;2026-02-02 16:39:20.000;TSRA;NSW
2026-02-02 16:20:00.000;2928;A320-251NEO;PMW;VCP;RAO;2026-02-02 16:48:19.199;TSRA;NSW
2026-02-03 19:25:00.000;4073;A320-253NEO;MAO;VCP;RAO;2026-02-03 19:53:19.199;TSRA;VCSH
2026-02-03 19:50:00.000;4991;A320-251NEO;CXJ;VCP;RAO;2026-02-03 20:18:19.199;TSRA;NSW
2026-02-03 19:40:00.000;4650;ATR72-600;LDB;VCP;RAO;2026-02-03 20:19:20.000;TSRA;NSW
2026-02-03 19:55:00.000;2389;A320-251NEO;POA;VCP;RAO;2026-02-03 20:23:19.199;TSRA;NSW
2026-02-03 19:45:00.000;2710;ATR72-600;JOI;VCP;RAO;2026-02-03 20:24:20.000;TSRA;NSW
2026-02-03 19:50:00.000;4140;ATR72-600;SJP;VCP;RAO;2026-02-03 20:29:20.000;TSRA;NSW
2026-02-03 20:05:00.000;4611;ATR72-600;MGF;VCP;RAO;2026-02-03 20:44:20.000;TSRA;NSW
2026-02-03 20:20:00.000;4247;A320-251NEO;CGR;VCP;RAO;2026-02-03 20:48:19.199;TSRA;NSW
2026-02-03 20:15:00.000;4265;ATR72-600;UDI;VCP;RAO;2026-02-03 20:54:20.000;TSRA;NSW
2026-02-03 20:40:00.000;4591;A320-253NEO;BPS;VCP;RAO;2026-02-03 21:08:19.199;TSRA;NSW
2026-02-03 20:50:00.000;4270;ATR72-600;RAO;VCP;RAO;2026-02-03 21:29:20.000;TSRA;NSW
2026-02-03 21:35:00.000;4195;A320-251NEO;SSA;VCP;RAO;2026-02-03 22:03:19.199;TSRA;NSW
2026-02-03 22:20:00.000;4011;A320-251NEO;IOS;VCP;RAO;2026-02-03 22:48:19.199;TSRA;NSW
2026-02-04 17:30:00.000;4179;A320-253NEO;CNF;UDI;RAO;2026-02-04 18:03:00.000;TSRA;-RA
2026-02-04 17:35:00.000;4518;A320-251NEO;MCZ;VCP;RAO;2026-02-04 18:03:19.199;TSRA;-RA
2026-02-04 18:15:00.000;4917;A320-253NEO;CNF;VCP;RAO;2026-02-04 18:43:19.199;TSRA;-RA
2026-02-04 19:25:00.000;4073;A320-253NEO;MAO;VCP;RAO;2026-02-04 19:53:19.199;TSRA;-RA
2026-02-04 19:15:00.000;4503;ATR72-600;PTO;VCP;RAO;2026-02-04 19:54:20.000;TSRA;-RA
2026-02-04 19:50:00.000;4991;A320-251NEO;CXJ;VCP;RAO;2026-02-04 20:18:19.199;TSRA;NSW
2026-02-04 19:55:00.000;4867;A320-251NEO;GYN;VCP;RAO;2026-02-04 20:23:19.199;TSRA;NSW
2026-02-04 19:55:00.000;2389;A320-251NEO;POA;VCP;RAO;2026-02-04 20:23:19.199;TSRA;NSW
2026-02-04 19:45:00.000;4520;ATR72-600;PPB;VCP;RAO;2026-02-04 20:24:20.000;TSRA;NSW
2026-02-04 19:50:00.000;4140;ATR72-600;SJP;VCP;RAO;2026-02-04 20:29:20.000;TSRA;NSW
2026-02-04 20:05:00.000;4611;ATR72-600;MGF;VCP;RAO;2026-02-04 20:44:20.000;TSRA;NSW
2026-02-04 20:20:00.000;2239;A320-253NEO;BPS;UDI;RAO;2026-02-04 20:53:00.000;TSRA;NSW
2026-02-04 20:15:00.000;4265;ATR72-600;UDI;VCP;RAO;2026-02-04 20:54:20.000;TSRA;NSW
2026-02-04 20:50:00.000;4270;ATR72-600;RAO;VCP;RAO;2026-02-04 21:29:20.000;TSRA;NSW
2026-02-04 21:35:00.000;4195;A320-251NEO;SSA;VCP;RAO;2026-02-04 22:03:19.199;TSRA;NSW
2026-02-04 22:20:00.000;4011;A320-253NEO;IOS;VCP;RAO;2026-02-04 22:48:19.199;TSRA;NSW
2026-02-06 17:40:00.000;9808;ATR72-600;REC;VCP;RAO;2026-02-06 18:19:20.000;TSRA;NSW
2026-02-06 19:25:00.000;4073;A320-251NEO;MAO;VCP;RAO;2026-02-06 19:53:19.199;TSRA;VCSH
2026-02-06 19:15:00.000;4503;ATR72-600;PTO;VCP;RAO;2026-02-06 19:54:20.000;TSRA;VCSH
2026-02-06 19:50:00.000;4991;A320-251NEO;CXJ;VCP;RAO;2026-02-06 20:18:19.199;TSRA;NSW
2026-02-06 19:55:00.000;2389;A320-251NEO;POA;VCP;RAO;2026-02-06 20:23:19.199;TSRA;NSW
2026-02-06 19:45:00.000;4520;ATR72-600;PPB;VCP;RAO;2026-02-06 20:24:20.000;TSRA;NSW
2026-02-06 20:05:00.000;4611;ATR72-600;MGF;VCP;RAO;2026-02-06 20:44:20.000;TSRA;NSW
2026-02-06 20:15:00.000;4265;ATR72-600;UDI;VCP;RAO;2026-02-06 20:54:20.000;TSRA;NSW
2026-02-06 20:40:00.000;4591;A320-251NEO;BPS;VCP;RAO;2026-02-06 21:08:19.199;TSRA;NSW
2026-02-06 20:50:00.000;4270;ATR72-600;RAO;VCP;RAO;2026-02-06 21:29:20.000;TSRA;NSW
2026-02-07 17:35:00.000;4518;A320-253NEO;MCZ;VCP;RAO;2026-02-07 18:03:19.199;TSRA;NSW
2026-02-07 19:05:00.000;2512;A320-251NEO;BPS;JTC;RAO;2026-02-07 19:27:48.000;TSRA;NSW
2026-02-07 19:25:00.000;2405;A320-251NEO;REC;JTC;RAO;2026-02-07 19:47:48.000;TSRA;NSW
2026-02-07 19:30:00.000;2401;A320-251NEO;NAT;VCP;RAO;2026-02-07 19:58:19.199;TSRA;NSW
2026-02-07 22:10:00.000;9602;ATR72-600;RAO;VCP;RAO;2026-02-07 22:49:20.000;TSRA;-RA
2026-02-07 23:20:00.000;2551;A320-251NEO;SSA;VCP;RAO;2026-02-07 23:48:19.199;TSRA;-RA
2026-02-07 23:20:00.000;2705;A320-253NEO;BEL;VCP;RAO;2026-02-07 23:48:19.199;TSRA;-RA
2026-02-08 11:25:00.000;2717;ATR72-600;SJP;VCP;RAO;2026-02-08 12:04:20.000;TSRA;RA BR
2026-02-08 13:10:00.000;2847;ATR72-600;RAO;VCP;RAO;2026-02-08 13:49:20.000;TSRA;RA BR
2026-02-08 17:35:00.000;4518;A320-251NEO;MCZ;VCP;RAO;2026-02-08 18:03:19.199;TSRA;VCSH
2026-02-08 19:15:00.000;4503;ATR72-600;PTO;VCP;RAO;2026-02-08 19:54:20.000;TSRA;NSW
2026-02-08 19:50:00.000;4991;A320-251NEO;CXJ;VCP;RAO;2026-02-08 20:18:19.199;TSRA;-RA
2026-02-08 19:45:00.000;4520;ATR72-600;PPB;VCP;RAO;2026-02-08 20:24:20.000;TSRA;-RA
2026-02-08 20:00:00.000;4611;ATR72-600;MGF;VCP;RAO;2026-02-08 20:39:20.000;TSRA;-RA
2026-02-08 20:15:00.000;4265;ATR72-600;UDI;VCP;RAO;2026-02-08 20:54:20.000;TSRA;-RA
2026-02-08 20:35:00.000;2409;A320-251NEO;BPS;VCP;RAO;2026-02-08 21:03:19.199;TSRA;NSW
2026-02-08 20:50:00.000;4270;ATR72-600;RAO;VCP;RAO;2026-02-08 21:29:20.000;TSRA;NSW
2026-02-08 21:05:00.000;2568;A320-251NEO;FOR;UDI;RAO;2026-02-08 21:38:00.000;TSRA;NSW
2026-02-10 17:50:00.000;4876;ATR72-600;SJP;VCP;RAO;2026-02-10 18:29:20.000;TSRA;NSW
2026-02-10 19:25:00.000;4073;A320-251NEO;MAO;VCP;RAO;2026-02-10 19:53:19.199;TSRA;NSW
2026-02-10 19:50:00.000;4991;A320-253NEO;CXJ;VCP;RAO;2026-02-10 20:18:19.199;TSRA;NSW
2026-02-10 19:55:00.000;2389;A320-251NEO;POA;VCP;RAO;2026-02-10 20:23:19.199;TSRA;NSW
2026-02-10 19:45:00.000;2710;ATR72-600;JOI;VCP;RAO;2026-02-10 20:24:20.000;TSRA;NSW
2026-02-10 19:45:00.000;4520;ATR72-600;PPB;VCP;RAO;2026-02-10 20:24:20.000;TSRA;NSW
2026-02-10 20:05:00.000;4611;ATR72-600;MGF;VCP;RAO;2026-02-10 20:44:20.000;TSRA;NSW
2026-02-10 20:20:00.000;4247;A320-251NEO;CGR;VCP;RAO;2026-02-10 20:48:19.199;TSRA;NSW
2026-02-10 20:15:00.000;4265;ATR72-600;UDI;VCP;RAO;2026-02-10 20:54:20.000;TSRA;NSW
2026-02-10 20:20:00.000;4140;ATR72-600;SJP;VCP;RAO;2026-02-10 20:59:20.000;TSRA;NSW
2026-02-10 20:40:00.000;4591;A320-251NEO;BPS;VCP;RAO;2026-02-10 21:08:19.199;TSRA;NSW
2026-02-10 20:50:00.000;4270;ATR72-600;RAO;VCP;RAO;2026-02-10 21:29:20.000;TSRA;NSW
2026-02-10 21:35:00.000;4195;A320-251NEO;SSA;VCP;RAO;2026-02-10 22:03:19.199;TSRA;NSW
2026-02-10 22:20:00.000;4011;A320-251NEO;IOS;VCP;RAO;2026-02-10 22:48:19.199;TSRA;NSW
2026-02-10 22:30:00.000;9353;A320-251NEO;BEL;VCP;RAO;2026-02-10 22:58:19.199;TSRA;NSW
2026-02-18 17:35:00.000;4518;A320-251NEO;MCZ;VCP;RAO;2026-02-18 18:03:19.199;TSRA;NSW
2026-02-18 19:25:00.000;4073;A320-251NEO;MAO;VCP;RAO;2026-02-18 19:53:19.199;TSRA;NSW
2026-02-18 19:15:00.000;4503;ATR72-600;PTO;VCP;RAO;2026-02-18 19:54:20.000;TSRA;NSW
2026-02-18 19:15:00.000;9802;ATR72-600;IZA;VCP;RAO;2026-02-18 19:54:20.000;TSRA;NSW
2026-02-18 20:05:00.000;4611;ATR72-600;MGF;VCP;RAO;2026-02-18 20:44:20.000;TSRA;NSW
2026-02-18 20:20:00.000;4247;A320-251NEO;CGR;VCP;RAO;2026-02-18 20:48:19.199;TSRA;NSW
2026-02-18 20:20:00.000;2239;A320-251NEO;BPS;UDI;RAO;2026-02-18 20:53:00.000;TSRA;NSW
2026-02-18 20:50:00.000;4270;ATR72-600;RAO;VCP;RAO;2026-02-18 21:29:20.000;TSRA;NSW
2026-02-24 19:50:00.000;4991;A320-251NEO;CXJ;VCP;RAO;2026-02-24 20:18:19.199;TSRA;-RA
2026-02-24 19:45:00.000;2710;ATR72-600;JOI;VCP;RAO;2026-02-24 20:24:20.000;TSRA;-RA
2026-02-24 19:45:00.000;4520;ATR72-600;PPB;VCP;RAO;2026-02-24 20:24:20.000;TSRA;-RA
2026-02-24 19:50:00.000;4140;ATR72-600;SJP;VCP;RAO;2026-02-24 20:29:20.000;TSRA;-RA
2026-02-24 20:05:00.000;4281;A320-251NEO;VIX;VCP;RAO;2026-02-24 20:33:19.199;TSRA;-RA
2026-02-24 20:20:00.000;4247;A320-251NEO;CGR;VCP;RAO;2026-02-24 20:48:19.199;TSRA;-RA
2026-02-24 20:15:00.000;4265;ATR72-600;UDI;VCP;RAO;2026-02-24 20:54:20.000;TSRA;-RA
2026-02-24 20:40:00.000;4591;A320-251NEO;BPS;VCP;RAO;2026-02-24 21:08:19.199;TSRA;NSW
2026-02-24 20:50:00.000;4270;ATR72-600;RAO;VCP;RAO;2026-02-24 21:29:20.000;TSRA;NSW
2026-02-24 21:25:00.000;4195;A320-251NEO;SSA;VCP;RAO;2026-02-24 21:53:19.199;TSRA;NSW
2026-02-24 22:20:00.000;4011;A320-251NEO;IOS;VCP;RAO;2026-02-24 22:48:19.199;TSRA;NSW
2026-02-24 23:25:00.000;4202;ATR72-600;JOI;VCP;RAO;2026-02-25 00:04:20.000;TSRA;NSW
2026-02-24 23:40:00.000;4076;A320-251NEO;OPS;VCP;RAO;2026-02-25 00:08:19.199;TSRA;NSW
2026-02-24 23:55:00.000;4013;A320-251NEO;MAO;VCP;RAO;2026-02-25 00:23:19.199;TSRA;NSW
2026-02-24 23:45:00.000;4119;ATR72-600;RAO;VCP;RAO;2026-02-25 00:24:20.000;TSRA;NSW
2026-02-25 00:05:00.000;2912;A320-251NEO;NAT;VCP;RAO;2026-02-25 00:33:19.199;TSRA;NSW
2026-02-24 23:55:00.000;4279;ATR72-600;MGF;VCP;RAO;2026-02-25 00:34:20.000;TSRA;NSW
2026-02-25 00:20:00.000;4865;A320-253NEO;IGU;VCP;RAO;2026-02-25 00:48:19.199;TSRA;NSW
2026-02-25 00:20:00.000;2830;A320-251NEO;POA;VCP;RAO;2026-02-25 00:48:19.199;TSRA;NSW
2026-02-25 00:35:00.000;2945;A320-251NEO;VIX;VCP;RAO;2026-02-25 01:03:19.199;TSRA;NSW
2026-02-25 00:25:00.000;4374;ATR72-600;UDI;VCP;RAO;2026-02-25 01:04:20.000;TSRA;NSW
2026-02-25 01:00:00.000;4567;A320-251NEO;GYN;VCP;RAO;2026-02-25 01:28:19.199;TSRA;NSW
2026-02-25 01:20:00.000;4388;A320-251NEO;XAP;VCP;RAO;2026-02-25 01:48:19.199;TSRA;NSW
2026-02-25 01:40:00.000;2983;A320-253NEO;CGB;VCP;RAO;2026-02-25 02:08:19.199;TSRA;NSW
2026-02-25 08:00:00.000;4054;A320-253NEO;BEL;VCP;RAO;2026-02-25 08:28:19.199;TSRA;-RA
2026-02-25 08:20:00.000;2679;A320-251NEO;JDO;VCP;RAO;2026-02-25 08:48:19.199;TSRA;-RA
2026-02-25 08:30:00.000;4034;A320-251NEO;AJU;VCP;RAO;2026-02-25 08:58:19.199;TSRA;-RA
2026-02-25 08:30:00.000;2736;A320-251NEO;JPA;VCP;RAO;2026-02-25 08:58:19.199;TSRA;-RA
2026-02-25 18:50:00.000;4635;A320-253NEO;NVT;VCP;RAO;2026-02-25 19:18:19.199;TS;NSW
2026-02-25 19:25:00.000;4073;A320-251NEO;MAO;VCP;RAO;2026-02-25 19:53:19.199;TS;NSW
2026-02-25 19:50:00.000;4991;A320-251NEO;CXJ;VCP;RAO;2026-02-25 20:18:19.199;TS;NSW
2026-02-25 19:40:00.000;4309;ATR72-600;LDB;VCP;RAO;2026-02-25 20:19:20.000;TS;NSW
2026-02-25 19:45:00.000;2710;ATR72-600;JOI;VCP;RAO;2026-02-25 20:24:20.000;TS;NSW
2026-02-25 19:45:00.000;4520;ATR72-600;PPB;VCP;RAO;2026-02-25 20:24:20.000;TS;NSW
2026-02-25 19:50:00.000;4140;ATR72-600;SJP;VCP;RAO;2026-02-25 20:29:20.000;TS;NSW
2026-02-25 20:05:00.000;4867;A320-253NEO;GYN;VCP;RAO;2026-02-25 20:33:19.199;TS;NSW
2026-02-25 20:05:00.000;4281;A320-251NEO;VIX;VCP;RAO;2026-02-25 20:33:19.199;TS;NSW
2026-02-25 20:15:00.000;4265;ATR72-600;UDI;VCP;RAO;2026-02-25 20:54:20.000;TS;NSW
2026-02-25 20:40:00.000;4591;A320-251NEO;BPS;VCP;RAO;2026-02-25 21:08:19.199;TS;NSW
2026-02-25 20:50:00.000;4270;ATR72-600;RAO;VCP;RAO;2026-02-25 21:29:20.000;TS;NSW
2026-02-25 21:25:00.000;4195;A320-251NEO;SSA;VCP;RAO;2026-02-25 21:53:19.199;TS;NSW
2026-02-25 22:20:00.000;4011;A320-251NEO;IOS;VCP;RAO;2026-02-25 22:48:19.199;TS;NSW
2026-02-26 17:35:00.000;4518;A320-251NEO;MCZ;VCP;RAO;2026-02-26 18:03:19.199;TSRA BR;NSW
2026-02-26 19:25:00.000;4073;A320-251NEO;MAO;VCP;RAO;2026-02-26 19:53:19.199;TSRA BR;NSW
2026-02-26 19:15:00.000;4503;ATR72-600;PTO;VCP;RAO;2026-02-26 19:54:20.000;TSRA BR;NSW
2026-02-26 19:50:00.000;4991;A320-251NEO;CXJ;VCP;RAO;2026-02-26 20:18:19.199;TSRA BR;NSW
2026-02-26 19:55:00.000;2429;A320-251NEO;POA;VCP;RAO;2026-02-26 20:23:19.199;TSRA BR;NSW
2026-02-26 19:45:00.000;2710;ATR72-600;JOI;VCP;RAO;2026-02-26 20:24:20.000;TSRA BR;NSW
2026-02-26 19:45:00.000;4520;ATR72-600;PPB;VCP;RAO;2026-02-26 20:24:20.000;TSRA BR;NSW
2026-02-26 19:50:00.000;4140;ATR72-600;SJP;VCP;RAO;2026-02-26 20:29:20.000;TSRA BR;NSW
2026-02-26 20:05:00.000;4867;A320-253NEO;GYN;VCP;RAO;2026-02-26 20:33:19.199;TSRA BR;NSW
2026-02-26 20:05:00.000;4281;A320-251NEO;VIX;VCP;RAO;2026-02-26 20:33:19.199;TSRA BR;NSW
2026-02-26 20:15:00.000;4265;ATR72-600;UDI;VCP;RAO;2026-02-26 20:54:20.000;TSRA BR;NSW
2026-02-26 22:20:00.000;4011;A320-253NEO;IOS;VCP;RAO;2026-02-26 22:48:19.199;TSRA BR;-RA
2026-02-26 22:50:00.000;4339;A320-251NEO;CGB;VCP;RAO;2026-02-26 23:18:19.199;TSRA BR;NSW
2026-02-26 22:50:00.000;4222;ATR72-600;MII;VCP;RAO;2026-02-26 23:29:20.000;TSRA BR;NSW
2026-02-26 23:20:00.000;2705;A320-253NEO;BEL;VCP;RAO;2026-02-26 23:48:19.199;TSRA BR;NSW
2026-03-07 17:35:00.000;4518;A320-251NEO;MCZ;VCP;RAO;2026-03-07 18:03:19.199;TSRA;-RA
2026-03-07 19:05:00.000;2512;A320-251NEO;BPS;JTC;RAO;2026-03-07 19:27:48.000;TSRA;NSW
2026-03-07 19:30:00.000;2401;A320-251NEO;NAT;VCP;RAO;2026-03-07 19:58:19.199;TSRA;NSW
2026-03-07 19:35:00.000;4867;A320-251NEO;GYN;VCP;RAO;2026-03-07 20:03:19.199;TSRA;NSW
2026-03-07 19:30:00.000;2631;ATR72-600;IZA;VCP;RAO;2026-03-07 20:09:20.000;TSRA;NSW
2026-03-07 19:50:00.000;4991;A320-251NEO;CXJ;VCP;RAO;2026-03-07 20:18:19.199;TSRA;NSW
2026-03-07 19:45:00.000;4520;ATR72-600;PPB;VCP;RAO;2026-03-07 20:24:20.000;TSRA;NSW
2026-03-07 19:55:00.000;2592;A320-251NEO;REC;UDI;RAO;2026-03-07 20:28:00.000;TSRA;NSW
2026-03-07 19:50:00.000;4140;ATR72-600;SJP;VCP;RAO;2026-03-07 20:29:20.000;TSRA;NSW
2026-03-07 20:10:00.000;4611;ATR72-600;MGF;VCP;RAO;2026-03-07 20:49:20.000;TSRA;NSW
2026-03-07 20:15:00.000;4265;ATR72-600;UDI;VCP;RAO;2026-03-07 20:54:20.000;TSRA;NSW
2026-03-08 17:35:00.000;4518;A320-253NEO;MCZ;VCP;RAO;2026-03-08 18:03:19.199;TSRA;NSW
2026-03-08 19:15:00.000;4503;ATR72-600;PTO;VCP;RAO;2026-03-08 19:54:20.000;TSRA;NSW
2026-03-08 19:30:00.000;2401;A320-251NEO;NAT;VCP;RAO;2026-03-08 19:58:19.199;TSRA;NSW
2026-03-08 19:50:00.000;4991;A320-251NEO;CXJ;VCP;RAO;2026-03-08 20:18:19.199;TSRA;NSW
2026-03-08 19:45:00.000;4520;ATR72-600;PPB;VCP;RAO;2026-03-08 20:24:20.000;TSRA;NSW
2026-03-08 19:55:00.000;2592;A320-253NEO;REC;UDI;RAO;2026-03-08 20:28:00.000;TSRA;NSW
2026-03-08 20:10:00.000;4611;ATR72-600;MGF;VCP;RAO;2026-03-08 20:49:20.000;TSRA;NSW
2026-03-08 20:15:00.000;4265;ATR72-600;UDI;VCP;RAO;2026-03-08 20:54:20.000;TSRA;NSW
2026-03-08 20:35:00.000;2409;A320-251NEO;BPS;VCP;RAO;2026-03-08 21:03:19.199;TSRA;NSW
2026-03-08 20:50:00.000;4270;A320-251NEO;RAO;VCP;RAO;2026-03-08 21:18:19.199;TSRA;NSW
2026-03-08 21:05:00.000;2498;A320-251NEO;BPS;VCP;RAO;2026-03-08 21:33:19.199;TSRA;NSW
2026-03-08 21:25:00.000;4195;A320-251NEO;SSA;VCP;RAO;2026-03-08 21:53:19.199;TSRA;NSW
2026-03-08 22:50:00.000;4339;A320-253NEO;CGB;VCP;RAO;2026-03-08 23:18:19.199;TSRA;NSW
2026-03-08 22:50:00.000;4222;ATR72-600;MII;VCP;RAO;2026-03-08 23:29:20.000;TSRA;NSW
2026-03-08 23:20:00.000;2705;A320-251NEO;BEL;VCP;RAO;2026-03-08 23:48:19.199;TSRA;NSW
2026-03-08 23:15:00.000;4794;ATR72-600;SJP;VCP;RAO;2026-03-08 23:54:20.000;TSRA;NSW
2026-03-09 08:00:00.000;4054;A320-253NEO;BEL;VCP;RAO;2026-03-09 08:28:19.199;TSRA BR;NSW
2026-03-09 08:10:00.000;4027;A320-253NEO;SSA;VCP;RAO;2026-03-09 08:38:19.199;TSRA BR;NSW
2026-03-09 08:10:00.000;4221;A320-251NEO;PNZ;VCP;RAO;2026-03-09 08:38:19.199;TSRA BR;NSW
2026-03-09 08:30:00.000;2736;A320-251NEO;JPA;VCP;RAO;2026-03-09 08:58:19.199;TSRA BR;NSW
2026-03-09 09:15:00.000;4327;A320-251NEO;GYN;VCP;RAO;2026-03-09 09:43:19.199;TSRA BR;NSW
2026-03-09 09:30:00.000;4211;A320-251NEO;RAO;VCP;RAO;2026-03-09 09:58:19.199;TSRA BR;NSW
2026-03-09 09:40:00.000;4379;A320-251NEO;THE;VCP;RAO;2026-03-09 10:08:19.199;TSRA BR;-RA
2026-03-09 09:45:00.000;6091;A320-253NEO;FOR;VCP;RAO;2026-03-09 10:13:19.199;TSRA BR;-RA
2026-03-09 09:55:00.000;4393;ATR72-600;UDI;VCP;RAO;2026-03-09 10:34:20.000;TSRA BR;-RA
2026-03-09 10:10:00.000;4169;ATR72-600;MGF;VCP;RAO;2026-03-09 10:49:20.000;TSRA BR;-RA
2026-03-09 10:25:00.000;2686;A320-251NEO;POA;VCP;RAO;2026-03-09 10:53:19.199;TSRA BR;-RA
2026-03-09 10:20:00.000;4474;ATR72-600;PPB;VCP;RAO;2026-03-09 10:59:20.000;TSRA BR;-RA
2026-03-09 10:45:00.000;6596;A320-253NEO;BSB;VCP;RAO;2026-03-09 11:13:19.199;TSRA BR;-RA
2026-03-09 11:05:00.000;5064;A320-253NEO;GYN;VCP;RAO;2026-03-09 11:33:19.199;TSRA BR;-RA
2026-03-09 17:35:00.000;4518;A320-253NEO;MCZ;VCP;RAO;2026-03-09 18:03:19.199;TSRA;NSW
2026-03-09 18:30:00.000;2679;A320-253NEO;JDO;VCP;RAO;2026-03-09 18:58:19.199;TSRA;NSW
2026-03-09 19:50:00.000;4991;A320-253NEO;CXJ;VCP;RAO;2026-03-09 20:18:19.199;TSRA;NSW
2026-03-09 19:55:00.000;4867;A320-251NEO;GYN;VCP;RAO;2026-03-09 20:23:19.199;TSRA;NSW
2026-03-09 19:55:00.000;2727;A320-251NEO;POA;VCP;RAO;2026-03-09 20:23:19.199;TSRA;NSW
2026-03-09 19:45:00.000;4309;ATR72-600;LDB;VCP;RAO;2026-03-09 20:24:20.000;TSRA;NSW
2026-03-09 19:45:00.000;4520;ATR72-600;PPB;VCP;RAO;2026-03-09 20:24:20.000;TSRA;NSW
2026-03-09 19:50:00.000;4140;ATR72-600;SJP;VCP;RAO;2026-03-09 20:29:20.000;TSRA;NSW
2026-03-09 20:20:00.000;4247;A320-253NEO;CGR;VCP;RAO;2026-03-09 20:48:19.199;TSRA;NSW
2026-03-09 20:15:00.000;4265;ATR72-600;UDI;VCP;RAO;2026-03-09 20:54:20.000;TSRA;NSW
2026-03-09 20:40:00.000;4591;A320-251NEO;BPS;VCP;RAO;2026-03-09 21:08:19.199;TSRA;NSW
2026-03-09 20:50:00.000;4270;ATR72-600;RAO;VCP;RAO;2026-03-09 21:29:20.000;TSRA;NSW
2026-03-09 22:20:00.000;4011;A320-251NEO;IOS;VCP;RAO;2026-03-09 22:48:19.199;TSRA;NSW
2026-03-11 17:35:00.000;4518;A320-251NEO;MCZ;VCP;RAO;2026-03-11 18:03:19.199;TSRA;NSW
2026-03-11 19:25:00.000;4073;A320-251NEO;MAO;VCP;RAO;2026-03-11 19:53:19.199;TSRA;NSW
2026-03-11 19:50:00.000;4991;A320-251NEO;CXJ;VCP;RAO;2026-03-11 20:18:19.199;TSRA;NSW
2026-03-11 19:55:00.000;4867;A320-251NEO;GYN;VCP;RAO;2026-03-11 20:23:19.199;TSRA;NSW
2026-03-11 19:55:00.000;2727;A320-253NEO;POA;VCP;RAO;2026-03-11 20:23:19.199;TSRA;NSW
2026-03-11 19:45:00.000;4309;ATR72-600;LDB;VCP;RAO;2026-03-11 20:24:20.000;TSRA;NSW
2026-03-11 19:45:00.000;4520;ATR72-600;PPB;VCP;RAO;2026-03-11 20:24:20.000;TSRA;NSW
2026-03-11 19:50:00.000;4140;ATR72-600;SJP;VCP;RAO;2026-03-11 20:29:20.000;TSRA;NSW
2026-03-11 20:05:00.000;4281;A320-251NEO;VIX;VCP;RAO;2026-03-11 20:33:19.199;TSRA;NSW
2026-03-11 20:20:00.000;4247;A320-253NEO;CGR;VCP;RAO;2026-03-11 20:48:19.199;TSRA;NSW
2026-03-11 20:15:00.000;4265;ATR72-600;UDI;VCP;RAO;2026-03-11 20:54:20.000;TSRA;NSW
2026-03-11 20:40:00.000;4591;A320-251NEO;BPS;VCP;RAO;2026-03-11 21:08:19.199;TSRA;NSW
2026-03-11 20:50:00.000;4270;ATR72-600;RAO;VCP;RAO;2026-03-11 21:29:20.000;TSRA;NSW
2026-03-11 21:30:00.000;4195;A320-251NEO;SSA;VCP;RAO;2026-03-11 21:58:19.199;TSRA;NSW
2026-03-11 22:20:00.000;4011;A320-251NEO;IOS;VCP;RAO;2026-03-11 22:48:19.199;TSRA;NSW
2026-03-18 17:35:00.000;4518;A320-253NEO;MCZ;VCP;RAO;2026-03-18 18:03:19.199;TSRA;NSW
2026-03-18 19:10:00.000;2710;ATR72-600;JOI;VCP;RAO;2026-03-18 19:49:20.000;TSRA;NSW
2026-03-18 19:25:00.000;4073;A320-251NEO;MAO;VCP;RAO;2026-03-18 19:53:19.199;TSRA;NSW
2026-03-18 19:50:00.000;4991;A320-251NEO;CXJ;VCP;RAO;2026-03-18 20:18:19.199;TSRA;NSW
2026-03-18 19:55:00.000;4867;A320-251NEO;GYN;VCP;RAO;2026-03-18 20:23:19.199;TSRA;NSW
2026-03-18 19:45:00.000;4309;ATR72-600;LDB;VCP;RAO;2026-03-18 20:24:20.000;TSRA;NSW
2026-03-18 19:45:00.000;4520;ATR72-600;PPB;VCP;RAO;2026-03-18 20:24:20.000;TSRA;NSW
2026-03-18 19:50:00.000;4140;ATR72-600;SJP;VCP;RAO;2026-03-18 20:29:20.000;TSRA;NSW
2026-03-18 20:05:00.000;4281;A320-253NEO;VIX;VCP;RAO;2026-03-18 20:33:19.199;TSRA;NSW
2026-03-18 20:20:00.000;4247;A320-251NEO;CGR;VCP;RAO;2026-03-18 20:48:19.199;TSRA;NSW
2026-03-18 20:10:00.000;4611;ATR72-600;MGF;VCP;RAO;2026-03-18 20:49:20.000;TSRA;NSW
2026-03-18 20:15:00.000;4265;ATR72-600;UDI;VCP;RAO;2026-03-18 20:54:20.000;TSRA;NSW
2026-03-18 20:40:00.000;4591;A320-251NEO;BPS;VCP;RAO;2026-03-18 21:08:19.199;TSRA;NSW
2026-03-18 20:50:00.000;4270;ATR72-600;RAO;VCP;RAO;2026-03-18 21:29:20.000;TSRA;NSW
2026-03-18 21:30:00.000;4195;A320-253NEO;SSA;VCP;RAO;2026-03-18 21:58:19.199;TSRA;NSW
2026-03-18 22:20:00.000;4011;A320-251NEO;IOS;VCP;RAO;2026-03-18 22:48:19.199;TSRA;NSW
2026-03-18 22:50:00.000;4339;A320-253NEO;CGB;VCP;RAO;2026-03-18 23:18:19.199;TSRA;NSW
2026-03-18 22:50:00.000;4222;ATR72-600;MII;VCP;RAO;2026-03-18 23:29:20.000;TSRA;NSW
2026-03-18 23:20:00.000;2705;A320-251NEO;BEL;VCP;RAO;2026-03-18 23:48:19.199;TSRA;NSW
2026-03-20 17:35:00.000;4518;A320-253NEO;MCZ;VCP;RAO;2026-03-20 18:03:19.199;TSRA;NSW
2026-03-20 19:25:00.000;4073;A320-251NEO;MAO;VCP;RAO;2026-03-20 19:53:19.199;TSRA;NSW
2026-03-20 19:50:00.000;4991;A320-253NEO;CXJ;VCP;RAO;2026-03-20 20:18:19.199;TSRA;NSW
2026-03-20 19:55:00.000;4867;A320-251NEO;GYN;VCP;RAO;2026-03-20 20:23:19.199;TSRA;NSW
2026-03-20 19:55:00.000;2727;A320-251NEO;POA;VCP;RAO;2026-03-20 20:23:19.199;TSRA;NSW
2026-03-20 19:45:00.000;4309;ATR72-600;LDB;VCP;RAO;2026-03-20 20:24:20.000;TSRA;NSW
2026-03-20 19:45:00.000;4520;ATR72-600;PPB;VCP;RAO;2026-03-20 20:24:20.000;TSRA;NSW
2026-03-20 19:50:00.000;4140;ATR72-600;SJP;VCP;RAO;2026-03-20 20:29:20.000;TSRA;NSW
2026-03-20 20:05:00.000;4281;A320-253NEO;VIX;VCP;RAO;2026-03-20 20:33:19.199;TSRA;NSW
2026-03-20 20:20:00.000;4247;A320-253NEO;CGR;VCP;RAO;2026-03-20 20:48:19.199;TSRA;NSW
2026-03-20 20:10:00.000;4611;ATR72-600;MGF;VCP;RAO;2026-03-20 20:49:20.000;TSRA;NSW
2026-03-20 20:15:00.000;4265;ATR72-600;UDI;VCP;RAO;2026-03-20 20:54:20.000;TSRA;NSW
2026-03-20 20:40:00.000;4591;A320-253NEO;BPS;VCP;RAO;2026-03-20 21:08:19.199;TSRA;NSW
2026-03-20 20:50:00.000;4270;ATR72-600;RAO;VCP;RAO;2026-03-20 21:29:20.000;TSRA;NSW
2026-03-20 21:30:00.000;4195;A320-251NEO;SSA;VCP;RAO;2026-03-20 21:58:19.199;TSRA;NSW
2026-03-20 22:20:00.000;4011;A320-253NEO;IOS;VCP;RAO;2026-03-20 22:48:19.199;TSRA;NSW
2026-03-20 22:25:00.000;4373;A320-251NEO;VCP;UDI;RAO;2026-03-20 22:58:00.000;TSRA;NSW
2026-03-31 17:35:00.000;4518;A320-251NEO;MCZ;VCP;RAO;2026-03-31 18:03:19.199;TSRA;VCSH VCTS
2026-04-04 19:50:00.000;4991;A320-251NEO;CXJ;VCP;RAO;2026-04-04 20:18:19.199;TSRA;NSW
2026-04-04 19:45:00.000;4520;ATR72-600;PPB;VCP;RAO;2026-04-04 20:24:20.000;TSRA;NSW
2026-04-04 19:50:00.000;4140;ATR72-600;SJP;VCP;RAO;2026-04-04 20:29:20.000;TSRA;NSW
2026-04-06 20:40:00.000;4591;A320-251NEO;BPS;VCP;RAO;2026-04-06 21:08:19.199;TSRA;NSW
2026-04-06 20:50:00.000;4270;ATR72-600;RAO;VCP;RAO;2026-04-06 21:29:20.000;TSRA;NSW
2026-04-06 21:40:00.000;9801;A320-251NEO;MCP;VCP;RAO;2026-04-06 22:08:19.199;TSRA;NSW
2026-04-06 22:05:00.000;4195;A320-251NEO;SSA;VCP;RAO;2026-04-06 22:33:19.199;TSRA;NSW
2026-04-06 22:20:00.000;4011;A320-251NEO;IOS;VCP;RAO;2026-04-06 22:48:19.199;TSRA;NSW
2026-04-06 23:00:00.000;4222;ATR72-600;MII;VCP;RAO;2026-04-06 23:39:20.000;TSRA;NSW
2026-04-06 23:25:00.000;2705;A320-253NEO;BEL;VCP;RAO;2026-04-06 23:53:19.199;TSRA;NSW
2026-04-06 23:15:00.000;4794;ATR72-600;SJP;VCP;RAO;2026-04-06 23:54:20.000;TSRA;NSW
2026-04-06 23:20:00.000;4202;ATR72-600;JOI;VCP;RAO;2026-04-06 23:59:20.000;TSRA;NSW
2026-04-07 19:10:00.000;4022;A320-253NEO;MAO;VCP;RAO;2026-04-07 19:38:19.199;TSRA;NSW
2026-04-07 19:25:00.000;4503;ATR72-600;PTO;VCP;RAO;2026-04-07 20:04:20.000;TSRA;NSW
2026-04-08 08:00:00.000;4054;A320-251NEO;BEL;VCP;RAO;2026-04-08 08:28:19.199;TSRA;NSW
2026-04-08 08:10:00.000;4221;A320-253NEO;PNZ;VCP;RAO;2026-04-08 08:38:19.199;TSRA;NSW
2026-04-08 08:30:00.000;2736;A320-251NEO;JPA;VCP;RAO;2026-04-08 08:58:19.199;TSRA;NSW
2026-04-08 08:40:00.000;2873;A320-253NEO;MCZ;VCP;RAO;2026-04-08 09:08:19.199;TSRA;NSW
2026-04-08 15:40:00.000;2688;A320-251NEO;POA;VCP;RAO;2026-04-08 16:08:19.199;TSRA;NSW
2026-04-08 15:40:00.000;5093;A320-251NEO;VIX;VCP;RAO;2026-04-08 16:08:19.199;TSRA;NSW
2026-04-08 15:30:00.000;4334;ATR72-600;JOI;VCP;RAO;2026-04-08 16:09:20.000;TSRA;NSW
2026-04-08 15:45:00.000;4241;ATR72-600;UDI;VCP;RAO;2026-04-08 16:24:20.000;TSRA;NSW
2026-04-08 16:00:00.000;4766;ATR72-600;RAO;VCP;RAO;2026-04-08 16:39:20.000;TSRA;NSW
2026-04-08 16:20:00.000;2928;A320-251NEO;PMW;VCP;RAO;2026-04-08 16:48:19.199;TSRA;NSW
2026-04-08 16:50:00.000;4215;A320-251NEO;SSA;VCP;RAO;2026-04-08 17:18:19.199;TSRA;NSW
2026-04-08 17:05:00.000;5041;A320-251NEO;CGB;VCP;RAO;2026-04-08 17:33:19.199;TSRA;NSW
2026-04-08 17:10:00.000;4876;ATR72-600;SJP;VCP;RAO;2026-04-08 17:49:20.000;TSRA;NSW
2026-04-09 17:35:00.000;4518;A320-251NEO;MCZ;VCP;RAO;2026-04-09 18:03:19.199;TSRA;NSW
2026-04-09 19:10:00.000;4022;A320-251NEO;MAO;VCP;RAO;2026-04-09 19:38:19.199;TSRA;NSW
2026-04-09 19:25:00.000;4503;ATR72-600;PTO;VCP;RAO;2026-04-09 20:04:20.000;TSRA;NSW
2026-04-09 19:50:00.000;4991;A320-253NEO;CXJ;VCP;RAO;2026-04-09 20:18:19.199;TSRA;NSW
2026-04-09 19:40:00.000;2631;ATR72-600;IZA;VCP;RAO;2026-04-09 20:19:20.000;TSRA;NSW
2026-04-09 19:55:00.000;4867;A320-251NEO;GYN;VCP;RAO;2026-04-09 20:23:19.199;TSRA;NSW
2026-04-09 19:45:00.000;4520;ATR72-600;PPB;VCP;RAO;2026-04-09 20:24:20.000;TSRA;NSW
2026-04-09 20:00:00.000;2727;A320-251NEO;POA;VCP;RAO;2026-04-09 20:28:19.199;TSRA;NSW
2026-04-09 20:05:00.000;4281;A320-251NEO;VIX;VCP;RAO;2026-04-09 20:33:19.199;TSRA;NSW
2026-04-09 20:15:00.000;4265;ATR72-600;UDI;VCP;RAO;2026-04-09 20:54:20.000;TSRA;NSW
2026-04-09 20:40:00.000;4591;A320-251NEO;BPS;VCP;RAO;2026-04-09 21:08:19.199;TSRA;NSW
2026-04-09 20:50:00.000;4270;ATR72-600;RAO;VCP;RAO;2026-04-09 21:29:20.000;TSRA;NSW
2026-04-09 22:05:00.000;4195;A320-253NEO;SSA;VCP;RAO;2026-04-09 22:33:19.199;TSRA;NSW
2026-04-09 22:20:00.000;4011;A320-251NEO;IOS;VCP;RAO;2026-04-09 22:48:19.199;TSRA;NSW
2026-04-09 23:00:00.000;4222;ATR72-600;MII;VCP;RAO;2026-04-09 23:39:20.000;TSRA;NSW
2026-04-09 23:25:00.000;2705;A320-251NEO;BEL;VCP;RAO;2026-04-09 23:53:19.199;TSRA;NSW
2026-04-09 23:15:00.000;4794;ATR72-600;SJP;VCP;RAO;2026-04-09 23:54:20.000;TSRA;NSW
2026-04-09 23:20:00.000;4202;ATR72-600;JOI;VCP;RAO;2026-04-09 23:59:20.000;TSRA;NSW
2026-04-18 19:05:00.000;2512;A320-251NEO;BPS;JTC;RAO;2026-04-18 19:27:48.000;TSRA;NSW
2026-04-18 19:10:00.000;4022;A320-251NEO;MAO;VCP;RAO;2026-04-18 19:38:19.199;TSRA;NSW
2026-04-18 19:25:00.000;2592;A320-251NEO;REC;UDI;RAO;2026-04-18 19:58:00.000;TSRA;NSW
2026-04-18 19:30:00.000;2401;A320-251NEO;NAT;VCP;RAO;2026-04-18 19:58:19.199;TSRA;NSW
2026-04-18 19:20:00.000;2710;ATR72-600;JOI;VCP;RAO;2026-04-18 19:59:20.000;TSRA;NSW
2026-04-18 19:50:00.000;4991;A320-253NEO;CXJ;VCP;RAO;2026-04-18 20:18:19.199;TSRA;NSW
2026-04-18 19:40:00.000;2631;ATR72-600;IZA;VCP;RAO;2026-04-18 20:19:20.000;TSRA;NSW
2026-04-18 19:45:00.000;4520;ATR72-600;PPB;VCP;RAO;2026-04-18 20:24:20.000;TSRA;NSW
2026-04-18 19:50:00.000;4140;ATR72-600;SJP;VCP;RAO;2026-04-18 20:29:20.000;TSRA;NSW
2026-04-18 20:20:00.000;9803;A320-251NEO;UDI;VCP;RAO;2026-04-18 20:48:19.199;TSRA;NSW
2026-04-18 20:55:00.000;4265;ATR72-600;UDI;VCP;RAO;2026-04-18 21:34:20.000;TSRA;NSW
2026-04-18 21:25:00.000;2594;A320-251NEO;NAT;UDI;RAO;2026-04-18 21:58:00.000;TSRA;NSW
2026-04-27 17:35:00.000;4518;A320-251NEO;MCZ;VCP;RAO;2026-04-27 18:03:19.199;TS;NSW
2026-04-27 17:40:00.000;9351;ATR72-600;XAP;VCP;RAO;2026-04-27 18:19:20.000;TS;NSW
2026-04-27 19:10:00.000;4022;A320-251NEO;MAO;VCP;RAO;2026-04-27 19:38:19.199;TS;NSW
2026-04-27 19:50:00.000;4991;A320-251NEO;CXJ;VCP;RAO;2026-04-27 20:18:19.199;TS;NSW
2026-04-27 19:40:00.000;2631;ATR72-600;IZA;VCP;RAO;2026-04-27 20:19:20.000;TS;NSW
2026-04-27 19:55:00.000;4867;A320-253NEO;GYN;VCP;RAO;2026-04-27 20:23:19.199;TS;NSW
2026-04-27 19:55:00.000;2727;A320-251NEO;POA;VCP;RAO;2026-04-27 20:23:19.199;TS;NSW
2026-04-27 19:45:00.000;4520;ATR72-600;PPB;VCP;RAO;2026-04-27 20:24:20.000;TS;NSW
2026-04-27 19:50:00.000;4140;ATR72-600;SJP;VCP;RAO;2026-04-27 20:29:20.000;TS;NSW
2026-04-27 20:05:00.000;4281;A320-251NEO;VIX;VCP;RAO;2026-04-27 20:33:19.199;TS;NSW
2026-04-27 20:05:00.000;4611;ATR72-600;MGF;VCP;RAO;2026-04-27 20:44:20.000;TS;NSW
2026-04-27 20:15:00.000;4265;ATR72-600;UDI;VCP;RAO;2026-04-27 20:54:20.000;TS;NSW
2026-04-27 20:40:00.000;4591;A320-253NEO;BPS;VCP;RAO;2026-04-27 21:08:19.199;TS;NSW
2026-04-27 20:50:00.000;4270;ATR72-600;RAO;VCP;RAO;2026-04-27 21:29:20.000;TS;NSW
2026-04-27 22:05:00.000;4195;A320-251NEO;SSA;VCP;RAO;2026-04-27 22:33:19.199;TS;NSW
2026-04-27 22:20:00.000;4011;A320-251NEO;IOS;VCP;RAO;2026-04-27 22:48:19.199;TS;NSW
2026-04-27 22:40:00.000;4339;A320-251NEO;CGB;VCP;RAO;2026-04-27 23:08:19.199;TS;NSW
2026-04-27 23:00:00.000;4222;ATR72-600;MII;VCP;RAO;2026-04-27 23:39:20.000;TS;NSW
2026-04-27 23:25:00.000;2705;A320-251NEO;BEL;VCP;RAO;2026-04-27 23:53:19.199;TS;NSW
2026-04-27 23:20:00.000;4202;ATR72-600;JOI;VCP;RAO;2026-04-27 23:59:20.000;TS;NSW
2026-05-17 18:55:00.000;2592;A320-251NEO;REC;UDI;RAO;2026-05-17 19:28:00.000;TSRA BR;NSW
2026-05-17 19:10:00.000;4022;A320-251NEO;MAO;VCP;RAO;2026-05-17 19:38:19.199;TSRA BR;NSW
2026-05-17 19:30:00.000;2401;A320-251NEO;NAT;VCP;RAO;2026-05-17 19:58:19.199;TSRA BR;NSW
2026-05-17 20:35:00.000;2409;A320-251NEO;BPS;VCP;RAO;2026-05-17 21:03:19.199;TSRA BR;NSW
2026-05-17 21:30:00.000;4031;A320-251NEO;CWB;VCP;RAO;2026-05-17 21:58:19.199;TSRA BR;NSW
2026-05-17 22:40:00.000;4339;A320-251NEO;CGB;VCP;RAO;2026-05-17 23:08:19.199;TSRA BR;NSW
2026-05-17 22:50:00.000;2501;A320-251NEO;MCZ;VCP;RAO;2026-05-17 23:18:19.199;TSRA BR;NSW
2026-05-17 23:00:00.000;4222;ATR72-600;MII;VCP;RAO;2026-05-17 23:39:20.000;TSRA BR;NSW
2026-05-17 23:25:00.000;2705;A320-251NEO;BEL;VCP;RAO;2026-05-17 23:53:19.199;TSRA BR;NSW
2026-05-17 23:20:00.000;4202;ATR72-600;JOI;VCP;RAO;2026-05-17 23:59:20.000;TSRA BR;NSW
2026-05-19 08:00:00.000;4054;A320-251NEO;BEL;VCP;RAO;2026-05-19 08:28:19.199;TSRA;NSW
2026-05-19 08:05:00.000;4221;A320-251NEO;PNZ;VCP;RAO;2026-05-19 08:33:19.199;TSRA;NSW
2026-05-19 08:20:00.000;2679;A320-251NEO;JDO;VCP;RAO;2026-05-19 08:48:19.199;TSRA;NSW
2026-05-19 08:30:00.000;2736;A320-253NEO;JPA;VCP;RAO;2026-05-19 08:58:19.199;TSRA;NSW
2026-05-19 09:40:00.000;4335;A320-251NEO;REC;VCP;RAO;2026-05-19 10:08:19.199;TSRA;NSW
2026-05-19 09:45:00.000;6091;A320-251NEO;FOR;VCP;RAO;2026-05-19 10:13:19.199;TSRA;NSW
2026-05-19 09:45:00.000;4379;A320-251NEO;THE;VCP;RAO;2026-05-19 10:13:19.199;TSRA;NSW
2026-05-19 09:50:00.000;2717;ATR72-600;SJP;VCP;RAO;2026-05-19 10:29:20.000;TSRA;NSW
2026-05-19 09:55:00.000;4393;ATR72-600;UDI;VCP;RAO;2026-05-19 10:34:20.000;TSRA;NSW
2026-05-19 09:55:00.000;4211;ATR72-600;RAO;VCP;RAO;2026-05-19 10:34:20.000;TSRA;NSW
2026-05-19 10:20:00.000;4327;A320-251NEO;GYN;VCP;RAO;2026-05-19 10:48:19.199;TSRA;NSW
2026-05-19 10:15:00.000;4474;ATR72-600;PPB;VCP;RAO;2026-05-19 10:54:20.000;TSRA;NSW
2026-05-19 10:20:00.000;4169;ATR72-600;MGF;VCP;RAO;2026-05-19 10:59:20.000;TSRA;NSW
2026-05-19 10:40:00.000;4188;A320-251NEO;CNF;VCP;RAO;2026-05-19 11:08:19.199;TSRA;NSW
2026-05-19 10:40:00.000;4921;A320-253NEO;VIX;VCP;RAO;2026-05-19 11:08:19.199;TSRA;NSW
2026-05-19 10:45:00.000;6596;A320-251NEO;BSB;VCP;RAO;2026-05-19 11:13:19.199;TSRA;NSW
2026-05-19 10:55:00.000;2592;A320-251NEO;REC;UDI;RAO;2026-05-19 11:28:00.000;TSRA;NSW
2026-05-19 11:00:00.000;5064;A320-253NEO;GYN;VCP;RAO;2026-05-19 11:28:19.199;TSRA;NSW
2026-05-19 13:10:00.000;4027;A320-251NEO;SSA;VCP;RAO;2026-05-19 13:38:19.199;TSRA;NSW
2026-05-19 15:40:00.000;4991;A320-251NEO;CXJ;VCP;RAO;2026-05-19 16:08:19.199;TSRA;NSW
2026-05-19 15:30:00.000;4334;ATR72-600;JOI;VCP;RAO;2026-05-19 16:09:20.000;TSRA;NSW
2026-05-19 15:45:00.000;4241;ATR72-600;UDI;VCP;RAO;2026-05-19 16:24:20.000;TSRA;NSW
2026-05-19 16:05:00.000;4028;A320-251NEO;GIG;VCP;RAO;2026-05-19 16:33:19.199;TSRA;NSW
2026-05-19 16:15:00.000;2876;A320-251NEO;REC;VCP;RAO;2026-05-19 16:43:19.199;TSRA;NSW
2026-05-19 16:20:00.000;2928;A320-251NEO;PMW;VCP;RAO;2026-05-19 16:48:19.199;TSRA;NSW
2026-05-19 16:50:00.000;4215;A320-251NEO;SSA;VCP;RAO;2026-05-19 17:18:19.199;TSRA;NSW
2026-05-19 17:10:00.000;5041;A320-253NEO;CGB;VCP;RAO;2026-05-19 17:38:19.199;TSRA;NSW
2026-05-19 17:25:00.000;4518;A320-251NEO;MCZ;VCP;RAO;2026-05-19 17:53:19.199;TSRA;NSW
2026-06-13 17:35:00.000;4518;A320-253NEO;MCZ;VCP;RAO;2026-06-13 18:03:19.199;TSRA;NSW
2026-06-13 19:05:00.000;2512;A320-251NEO;BPS;JTC;RAO;2026-06-13 19:27:48.000;TSRA;-RA
2026-06-13 19:15:00.000;4022;A320-251NEO;MAO;VCP;RAO;2026-06-13 19:43:19.199;TSRA;-RA
2026-06-13 19:10:00.000;4270;ATR72-600;RAO;VCP;RAO;2026-06-13 19:49:20.000;TSRA;-RA
2026-06-13 19:25:00.000;2592;A320-251NEO;REC;UDI;RAO;2026-06-13 19:58:00.000;TSRA;-RA
2026-06-13 19:30:00.000;2401;A320-251NEO;NAT;VCP;RAO;2026-06-13 19:58:19.199;TSRA;-RA
2026-06-13 19:50:00.000;2407;A320-253NEO;IGU;VCP;RAO;2026-06-13 20:18:19.199;TSRA;-RA
2026-06-13 19:40:00.000;2631;ATR72-600;IZA;VCP;RAO;2026-06-13 20:19:20.000;TSRA;-RA
2026-06-13 19:45:00.000;4520;ATR72-600;PPB;VCP;RAO;2026-06-13 20:24:20.000;TSRA;-RA
2026-06-13 20:00:00.000;2409;A320-251NEO;BPS;VCP;RAO;2026-06-13 20:28:19.199;TSRA;-RA
2026-06-13 19:50:00.000;4140;ATR72-600;SJP;VCP;RAO;2026-06-13 20:29:20.000;TSRA;-RA
2026-06-13 20:00:00.000;4611;ATR72-600;MGF;VCP;RAO;2026-06-13 20:39:20.000;TSRA;-RA
2026-06-13 20:15:00.000;4265;ATR72-600;UDI;VCP;RAO;2026-06-13 20:54:20.000;TSRA;-RA
2026-06-13 20:30:00.000;2402;A320-251NEO;BPS;VCP;RAO;2026-06-13 20:58:19.199;TSRA;-RA
2026-06-13 21:25:00.000;2594;A320-253NEO;NAT;UDI;RAO;2026-06-13 21:58:00.000;TSRA;NSW
2026-06-13 22:25:00.000;4195;A320-251NEO;SSA;VCP;RAO;2026-06-13 22:53:19.199;TSRA;NSW
2026-06-14 17:35:00.000;4518;A320-251NEO;MCZ;VCP;RAO;2026-06-14 18:03:19.199;TSRA;NSW
2026-06-14 18:55:00.000;2592;A320-253NEO;REC;UDI;RAO;2026-06-14 19:28:00.000;TSRA;NSW
2026-06-14 19:15:00.000;4022;A320-251NEO;MAO;VCP;RAO;2026-06-14 19:43:19.199;TSRA;NSW
2026-06-14 19:30:00.000;2401;A320-251NEO;NAT;VCP;RAO;2026-06-14 19:58:19.199;TSRA;NSW
2026-06-14 19:25:00.000;4270;ATR72-600;RAO;VCP;RAO;2026-06-14 20:04:20.000;TSRA;NSW
2026-06-14 19:35:00.000;4520;ATR72-600;PPB;VCP;RAO;2026-06-14 20:14:20.000;TSRA;NSW
2026-06-14 19:40:00.000;2631;ATR72-600;IZA;VCP;RAO;2026-06-14 20:19:20.000;TSRA;NSW
2026-06-14 19:50:00.000;4140;ATR72-600;SJP;VCP;RAO;2026-06-14 20:29:20.000;TSRA;NSW
2026-06-14 20:00:00.000;4611;ATR72-600;MGF;VCP;RAO;2026-06-14 20:39:20.000;TSRA;NSW
2026-06-14 20:15:00.000;4265;ATR72-600;UDI;VCP;RAO;2026-06-14 20:54:20.000;TSRA;NSW
2026-06-14 20:30:00.000;2409;A320-251NEO;BPS;VCP;RAO;2026-06-14 20:58:19.199;TSRA;NSW
2026-06-14 20:20:00.000;9800;ATR72-600;CNF;VCP;RAO;2026-06-14 20:59:20.000;TSRA;NSW
2026-06-14 21:05:00.000;2411;A320-251NEO;IOS;VCP;RAO;2026-06-14 21:33:19.199;TSRA;NSW
2026-06-23 17:35:00.000;4518;A320-253NEO;MCZ;VCP;RAO;2026-06-23 18:03:19.199;TSRA;-RA BR
2026-06-23 19:15:00.000;4022;A320-251NEO;MAO;VCP;RAO;2026-06-23 19:43:19.199;TSRA;-RA
2026-06-23 19:35:00.000;4503;ATR72-600;PTO;VCP;RAO;2026-06-23 20:14:20.000;TSRA;-RA
2026-06-23 19:50:00.000;4726;A320-253NEO;IGU;VCP;RAO;2026-06-23 20:18:19.199;TSRA;-RA
2026-06-23 19:40:00.000;2631;ATR72-600;IZA;VCP;RAO;2026-06-23 20:19:20.000;TSRA;-RA
2026-06-23 19:55:00.000;4867;A320-251NEO;GYN;VCP;RAO;2026-06-23 20:23:19.199;TSRA;-RA
2026-06-23 19:55:00.000;2727;A320-251NEO;POA;VCP;RAO;2026-06-23 20:23:19.199;TSRA;-RA
2026-06-23 19:45:00.000;4520;ATR72-600;PPB;VCP;RAO;2026-06-23 20:24:20.000;TSRA;-RA
2026-06-23 19:50:00.000;4140;ATR72-600;SJP;VCP;RAO;2026-06-23 20:29:20.000;TSRA;-RA
2026-06-23 20:05:00.000;4281;A320-251NEO;VIX;VCP;RAO;2026-06-23 20:33:19.199;TSRA;-RA
2026-06-23 20:10:00.000;4630;A320-251NEO;NVT;VCP;RAO;2026-06-23 20:38:19.199;TSRA;-RA
2026-06-23 20:00:00.000;4611;ATR72-600;MGF;VCP;RAO;2026-06-23 20:39:20.000;TSRA;-RA
2026-06-23 20:25:00.000;4285;A320-251NEO;CGR;VCP;RAO;2026-06-23 20:53:19.199;TSRA;-RA
2026-06-23 20:15:00.000;4265;ATR72-600;UDI;VCP;RAO;2026-06-23 20:54:20.000;TSRA;-RA
2026-06-23 20:35:00.000;4591;A320-251NEO;BPS;VCP;RAO;2026-06-23 21:03:19.199;TSRA;-RA
2026-06-23 21:15:00.000;4087;A320-251NEO;GIG;VCP;RAO;2026-06-23 21:43:19.199;TSRA;-RA
2026-06-23 22:20:00.000;4011;A320-251NEO;IOS;VCP;RAO;2026-06-23 22:48:19.199;TSRA;-RA
2026-07-24 19:10:00.000;4022;A320-251NEO;MAO;VCP;RAO;2026-07-24 19:38:19.199;TSRA BR;-RA BR
2026-07-24 19:20:00.000;4669;A320-251NEO;FOR;VCP;RAO;2026-07-24 19:48:19.199;TSRA BR;RA BR
2026-07-24 19:20:00.000;8735;A320-253NEO;MDZ;VCP;RAO;2026-07-24 19:48:19.199;TSRA BR;RA BR
2026-07-24 19:15:00.000;2710;ATR72-600;JOI;VCP;RAO;2026-07-24 19:54:20.000;TSRA BR;RA BR
2026-07-24 19:35:00.000;2631;ATR72-600;IZA;VCP;RAO;2026-07-24 20:14:20.000;TSRA BR;-RA BR
2026-07-24 19:50:00.000;4726;A320-251NEO;IGU;VCP;RAO;2026-07-24 20:18:19.199;TSRA BR;-RA BR
2026-07-24 19:55:00.000;4867;A320-253NEO;GYN;VCP;RAO;2026-07-24 20:23:19.199;TSRA BR;-RA BR
2026-07-24 19:45:00.000;4520;ATR72-600;PPB;VCP;RAO;2026-07-24 20:24:20.000;TSRA BR;-RA BR
2026-07-24 19:50:00.000;4140;ATR72-600;SJP;VCP;RAO;2026-07-24 20:29:20.000;TSRA BR;-RA BR
2026-07-24 20:05:00.000;4281;A320-251NEO;VIX;VCP;RAO;2026-07-24 20:33:19.199;TSRA BR;-RA BR
2026-07-24 20:00:00.000;4611;ATR72-600;MGF;VCP;RAO;2026-07-24 20:39:20.000;TSRA BR;-RA BR
2026-07-24 20:25:00.000;4591;A320-251NEO;BPS;VCP;RAO;2026-07-24 20:53:19.199;TSRA BR;-RA BR
2026-07-24 20:15:00.000;4265;ATR72-600;UDI;VCP;RAO;2026-07-24 20:54:20.000;TSRA BR;-RA BR
2026-07-24 23:30:00.000;2341;A320-251NEO;GYN;UDI;RAO;2026-07-25 00:03:00.000;TSRA;NSW
2026-07-24 23:50:00.000;2215;A320-251NEO;BPS;VCP;RAO;2026-07-25 00:18:19.199;TSRA;NSW
2026-07-24 23:50:00.000;4076;A320-251NEO;OPS;VCP;RAO;2026-07-25 00:18:19.199;TSRA;NSW
2026-07-24 23:55:00.000;4013;A320-251NEO;MAO;VCP;RAO;2026-07-25 00:23:19.199;TSRA;NSW
2026-07-24 23:45:00.000;4119;ATR72-600;RAO;VCP;RAO;2026-07-25 00:24:20.000;TSRA;NSW
2026-07-25 00:10:00.000;2799;A320-251NEO;FOR;VCP;RAO;2026-07-25 00:38:19.199;TSRA;NSW
2026-07-25 00:05:00.000;4650;ATR72-600;LDB;VCP;RAO;2026-07-25 00:44:20.000;TSRA;NSW
2026-07-25 00:20:00.000;2830;A320-251NEO;POA;VCP;RAO;2026-07-25 00:48:19.199;TSRA;NSW
2026-07-25 00:10:00.000;4279;ATR72-600;MGF;VCP;RAO;2026-07-25 00:49:20.000;TSRA;NSW
2026-07-25 00:15:00.000;4374;ATR72-600;UDI;VCP;RAO;2026-07-25 00:54:20.000;TSRA;NSW
2026-07-25 00:30:00.000;4865;A320-251NEO;IGU;VCP;RAO;2026-07-25 00:58:19.199;TSRA;NSW
2026-07-25 00:35:00.000;2912;A320-251NEO;NAT;VCP;RAO;2026-07-25 01:03:19.199;TSRA;-RA
2026-07-25 00:40:00.000;2945;A320-253NEO;VIX;VCP;RAO;2026-07-25 01:08:19.199;TSRA;-RA
2026-07-25 00:45:00.000;4567;A320-251NEO;GYN;VCP;RAO;2026-07-25 01:13:19.199;TSRA;-RA
2026-07-25 01:00:00.000;2983;A320-251NEO;CGB;VCP;RAO;2026-07-25 01:28:19.199;TSRA;-RA
2026-07-25 01:15:00.000;4041;A320-253NEO;GIG;VCP;RAO;2026-07-25 01:43:19.199;TSRA;-RA
2026-07-25 01:40:00.000;9001;A320-253NEO;FLN;VCP;RAO;2026-07-25 02:08:19.199;TSRA;NSW
2026-07-25 02:10:00.000;2681;A320-253NEO;POA;VCP;RAO;2026-07-25 02:38:19.199;TSRA;NSW
2026-07-25 19:05:00.000;2512;A320-251NEO;BPS;JTC;RAO;2026-07-25 19:27:48.000;TSRA;-RA
2026-07-25 19:10:00.000;4022;A320-251NEO;MAO;VCP;RAO;2026-07-25 19:38:19.199;TSRA;-RA
2026-07-25 19:05:00.000;4270;ATR72-600;RAO;VCP;RAO;2026-07-25 19:44:20.000;TSRA;-RA
2026-07-25 19:20:00.000;4669;A320-251NEO;FOR;VCP;RAO;2026-07-25 19:48:19.199;TSRA;-RA
2026-07-25 19:20:00.000;2823;A320-251NEO;REC;VCP;RAO;2026-07-25 19:48:19.199;TSRA;-RA
2026-07-25 19:20:00.000;9012;A320-253NEO;CNF;VCP;RAO;2026-07-25 19:48:19.199;TSRA;-RA
2026-07-25 19:15:00.000;2710;ATR72-600;JOI;VCP;RAO;2026-07-25 19:54:20.000;TSRA;-RA
2026-07-25 19:25:00.000;2592;A320-253NEO;REC;UDI;RAO;2026-07-25 19:58:00.000;TSRA;-RA
2026-07-25 19:30:00.000;2401;A320-251NEO;NAT;VCP;RAO;2026-07-25 19:58:19.199;TSRA;-RA
2026-07-25 19:45:00.000;2409;A320-251NEO;BPS;VCP;RAO;2026-07-25 20:13:19.199;TSRA;-RA
2026-07-25 19:35:00.000;2631;ATR72-600;IZA;VCP;RAO;2026-07-25 20:14:20.000;TSRA;-RA
2026-07-25 19:45:00.000;4520;ATR72-600;PPB;VCP;RAO;2026-07-25 20:24:20.000;TSRA;-RA
2026-07-25 19:50:00.000;4140;ATR72-600;SJP;VCP;RAO;2026-07-25 20:29:20.000;TSRA;-RA
2026-07-25 20:00:00.000;4611;ATR72-600;MGF;VCP;RAO;2026-07-25 20:39:20.000;TSRA;-RA
2026-07-25 20:25:00.000;2402;A320-251NEO;BPS;VCP;RAO;2026-07-25 20:53:19.199;TSRA;-RA
2026-07-25 20:15:00.000;4265;ATR72-600;UDI;VCP;RAO;2026-07-25 20:54:20.000;TSRA;-RA
2026-07-25 20:30:00.000;9053;A320-251NEO;JPA;VCP;RAO;2026-07-25 20:58:19.199;TSRA;-RA
2025-08-02 05:20:00.000;2611;A320-251NEO;CNF;PVH;RBR;2025-08-02 06:19:11.040;TS;NSW
2025-08-02 17:25:00.000;4598;A320-251NEO;RBR;PVH;RBR;2025-08-02 18:24:11.040;TSRA;NSW
2025-10-03 05:20:00.000;2612;A320-251NEO;CNF;PVH;RBR;2025-10-03 06:19:11.040;TSRA;NSW
2025-10-24 05:20:00.000;2612;A320-251NEO;CNF;PVH;RBR;2025-10-24 06:19:11.040;TS;NSW
2025-11-26 05:20:00.000;2612;A320-251NEO;CNF;PVH;RBR;2025-11-26 06:19:11.040;TSRA BR;NSW
2026-01-21 17:20:00.000;9350;A320-251NEO;MAO;PVH;RBR;2026-01-21 18:19:11.040;TSRA;NSW
2026-01-23 05:20:00.000;2612;A320-251NEO;CNF;PVH;RBR;2026-01-23 06:19:11.040;TSRA;NSW
2026-03-15 05:20:00.000;2612;A320-251NEO;CNF;PVH;RBR;2026-03-15 06:19:11.040;TSRA;NSW
2026-03-25 05:20:00.000;2612;A320-251NEO;CNF;PVH;RBR;2026-03-25 06:19:11.040;TSRA BR;RA
2026-04-17 22:00:00.000;9351;A320-251NEO;CGB;PVH;RBR;2026-04-17 22:59:11.040;TSRA;NSW
2026-04-24 05:20:00.000;2612;A320-251NEO;CNF;PVH;RBR;2026-04-24 06:19:11.040;TSRA BR;NSW
2025-12-08 20:20:00.000;2575;A320-251NEO;CNF;MCZ;REC;2025-12-08 20:43:28.320;TSRA;NSW
2025-12-09 04:30:00.000;4424;A320-251NEO;VCP;JPA;REC;2025-12-09 04:44:06.720;TSRA;NSW
2025-12-09 05:00:00.000;4259;A320-253NEO;CNF;MCZ;REC;2025-12-09 05:23:28.320;TSRA;NSW
2026-02-08 04:25:00.000;2558;A320-251NEO;VCP;JPA;REC;2026-02-08 04:39:06.720;TSRA;NSW
2026-02-08 04:20:00.000;2489;A320-251NEO;RAO;MCZ;REC;2026-02-08 04:43:28.320;TSRA;NSW
2026-02-08 05:00:00.000;2486;A320-251NEO;CNF;MCZ;REC;2026-02-08 05:23:28.320;TSRA;NSW
2026-02-13 04:30:00.000;4424;A320-251NEO;VCP;JPA;REC;2026-02-13 04:44:06.720;TSRA;NSW
2026-02-13 05:00:00.000;4259;A320-251NEO;CNF;MCZ;REC;2026-02-13 05:23:28.320;TSRA;NSW
2026-03-03 20:20:00.000;2575;A320-251NEO;CNF;MCZ;REC;2026-03-03 20:43:28.320;TS;NSW
2026-04-01 12:35:00.000;4556;ATR72-600;REC;MCZ;REC;2026-04-01 13:07:36.000;TSRA BR;VCSH
2026-04-01 13:45:00.000;2647;A320-251NEO;CNF;JPA;REC;2026-04-01 13:59:06.720;TSRA BR;VCSH
2026-04-01 14:00:00.000;4025;A320-251NEO;VCP;MCZ;REC;2026-04-01 14:23:28.320;TSRA BR;-RA BR
2026-04-07 12:35:00.000;4556;ATR72-600;REC;MCZ;REC;2026-04-07 13:07:36.000;TSRA;NSW
2026-04-07 13:45:00.000;2647;A320-253NEO;CNF;JPA;REC;2026-04-07 13:59:06.720;TSRA;NSW
2026-04-07 14:00:00.000;4025;A320-251NEO;VCP;MCZ;REC;2026-04-07 14:23:28.320;TSRA;VCSH
2026-04-08 12:35:00.000;4556;ATR72-600;REC;MCZ;REC;2026-04-08 13:07:36.000;TSRA;-RA BR
2026-04-08 13:45:00.000;2647;A320-251NEO;CNF;JPA;REC;2026-04-08 13:59:06.720;TSRA;-RA BR
2026-04-08 14:00:00.000;4025;A320-251NEO;VCP;MCZ;REC;2026-04-08 14:23:28.320;TSRA;-RA BR
2026-04-23 20:20:00.000;2575;A320-251NEO;CNF;MCZ;REC;2026-04-23 20:43:28.320;TSRA;RA BR
2026-04-24 20:20:00.000;2575;A320-251NEO;CNF;MCZ;REC;2026-04-24 20:43:28.320;TSRA;NSW
2026-04-24 21:20:00.000;2750;ATR72-600;REC;MCZ;REC;2026-04-24 21:52:36.000;TSRA;NSW
2026-05-05 04:30:00.000;4424;A320-251NEO;VCP;JPA;REC;2026-05-05 04:44:06.720;TSRA;-RA BR
2026-06-07 03:20:00.000;2489;A320-251NEO;RAO;MCZ;REC;2026-06-07 03:43:28.320;TSRA;-RA BR
2026-06-07 04:30:00.000;2558;A320-251NEO;VCP;JPA;REC;2026-06-07 04:44:06.720;TSRA;-RA
2026-06-07 05:00:00.000;2486;A320-251NEO;CNF;MCZ;REC;2026-06-07 05:23:28.320;TSRA;-RA BR
2026-06-07 20:40:00.000;2466;A320-251NEO;SJP;MCZ;REC;2026-06-07 21:03:28.320;TSRA BR;NSW
2026-06-07 20:50:00.000;2507;A320-251NEO;RAO;MCZ;REC;2026-06-07 21:13:28.320;TSRA BR;NSW
2026-06-07 21:25:00.000;2750;ATR72-600;REC;MCZ;REC;2026-06-07 21:57:36.000;TSRA BR;NSW
2026-06-08 02:25:00.000;2200;ERJ;CGH;MCZ;REC;2026-06-08 02:48:28.320;TSRA BR;VCSH
2026-06-08 04:30:00.000;2453;A320-251NEO;VCP;JPA;REC;2026-06-08 04:44:06.720;TSRA BR;-RA
2026-06-08 05:00:00.000;4259;A320-251NEO;CNF;MCZ;REC;2026-06-08 05:23:28.320;TSRA BR;-RA
2025-08-04 10:40:00.000;2977;ATR72-600;CWB;POA;RIA;2025-08-04 11:24:08.000;TSRA;RA BR
2025-08-18 18:45:00.000;2997;ATR72-600;POA;URG;RIA;2025-08-18 19:43:14.000;TSRA;NSW
2025-08-18 20:55:00.000;2996;ATR72-600;URG;POA;RIA;2025-08-18 21:39:08.000;TSRA;-RA BR
2025-09-01 20:50:00.000;2996;ATR72-600;URG;POA;RIA;2025-09-01 21:34:08.000;-TSRA;NSW
2025-09-08 14:55:00.000;2993;ATR72-600;POA;GEL;RIA;2025-09-08 15:24:48.000;TSRA;-RA
2025-09-08 16:30:00.000;2992;ATR72-600;GEL;POA;RIA;2025-09-08 17:14:08.000;TSRA;-RA
2025-09-15 14:55:00.000;2993;ATR72-600;POA;GEL;RIA;2025-09-15 15:24:48.000;TSRA;-RA
2025-09-15 16:30:00.000;2992;ATR72-600;GEL;POA;RIA;2025-09-15 17:14:08.000;TSRA;-RA
2025-09-15 18:45:00.000;2997;ATR72-600;POA;URG;RIA;2025-09-15 19:43:14.000;TSRA;-RA BR
2025-09-15 20:50:00.000;2996;ATR72-600;URG;POA;RIA;2025-09-15 21:34:08.000;TSRA;-RA
2025-09-19 14:55:00.000;2993;ATR72-600;POA;GEL;RIA;2025-09-19 15:24:48.000;-TSRA;NSW
2025-09-19 16:30:00.000;2992;ATR72-600;GEL;POA;RIA;2025-09-19 17:14:08.000;-TSRA;NSW
2025-09-20 19:05:00.000;2953;ATR72-600;PET;POA;RIA;2025-09-20 19:49:08.000;TSRA;RA
2025-09-21 14:55:00.000;2993;ATR72-600;POA;GEL;RIA;2025-09-21 15:24:48.000;TSRA;NSW
2025-09-21 16:30:00.000;2992;ATR72-600;GEL;POA;RIA;2025-09-21 17:14:08.000;TSRA;VCTS
2025-09-21 18:45:00.000;2997;ATR72-600;POA;URG;RIA;2025-09-21 19:43:14.000;TSRA;VCTS
2025-09-22 10:40:00.000;2977;ATR72-600;CWB;POA;RIA;2025-09-22 11:24:08.000;TSRA;NSW
2025-09-30 19:05:00.000;2953;ATR72-600;PET;POA;RIA;2025-09-30 19:49:08.000;TSRA;NSW
2025-10-03 18:45:00.000;2997;ATR72-600;POA;URG;RIA;2025-10-03 19:43:14.000;TSRA;NSW
2025-10-04 16:00:00.000;2953;ATR72-600;PET;POA;RIA;2025-10-04 16:44:08.000;TSRA;NSW
2025-10-06 10:35:00.000;2977;ATR72-600;CWB;POA;RIA;2025-10-06 11:19:08.000;TSRA;-RA
2025-10-12 18:45:00.000;2997;ATR72-600;POA;URG;RIA;2025-10-12 19:43:14.000;TSRA;NSW
2025-10-12 20:50:00.000;2996;ATR72-600;URG;POA;RIA;2025-10-12 21:34:08.000;TSRA;-RA
2025-10-16 16:00:00.000;2953;ATR72-600;PET;POA;RIA;2025-10-16 16:44:08.000;TSRA;NSW
2025-10-16 19:10:00.000;2968;ATR72-600;RIA;POA;RIA;2025-10-16 19:54:08.000;TS;NSW
2025-11-02 16:30:00.000;2992;ATR72-600;GEL;POA;RIA;2025-11-02 17:14:08.000;TSRA;NSW
2025-11-02 18:45:00.000;2997;ATR72-600;POA;URG;RIA;2025-11-02 19:43:14.000;-TSRA;NSW
2025-11-12 20:50:00.000;2996;ATR72-600;URG;POA;RIA;2025-11-12 21:34:08.000;TSRA;NSW
2025-11-16 14:55:00.000;2993;ATR72-600;POA;GEL;RIA;2025-11-16 15:24:48.000;TSRA;NSW
2025-11-21 18:45:00.000;2997;ATR72-600;POA;URG;RIA;2025-11-21 19:43:14.000;TS;NSW
2025-11-21 20:50:00.000;2996;ATR72-600;URG;POA;RIA;2025-11-21 21:34:08.000;TS;NSW
2025-12-21 16:30:00.000;2992;ATR72-600;GEL;POA;RIA;2025-12-21 17:14:08.000;TSRA BR;-RA BR
2025-12-23 16:00:00.000;2953;ATR72-600;PET;POA;RIA;2025-12-23 16:44:08.000;TSRA;NSW
2025-12-26 16:30:00.000;2992;ATR72-600;GEL;POA;RIA;2025-12-26 17:14:08.000;TS;NSW
2025-12-28 14:55:00.000;2993;ATR72-600;POA;GEL;RIA;2025-12-28 15:24:48.000;TSRA;NSW
2025-12-28 16:30:00.000;2992;ATR72-600;GEL;POA;RIA;2025-12-28 17:14:08.000;TSRA;NSW
2025-12-28 18:45:00.000;2997;ATR72-600;POA;URG;RIA;2025-12-28 19:43:14.000;+TSRA;VCSH
2025-12-29 10:35:00.000;2977;ATR72-600;CWB;POA;RIA;2025-12-29 11:19:08.000;TSRA;-RA
2026-01-02 18:45:00.000;2997;ATR72-600;POA;URG;RIA;2026-01-02 19:43:14.000;TSRA;VCSH
2026-01-07 16:30:00.000;2992;ATR72-600;GEL;POA;RIA;2026-01-07 17:14:08.000;-TSRA;VCSH VCTS
2026-01-09 14:55:00.000;2993;ATR72-600;POA;GEL;RIA;2026-01-09 15:24:48.000;TSRA;NSW
2026-01-09 16:30:00.000;2992;ATR72-600;GEL;POA;RIA;2026-01-09 17:14:08.000;TSRA;NSW
2026-01-10 16:00:00.000;2953;ATR72-600;PET;POA;RIA;2026-01-10 16:44:08.000;TSRA;NSW
2026-01-17 19:10:00.000;2968;ATR72-600;RIA;POA;RIA;2026-01-17 19:54:08.000;TSRA;NSW
2026-01-18 14:55:00.000;2993;ATR72-600;POA;GEL;RIA;2026-01-18 15:24:48.000;TSRA;VCSH
2026-01-18 16:30:00.000;2992;ATR72-600;GEL;POA;RIA;2026-01-18 17:14:08.000;TSRA;NSW
2026-01-31 16:00:00.000;2953;ATR72-600;PET;POA;RIA;2026-01-31 16:44:08.000;TSRA;NSW
2026-02-12 19:10:00.000;2968;ATR72-600;RIA;POA;RIA;2026-02-12 19:54:08.000;TSRA;NSW
2026-03-04 16:30:00.000;2992;ATR72-600;GEL;POA;RIA;2026-03-04 17:14:08.000;TSRA;NSW
2026-03-04 18:50:00.000;2997;ATR72-600;POA;URG;RIA;2026-03-04 19:48:14.000;TS;NSW
2026-03-05 15:55:00.000;2953;ATR72-600;PET;POA;RIA;2026-03-05 16:39:08.000;TSRA;NSW
2026-03-07 19:10:00.000;2968;ATR72-600;RIA;POA;RIA;2026-03-07 19:54:08.000;TSRA;NSW
2026-03-17 15:55:00.000;2953;ATR72-600;PET;POA;RIA;2026-03-17 16:39:08.000;TSRA;NSW
2026-03-23 14:55:00.000;2993;ATR72-600;POA;GEL;RIA;2026-03-23 15:24:48.000;TSRA;VCSH
2026-03-29 14:55:00.000;2993;ATR72-600;POA;GEL;RIA;2026-03-29 15:24:48.000;TSRA;NSW
2026-03-29 16:30:00.000;2992;ATR72-600;GEL;POA;RIA;2026-03-29 17:14:08.000;TSRA;NSW
2026-03-29 18:50:00.000;2997;ATR72-600;POA;URG;RIA;2026-03-29 19:48:14.000;TSRA;NSW
2026-03-30 18:50:00.000;2997;ATR72-600;POA;URG;RIA;2026-03-30 19:48:14.000;TSRA;NSW
2026-03-30 20:55:00.000;2996;ATR72-600;URG;POA;RIA;2026-03-30 21:39:08.000;TSRA;NSW
2026-04-21 15:00:00.000;2953;ATR72-600;PET;POA;RIA;2026-04-21 15:44:08.000;TSRA;NSW
2026-05-06 18:45:00.000;2997;ATR72-600;POA;URG;RIA;2026-05-06 19:43:14.000;TS;NSW
2026-06-11 19:10:00.000;2968;ATR72-600;RIA;POA;RIA;2026-06-11 19:54:08.000;TSRA;NSW
2026-06-22 10:35:00.000;2977;ATR72-600;CWB;POA;RIA;2026-06-22 11:19:08.000;TSRA;RA
2026-06-22 14:55:00.000;2993;ATR72-600;POA;GEL;RIA;2026-06-22 15:24:48.000;TSRA;-DZ BR
2026-06-28 18:45:00.000;2997;ATR72-600;POA;URG;RIA;2026-06-28 19:43:14.000;TSRA;NSW
2026-06-28 20:50:00.000;2996;ATR72-600;URG;POA;RIA;2026-06-28 21:34:08.000;TSRA;NSW
2026-07-01 16:30:00.000;2992;ATR72-600;GEL;POA;RIA;2026-07-01 17:14:08.000;TSRA;NSW
2026-07-18 16:00:00.000;2953;ATR72-600;PET;POA;RIA;2026-07-18 16:44:08.000;-TSRA;NSW
2026-07-21 16:00:00.000;2953;ATR72-600;PET;POA;RIA;2026-07-21 16:44:08.000;-TSRA;RA BR
2026-07-21 19:10:00.000;2968;ATR72-600;RIA;POA;RIA;2026-07-21 19:54:08.000;TSRA;NSW
2026-07-26 14:55:00.000;2993;ATR72-600;POA;GEL;RIA;2026-07-26 15:24:48.000;TSRA;NSW
2026-07-26 16:30:00.000;2992;ATR72-600;GEL;POA;RIA;2026-07-26 17:14:08.000;TSRA;NSW
2026-07-26 18:45:00.000;2997;ATR72-600;POA;URG;RIA;2026-07-26 19:43:14.000;TSRA;NSW
2025-09-09 18:10:00.000;2700;ERJ;VCP;CGR;ROO;2025-09-09 19:05:59.520;TS;NSW
2025-09-09 19:10:00.000;4423;ERJ;OPS;CGB;ROO;2025-09-09 19:33:28.320;TS;NSW
2025-09-09 19:35:00.000;4053;ERJ;SMT;CGB;ROO;2025-09-09 19:58:28.320;TS;NSW
2025-09-16 15:20:00.000;4282;ERJ;VCP;CGR;ROO;2025-09-16 16:15:59.520;TS;NSW
2025-09-22 15:20:00.000;4282;ERJ;VCP;CGR;ROO;2025-09-22 16:15:59.520;TS;NSW
2025-09-22 19:10:00.000;4423;ERJ;OPS;CGB;ROO;2025-09-22 19:33:28.320;TS;NSW
2025-09-22 19:35:00.000;4053;ERJ;SMT;CGB;ROO;2025-09-22 19:58:28.320;TS;NSW
2025-09-22 22:35:00.000;2742;ERJ;VCP;CGR;ROO;2025-09-22 23:30:59.520;TS;NSW
2025-09-24 18:10:00.000;2700;ERJ;VCP;CGR;ROO;2025-09-24 19:05:59.520;TSRA;NSW
2025-09-24 19:00:00.000;9801;ERJ;CNF;CGB;ROO;2025-09-24 19:23:28.320;TSRA;NSW
2025-09-24 19:10:00.000;4423;ERJ;OPS;CGB;ROO;2025-09-24 19:33:28.320;TSRA;NSW
2025-09-24 19:35:00.000;4053;ERJ;SMT;CGB;ROO;2025-09-24 19:58:28.320;TSRA;NSW
2025-09-24 20:00:00.000;4338;ERJ;VCP;CGB;ROO;2025-09-24 20:23:28.320;TSRA;NSW
2025-10-04 19:10:00.000;4423;ERJ;OPS;CGB;ROO;2025-10-04 19:33:28.320;TS;NSW
2025-10-04 19:35:00.000;4053;ERJ;SMT;CGB;ROO;2025-10-04 19:58:28.320;TS;NSW
2025-10-11 19:10:00.000;4423;ERJ;OPS;CGB;ROO;2025-10-11 19:33:28.320;TS;NSW
2025-10-11 19:35:00.000;4053;ERJ;SMT;CGB;ROO;2025-10-11 19:58:28.320;TS;NSW
2025-10-11 20:25:00.000;4338;ERJ;VCP;CGB;ROO;2025-10-11 20:48:28.320;TS;NSW
2025-10-12 15:20:00.000;4282;ERJ;VCP;CGR;ROO;2025-10-12 16:15:59.520;TS;NSW
2025-10-12 19:10:00.000;4423;ERJ;OPS;CGB;ROO;2025-10-12 19:33:28.320;TS;NSW
2025-10-12 19:35:00.000;4053;ERJ;SMT;CGB;ROO;2025-10-12 19:58:28.320;TS;NSW
2025-10-15 15:20:00.000;4282;ERJ;VCP;CGR;ROO;2025-10-15 16:15:59.520;TS;NSW
2025-10-15 18:10:00.000;2700;ERJ;VCP;CGR;ROO;2025-10-15 19:05:59.520;TS;NSW
2025-10-15 19:10:00.000;4423;ERJ;OPS;CGB;ROO;2025-10-15 19:33:28.320;TS;NSW
2025-10-15 19:35:00.000;4053;ERJ;SMT;CGB;ROO;2025-10-15 19:58:28.320;TS;NSW
2025-10-16 18:10:00.000;2700;ERJ;VCP;CGR;ROO;2025-10-16 19:05:59.520;TS;NSW
2025-10-16 19:10:00.000;4423;ERJ;OPS;CGB;ROO;2025-10-16 19:33:28.320;TS;NSW
2025-10-16 19:35:00.000;4053;ERJ;SMT;CGB;ROO;2025-10-16 19:58:28.320;TS;NSW
2025-10-18 15:20:00.000;4282;ERJ;VCP;CGR;ROO;2025-10-18 16:15:59.520;TSRA;NSW
2025-10-28 19:10:00.000;4423;ERJ;OPS;CGB;ROO;2025-10-28 19:33:28.320;TS;VCSH
2025-10-28 19:35:00.000;4053;ERJ;SMT;CGB;ROO;2025-10-28 19:58:28.320;TS;VCSH
2025-10-29 19:10:00.000;4423;ERJ;OPS;CGB;ROO;2025-10-29 19:33:28.320;TS;NSW
2025-10-29 19:35:00.000;4053;ERJ;SMT;CGB;ROO;2025-10-29 19:58:28.320;TS;NSW
2025-10-31 19:10:00.000;4423;ERJ;OPS;CGB;ROO;2025-10-31 19:33:28.320;TS;NSW
2025-10-31 19:35:00.000;4053;ERJ;SMT;CGB;ROO;2025-10-31 19:58:28.320;TS;NSW
2025-11-01 18:15:00.000;4423;ERJ;OPS;CGB;ROO;2025-11-01 18:38:28.320;TS;NSW
2025-11-01 18:20:00.000;4053;ERJ;SMT;CGB;ROO;2025-11-01 18:43:28.320;TS;NSW
2025-11-01 20:30:00.000;4338;ERJ;VCP;CGB;ROO;2025-11-01 20:53:28.320;TS;NSW
2025-11-02 18:15:00.000;4423;ERJ;OPS;CGB;ROO;2025-11-02 18:38:28.320;TS;NSW
2025-11-04 16:15:00.000;4282;ERJ;VCP;CGR;ROO;2025-11-04 17:10:59.520;TS;NSW
2025-11-05 18:15:00.000;4423;ERJ;OPS;CGB;ROO;2025-11-05 18:38:28.320;TS;VCSH
2025-11-05 18:20:00.000;4053;ERJ;SMT;CGB;ROO;2025-11-05 18:43:28.320;TS;VCSH
2025-11-06 04:55:00.000;4340;ERJ;VCP;CGB;ROO;2025-11-06 05:18:28.320;TS;NSW
2025-11-06 05:10:00.000;4256;ERJ;CNF;CGB;ROO;2025-11-06 05:33:28.320;TS;NSW
2025-11-06 05:30:00.000;2708;ERJ;GRU;CGB;ROO;2025-11-06 05:53:28.320;TS;NSW
2025-11-06 10:50:00.000;2713;ERJ;VCP;CGR;ROO;2025-11-06 11:45:59.520;TS;NSW
2025-11-07 18:15:00.000;4423;ERJ;OPS;CGB;ROO;2025-11-07 18:38:28.320;TSRA;NSW
2025-11-07 18:20:00.000;4053;ERJ;SMT;CGB;ROO;2025-11-07 18:43:28.320;TSRA;NSW
2025-11-07 18:10:00.000;2700;ERJ;VCP;CGR;ROO;2025-11-07 19:05:59.520;TSRA;NSW
2025-11-08 18:15:00.000;4423;ERJ;OPS;CGB;ROO;2025-11-08 18:38:28.320;TSRA;NSW
2025-11-08 18:20:00.000;4053;ERJ;SMT;CGB;ROO;2025-11-08 18:43:28.320;TSRA;NSW
2025-11-08 20:30:00.000;4338;ERJ;VCP;CGB;ROO;2025-11-08 20:53:28.320;TSRA;NSW
2025-11-08 22:40:00.000;2742;ERJ;VCP;CGR;ROO;2025-11-08 23:35:59.520;TSRA;NSW
2025-11-10 18:15:00.000;4423;ERJ;OPS;CGB;ROO;2025-11-10 18:38:28.320;TS;NSW
2025-11-10 18:20:00.000;4053;ERJ;SMT;CGB;ROO;2025-11-10 18:43:28.320;TS;NSW
2025-11-10 18:10:00.000;2700;ERJ;VCP;CGR;ROO;2025-11-10 19:05:59.520;TS;NSW
2025-11-10 22:40:00.000;2742;ERJ;VCP;CGR;ROO;2025-11-10 23:35:59.520;TS;NSW
2025-11-11 18:15:00.000;4423;ERJ;OPS;CGB;ROO;2025-11-11 18:38:28.320;TS;NSW
2025-11-11 18:20:00.000;4053;ERJ;SMT;CGB;ROO;2025-11-11 18:43:28.320;TS;NSW
2025-11-12 22:40:00.000;2742;ERJ;VCP;CGR;ROO;2025-11-12 23:35:59.520;TS;NSW
2025-11-13 18:15:00.000;4423;ERJ;OPS;CGB;ROO;2025-11-13 18:38:28.320;TSRA;VCSH
2025-11-13 18:20:00.000;4053;ERJ;SMT;CGB;ROO;2025-11-13 18:43:28.320;TSRA;VCSH
2025-11-13 18:10:00.000;2700;ERJ;VCP;CGR;ROO;2025-11-13 19:05:59.520;TSRA;VCSH
2025-11-14 18:10:00.000;2700;ERJ;VCP;CGR;ROO;2025-11-14 19:05:59.520;TS;VCSH
2025-11-17 18:15:00.000;4423;ERJ;OPS;CGB;ROO;2025-11-17 18:38:28.320;TSRA;VCSH
2025-11-17 18:10:00.000;2700;ERJ;VCP;CGR;ROO;2025-11-17 19:05:59.520;TSRA;VCSH
2025-11-28 18:15:00.000;4423;ERJ;OPS;CGB;ROO;2025-11-28 18:38:28.320;TS;NSW
2025-11-28 18:30:00.000;4053;ERJ;SMT;CGB;ROO;2025-11-28 18:53:28.320;TS;NSW
2025-11-28 22:40:00.000;2742;ERJ;VCP;CGR;ROO;2025-11-28 23:35:59.520;TS;NSW
2025-12-01 18:15:00.000;4423;ERJ;OPS;CGB;ROO;2025-12-01 18:38:28.320;TS;VCSH
2025-12-01 18:20:00.000;4053;ERJ;SMT;CGB;ROO;2025-12-01 18:43:28.320;TS;VCSH
2025-12-03 18:15:00.000;4423;ERJ;OPS;CGB;ROO;2025-12-03 18:38:28.320;TS;VCSH
2025-12-04 18:15:00.000;4423;ERJ;OPS;CGB;ROO;2025-12-04 18:38:28.320;TS;VCSH
2025-12-04 18:20:00.000;4053;ERJ;SMT;CGB;ROO;2025-12-04 18:43:28.320;TS;VCSH
2025-12-04 18:10:00.000;2700;ERJ;VCP;CGR;ROO;2025-12-04 19:05:59.520;TS;VCSH
2025-12-08 18:15:00.000;4423;ERJ;OPS;CGB;ROO;2025-12-08 18:38:28.320;TSRA;NSW
2025-12-08 18:20:00.000;4053;ERJ;SMT;CGB;ROO;2025-12-08 18:43:28.320;TSRA;NSW
2025-12-08 22:40:00.000;2742;ERJ;VCP;CGR;ROO;2025-12-08 23:35:59.520;TSRA;NSW
2025-12-09 18:15:00.000;4423;ERJ;OPS;CGB;ROO;2025-12-09 18:38:28.320;TSRA;VCSH
2025-12-09 18:20:00.000;4053;ERJ;SMT;CGB;ROO;2025-12-09 18:43:28.320;TSRA;VCSH
2025-12-09 20:00:00.000;4338;ERJ;VCP;CGB;ROO;2025-12-09 20:23:28.320;TSRA;NSW
2025-12-10 18:15:00.000;4423;ERJ;OPS;CGB;ROO;2025-12-10 18:38:28.320;TS;NSW
2025-12-10 18:20:00.000;4053;ERJ;SMT;CGB;ROO;2025-12-10 18:43:28.320;TS;NSW
2025-12-10 18:10:00.000;2700;ERJ;VCP;CGR;ROO;2025-12-10 19:05:59.520;TS;NSW
2025-12-11 18:15:00.000;4423;ERJ;OPS;CGB;ROO;2025-12-11 18:38:28.320;TS;VCSH
2025-12-11 18:20:00.000;4053;ERJ;SMT;CGB;ROO;2025-12-11 18:43:28.320;TS;VCSH
2025-12-13 18:25:00.000;2925;ERJ;CNF;CGB;ROO;2025-12-13 18:48:28.320;TSRA;VCSH
2025-12-13 20:00:00.000;4338;ERJ;VCP;CGB;ROO;2025-12-13 20:23:28.320;TSRA;VCSH
2025-12-14 18:15:00.000;4423;ERJ;OPS;CGB;ROO;2025-12-14 18:38:28.320;TSRA;VCSH
2025-12-14 18:20:00.000;4053;ERJ;SMT;CGB;ROO;2025-12-14 18:43:28.320;TSRA;VCSH
2025-12-15 14:40:00.000;2925;ERJ;CNF;CGB;ROO;2025-12-15 15:03:28.320;TS;VCSH
2025-12-15 17:55:00.000;4423;ERJ;OPS;CGB;ROO;2025-12-15 18:18:28.320;TSRA;NSW
2025-12-15 18:20:00.000;4053;ERJ;SMT;CGB;ROO;2025-12-15 18:43:28.320;TSRA;NSW
2025-12-16 05:20:00.000;2708;ERJ;GRU;CGB;ROO;2025-12-16 05:43:28.320;TS;NSW
2025-12-16 13:10:00.000;4282;ERJ;VCP;CGR;ROO;2025-12-16 14:05:59.520;TSRA;NSW
2025-12-16 13:55:00.000;4769;ERJ;GRU;CGB;ROO;2025-12-16 14:18:28.320;TSRA;NSW
2025-12-16 14:40:00.000;2925;ERJ;CNF;CGB;ROO;2025-12-16 15:03:28.320;TSRA;NSW
2025-12-17 13:10:00.000;4282;ERJ;VCP;CGR;ROO;2025-12-17 14:05:59.520;TS;-RA
2025-12-17 13:55:00.000;4769;ERJ;GRU;CGB;ROO;2025-12-17 14:18:28.320;TS;-RA
2025-12-17 14:40:00.000;2925;ERJ;CNF;CGB;ROO;2025-12-17 15:03:28.320;TS;-RA
2025-12-18 17:55:00.000;4423;ERJ;OPS;CGB;ROO;2025-12-18 18:18:28.320;TSRA;NSW
2025-12-18 18:20:00.000;4053;ERJ;SMT;CGB;ROO;2025-12-18 18:43:28.320;TSRA;NSW
2025-12-18 18:10:00.000;2700;ERJ;VCP;CGR;ROO;2025-12-18 19:05:59.520;TSRA;NSW
2025-12-18 22:40:00.000;2742;ERJ;VCP;CGR;ROO;2025-12-18 23:35:59.520;TSRA;NSW
2025-12-19 17:55:00.000;4423;ERJ;OPS;CGB;ROO;2025-12-19 18:18:28.320;TSRA;NSW
2025-12-19 18:20:00.000;4053;ERJ;SMT;CGB;ROO;2025-12-19 18:43:28.320;TSRA;NSW
2025-12-19 18:10:00.000;2700;ERJ;VCP;CGR;ROO;2025-12-19 19:05:59.520;TSRA;NSW
2025-12-19 22:40:00.000;2742;ERJ;VCP;CGR;ROO;2025-12-19 23:35:59.520;TSRA;NSW
2025-12-20 18:25:00.000;2925;ERJ;CNF;CGB;ROO;2025-12-20 18:48:28.320;TSRA;NSW
2025-12-20 20:00:00.000;4338;ERJ;VCP;CGB;ROO;2025-12-20 20:23:28.320;TSRA;NSW
2025-12-20 22:40:00.000;2742;ERJ;VCP;CGR;ROO;2025-12-20 23:35:59.520;TSRA;NSW
2025-12-21 18:15:00.000;4423;ERJ;OPS;CGB;ROO;2025-12-21 18:38:28.320;TS;NSW
2025-12-21 18:20:00.000;4053;ERJ;SMT;CGB;ROO;2025-12-21 18:43:28.320;TS;NSW
2025-12-23 17:55:00.000;4423;ERJ;OPS;CGB;ROO;2025-12-23 18:18:28.320;TSRA;NSW
2025-12-23 18:20:00.000;4053;ERJ;SMT;CGB;ROO;2025-12-23 18:43:28.320;TSRA;NSW
2025-12-23 18:10:00.000;2700;ERJ;VCP;CGR;ROO;2025-12-23 19:05:59.520;TSRA;NSW
2025-12-28 18:15:00.000;4423;ERJ;OPS;CGB;ROO;2025-12-28 18:38:28.320;TSRA;NSW
2025-12-28 18:20:00.000;4053;ERJ;SMT;CGB;ROO;2025-12-28 18:43:28.320;TSRA;NSW
2025-12-28 22:40:00.000;2742;ERJ;VCP;CGR;ROO;2025-12-28 23:35:59.520;TSRA;NSW
2025-12-30 17:55:00.000;4423;ERJ;OPS;CGB;ROO;2025-12-30 18:18:28.320;TSRA;NSW
2025-12-30 18:20:00.000;4053;ERJ;SMT;CGB;ROO;2025-12-30 18:43:28.320;TSRA;NSW
2025-12-30 18:10:00.000;2700;ERJ;VCP;CGR;ROO;2025-12-30 19:05:59.520;TSRA;NSW
2025-12-30 22:40:00.000;2742;ERJ;VCP;CGR;ROO;2025-12-30 23:35:59.520;TSRA;NSW
2026-01-01 17:55:00.000;4423;ERJ;OPS;CGB;ROO;2026-01-01 18:18:28.320;TS;NSW
2026-01-01 18:10:00.000;2700;ERJ;VCP;CGR;ROO;2026-01-01 19:05:59.520;TS;NSW
2026-01-02 13:55:00.000;4769;ERJ;GRU;CGB;ROO;2026-01-02 14:18:28.320;TSRA;NSW
2026-01-02 14:40:00.000;2925;ERJ;CNF;CGB;ROO;2026-01-02 15:03:28.320;TSRA;NSW
2026-01-02 17:55:00.000;4423;ERJ;OPS;CGB;ROO;2026-01-02 18:18:28.320;TSRA;NSW
2026-01-02 18:20:00.000;4053;ERJ;SMT;CGB;ROO;2026-01-02 18:43:28.320;TSRA;NSW
2026-01-03 18:25:00.000;2925;ERJ;CNF;CGB;ROO;2026-01-03 18:48:28.320;TSRA;-RA
2026-01-03 20:00:00.000;4338;ERJ;VCP;CGB;ROO;2026-01-03 20:23:28.320;TSRA;-RA
2026-01-07 17:55:00.000;4423;ERJ;OPS;CGB;ROO;2026-01-07 18:18:28.320;TSRA;NSW
2026-01-07 18:20:00.000;4053;ERJ;SMT;CGB;ROO;2026-01-07 18:43:28.320;TSRA;NSW
2026-01-07 18:10:00.000;2700;ERJ;VCP;CGR;ROO;2026-01-07 19:05:59.520;TSRA;NSW
2026-01-12 17:55:00.000;4423;ERJ;OPS;CGB;ROO;2026-01-12 18:18:28.320;TSRA;NSW
2026-01-12 18:20:00.000;4053;ERJ;SMT;CGB;ROO;2026-01-12 18:43:28.320;TSRA;NSW
2026-01-12 18:10:00.000;2700;ERJ;VCP;CGR;ROO;2026-01-12 19:05:59.520;TSRA;NSW
2026-01-17 18:25:00.000;2925;ERJ;CNF;CGB;ROO;2026-01-17 18:48:28.320;TS;NSW
2026-01-17 20:00:00.000;4338;ERJ;VCP;CGB;ROO;2026-01-17 20:23:28.320;TS;NSW
2026-01-17 22:40:00.000;2742;ERJ;VCP;CGR;ROO;2026-01-17 23:35:59.520;TS;NSW
2026-01-26 17:55:00.000;4423;ERJ;OPS;CGB;ROO;2026-01-26 18:18:28.320;TSRA;VCSH
2026-01-26 18:20:00.000;4053;ERJ;SMT;CGB;ROO;2026-01-26 18:43:28.320;TSRA;VCSH
2026-01-26 18:20:00.000;2700;ERJ;VCP;CGR;ROO;2026-01-26 19:15:59.520;TSRA;VCSH
2026-01-27 17:55:00.000;4423;ERJ;OPS;CGB;ROO;2026-01-27 18:18:28.320;TSRA;NSW
2026-01-27 18:20:00.000;4053;ERJ;SMT;CGB;ROO;2026-01-27 18:43:28.320;TSRA;NSW
2026-01-27 18:20:00.000;2700;ERJ;VCP;CGR;ROO;2026-01-27 19:15:59.520;TSRA;NSW
2026-01-30 18:20:00.000;4053;ERJ;SMT;CGB;ROO;2026-01-30 18:43:28.320;TS;NSW
2026-02-01 12:40:00.000;4282;ERJ;VCP;CGR;ROO;2026-02-01 13:35:59.520;TS;NSW
2026-02-01 13:55:00.000;4769;ERJ;GRU;CGB;ROO;2026-02-01 14:18:28.320;TS;NSW
2026-02-01 14:30:00.000;2925;ERJ;CNF;CGB;ROO;2026-02-01 14:53:28.320;TS;NSW
2026-02-01 17:55:00.000;4053;ERJ;SMT;CGB;ROO;2026-02-01 18:18:28.320;TSRA;NSW
2026-02-01 17:55:00.000;4423;ERJ;OPS;CGB;ROO;2026-02-01 18:18:28.320;TSRA;NSW
2026-02-02 17:55:00.000;4053;ERJ;SMT;CGB;ROO;2026-02-02 18:18:28.320;TSRA;NSW
2026-02-02 17:55:00.000;4423;ERJ;OPS;CGB;ROO;2026-02-02 18:18:28.320;TSRA;NSW
2026-02-05 12:40:00.000;4282;ERJ;VCP;CGR;ROO;2026-02-05 13:35:59.520;TSRA;NSW
2026-02-05 14:30:00.000;2925;ERJ;CNF;CGB;ROO;2026-02-05 14:53:28.320;TSRA;NSW
2026-02-06 17:55:00.000;4053;ERJ;SMT;CGB;ROO;2026-02-06 18:18:28.320;TS;NSW
2026-02-06 17:55:00.000;4423;ERJ;OPS;CGB;ROO;2026-02-06 18:18:28.320;TS;NSW
2026-02-06 18:10:00.000;2700;ERJ;VCP;CGR;ROO;2026-02-06 19:05:59.520;TS;NSW
2026-02-07 19:10:00.000;2925;ERJ;CNF;CGB;ROO;2026-02-07 19:33:28.320;TS;NSW
2026-02-07 20:00:00.000;4338;ERJ;VCP;CGB;ROO;2026-02-07 20:23:28.320;TS;NSW
2026-02-08 17:55:00.000;4053;ERJ;SMT;CGB;ROO;2026-02-08 18:18:28.320;TSRA;NSW
2026-02-08 17:55:00.000;4423;ERJ;OPS;CGB;ROO;2026-02-08 18:18:28.320;TSRA;NSW
2026-02-08 22:40:00.000;2742;ERJ;VCP;CGR;ROO;2026-02-08 23:35:59.520;TSRA;NSW
2026-02-09 17:55:00.000;4053;ERJ;SMT;CGB;ROO;2026-02-09 18:18:28.320;TS;VCSH
2026-02-09 17:55:00.000;4423;ERJ;OPS;CGB;ROO;2026-02-09 18:18:28.320;TS;VCSH
2026-02-09 18:10:00.000;2700;ERJ;VCP;CGR;ROO;2026-02-09 19:05:59.520;TS;VCSH
2026-02-11 17:55:00.000;4053;ERJ;SMT;CGB;ROO;2026-02-11 18:18:28.320;TSRA;VCSH
2026-02-11 17:55:00.000;4423;ERJ;OPS;CGB;ROO;2026-02-11 18:18:28.320;TSRA;VCSH
2026-02-12 17:55:00.000;4053;ERJ;SMT;CGB;ROO;2026-02-12 18:18:28.320;TSRA;-RA
2026-02-12 17:55:00.000;4423;ERJ;OPS;CGB;ROO;2026-02-12 18:18:28.320;TSRA;-RA
2026-02-16 17:55:00.000;4423;ERJ;OPS;CGB;ROO;2026-02-16 18:18:28.320;TS;NSW
2026-02-16 18:10:00.000;2700;ERJ;VCP;CGR;ROO;2026-02-16 19:05:59.520;TS;NSW
2026-02-16 22:40:00.000;2742;ERJ;VCP;CGR;ROO;2026-02-16 23:35:59.520;TS;NSW
2026-02-17 17:55:00.000;4423;ERJ;OPS;CGB;ROO;2026-02-17 18:18:28.320;TS;NSW
2026-02-17 18:10:00.000;2700;ERJ;VCP;CGR;ROO;2026-02-17 19:05:59.520;TS;NSW
2026-02-19 17:55:00.000;4053;ERJ;SMT;CGB;ROO;2026-02-19 18:18:28.320;TS;NSW
2026-02-19 17:55:00.000;4423;ERJ;OPS;CGB;ROO;2026-02-19 18:18:28.320;TS;NSW
2026-02-19 18:10:00.000;2700;ERJ;VCP;CGR;ROO;2026-02-19 19:05:59.520;TS;NSW
2026-02-21 18:25:00.000;2925;ERJ;CNF;CGB;ROO;2026-02-21 18:48:28.320;TSRA;VCSH
2026-02-21 20:00:00.000;4338;ERJ;VCP;CGB;ROO;2026-02-21 20:23:28.320;TSRA;VCSH
2026-02-23 13:55:00.000;4769;ERJ;GRU;CGB;ROO;2026-02-23 14:18:28.320;TSRA;NSW
2026-02-23 14:30:00.000;2925;ERJ;CNF;CGB;ROO;2026-02-23 14:53:28.320;TSRA;NSW
2026-02-23 15:20:00.000;4282;ERJ;VCP;CGR;ROO;2026-02-23 16:15:59.520;TSRA;NSW
2026-02-23 17:55:00.000;4053;ERJ;SMT;CGB;ROO;2026-02-23 18:18:28.320;TSRA;NSW
2026-02-23 17:55:00.000;4423;ERJ;OPS;CGB;ROO;2026-02-23 18:18:28.320;TSRA;NSW
2026-02-23 18:10:00.000;2700;ERJ;VCP;CGR;ROO;2026-02-23 19:05:59.520;TSRA;NSW
2026-02-24 17:55:00.000;4053;ERJ;SMT;CGB;ROO;2026-02-24 18:18:28.320;TSRA;NSW
2026-02-24 17:55:00.000;4423;ERJ;OPS;CGB;ROO;2026-02-24 18:18:28.320;TSRA;NSW
2026-02-25 13:55:00.000;4769;ERJ;GRU;CGB;ROO;2026-02-25 14:18:28.320;TSRA;NSW
2026-02-25 14:30:00.000;2925;ERJ;CNF;CGB;ROO;2026-02-25 14:53:28.320;TSRA;NSW
2026-02-25 15:20:00.000;4282;ERJ;VCP;CGR;ROO;2026-02-25 16:15:59.520;TSRA;NSW
2026-02-26 13:55:00.000;4769;ERJ;GRU;CGB;ROO;2026-02-26 14:18:28.320;TS;-RA
2026-02-26 14:30:00.000;2925;ERJ;CNF;CGB;ROO;2026-02-26 14:53:28.320;TS;-RA
2026-02-26 17:55:00.000;4053;ERJ;SMT;CGB;ROO;2026-02-26 18:18:28.320;TSRA;NSW
2026-02-26 17:55:00.000;4423;ERJ;OPS;CGB;ROO;2026-02-26 18:18:28.320;TSRA;NSW
2026-03-08 18:15:00.000;4053;ERJ;SMT;CGB;ROO;2026-03-08 18:38:28.320;TSRA;VCSH
2026-03-08 18:15:00.000;4423;ERJ;OPS;CGB;ROO;2026-03-08 18:38:28.320;TSRA;VCSH
2026-03-08 22:40:00.000;2742;ERJ;VCP;CGR;ROO;2026-03-08 23:35:59.520;TSRA;NSW
2026-03-09 18:15:00.000;4053;ERJ;SMT;CGB;ROO;2026-03-09 18:38:28.320;TSRA;NSW
2026-03-09 18:15:00.000;4423;ERJ;OPS;CGB;ROO;2026-03-09 18:38:28.320;TSRA;NSW
2026-03-10 18:15:00.000;4053;ERJ;SMT;CGB;ROO;2026-03-10 18:38:28.320;TSRA;NSW
2026-03-10 18:15:00.000;4423;ERJ;OPS;CGB;ROO;2026-03-10 18:38:28.320;TSRA;NSW
2026-03-11 18:15:00.000;4053;ERJ;SMT;CGB;ROO;2026-03-11 18:38:28.320;TS;VCSH
2026-03-11 18:15:00.000;4423;ERJ;OPS;CGB;ROO;2026-03-11 18:38:28.320;TS;VCSH
2026-03-13 18:15:00.000;4053;ERJ;SMT;CGB;ROO;2026-03-13 18:38:28.320;TSRA;NSW
2026-03-13 18:15:00.000;4423;ERJ;OPS;CGB;ROO;2026-03-13 18:38:28.320;TSRA;NSW
2026-03-14 18:20:00.000;2925;ERJ;CNF;CGB;ROO;2026-03-14 18:43:28.320;TSRA;VCSH
2026-03-14 20:30:00.000;4338;ERJ;VCP;CGB;ROO;2026-03-14 20:53:28.320;TSRA;VCSH
2026-03-15 18:15:00.000;4053;ERJ;SMT;CGB;ROO;2026-03-15 18:38:28.320;TSRA;NSW
2026-03-15 18:15:00.000;4423;ERJ;OPS;CGB;ROO;2026-03-15 18:38:28.320;TSRA;NSW
2026-03-18 18:15:00.000;4053;ERJ;SMT;CGB;ROO;2026-03-18 18:38:28.320;TSRA;NSW
2026-03-18 18:15:00.000;4423;ERJ;OPS;CGB;ROO;2026-03-18 18:38:28.320;TSRA;NSW
2026-03-19 18:15:00.000;4053;ERJ;SMT;CGB;ROO;2026-03-19 18:38:28.320;TSRA;NSW
2026-03-19 18:15:00.000;4423;ERJ;OPS;CGB;ROO;2026-03-19 18:38:28.320;TSRA;NSW
2026-03-21 18:20:00.000;2925;ERJ;CNF;CGB;ROO;2026-03-21 18:43:28.320;TS;NSW
2026-03-23 18:15:00.000;4053;ERJ;SMT;CGB;ROO;2026-03-23 18:38:28.320;TS;NSW
2026-03-23 18:15:00.000;4423;ERJ;OPS;CGB;ROO;2026-03-23 18:38:28.320;TS;NSW
2026-04-01 18:05:00.000;2633;ERJ;AFL;CGB;ROO;2026-04-01 18:28:28.320;TS;NSW
2026-04-01 18:15:00.000;4423;ERJ;OPS;CGB;ROO;2026-04-01 18:38:28.320;TS;NSW
2026-04-01 18:10:00.000;2700;ERJ;VCP;CGR;ROO;2026-04-01 19:05:59.520;TS;NSW
2026-04-02 18:05:00.000;2639;ERJ;BVH;CGB;ROO;2026-04-02 18:28:28.320;TSRA;NSW
2026-04-02 18:15:00.000;4423;ERJ;OPS;CGB;ROO;2026-04-02 18:38:28.320;TSRA;NSW
2026-04-03 18:15:00.000;4423;ERJ;OPS;CGB;ROO;2026-04-03 18:38:28.320;TSRA;NSW
2026-04-03 18:10:00.000;2700;ERJ;VCP;CGR;ROO;2026-04-03 19:05:59.520;TSRA;NSW
2026-04-06 18:10:00.000;2700;ERJ;VCP;CGR;ROO;2026-04-06 19:05:59.520;TSRA;NSW
2026-04-08 18:05:00.000;2633;ERJ;AFL;CGB;ROO;2026-04-08 18:28:28.320;TS;NSW
2026-04-08 18:15:00.000;4423;ERJ;OPS;CGB;ROO;2026-04-08 18:38:28.320;TS;NSW
2026-04-08 18:10:00.000;2700;ERJ;VCP;CGR;ROO;2026-04-08 19:05:59.520;TS;NSW
2026-04-10 18:05:00.000;2645;ERJ;JPR;CGB;ROO;2026-04-10 18:28:28.320;TS;NSW
2026-04-10 18:15:00.000;4423;ERJ;OPS;CGB;ROO;2026-04-10 18:38:28.320;TS;NSW
2026-04-17 18:15:00.000;4423;ERJ;OPS;CGB;ROO;2026-04-17 18:38:28.320;TS;VCSH
2026-04-17 18:40:00.000;2645;ERJ;JPR;CGB;ROO;2026-04-17 19:03:28.320;TS;NSW
2026-04-18 18:15:00.000;4423;ERJ;OPS;CGB;ROO;2026-04-18 18:38:28.320;TSRA;NSW
2026-04-18 18:15:00.000;2639;ERJ;BVH;CGB;ROO;2026-04-18 18:38:28.320;TSRA;NSW
2026-04-18 18:20:00.000;9000;ERJ;VCP;CGR;ROO;2026-04-18 19:15:59.520;TSRA;NSW
2026-04-18 20:30:00.000;4338;ERJ;VCP;CGB;ROO;2026-04-18 20:53:28.320;TSRA;NSW
2026-04-27 18:15:00.000;4423;ERJ;OPS;CGB;ROO;2026-04-27 18:38:28.320;TS;NSW
2026-04-27 18:40:00.000;2645;ERJ;JPR;CGB;ROO;2026-04-27 19:03:28.320;TS;VCSH
2026-04-27 18:10:00.000;2700;ERJ;VCP;CGR;ROO;2026-04-27 19:05:59.520;TS;VCSH
2026-04-28 18:15:00.000;4423;ERJ;OPS;CGB;ROO;2026-04-28 18:38:28.320;TS;NSW
2026-04-28 18:40:00.000;2651;ERJ;OAL;CGB;ROO;2026-04-28 19:03:28.320;TS;VCSH
2026-05-17 18:15:00.000;4423;ERJ;OPS;CGB;ROO;2026-05-17 18:38:28.320;TSRA;VCSH
2026-05-17 18:25:00.000;2633;ERJ;AFL;CGB;ROO;2026-05-17 18:48:28.320;TSRA;VCSH
2026-05-17 18:10:00.000;4282;ERJ;VCP;CGR;ROO;2026-05-17 19:05:59.520;TSRA;VCSH
2025-09-22 13:10:00.000;4530;ATR72-600;VCP;JTC;SJP;2025-09-22 13:37:35.999;TSRA;NSW
2025-09-22 13:20:00.000;5047;ATR72-600;VCP;ARU;SJP;2025-09-22 13:40:05.999;TSRA;NSW
2025-10-11 21:20:00.000;4530;ATR72-600;VCP;JTC;SJP;2025-10-11 21:47:35.999;TSRA;NSW
2025-11-01 21:20:00.000;4530;ATR72-600;VCP;JTC;SJP;2025-11-01 21:47:35.999;TSRA;NSW
2025-11-08 21:20:00.000;4530;ATR72-600;VCP;JTC;SJP;2025-11-08 21:47:35.999;TSRA;NSW
2025-11-15 21:20:00.000;4530;ATR72-600;VCP;JTC;SJP;2025-11-15 21:47:35.999;TSRA;NSW
2025-12-13 13:20:00.000;5047;ATR72-600;VCP;ARU;SJP;2025-12-13 13:40:05.999;TSRA;NSW
2025-12-20 16:45:00.000;4530;ATR72-600;VCP;JTC;SJP;2025-12-20 17:12:35.999;TSRA;NSW
2026-03-20 13:10:00.000;4530;ATR72-600;VCP;JTC;SJP;2026-03-20 13:37:35.999;TSRA;NSW
2026-03-20 13:20:00.000;5047;ATR72-600;VCP;ARU;SJP;2026-03-20 13:40:05.999;TSRA;NSW
2026-05-19 13:20:00.000;5047;ATR72-600;VCP;ARU;SJP;2026-05-19 13:40:05.999;TSRA;NSW
2026-05-19 13:25:00.000;4530;ATR72-600;VCP;JTC;SJP;2026-05-19 13:52:35.999;TSRA;NSW
2025-10-21 20:25:00.000;4319;A320-251NEO;CNF;THE;SLZ;2025-10-21 21:06:00.960;TSRA;NSW
2025-12-18 18:10:00.000;4160;ERJ;REC;THE;SLZ;2025-12-18 18:51:00.960;TSRA;NSW
2025-12-22 05:45:00.000;4378;A320-251NEO;VCP;THE;SLZ;2025-12-22 06:26:00.960;TSRA;NSW
2025-12-24 18:10:00.000;4160;ERJ;REC;THE;SLZ;2025-12-24 18:51:00.960;TSRA;NSW
2025-12-24 19:25:00.000;9298;A320-251NEO;VCP;THE;SLZ;2025-12-24 20:06:00.960;TSRA;NSW
2025-12-25 20:25:00.000;4319;A320-251NEO;CNF;THE;SLZ;2025-12-25 21:06:00.960;TS;NSW
2025-12-26 18:10:00.000;4160;ERJ;REC;THE;SLZ;2025-12-26 18:51:00.960;TS;NSW
2025-12-27 18:10:00.000;4160;ERJ;REC;THE;SLZ;2025-12-27 18:51:00.960;TS;NSW
2025-12-29 18:10:00.000;4160;ERJ;REC;THE;SLZ;2025-12-29 18:51:00.960;TS;NSW
2026-01-07 17:20:00.000;4160;ERJ;REC;THE;SLZ;2026-01-07 18:01:00.960;TSRA;NSW
2026-01-07 20:25:00.000;4319;A320-251NEO;CNF;THE;SLZ;2026-01-07 21:06:00.960;TSRA;NSW
2026-01-14 17:20:00.000;4160;ERJ;REC;THE;SLZ;2026-01-14 18:01:00.960;TS;NSW
2026-01-14 20:25:00.000;4319;A320-251NEO;CNF;THE;SLZ;2026-01-14 21:06:00.960;TS;NSW
2026-01-17 17:20:00.000;4160;ERJ;REC;THE;SLZ;2026-01-17 18:01:00.960;TS;NSW
2026-01-17 20:55:00.000;4319;ERJ;CNF;THE;SLZ;2026-01-17 21:36:00.960;TS;NSW
2026-01-26 20:25:00.000;4319;ERJ;CNF;THE;SLZ;2026-01-26 21:06:00.960;TS;NSW
2026-01-27 05:45:00.000;4378;A320-253NEO;VCP;THE;SLZ;2026-01-27 06:26:00.960;TS;NSW
2026-01-27 17:20:00.000;4160;ERJ;REC;THE;SLZ;2026-01-27 18:01:00.960;TSRA;NSW
2026-01-27 20:25:00.000;4319;A320-251NEO;CNF;THE;SLZ;2026-01-27 21:06:00.960;TSRA;NSW
2026-01-29 17:20:00.000;4160;ERJ;REC;THE;SLZ;2026-01-29 18:01:00.960;TS;VCSH
2026-01-29 20:25:00.000;4319;A320-251NEO;CNF;THE;SLZ;2026-01-29 21:06:00.960;TS;NSW
2026-02-04 18:10:00.000;4160;ERJ;REC;THE;SLZ;2026-02-04 18:51:00.960;TS;NSW
2026-02-05 18:10:00.000;4160;ERJ;REC;THE;SLZ;2026-02-05 18:51:00.960;TSRA;NSW
2026-02-06 18:10:00.000;4160;ERJ;REC;THE;SLZ;2026-02-06 18:51:00.960;TSRA;NSW
2026-02-06 20:25:00.000;4319;ERJ;CNF;THE;SLZ;2026-02-06 21:06:00.960;TSRA;NSW
2026-02-09 05:45:00.000;4378;A320-251NEO;VCP;THE;SLZ;2026-02-09 06:26:00.960;TSRA;NSW
2026-02-10 05:45:00.000;4378;A320-251NEO;VCP;THE;SLZ;2026-02-10 06:26:00.960;TS;NSW
2026-02-11 18:10:00.000;4160;ERJ;REC;THE;SLZ;2026-02-11 18:51:00.960;TSRA;VCSH
2026-02-12 18:10:00.000;4160;ERJ;REC;THE;SLZ;2026-02-12 18:51:00.960;TSRA;VCSH
2026-02-13 05:45:00.000;4378;A320-251NEO;VCP;THE;SLZ;2026-02-13 06:26:00.960;TS;NSW
2026-02-13 18:10:00.000;4160;ERJ;REC;THE;SLZ;2026-02-13 18:51:00.960;TSRA;NSW
2026-02-13 20:40:00.000;4319;ERJ;CNF;THE;SLZ;2026-02-13 21:21:00.960;TSRA;NSW
2026-02-17 20:25:00.000;4319;A320-251NEO;CNF;THE;SLZ;2026-02-17 21:06:00.960;TSRA;NSW
2026-02-24 20:25:00.000;4319;A320-251NEO;CNF;THE;SLZ;2026-02-24 21:06:00.960;TSRA;NSW
2026-02-24 22:10:00.000;4296;A320-251NEO;REC;THE;SLZ;2026-02-24 22:51:00.960;TSRA;NSW
2026-02-25 20:25:00.000;4319;A320-251NEO;CNF;THE;SLZ;2026-02-25 21:06:00.960;TSRA;NSW
2026-02-26 20:25:00.000;4319;A320-251NEO;CNF;THE;SLZ;2026-02-26 21:06:00.960;TSRA;NSW
2026-02-27 20:25:00.000;4319;A320-251NEO;CNF;THE;SLZ;2026-02-27 21:06:00.960;TSRA;NSW
2026-02-28 05:45:00.000;4378;A320-253NEO;VCP;THE;SLZ;2026-02-28 06:26:00.960;TS;-RA
2026-03-05 05:45:00.000;4378;A320-251NEO;VCP;THE;SLZ;2026-03-05 06:26:00.960;TSRA;NSW
2026-03-07 05:45:00.000;4378;A320-251NEO;VCP;THE;SLZ;2026-03-07 06:26:00.960;TSRA;NSW
2026-03-07 20:25:00.000;4319;A320-251NEO;CNF;THE;SLZ;2026-03-07 21:06:00.960;TSRA;NSW
2026-03-07 22:10:00.000;4296;A320-253NEO;REC;THE;SLZ;2026-03-07 22:51:00.960;TSRA;NSW
2026-03-10 17:05:00.000;4160;A320-253NEO;REC;THE;SLZ;2026-03-10 17:46:00.960;TSRA;-RA
2026-03-13 20:25:00.000;4319;A320-251NEO;CNF;THE;SLZ;2026-03-13 21:06:00.960;TS;NSW
2026-03-16 05:45:00.000;4378;A320-251NEO;VCP;THE;SLZ;2026-03-16 06:26:00.960;TSRA;NSW
2026-03-17 17:05:00.000;4160;A320-251NEO;REC;THE;SLZ;2026-03-17 17:46:00.960;TS;NSW
2026-03-17 20:25:00.000;4319;A320-251NEO;CNF;THE;SLZ;2026-03-17 21:06:00.960;TSRA;NSW
2026-03-19 20:25:00.000;4319;A320-251NEO;CNF;THE;SLZ;2026-03-19 21:06:00.960;TS;NSW
2026-03-19 22:10:00.000;4296;A320-251NEO;REC;THE;SLZ;2026-03-19 22:51:00.960;TS;NSW
2026-03-20 20:25:00.000;4319;ERJ;CNF;THE;SLZ;2026-03-20 21:06:00.960;TS;NSW
2026-03-21 05:45:00.000;4378;A320-253NEO;VCP;THE;SLZ;2026-03-21 06:26:00.960;TS;NSW
2026-03-21 17:05:00.000;4160;A320-251NEO;REC;THE;SLZ;2026-03-21 17:46:00.960;TS;NSW
2026-03-25 17:05:00.000;4160;A320-251NEO;REC;THE;SLZ;2026-03-25 17:46:00.960;TS;NSW
2026-03-27 20:25:00.000;4319;A320-251NEO;CNF;THE;SLZ;2026-03-27 21:06:00.960;TS;NSW
2026-03-28 20:25:00.000;4319;ERJ;CNF;THE;SLZ;2026-03-28 21:06:00.960;TSRA;NSW
2026-03-30 05:45:00.000;4378;A321-251NEO;VCP;THE;SLZ;2026-03-30 06:26:00.960;TS;NSW
2026-03-30 20:25:00.000;4319;A320-251NEO;CNF;THE;SLZ;2026-03-30 21:06:00.960;TSRA;NSW
2026-04-01 17:25:00.000;4160;A320-253NEO;REC;THE;SLZ;2026-04-01 18:06:00.960;TSRA;NSW
2026-04-01 20:25:00.000;4319;A320-251NEO;CNF;THE;SLZ;2026-04-01 21:06:00.960;TSRA;NSW
2026-04-02 01:00:00.000;2788;ERJ;REC;THE;SLZ;2026-04-02 01:41:00.960;TSRA;VCTS
2026-04-05 20:25:00.000;4319;A320-251NEO;CNF;THE;SLZ;2026-04-05 21:06:00.960;TSRA;NSW
2026-04-06 05:45:00.000;4378;A321-251NEO;VCP;THE;SLZ;2026-04-06 06:26:00.960;TSRA;NSW
2026-04-06 17:25:00.000;4160;ERJ;REC;THE;SLZ;2026-04-06 18:06:00.960;TSRA;NSW
2026-04-08 05:45:00.000;4378;A320-251NEO;VCP;THE;SLZ;2026-04-08 06:26:00.960;TSRA;NSW
2026-04-09 17:25:00.000;4160;ERJ;REC;THE;SLZ;2026-04-09 18:06:00.960;TS;VCSH
2026-04-10 17:25:00.000;4160;ERJ;REC;THE;SLZ;2026-04-10 18:06:00.960;TS;VCSH
2026-04-11 17:25:00.000;4160;ERJ;REC;THE;SLZ;2026-04-11 18:06:00.960;TSRA;-RA
2026-04-12 17:25:00.000;4160;ERJ;REC;THE;SLZ;2026-04-12 18:06:00.960;TS;NSW
2026-04-12 20:25:00.000;4319;A320-251NEO;CNF;THE;SLZ;2026-04-12 21:06:00.960;TS;NSW
2026-04-13 05:45:00.000;4378;A320-251NEO;VCP;THE;SLZ;2026-04-13 06:26:00.960;TSRA;NSW
2026-04-13 17:25:00.000;4160;ERJ;REC;THE;SLZ;2026-04-13 18:06:00.960;TSRA;NSW
2026-04-14 01:00:00.000;2788;A320-251NEO;REC;THE;SLZ;2026-04-14 01:41:00.960;TSRA;NSW
2026-04-14 17:25:00.000;4160;ERJ;REC;THE;SLZ;2026-04-14 18:06:00.960;TSRA;NSW
2026-04-14 20:25:00.000;4319;A320-251NEO;CNF;THE;SLZ;2026-04-14 21:06:00.960;TSRA;VCSH
2026-04-15 17:25:00.000;4160;A320-253NEO;REC;THE;SLZ;2026-04-15 18:06:00.960;TSRA;NSW
2026-04-15 20:25:00.000;4319;A320-251NEO;CNF;THE;SLZ;2026-04-15 21:06:00.960;TSRA;RA BR
2026-04-16 17:25:00.000;4160;ERJ;REC;THE;SLZ;2026-04-16 18:06:00.960;TSRA;NSW
2026-04-16 20:25:00.000;4319;A320-251NEO;CNF;THE;SLZ;2026-04-16 21:06:00.960;TSRA;NSW
2026-04-17 17:25:00.000;4160;ERJ;REC;THE;SLZ;2026-04-17 18:06:00.960;TSRA;NSW
2026-04-17 20:25:00.000;4319;A320-251NEO;CNF;THE;SLZ;2026-04-17 21:06:00.960;TSRA;NSW
2026-04-18 01:00:00.000;2788;ERJ;REC;THE;SLZ;2026-04-18 01:41:00.960;TS;NSW
2026-04-18 17:25:00.000;4160;ERJ;REC;THE;SLZ;2026-04-18 18:06:00.960;TSRA;RA BR
2026-04-19 17:25:00.000;4160;ERJ;REC;THE;SLZ;2026-04-19 18:06:00.960;TSRA;NSW
2026-04-19 20:25:00.000;4319;A320-251NEO;CNF;THE;SLZ;2026-04-19 21:06:00.960;TSRA;NSW
2026-04-20 20:25:00.000;4319;A320-253NEO;CNF;THE;SLZ;2026-04-20 21:06:00.960;TS;-RA
2026-04-23 17:25:00.000;4160;ERJ;REC;THE;SLZ;2026-04-23 18:06:00.960;TSRA;VCSH
2026-04-27 01:00:00.000;2788;A320-253NEO;REC;THE;SLZ;2026-04-27 01:41:00.960;TSRA;-RA
2026-04-27 17:25:00.000;4160;ERJ;REC;THE;SLZ;2026-04-27 18:06:00.960;TSRA;NSW
2026-04-27 20:25:00.000;4319;A320-251NEO;CNF;THE;SLZ;2026-04-27 21:06:00.960;TSRA;NSW
2026-04-28 17:25:00.000;4160;ERJ;REC;THE;SLZ;2026-04-28 18:06:00.960;TSRA;NSW
2026-04-30 17:25:00.000;4160;ERJ;REC;THE;SLZ;2026-04-30 18:06:00.960;TS;NSW
2026-05-02 17:25:00.000;4160;ERJ;REC;THE;SLZ;2026-05-02 18:06:00.960;TS;VCSH
2026-05-02 20:25:00.000;4319;A320-251NEO;CNF;THE;SLZ;2026-05-02 21:06:00.960;TS;NSW
2026-05-03 17:25:00.000;4160;ERJ;REC;THE;SLZ;2026-05-03 18:06:00.960;TSRA;NSW
2026-05-03 20:25:00.000;4319;ERJ;CNF;THE;SLZ;2026-05-03 21:06:00.960;TSRA;NSW
2026-05-04 20:25:00.000;4319;A320-253NEO;CNF;THE;SLZ;2026-05-04 21:06:00.960;TS;NSW
2026-05-06 20:25:00.000;4319;A320-251NEO;CNF;THE;SLZ;2026-05-06 21:06:00.960;TSRA;NSW
2026-05-08 17:25:00.000;4160;ERJ;REC;THE;SLZ;2026-05-08 18:06:00.960;TS;NSW
2026-05-09 17:25:00.000;4160;ERJ;REC;THE;SLZ;2026-05-09 18:06:00.960;TSRA;VCSH
2026-05-12 17:25:00.000;4160;ERJ;REC;THE;SLZ;2026-05-12 18:06:00.960;TS;VCSH
2026-05-12 20:25:00.000;4319;A320-251NEO;CNF;THE;SLZ;2026-05-12 21:06:00.960;TS;-RA
2026-05-13 17:25:00.000;4160;A320-253NEO;REC;THE;SLZ;2026-05-13 18:06:00.960;TSRA;NSW
2026-05-13 20:25:00.000;4319;A320-251NEO;CNF;THE;SLZ;2026-05-13 21:06:00.960;TSRA;NSW
2026-05-14 17:25:00.000;4160;ERJ;REC;THE;SLZ;2026-05-14 18:06:00.960;TSRA;NSW
2026-05-14 20:25:00.000;4319;A320-251NEO;CNF;THE;SLZ;2026-05-14 21:06:00.960;TSRA;NSW
2026-05-15 17:25:00.000;4160;ERJ;REC;THE;SLZ;2026-05-15 18:06:00.960;TSRA;VCSH
2026-05-16 17:25:00.000;4160;ERJ;REC;THE;SLZ;2026-05-16 18:06:00.960;TSRA;NSW
2026-05-16 20:25:00.000;4319;A320-251NEO;CNF;THE;SLZ;2026-05-16 21:06:00.960;TSRA;NSW
2026-05-17 05:05:00.000;4378;A320-253NEO;VCP;THE;SLZ;2026-05-17 05:46:00.960;TSRA;NSW
2026-05-18 05:45:00.000;4378;A320-251NEO;VCP;THE;SLZ;2026-05-18 06:26:00.960;TSRA;NSW
2026-05-18 17:25:00.000;4160;ERJ;REC;THE;SLZ;2026-05-18 18:06:00.960;TSRA;VCSH
2026-05-18 20:25:00.000;4319;A320-251NEO;CNF;THE;SLZ;2026-05-18 21:06:00.960;TSRA;VCSH
2026-05-19 17:25:00.000;4160;ERJ;REC;THE;SLZ;2026-05-19 18:06:00.960;TSRA;NSW
2026-05-19 20:25:00.000;4319;A320-251NEO;CNF;THE;SLZ;2026-05-19 21:06:00.960;TSRA;NSW
2026-05-22 17:25:00.000;4160;ERJ;REC;THE;SLZ;2026-05-22 18:06:00.960;TS;VCSH
2026-05-22 20:25:00.000;4319;A320-251NEO;CNF;THE;SLZ;2026-05-22 21:06:00.960;TS;NSW
2026-05-23 17:25:00.000;4160;ERJ;REC;THE;SLZ;2026-05-23 18:06:00.960;TS;NSW
2026-05-24 17:25:00.000;4160;ERJ;REC;THE;SLZ;2026-05-24 18:06:00.960;TSRA;NSW
2026-05-24 20:25:00.000;4319;A320-253NEO;CNF;THE;SLZ;2026-05-24 21:06:00.960;TSRA;NSW
2026-06-01 17:25:00.000;4160;A320-251NEO;REC;THE;SLZ;2026-06-01 18:06:00.960;TSRA;-RA
2026-06-01 20:25:00.000;4319;A320-251NEO;CNF;THE;SLZ;2026-06-01 21:06:00.960;TSRA;NSW
2026-06-02 17:25:00.000;4160;A320-251NEO;REC;THE;SLZ;2026-06-02 18:06:00.960;TSRA;NSW
2026-06-07 17:25:00.000;4160;A320-251NEO;REC;THE;SLZ;2026-06-07 18:06:00.960;TS;NSW
2026-06-18 17:25:00.000;4160;A320-251NEO;REC;THE;SLZ;2026-06-18 18:06:00.960;TS;NSW
2026-06-23 17:25:00.000;4160;A320-253NEO;REC;THE;SLZ;2026-06-23 18:06:00.960;TS;NSW
2026-06-23 20:25:00.000;4319;A320-251NEO;CNF;THE;SLZ;2026-06-23 21:06:00.960;TS;NSW
2026-06-24 17:25:00.000;4160;ERJ;REC;THE;SLZ;2026-06-24 18:06:00.960;TS;NSW
2026-06-25 17:25:00.000;4160;A320-251NEO;REC;THE;SLZ;2026-06-25 18:06:00.960;TSRA;NSW
2026-06-25 20:25:00.000;4319;A320-253NEO;CNF;THE;SLZ;2026-06-25 21:06:00.960;TSRA;NSW
2026-06-28 20:25:00.000;4319;A320-251NEO;CNF;THE;SLZ;2026-06-28 21:06:00.960;TSRA;VCSH
2026-07-04 20:25:00.000;4319;A320-251NEO;CNF;THE;SLZ;2026-07-04 21:06:00.960;TS;NSW
2026-07-06 17:25:00.000;4160;A320-251NEO;REC;THE;SLZ;2026-07-06 18:06:00.960;TS;NSW
2026-07-25 17:25:00.000;4160;A320-253NEO;REC;THE;SLZ;2026-07-25 18:06:00.960;TS;NSW
2026-07-25 20:25:00.000;4319;A320-251NEO;CNF;THE;SLZ;2026-07-25 21:06:00.960;TS;NSW
2026-07-28 17:25:00.000;4160;A320-251NEO;REC;THE;SLZ;2026-07-28 18:06:00.960;TS;NSW
2025-11-20 10:30:00.000;2474;A320-251NEO;CNF;BPS;SSA;2025-11-20 11:21:57.600;TSRA;VCSH
2025-11-20 14:25:00.000;2892;A320-251NEO;CNF;BPS;SSA;2025-11-20 15:16:57.600;TSRA;NSW
2025-11-20 21:50:00.000;9035;A320-251NEO;CGH;BPS;SSA;2025-11-20 22:41:57.600;TSRA;-RA
2025-11-20 22:55:00.000;2974;A320-251NEO;CNF;BPS;SSA;2025-11-20 23:46:57.600;TSRA;-RA
2025-11-21 14:25:00.000;2892;A320-251NEO;CNF;BPS;SSA;2025-11-21 15:16:57.600;TSRA;VCSH
2025-11-21 19:30:00.000;4010;A320-251NEO;VCP;IOS;SSA;2025-11-21 19:59:13.919;TSRA;-RA BR
2026-01-08 10:20:00.000;2474;A320-253NEO;CNF;BPS;SSA;2026-01-08 11:11:57.600;TSRA;NSW
2026-01-08 10:50:00.000;2416;A320-251NEO;GYN;BPS;SSA;2026-01-08 11:41:57.600;TSRA;NSW
2026-01-09 14:25:00.000;2892;A320-251NEO;CNF;BPS;SSA;2026-01-09 15:16:57.600;TSRA;NSW
2026-01-18 13:15:00.000;2474;A320-251NEO;CNF;BPS;SSA;2026-01-18 14:06:57.600;TSRA;-RA
2026-01-18 16:25:00.000;2505;A320-251NEO;SJP;BPS;SSA;2026-01-18 17:16:57.600;TSRA;NSW
2026-01-18 17:10:00.000;2456;A320-251NEO;CNF;UNA;SSA;2026-01-18 17:46:28.799;TSRA;NSW
2026-01-19 14:50:00.000;2892;A320-251NEO;CNF;BPS;SSA;2026-01-19 15:41:57.600;TSRA;VCSH
2026-01-19 16:00:00.000;2241;A320-253NEO;UDI;BPS;SSA;2026-01-19 16:51:57.600;TSRA;NSW
2026-01-19 18:00:00.000;4930;A320-251NEO;VCP;BPS;SSA;2026-01-19 18:51:57.600;TSRA;NSW
2026-01-19 20:00:00.000;4010;A320-253NEO;VCP;IOS;SSA;2026-01-19 20:29:13.919;TSRA;NSW
2026-01-20 14:50:00.000;2892;A320-251NEO;CNF;BPS;SSA;2026-01-20 15:41:57.600;TSRA;NSW
2026-01-21 10:20:00.000;2474;A320-251NEO;CNF;BPS;SSA;2026-01-21 11:11:57.600;TSRA;NSW
2026-01-26 21:40:00.000;2422;A320-253NEO;PPB;BPS;SSA;2026-01-26 22:31:57.600;TSRA;NSW
2026-02-26 22:55:00.000;2974;A320-251NEO;CNF;BPS;SSA;2026-02-26 23:46:57.600;TSRA BR;NSW
2026-02-27 10:30:00.000;2474;A320-251NEO;CNF;BPS;SSA;2026-02-27 11:21:57.600;TSRA;NSW
2026-02-27 14:25:00.000;2892;A320-251NEO;CNF;BPS;SSA;2026-02-27 15:16:57.600;TSRA;NSW
2026-02-28 16:25:00.000;2413;A320-251NEO;RAO;BPS;SSA;2026-02-28 17:16:57.600;TSRA;NSW
2026-03-01 17:55:00.000;2415;A320-251NEO;UDI;BPS;SSA;2026-03-01 18:46:57.600;TSRA;-SHRA
2026-03-01 18:00:00.000;2402;A320-251NEO;VCP;BPS;SSA;2026-03-01 18:51:57.600;TSRA;-SHRA
2026-03-01 21:55:00.000;2413;A320-253NEO;RAO;BPS;SSA;2026-03-01 22:46:57.600;TSRA;VCSH VCTS
2026-03-03 10:30:00.000;2474;A320-251NEO;CNF;BPS;SSA;2026-03-03 11:21:57.600;TSRA;VCSH
2026-03-25 18:00:00.000;4930;A320-251NEO;VCP;BPS;SSA;2026-03-25 18:51:57.600;TSRA;NSW
2026-03-25 19:30:00.000;4010;A320-251NEO;VCP;IOS;SSA;2026-03-25 19:59:13.919;TSRA;VCSH
2026-03-28 17:30:00.000;2415;A320-251NEO;UDI;BPS;SSA;2026-03-28 18:21:57.600;TSRA;NSW
2026-03-28 18:00:00.000;2478;A320-253NEO;CNF;BPS;SSA;2026-03-28 18:51:57.600;TSRA;NSW
2026-03-28 18:00:00.000;2408;A320-251NEO;VCP;BPS;SSA;2026-03-28 18:51:57.600;TSRA;NSW
2026-03-28 19:20:00.000;2422;A320-251NEO;PPB;BPS;SSA;2026-03-28 20:11:57.600;TSRA;NSW
2026-03-28 22:00:00.000;2431;A320-253NEO;CNF;BPS;SSA;2026-03-28 22:51:57.600;TSRA;NSW
2026-03-29 17:55:00.000;2415;A320-251NEO;UDI;BPS;SSA;2026-03-29 18:46:57.600;TSRA;VCSH
2026-03-29 18:00:00.000;2402;A320-251NEO;VCP;BPS;SSA;2026-03-29 18:51:57.600;TSRA;VCSH
2026-03-29 19:10:00.000;2464;A320-253NEO;CGH;UNA;SSA;2026-03-29 19:46:28.799;TSRA;VCSH
2026-03-29 21:55:00.000;2413;A320-251NEO;RAO;BPS;SSA;2026-03-29 22:46:57.600;TSRA;NSW
2026-03-30 14:25:00.000;2892;A320-251NEO;CNF;BPS;SSA;2026-03-30 15:16:57.600;TSRA;VCSH
2026-05-07 17:50:00.000;4930;A320-253NEO;VCP;BPS;SSA;2026-05-07 18:41:57.600;TSRA;NSW
2026-05-07 19:00:00.000;2606;A320-253NEO;CNF;BPS;SSA;2026-05-07 19:51:57.600;TSRA;NSW
2026-05-07 19:30:00.000;4010;A320-253NEO;VCP;IOS;SSA;2026-05-07 19:59:13.919;TSRA;NSW
2026-05-07 22:50:00.000;2974;A320-251NEO;CNF;BPS;SSA;2026-05-07 23:41:57.600;TSRA;NSW
2025-08-08 18:35:00.000;4418;ATR72-600;MAO;TMT;STM;2025-08-08 19:12:06.000;TS;NSW
2025-09-03 19:50:00.000;4418;ATR72-600;STM;TMT;STM;2025-09-03 20:27:06.000;TSRA;NSW
2025-11-11 13:40:00.000;4353;ATR72-600;MAO;ITB;STM;2025-11-11 14:23:42.000;TS;NSW
2025-11-24 19:50:00.000;4418;ATR72-600;STM;TMT;STM;2025-11-24 20:27:06.000;TS;NSW
2025-12-12 18:35:00.000;4418;ATR72-600;MAO;TMT;STM;2025-12-12 19:12:06.000;TS;NSW
2025-12-16 13:40:00.000;4353;ATR72-600;MAO;ITB;STM;2025-12-16 14:23:42.000;TS;NSW
2026-01-09 18:35:00.000;4418;ATR72-600;MAO;TMT;STM;2026-01-09 19:12:06.000;TS;NSW
2026-02-24 13:40:00.000;4353;ATR72-600;MAO;ITB;STM;2026-02-24 14:23:42.000;TSRA BR;NSW
2026-02-26 13:40:00.000;4353;ATR72-600;MAO;ITB;STM;2026-02-26 14:23:42.000;TSRA BR;NSW
2026-03-13 18:35:00.000;4418;ATR72-600;MAO;TMT;STM;2026-03-13 19:12:06.000;TSRA;NSW
2026-03-30 20:20:00.000;4418;ATR72-600;STM;TMT;STM;2026-03-30 20:57:06.000;TS;NSW
2026-04-01 20:20:00.000;4418;ATR72-600;STM;TMT;STM;2026-04-01 20:57:06.000;TSRA;NSW
2026-04-07 20:20:00.000;4418;ATR72-600;STM;TMT;STM;2026-04-07 20:57:06.000;TS;NSW
2026-04-22 20:20:00.000;4418;ATR72-600;STM;TMT;STM;2026-04-22 20:57:06.000;TSRA;NSW
2026-05-05 13:40:00.000;4353;ATR72-600;MAO;ITB;STM;2026-05-05 14:23:42.000;TSRA;NSW
2026-05-05 20:20:00.000;4418;ATR72-600;STM;TMT;STM;2026-05-05 20:57:06.000;TSRA;NSW
2026-05-07 13:40:00.000;4353;ATR72-600;MAO;ITB;STM;2026-05-07 14:23:42.000;TS;NSW
2026-05-08 18:35:00.000;4418;ATR72-600;MAO;TMT;STM;2026-05-08 19:12:06.000;TSRA;VCTS
2026-05-12 20:20:00.000;4418;ATR72-600;STM;TMT;STM;2026-05-12 20:57:06.000;TSRA;NSW
2026-05-13 20:20:00.000;4418;ATR72-600;STM;TMT;STM;2026-05-13 20:57:06.000;TSRA;RA
2026-05-22 18:35:00.000;4418;ATR72-600;MAO;TMT;STM;2026-05-22 19:12:06.000;TSRA;NSW
2026-05-27 20:20:00.000;4418;ATR72-600;STM;TMT;STM;2026-05-27 20:57:06.000;TS;NSW
2026-06-01 20:20:00.000;4418;ATR72-600;STM;TMT;STM;2026-06-01 20:57:06.000;TSRA;NSW
2026-06-03 20:20:00.000;4418;ATR72-600;STM;TMT;STM;2026-06-03 20:57:06.000;TS;NSW
2026-06-08 20:20:00.000;4418;ATR72-600;STM;TMT;STM;2026-06-08 20:57:06.000;TS;NSW
2026-06-09 13:40:00.000;4353;ATR72-600;MAO;ITB;STM;2026-06-09 14:23:42.000;TSRA;NSW
2026-07-06 20:20:00.000;4418;ATR72-600;STM;TMT;STM;2026-07-06 20:57:06.000;TSRA;NSW
2026-07-07 20:20:00.000;4418;ATR72-600;STM;TMT;STM;2026-07-07 20:57:06.000;TS;NSW
2026-07-22 20:20:00.000;4418;ATR72-600;STM;TMT;STM;2026-07-22 20:57:06.000;TS;NSW
2026-07-25 13:40:00.000;4353;ATR72-600;MAO;ITB;STM;2026-07-25 14:23:42.000;TS;NSW
2025-08-02 19:50:00.000;4057;ATR72-600;MAO;TBT;TFF;2025-08-02 21:35:32.000;TS;NSW
2025-08-10 19:50:00.000;4057;ATR72-600;MAO;TBT;TFF;2025-08-10 21:35:32.000;TSRA;NSW
2025-08-16 18:40:00.000;4496;ATR72-600;CGB;PVH;TFF;2025-08-16 20:27:50.000;TSRA;NSW
2025-08-16 19:50:00.000;4057;ATR72-600;MAO;TBT;TFF;2025-08-16 21:35:32.000;TSRA;NSW
2025-08-21 19:50:00.000;4057;ATR72-600;MAO;TBT;TFF;2025-08-21 21:35:32.000;TSRA;NSW
2025-08-30 18:40:00.000;4496;ATR72-600;CGB;PVH;TFF;2025-08-30 20:27:50.000;TS;NSW
2025-08-30 19:50:00.000;4057;ATR72-600;MAO;TBT;TFF;2025-08-30 21:35:32.000;TS;NSW
2025-09-04 19:50:00.000;4057;ATR72-600;MAO;TBT;TFF;2025-09-04 21:35:32.000;TSRA;NSW
2025-09-06 18:40:00.000;4496;ATR72-600;CGB;PVH;TFF;2025-09-06 20:27:50.000;TSRA;NSW
2025-09-07 16:10:00.000;4485;ATR72-600;MAO;PVH;TFF;2025-09-07 17:57:50.000;TS;NSW
2025-09-11 19:50:00.000;4057;ATR72-600;MAO;TBT;TFF;2025-09-11 21:35:32.000;TS;NSW
2025-09-13 18:40:00.000;4496;ATR72-600;CGB;PVH;TFF;2025-09-13 20:27:50.000;TS;NSW
2025-09-13 19:50:00.000;4057;ATR72-600;MAO;TBT;TFF;2025-09-13 21:35:32.000;TS;NSW
2025-09-20 18:40:00.000;4496;ATR72-600;CGB;PVH;TFF;2025-09-20 20:27:50.000;TS;NSW
2025-09-28 15:00:00.000;9354;ATR72-600;MAO;PVH;TFF;2025-09-28 16:47:50.000;TS;NSW
2025-09-28 16:10:00.000;4485;ATR72-600;MAO;PVH;TFF;2025-09-28 17:57:50.000;TS;NSW
2025-10-01 19:00:00.000;9202;ATR72-600;CGB;PVH;TFF;2025-10-01 20:47:50.000;TS;NSW
2025-10-04 18:40:00.000;4496;ATR72-600;CGB;PVH;TFF;2025-10-04 20:27:50.000;TS;NSW
2025-10-11 18:40:00.000;4496;ATR72-600;CGB;PVH;TFF;2025-10-11 20:27:50.000;TS;NSW
2025-10-12 16:10:00.000;4485;ATR72-600;MAO;PVH;TFF;2025-10-12 17:57:50.000;TS;NSW
2025-11-01 18:40:00.000;4496;ATR72-600;CGB;PVH;TFF;2025-11-01 20:27:50.000;TS;NSW
2025-11-15 18:40:00.000;4496;ATR72-600;CGB;PVH;TFF;2025-11-15 20:27:50.000;TS;NSW
2025-11-23 17:55:00.000;4774;ATR72-600;MAO;SJL;TFF;2025-11-23 19:13:58.000;TS;NSW
2025-11-29 18:40:00.000;4496;ATR72-600;CGB;PVH;TFF;2025-11-29 20:27:50.000;TSRA;NSW
2025-12-18 19:50:00.000;4057;ATR72-600;MAO;TBT;TFF;2025-12-18 21:35:32.000;TS;-RA
2025-12-20 18:40:00.000;4496;ATR72-600;CGB;PVH;TFF;2025-12-20 20:27:50.000;TSRA;NSW
2025-12-20 19:50:00.000;4057;ATR72-600;MAO;TBT;TFF;2025-12-20 21:35:32.000;TSRA;NSW
2025-12-23 19:50:00.000;4057;ATR72-600;MAO;TBT;TFF;2025-12-23 21:35:32.000;TSRA;-RA
2025-12-28 19:50:00.000;4057;ATR72-600;MAO;TBT;TFF;2025-12-28 21:35:32.000;TSRA;NSW
2025-12-30 19:50:00.000;4057;ATR72-600;MAO;TBT;TFF;2025-12-30 21:35:32.000;TSRA;NSW
2026-01-03 19:50:00.000;4057;ATR72-600;MAO;TBT;TFF;2026-01-03 21:35:32.000;TS;NSW
2026-01-04 16:10:00.000;4485;ATR72-600;MAO;PVH;TFF;2026-01-04 17:57:50.000;TSRA;NSW
2026-01-08 19:50:00.000;4057;ATR72-600;MAO;TBT;TFF;2026-01-08 21:35:32.000;TSRA;NSW
2026-01-17 18:40:00.000;4496;ATR72-600;CGB;PVH;TFF;2026-01-17 20:27:50.000;TSRA;-RA
2026-01-17 19:50:00.000;4057;ATR72-600;MAO;TBT;TFF;2026-01-17 21:35:32.000;TSRA;NSW
2026-01-27 19:50:00.000;4057;ATR72-600;MAO;TBT;TFF;2026-01-27 21:35:32.000;TS;NSW
2026-02-01 16:10:00.000;4485;ATR72-600;MAO;PVH;TFF;2026-02-01 17:57:50.000;TS;NSW
2026-02-01 16:20:00.000;9350;ATR72-600;MAO;TBT;TFF;2026-02-01 18:05:32.000;TSRA;NSW
2026-02-01 19:50:00.000;4057;ATR72-600;MAO;TBT;TFF;2026-02-01 21:35:32.000;TSRA;NSW
2026-02-08 19:50:00.000;4057;ATR72-600;MAO;TBT;TFF;2026-02-08 21:35:32.000;TS;NSW
2026-02-15 16:10:00.000;4485;ATR72-600;MAO;PVH;TFF;2026-02-15 17:57:50.000;TSRA;NSW
2026-02-21 18:40:00.000;4496;ATR72-600;CGB;PVH;TFF;2026-02-21 20:27:50.000;TSRA;NSW
2026-02-21 19:50:00.000;4057;ATR72-600;MAO;TBT;TFF;2026-02-21 21:35:32.000;TSRA;NSW
2026-03-14 18:40:00.000;4496;ATR72-600;CGB;PVH;TFF;2026-03-14 20:27:50.000;TS;NSW
2026-03-28 18:40:00.000;4496;ATR72-600;CGB;PVH;TFF;2026-03-28 20:27:50.000;TSRA;NSW
2026-04-07 18:50:00.000;9350;ATR72-600;MAO;TBT;TFF;2026-04-07 20:35:32.000;TSRA;NSW
2026-04-18 18:40:00.000;4496;ATR72-600;CGB;PVH;TFF;2026-04-18 20:27:50.000;TSRA;NSW
2026-04-26 16:10:00.000;4485;ATR72-600;MAO;PVH;TFF;2026-04-26 17:57:50.000;TS;NSW
2026-05-02 18:40:00.000;4496;ATR72-600;CGB;PVH;TFF;2026-05-02 20:27:50.000;TSRA;NSW
2026-05-17 16:10:00.000;4485;ATR72-600;MAO;PVH;TFF;2026-05-17 17:57:50.000;TS;NSW
2026-05-30 18:40:00.000;4496;ATR72-600;CGB;PVH;TFF;2026-05-30 20:27:50.000;TS;NSW
2026-05-31 18:40:00.000;4496;ATR72-600;CGB;PVH;TFF;2026-05-31 20:27:50.000;TS;NSW
2026-06-05 15:50:00.000;2683;ATR72-600;TFF;TBT;TFF;2026-06-05 17:35:32.000;TSRA;NSW
2026-06-06 18:40:00.000;4496;ATR72-600;CGB;PVH;TFF;2026-06-06 20:27:50.000;TSRA;NSW
2026-06-15 15:50:00.000;2683;ATR72-600;TFF;TBT;TFF;2026-06-15 17:35:32.000;TS;NSW
2026-06-23 14:45:00.000;4183;ATR72-600;MAO;TBT;TFF;2026-06-23 16:30:32.000;TSRA;NSW
2026-07-25 14:45:00.000;4183;ATR72-600;MAO;TBT;TFF;2026-07-25 16:30:32.000;TSRA;NSW
2025-10-21 05:25:00.000;2735;A320-251NEO;CNF;SLZ;THE;2025-10-21 06:06:00.960;TSRA;NSW
2025-11-20 03:45:00.000;4477;A320-251NEO;REC;SLZ;THE;2025-11-20 04:26:00.960;TS;NSW
2025-12-06 04:55:00.000;2735;A320-251NEO;CNF;SLZ;THE;2025-12-06 05:36:00.960;TSRA;NSW
2025-12-07 07:20:00.000;4352;A320-251NEO;IMP;SLZ;THE;2025-12-07 08:01:00.960;TS;NSW
2025-12-18 17:25:00.000;2620;A320-251NEO;BEL;SLZ;THE;2025-12-18 18:06:00.960;TSRA;NSW
2025-12-18 17:25:00.000;2723;A321-251NEO;REC;SLZ;THE;2025-12-18 18:06:00.960;TSRA;NSW
2025-12-18 20:20:00.000;4871;A320-251NEO;VCP;SLZ;THE;2025-12-18 21:01:00.960;TSRA;NSW
2025-12-19 16:25:00.000;9578;A320-253NEO;CKS;SLZ;THE;2025-12-19 17:06:00.960;TSRA;NSW
2025-12-21 03:45:00.000;4477;A320-251NEO;REC;SLZ;THE;2025-12-21 04:26:00.960;TSRA;NSW
2025-12-21 04:55:00.000;2735;A320-251NEO;CNF;SLZ;THE;2025-12-21 05:36:00.960;TSRA;NSW
2025-12-21 17:25:00.000;2620;A320-253NEO;BEL;SLZ;THE;2025-12-21 18:06:00.960;TS;NSW
2025-12-22 07:20:00.000;4352;A320-251NEO;IMP;SLZ;THE;2025-12-22 08:01:00.960;TS;NSW
2025-12-24 17:25:00.000;2620;A320-251NEO;BEL;SLZ;THE;2025-12-24 18:06:00.960;TSRA;NSW
2025-12-24 17:25:00.000;2723;A320-251NEO;REC;SLZ;THE;2025-12-24 18:06:00.960;TSRA;NSW
2025-12-26 03:45:00.000;4477;A320-251NEO;REC;SLZ;THE;2025-12-26 04:26:00.960;TS;NSW
2025-12-26 04:55:00.000;2735;A320-251NEO;CNF;SLZ;THE;2025-12-26 05:36:00.960;TS;NSW
2026-01-16 20:20:00.000;4871;A320-251NEO;VCP;SLZ;THE;2026-01-16 21:01:00.960;TS;VCSH
2026-01-20 17:00:00.000;9430;A320-251NEO;CKS;SLZ;THE;2026-01-20 17:41:00.960;TS;NSW
2026-01-23 17:25:00.000;2620;A320-251NEO;BEL;SLZ;THE;2026-01-23 18:06:00.960;TSRA;NSW
2026-01-23 17:25:00.000;2723;A320-251NEO;REC;SLZ;THE;2026-01-23 18:06:00.960;TSRA;NSW
2026-01-23 20:20:00.000;4871;A320-251NEO;VCP;SLZ;THE;2026-01-23 21:01:00.960;TSRA;NSW
2026-01-26 20:20:00.000;4871;A320-251NEO;VCP;SLZ;THE;2026-01-26 21:01:00.960;TSRA;NSW
2026-01-27 17:35:00.000;2620;A320-251NEO;BEL;SLZ;THE;2026-01-27 18:16:00.960;TSRA;-RA
2026-01-27 18:05:00.000;2723;A320-253NEO;REC;SLZ;THE;2026-01-27 18:46:00.960;TSRA;-RA
2026-01-27 20:20:00.000;4871;A320-251NEO;VCP;SLZ;THE;2026-01-27 21:01:00.960;TSRA;-RA
2026-01-29 17:35:00.000;2620;A320-251NEO;BEL;SLZ;THE;2026-01-29 18:16:00.960;TSRA;NSW
2026-01-29 18:05:00.000;2723;A320-251NEO;REC;SLZ;THE;2026-01-29 18:46:00.960;TSRA;NSW
2026-01-29 20:20:00.000;4871;A320-251NEO;VCP;SLZ;THE;2026-01-29 21:01:00.960;TSRA;NSW
2026-02-04 17:25:00.000;2723;A320-251NEO;REC;SLZ;THE;2026-02-04 18:06:00.960;TS;NSW
2026-02-04 18:15:00.000;2620;A320-251NEO;BEL;SLZ;THE;2026-02-04 18:56:00.960;TS;NSW
2026-02-04 20:20:00.000;4871;A320-251NEO;VCP;SLZ;THE;2026-02-04 21:01:00.960;TS;NSW
2026-02-06 17:25:00.000;2620;A320-251NEO;BEL;SLZ;THE;2026-02-06 18:06:00.960;TSRA;NSW
2026-02-06 17:25:00.000;2723;A320-251NEO;REC;SLZ;THE;2026-02-06 18:06:00.960;TSRA;NSW
2026-02-06 20:20:00.000;4871;A320-251NEO;VCP;SLZ;THE;2026-02-06 21:01:00.960;TSRA;NSW
2026-02-07 20:20:00.000;4871;A320-251NEO;VCP;SLZ;THE;2026-02-07 21:01:00.960;TSRA;NSW
2026-02-08 20:20:00.000;4871;A320-251NEO;VCP;SLZ;THE;2026-02-08 21:01:00.960;TSRA;NSW
2026-02-11 20:20:00.000;4871;A320-251NEO;VCP;SLZ;THE;2026-02-11 21:01:00.960;TSRA;NSW
2026-02-11 22:25:00.000;4287;A320-253NEO;REC;SLZ;THE;2026-02-11 23:06:00.960;TSRA;NSW
2026-02-12 17:25:00.000;2620;A320-253NEO;BEL;SLZ;THE;2026-02-12 18:06:00.960;TSRA;NSW
2026-02-12 17:25:00.000;2723;A320-251NEO;REC;SLZ;THE;2026-02-12 18:06:00.960;TSRA;NSW
2026-02-12 20:20:00.000;4871;A320-251NEO;VCP;SLZ;THE;2026-02-12 21:01:00.960;TSRA;NSW
2026-02-13 16:25:00.000;9578;A320-251NEO;CKS;SLZ;THE;2026-02-13 17:06:00.960;TSRA;NSW
2026-02-13 17:25:00.000;2620;A320-251NEO;BEL;SLZ;THE;2026-02-13 18:06:00.960;TSRA;NSW
2026-02-13 17:25:00.000;2723;A320-251NEO;REC;SLZ;THE;2026-02-13 18:06:00.960;TSRA;NSW
2026-02-15 17:25:00.000;2620;A320-253NEO;BEL;SLZ;THE;2026-02-15 18:06:00.960;TS;NSW
2026-02-15 20:20:00.000;4871;A320-251NEO;VCP;SLZ;THE;2026-02-15 21:01:00.960;TS;NSW
2026-02-16 03:45:00.000;4477;A320-253NEO;REC;SLZ;THE;2026-02-16 04:26:00.960;TSRA;NSW
2026-02-16 04:55:00.000;2735;A320-251NEO;CNF;SLZ;THE;2026-02-16 05:36:00.960;TSRA;NSW
2026-02-16 17:25:00.000;2620;A320-253NEO;BEL;SLZ;THE;2026-02-16 18:06:00.960;TS;NSW
2026-02-16 20:20:00.000;4871;A320-251NEO;VCP;SLZ;THE;2026-02-16 21:01:00.960;TS;NSW
2026-02-17 17:25:00.000;2620;A320-253NEO;BEL;SLZ;THE;2026-02-17 18:06:00.960;TSRA;NSW
2026-02-18 17:25:00.000;2723;A320-253NEO;REC;SLZ;THE;2026-02-18 18:06:00.960;TSRA;NSW
2026-02-18 18:15:00.000;2620;A320-253NEO;BEL;SLZ;THE;2026-02-18 18:56:00.960;TSRA;NSW
2026-02-18 20:20:00.000;4871;A320-251NEO;VCP;SLZ;THE;2026-02-18 21:01:00.960;TSRA;NSW
2026-02-19 20:20:00.000;4871;A320-251NEO;VCP;SLZ;THE;2026-02-19 21:01:00.960;TSRA;NSW
2026-02-20 22:25:00.000;4287;A320-253NEO;REC;SLZ;THE;2026-02-20 23:06:00.960;TS;NSW
2026-02-24 07:15:00.000;4352;A320-253NEO;IMP;SLZ;THE;2026-02-24 07:56:00.960;TSRA;NSW
2026-02-24 17:25:00.000;2620;A320-251NEO;BEL;SLZ;THE;2026-02-24 18:06:00.960;TS;NSW
2026-02-24 17:55:00.000;2723;A320-253NEO;REC;SLZ;THE;2026-02-24 18:36:00.960;TS;NSW
2026-02-24 20:30:00.000;4871;A321-251NEO;VCP;SLZ;THE;2026-02-24 21:11:00.960;TS;NSW
2026-02-25 20:30:00.000;4871;A320-251NEO;VCP;SLZ;THE;2026-02-25 21:11:00.960;TSRA;NSW
2026-02-25 22:25:00.000;4287;A320-251NEO;REC;SLZ;THE;2026-02-25 23:06:00.960;TSRA;NSW
2026-02-26 03:35:00.000;4477;A320-253NEO;REC;SLZ;THE;2026-02-26 04:16:00.960;TSRA;NSW
2026-02-26 04:45:00.000;2735;A320-251NEO;CNF;SLZ;THE;2026-02-26 05:26:00.960;TSRA;NSW
2026-02-26 07:15:00.000;4352;A320-253NEO;IMP;SLZ;THE;2026-02-26 07:56:00.960;TSRA;NSW
2026-02-27 17:25:00.000;2620;A320-251NEO;BEL;SLZ;THE;2026-02-27 18:06:00.960;TS;NSW
2026-02-27 17:55:00.000;2723;A320-251NEO;REC;SLZ;THE;2026-02-27 18:36:00.960;TS;NSW
2026-02-28 03:35:00.000;4477;A320-251NEO;REC;SLZ;THE;2026-02-28 04:16:00.960;TS;-RA
2026-02-28 04:45:00.000;2735;A320-251NEO;CNF;SLZ;THE;2026-02-28 05:26:00.960;TS;-RA
2026-02-28 07:15:00.000;4352;A320-251NEO;IMP;SLZ;THE;2026-02-28 07:56:00.960;TSRA;NSW
2026-03-02 16:10:00.000;9576;A320-251NEO;CKS;SLZ;THE;2026-03-02 16:51:00.960;TSRA;NSW
2026-03-03 17:25:00.000;2620;A320-251NEO;BEL;SLZ;THE;2026-03-03 18:06:00.960;TS;NSW
2026-03-03 17:55:00.000;2723;A320-251NEO;REC;SLZ;THE;2026-03-03 18:36:00.960;TS;NSW
2026-03-03 20:30:00.000;4871;A320-251NEO;VCP;SLZ;THE;2026-03-03 21:11:00.960;TS;NSW
2026-03-05 07:15:00.000;4352;A320-251NEO;IMP;SLZ;THE;2026-03-05 07:56:00.960;TS;NSW
2026-03-05 17:25:00.000;2620;A320-251NEO;BEL;SLZ;THE;2026-03-05 18:06:00.960;TSRA;NSW
2026-03-05 17:55:00.000;2723;A320-251NEO;REC;SLZ;THE;2026-03-05 18:36:00.960;TSRA;NSW
2026-03-05 20:30:00.000;4871;A320-251NEO;VCP;SLZ;THE;2026-03-05 21:11:00.960;TSRA;VCSH
2026-03-06 22:15:00.000;4287;A320-253NEO;REC;SLZ;THE;2026-03-06 22:56:00.960;TS;VCTS
2026-03-07 03:35:00.000;4477;A320-251NEO;REC;SLZ;THE;2026-03-07 04:16:00.960;TSRA;NSW
2026-03-07 04:55:00.000;2735;A320-251NEO;CNF;SLZ;THE;2026-03-07 05:36:00.960;TSRA;NSW
2026-03-07 20:30:00.000;4871;A320-251NEO;VCP;SLZ;THE;2026-03-07 21:11:00.960;TS;NSW
2026-03-08 17:25:00.000;2620;A320-251NEO;BEL;SLZ;THE;2026-03-08 18:06:00.960;TSRA;NSW
2026-03-08 20:30:00.000;4871;A320-251NEO;VCP;SLZ;THE;2026-03-08 21:11:00.960;TSRA;NSW
2026-03-08 22:15:00.000;4287;A320-251NEO;REC;SLZ;THE;2026-03-08 22:56:00.960;TSRA;NSW
2026-03-09 03:35:00.000;4477;A320-251NEO;REC;SLZ;THE;2026-03-09 04:16:00.960;TSRA;NSW
2026-03-14 03:35:00.000;4477;A320-251NEO;REC;SLZ;THE;2026-03-14 04:16:00.960;TSRA;-RA
2026-03-14 04:55:00.000;2735;A320-253NEO;CNF;SLZ;THE;2026-03-14 05:36:00.960;TSRA;NSW
2026-03-15 20:30:00.000;4871;A320-251NEO;VCP;SLZ;THE;2026-03-15 21:11:00.960;TS;NSW
2026-03-16 07:15:00.000;4352;A320-251NEO;IMP;SLZ;THE;2026-03-16 07:56:00.960;TSRA;NSW
2026-03-17 20:30:00.000;4871;A320-253NEO;VCP;SLZ;THE;2026-03-17 21:11:00.960;TSRA;VCTS
2026-03-18 17:25:00.000;2620;A320-251NEO;BEL;SLZ;THE;2026-03-18 18:06:00.960;TS;NSW
2026-03-18 17:55:00.000;2723;A320-251NEO;REC;SLZ;THE;2026-03-18 18:36:00.960;TS;NSW
2026-03-18 20:30:00.000;4871;A321-251NEO;VCP;SLZ;THE;2026-03-18 21:11:00.960;TS;-RA
2026-03-18 22:15:00.000;4287;A320-251NEO;REC;SLZ;THE;2026-03-18 22:56:00.960;TS;NSW
2026-03-19 17:25:00.000;2620;A320-251NEO;BEL;SLZ;THE;2026-03-19 18:06:00.960;TSRA;NSW
2026-03-19 17:55:00.000;2723;A320-251NEO;REC;SLZ;THE;2026-03-19 18:36:00.960;TSRA;NSW
2026-03-19 20:30:00.000;4871;A320-253NEO;VCP;SLZ;THE;2026-03-19 21:11:00.960;TSRA;-RA
2026-03-20 07:15:00.000;4352;A320-251NEO;IMP;SLZ;THE;2026-03-20 07:56:00.960;TSRA;NSW
2026-03-20 17:25:00.000;2620;A320-251NEO;BEL;SLZ;THE;2026-03-20 18:06:00.960;TSRA;NSW
2026-03-20 17:55:00.000;2723;A320-251NEO;REC;SLZ;THE;2026-03-20 18:36:00.960;TSRA;NSW
2026-03-20 20:30:00.000;4871;A320-251NEO;VCP;SLZ;THE;2026-03-20 21:11:00.960;TSRA;NSW
2026-03-21 20:30:00.000;4871;A320-251NEO;VCP;SLZ;THE;2026-03-21 21:11:00.960;TS;NSW
2026-03-25 20:30:00.000;4871;A320-251NEO;VCP;SLZ;THE;2026-03-25 21:11:00.960;TS;NSW
2026-03-25 22:15:00.000;4287;A320-251NEO;REC;SLZ;THE;2026-03-25 22:56:00.960;TS;NSW
2026-03-27 17:25:00.000;2620;A320-251NEO;BEL;SLZ;THE;2026-03-27 18:06:00.960;TS;NSW
2026-03-27 17:55:00.000;2723;A320-251NEO;REC;SLZ;THE;2026-03-27 18:36:00.960;TS;NSW
2026-03-27 20:30:00.000;4871;A320-253NEO;VCP;SLZ;THE;2026-03-27 21:11:00.960;TS;VCTS
2026-03-28 17:25:00.000;2620;A320-251NEO;BEL;SLZ;THE;2026-03-28 18:06:00.960;TS;NSW
2026-03-28 17:55:00.000;2723;A320-251NEO;REC;SLZ;THE;2026-03-28 18:36:00.960;TS;NSW
2026-03-28 20:30:00.000;4871;ERJ;VCP;SLZ;THE;2026-03-28 21:11:00.960;TS;NSW
2026-03-29 22:25:00.000;4287;A320-251NEO;REC;SLZ;THE;2026-03-29 23:06:00.960;TS;NSW
2026-03-30 07:05:00.000;4352;A320-251NEO;IMP;SLZ;THE;2026-03-30 07:46:00.960;TSRA;NSW
2026-03-30 16:10:00.000;9576;A320-251NEO;CKS;SLZ;THE;2026-03-30 16:51:00.960;TSRA;VCSH
2026-03-30 17:25:00.000;2620;A320-251NEO;BEL;SLZ;THE;2026-03-30 18:06:00.960;TSRA;VCSH
2026-03-30 18:25:00.000;2723;A320-253NEO;REC;SLZ;THE;2026-03-30 19:06:00.960;TSRA;VCSH
2026-03-31 20:30:00.000;4871;A320-251NEO;VCP;SLZ;THE;2026-03-31 21:11:00.960;TS;NSW
2026-04-01 07:10:00.000;4352;A320-251NEO;IMP;SLZ;THE;2026-04-01 07:51:00.960;TSRA;NSW
2026-04-01 17:25:00.000;2620;A320-251NEO;BEL;SLZ;THE;2026-04-01 18:06:00.960;TSRA;NSW
2026-04-01 18:15:00.000;2723;A320-253NEO;REC;SLZ;THE;2026-04-01 18:56:00.960;TSRA;NSW
2026-04-01 20:30:00.000;4871;A320-251NEO;VCP;SLZ;THE;2026-04-01 21:11:00.960;TSRA;VCTS
2026-04-02 03:35:00.000;4477;A320-251NEO;REC;SLZ;THE;2026-04-02 04:16:00.960;TSRA;NSW
2026-04-02 04:55:00.000;2735;A320-251NEO;CNF;SLZ;THE;2026-04-02 05:36:00.960;TSRA;NSW
2026-04-02 17:25:00.000;2620;A320-251NEO;BEL;SLZ;THE;2026-04-02 18:06:00.960;TSRA;NSW
2026-04-02 18:15:00.000;2723;A320-251NEO;REC;SLZ;THE;2026-04-02 18:56:00.960;TSRA;NSW
2026-04-02 20:30:00.000;4871;A320-251NEO;VCP;SLZ;THE;2026-04-02 21:11:00.960;TSRA;VCSH
2026-04-03 17:25:00.000;2620;A320-251NEO;BEL;SLZ;THE;2026-04-03 18:06:00.960;TS;NSW
2026-04-03 18:15:00.000;2723;A320-253NEO;REC;SLZ;THE;2026-04-03 18:56:00.960;TS;NSW
2026-04-03 20:30:00.000;4871;A321-251NEO;VCP;SLZ;THE;2026-04-03 21:11:00.960;TS;NSW
2026-04-04 20:30:00.000;4871;A321-251NEO;VCP;SLZ;THE;2026-04-04 21:11:00.960;TSRA;NSW
2026-04-06 17:25:00.000;2620;A320-251NEO;BEL;SLZ;THE;2026-04-06 18:06:00.960;TS;VCSH
2026-04-06 18:15:00.000;2723;A320-251NEO;REC;SLZ;THE;2026-04-06 18:56:00.960;TS;VCSH
2026-04-07 17:25:00.000;2620;A320-251NEO;BEL;SLZ;THE;2026-04-07 18:06:00.960;TS;NSW
2026-04-07 18:15:00.000;2723;ERJ;REC;SLZ;THE;2026-04-07 18:56:00.960;TS;NSW
2026-04-07 20:30:00.000;4871;A320-251NEO;VCP;SLZ;THE;2026-04-07 21:11:00.960;TS;VCTS
2026-04-10 07:15:00.000;4352;A320-251NEO;IMP;SLZ;THE;2026-04-10 07:56:00.960;TS;NSW
2026-04-10 20:30:00.000;4871;A320-251NEO;VCP;SLZ;THE;2026-04-10 21:11:00.960;TS;NSW
2026-04-11 20:30:00.000;4871;A320-251NEO;VCP;SLZ;THE;2026-04-11 21:11:00.960;TSRA;NSW
2026-04-12 03:35:00.000;4477;A320-251NEO;REC;SLZ;THE;2026-04-12 04:16:00.960;TSRA;NSW
2026-04-13 07:15:00.000;4352;A320-251NEO;IMP;SLZ;THE;2026-04-13 07:56:00.960;TS;NSW
2026-04-13 16:10:00.000;9576;A320-253NEO;CKS;SLZ;THE;2026-04-13 16:51:00.960;TS;NSW
2026-04-13 17:25:00.000;2620;A320-251NEO;BEL;SLZ;THE;2026-04-13 18:06:00.960;TS;NSW
2026-04-13 18:15:00.000;2723;A320-251NEO;REC;SLZ;THE;2026-04-13 18:56:00.960;TS;NSW
2026-04-13 20:30:00.000;4871;A320-251NEO;VCP;SLZ;THE;2026-04-13 21:11:00.960;TS;NSW
2026-04-16 17:25:00.000;2620;A320-251NEO;BEL;SLZ;THE;2026-04-16 18:06:00.960;TSRA;NSW
2026-04-16 18:15:00.000;2723;A320-251NEO;REC;SLZ;THE;2026-04-16 18:56:00.960;TSRA;NSW
2026-04-16 20:30:00.000;4871;A320-251NEO;VCP;SLZ;THE;2026-04-16 21:11:00.960;TSRA;NSW
2026-04-19 00:30:00.000;4871;A321-251NEO;FOR;SLZ;THE;2026-04-19 01:11:00.960;TS;-RA
2026-04-19 17:25:00.000;2620;A320-251NEO;BEL;SLZ;THE;2026-04-19 18:06:00.960;TSRA;VCSH
2026-04-19 20:30:00.000;4871;A320-251NEO;VCP;SLZ;THE;2026-04-19 21:11:00.960;TSRA;NSW
2026-04-20 20:30:00.000;4871;A320-251NEO;VCP;SLZ;THE;2026-04-20 21:11:00.960;TS;NSW
2026-04-22 17:25:00.000;2620;A320-251NEO;BEL;SLZ;THE;2026-04-22 18:06:00.960;TSRA;NSW
2026-04-22 18:15:00.000;2723;A320-253NEO;REC;SLZ;THE;2026-04-22 18:56:00.960;TSRA;NSW
2026-04-23 17:25:00.000;2620;A320-253NEO;BEL;SLZ;THE;2026-04-23 18:06:00.960;TS;NSW
2026-04-23 18:15:00.000;2723;A320-251NEO;REC;SLZ;THE;2026-04-23 18:56:00.960;TS;NSW
2026-04-24 20:30:00.000;4871;A320-251NEO;VCP;SLZ;THE;2026-04-24 21:11:00.960;TS;NSW
2026-04-26 20:30:00.000;4871;A320-251NEO;VCP;SLZ;THE;2026-04-26 21:11:00.960;TSRA;NSW
2026-04-27 20:30:00.000;4871;A320-251NEO;VCP;SLZ;THE;2026-04-27 21:11:00.960;TSRA;NSW
2026-04-28 03:35:00.000;4477;A320-251NEO;REC;SLZ;THE;2026-04-28 04:16:00.960;TSRA;NSW
2026-04-28 04:55:00.000;2735;A320-251NEO;CNF;SLZ;THE;2026-04-28 05:36:00.960;TSRA;NSW
2026-05-03 17:25:00.000;2620;A320-251NEO;BEL;SLZ;THE;2026-05-03 18:06:00.960;TSRA;NSW
2026-05-04 20:30:00.000;4871;A320-251NEO;VCP;SLZ;THE;2026-05-04 21:11:00.960;TS;NSW
2026-05-09 17:25:00.000;2620;A320-251NEO;BEL;SLZ;THE;2026-05-09 18:06:00.960;TSRA;NSW
2026-05-09 17:45:00.000;2723;A320-251NEO;REC;SLZ;THE;2026-05-09 18:26:00.960;TSRA;NSW
2026-05-10 20:30:00.000;4871;A320-253NEO;VCP;SLZ;THE;2026-05-10 21:11:00.960;TS;NSW
2026-05-12 20:30:00.000;4871;A320-253NEO;VCP;SLZ;THE;2026-05-12 21:11:00.960;TS;NSW
2026-05-13 17:25:00.000;2620;A320-251NEO;BEL;SLZ;THE;2026-05-13 18:06:00.960;TSRA;NSW
2026-05-13 17:55:00.000;2723;A320-251NEO;REC;SLZ;THE;2026-05-13 18:36:00.960;TSRA;NSW
2026-05-14 20:30:00.000;4871;A320-251NEO;VCP;SLZ;THE;2026-05-14 21:11:00.960;TS;NSW
2026-05-15 17:25:00.000;2620;A320-253NEO;BEL;SLZ;THE;2026-05-15 18:06:00.960;TSRA;NSW
2026-05-15 17:55:00.000;2723;A320-251NEO;REC;SLZ;THE;2026-05-15 18:36:00.960;TSRA;NSW
2026-05-15 20:30:00.000;4871;A320-251NEO;VCP;SLZ;THE;2026-05-15 21:11:00.960;TSRA;NSW
2026-05-16 03:35:00.000;4477;A320-253NEO;REC;SLZ;THE;2026-05-16 04:16:00.960;TS;NSW
2026-05-16 04:55:00.000;2735;A320-251NEO;CNF;SLZ;THE;2026-05-16 05:36:00.960;TS;NSW
2026-05-17 03:35:00.000;4477;A320-251NEO;REC;SLZ;THE;2026-05-17 04:16:00.960;TSRA;NSW
2026-05-17 04:55:00.000;2735;A320-251NEO;CNF;SLZ;THE;2026-05-17 05:36:00.960;TSRA;NSW
2026-05-17 07:15:00.000;4352;A320-251NEO;IMP;SLZ;THE;2026-05-17 07:56:00.960;TSRA;NSW
2026-05-18 20:30:00.000;4871;ERJ;VCP;SLZ;THE;2026-05-18 21:11:00.960;TSRA;NSW
2026-06-28 02:30:00.000;9015;A320-253NEO;VCP;SLZ;THE;2026-06-28 03:11:00.960;TSRA;RA
2026-06-28 03:35:00.000;4477;A320-253NEO;REC;SLZ;THE;2026-06-28 04:16:00.960;TSRA;-RA
2026-06-28 04:10:00.000;4871;ERJ;VCP;SLZ;THE;2026-06-28 04:51:00.960;TSRA;-RA
2026-06-28 04:15:00.000;2735;A320-251NEO;CNF;SLZ;THE;2026-06-28 04:56:00.960;TSRA;-RA
2025-09-19 19:25:00.000;4268;ATR72-600;VCP;RAO;UBA;2025-09-19 19:52:38.000;TSRA;NSW
2025-09-19 21:30:00.000;4264;ATR72-600;CNF;UDI;UBA;2025-09-19 21:48:20.000;TSRA;NSW
2025-09-19 21:55:00.000;6174;ATR72-600;CNF;RAO;UBA;2025-09-19 22:22:38.000;TSRA;NSW
2025-09-19 22:25:00.000;4373;ATR72-600;VCP;UDI;UBA;2025-09-19 22:43:20.000;TSRA;NSW
2025-09-19 22:20:00.000;4825;ATR72-600;VCP;RAO;UBA;2025-09-19 22:47:38.000;TSRA;NSW
2025-09-22 17:20:00.000;4179;ATR72-600;CNF;UDI;UBA;2025-09-22 17:38:20.000;TSRA;BR
2025-09-22 18:20:00.000;4316;ATR72-600;VCP;UDI;UBA;2025-09-22 18:38:20.000;TSRA BR;NSW
2025-09-22 21:30:00.000;4264;ATR72-600;CNF;UDI;UBA;2025-09-22 21:48:20.000;TSRA BR;-RA
2025-09-22 22:25:00.000;4373;ATR72-600;VCP;UDI;UBA;2025-09-22 22:43:20.000;TSRA BR;VCTS
2025-09-24 19:25:00.000;4268;ATR72-600;VCP;RAO;UBA;2025-09-24 19:52:38.000;TSRA;VCTS
2025-10-09 13:15:00.000;4244;ATR72-600;CNF;UDI;UBA;2025-10-09 13:33:20.000;TS;NSW
2025-10-09 13:50:00.000;4240;ATR72-600;VCP;UDI;UBA;2025-10-09 14:08:20.000;TS;NSW
2025-10-09 14:35:00.000;4590;ATR72-600;VCP;RAO;UBA;2025-10-09 15:02:38.000;TS;NSW
2025-10-09 17:20:00.000;4179;ATR72-600;CNF;UDI;UBA;2025-10-09 17:38:20.000;TS;NSW
2025-10-11 02:45:00.000;6170;ATR72-600;CNF;RAO;UBA;2025-10-11 03:12:38.000;TSRA;NSW
2025-10-11 03:25:00.000;4376;ATR72-600;CNF;UDI;UBA;2025-10-11 03:43:20.000;TSRA;NSW
2025-10-11 03:25:00.000;4711;ATR72-600;VCP;RAO;UBA;2025-10-11 03:52:38.000;TSRA;NSW
2025-10-11 03:35:00.000;4670;ATR72-600;VCP;UDI;UBA;2025-10-11 03:53:20.000;TSRA;NSW
2025-10-13 19:25:00.000;4268;ATR72-600;VCP;RAO;UBA;2025-10-13 19:52:38.000;TS;NSW
2025-10-18 19:25:00.000;4268;ATR72-600;VCP;RAO;UBA;2025-10-18 19:52:38.000;TS;BR
2025-10-18 21:10:00.000;4179;ATR72-600;CNF;UDI;UBA;2025-10-18 21:28:20.000;TS;BR
2025-10-19 00:15:00.000;9356;ATR72-600;CNF;UDI;UBA;2025-10-19 00:33:20.000;TS;-RA
2025-10-30 18:15:00.000;4316;ATR72-600;VCP;UDI;UBA;2025-10-30 18:33:20.000;TSRA;VCSH
2025-10-30 19:25:00.000;4268;ATR72-600;VCP;RAO;UBA;2025-10-30 19:52:38.000;TSRA;VCSH
2025-10-30 22:25:00.000;4373;ATR72-600;VCP;UDI;UBA;2025-10-30 22:43:20.000;TSRA;NSW
2025-10-30 22:25:00.000;4264;ATR72-600;CNF;UDI;UBA;2025-10-30 22:43:20.000;TSRA;NSW
2025-10-30 22:20:00.000;4825;ATR72-600;VCP;RAO;UBA;2025-10-30 22:47:38.000;TSRA;NSW
2025-11-01 21:10:00.000;4179;ATR72-600;CNF;UDI;UBA;2025-11-01 21:28:20.000;TSRA;NSW
2025-11-02 19:25:00.000;4268;ATR72-600;VCP;RAO;UBA;2025-11-02 19:52:38.000;TSRA BR;NSW
2025-11-02 21:55:00.000;6174;ATR72-600;CNF;RAO;UBA;2025-11-02 22:22:38.000;TSRA BR;-RA VCTS
2025-11-02 22:15:00.000;4825;ATR72-600;VCP;RAO;UBA;2025-11-02 22:42:38.000;TSRA BR;-RA VCTS
2025-11-02 22:25:00.000;4373;ATR72-600;VCP;UDI;UBA;2025-11-02 22:43:20.000;TSRA BR;-RA VCTS
2025-11-02 22:25:00.000;4264;ATR72-600;CNF;UDI;UBA;2025-11-02 22:43:20.000;TSRA BR;-RA VCTS
2025-11-03 19:25:00.000;4268;ATR72-600;VCP;RAO;UBA;2025-11-03 19:52:38.000;TSRA;NSW
2025-11-05 19:25:00.000;4268;ATR72-600;VCP;RAO;UBA;2025-11-05 19:52:38.000;TSRA;BLDU
2025-11-05 21:55:00.000;6174;ATR72-600;CNF;RAO;UBA;2025-11-05 22:22:38.000;TSRA;NSW
2025-11-05 22:25:00.000;4373;ATR72-600;VCP;UDI;UBA;2025-11-05 22:43:20.000;TSRA;NSW
2025-11-05 22:25:00.000;4264;ATR72-600;CNF;UDI;UBA;2025-11-05 22:43:20.000;TSRA;NSW
2025-11-05 22:20:00.000;4825;ATR72-600;VCP;RAO;UBA;2025-11-05 22:47:38.000;TSRA;NSW
2025-11-08 18:25:00.000;6182;ATR72-600;CNF;RAO;UBA;2025-11-08 18:52:38.000;TSRA;NSW
2025-11-08 19:25:00.000;4268;ATR72-600;VCP;RAO;UBA;2025-11-08 19:52:38.000;TSRA;NSW
2025-11-15 18:25:00.000;6182;ATR72-600;CNF;RAO;UBA;2025-11-15 18:52:38.000;TSRA;VCSH
2025-11-15 19:25:00.000;4268;ATR72-600;VCP;RAO;UBA;2025-11-15 19:52:38.000;TSRA;VCSH
2025-11-18 18:15:00.000;4316;ATR72-600;VCP;UDI;UBA;2025-11-18 18:33:20.000;TSRA;SHRA
2025-11-18 19:25:00.000;4268;ATR72-600;VCP;RAO;UBA;2025-11-18 19:52:38.000;TSRA;NSW
2025-11-18 22:25:00.000;4373;ATR72-600;VCP;UDI;UBA;2025-11-18 22:43:20.000;TSRA;NSW
2025-11-18 22:20:00.000;4825;ATR72-600;VCP;RAO;UBA;2025-11-18 22:47:38.000;TSRA;NSW
2025-12-04 19:00:00.000;4268;ATR72-600;VCP;RAO;UBA;2025-12-04 19:27:38.000;TSRA;NSW
2025-12-05 19:25:00.000;4268;ATR72-600;VCP;RAO;UBA;2025-12-05 19:52:38.000;TSRA;NSW
2025-12-05 22:00:00.000;6174;ATR72-600;CNF;RAO;UBA;2025-12-05 22:27:38.000;TSRA;VCSH
2025-12-05 22:15:00.000;4264;ATR72-600;CNF;UDI;UBA;2025-12-05 22:33:20.000;TSRA;VCSH
2025-12-05 22:25:00.000;4373;ATR72-600;VCP;UDI;UBA;2025-12-05 22:43:20.000;TSRA;VCSH
2025-12-05 22:20:00.000;4825;ATR72-600;VCP;RAO;UBA;2025-12-05 22:47:38.000;TSRA;VCSH
2025-12-06 18:15:00.000;4316;ATR72-600;VCP;UDI;UBA;2025-12-06 18:33:20.000;TSRA;NSW
2025-12-08 18:15:00.000;4316;ATR72-600;VCP;UDI;UBA;2025-12-08 18:33:20.000;TSRA BR;VCSH
2025-12-08 19:25:00.000;4268;ATR72-600;VCP;RAO;UBA;2025-12-08 19:52:38.000;TSRA BR;NSW
2025-12-09 19:25:00.000;4268;ATR72-600;VCP;RAO;UBA;2025-12-09 19:52:38.000;TSRA;-RA
2025-12-09 22:05:00.000;4373;ATR72-600;VCP;UDI;UBA;2025-12-09 22:23:20.000;TSRA;NSW
2025-12-09 22:15:00.000;4264;ATR72-600;CNF;UDI;UBA;2025-12-09 22:33:20.000;TSRA;NSW
2025-12-09 23:05:00.000;6174;ATR72-600;CNF;RAO;UBA;2025-12-09 23:32:38.000;TSRA;NSW
2025-12-10 22:00:00.000;6174;ATR72-600;CNF;RAO;UBA;2025-12-10 22:27:38.000;TSRA;NSW
2025-12-10 22:15:00.000;4264;ATR72-600;CNF;UDI;UBA;2025-12-10 22:33:20.000;TSRA;NSW
2025-12-10 22:25:00.000;4373;ATR72-600;VCP;UDI;UBA;2025-12-10 22:43:20.000;TSRA;NSW
2025-12-13 18:15:00.000;4316;ATR72-600;VCP;UDI;UBA;2025-12-13 18:33:20.000;TSRA;NSW
2025-12-14 18:15:00.000;4316;ATR72-600;VCP;UDI;UBA;2025-12-14 18:33:20.000;TS;NSW
2025-12-14 19:25:00.000;4268;ATR72-600;VCP;RAO;UBA;2025-12-14 19:52:38.000;TS;NSW
2025-12-15 18:15:00.000;4316;ATR72-600;VCP;UDI;UBA;2025-12-15 18:33:20.000;TSRA;NSW
2025-12-15 21:35:00.000;4264;ATR72-600;CNF;UDI;UBA;2025-12-15 21:53:20.000;TSRA;VCTS
2025-12-16 18:15:00.000;4316;ATR72-600;VCP;UDI;UBA;2025-12-16 18:33:20.000;TSRA;VCSH
2025-12-16 19:25:00.000;4268;ATR72-600;VCP;RAO;UBA;2025-12-16 19:52:38.000;TSRA;NSW
2025-12-16 22:10:00.000;4264;ATR72-600;CNF;UDI;UBA;2025-12-16 22:28:20.000;TSRA;NSW
2025-12-16 22:25:00.000;4373;ATR72-600;VCP;UDI;UBA;2025-12-16 22:43:20.000;TSRA;NSW
2025-12-16 22:20:00.000;4825;ATR72-600;VCP;RAO;UBA;2025-12-16 22:47:38.000;TSRA;NSW
2025-12-17 03:25:00.000;4376;ATR72-600;CNF;UDI;UBA;2025-12-17 03:43:20.000;TSRA;RA
2025-12-17 03:25:00.000;4711;ATR72-600;VCP;RAO;UBA;2025-12-17 03:52:38.000;TSRA;RA
2025-12-18 18:15:00.000;4316;ATR72-600;VCP;UDI;UBA;2025-12-18 18:33:20.000;TSRA BR;VCSH
2025-12-19 18:15:00.000;4316;ATR72-600;VCP;UDI;UBA;2025-12-19 18:33:20.000;TSRA;NSW
2025-12-19 19:25:00.000;4268;ATR72-600;VCP;RAO;UBA;2025-12-19 19:52:38.000;TSRA;NSW
2025-12-19 21:35:00.000;4264;ATR72-600;CNF;UDI;UBA;2025-12-19 21:53:20.000;TSRA;VCSH
2025-12-20 18:15:00.000;4316;ATR72-600;VCP;UDI;UBA;2025-12-20 18:33:20.000;TSRA;NSW
2025-12-20 19:30:00.000;4268;ATR72-600;VCP;RAO;UBA;2025-12-20 19:57:38.000;TSRA;NSW
2025-12-20 21:10:00.000;6182;ATR72-600;CNF;RAO;UBA;2025-12-20 21:37:38.000;TSRA;NSW
2025-12-27 18:15:00.000;4316;ATR72-600;VCP;UDI;UBA;2025-12-27 18:33:20.000;TS;NSW
2025-12-27 19:30:00.000;4268;ATR72-600;VCP;RAO;UBA;2025-12-27 19:57:38.000;TS;NSW
2025-12-28 21:35:00.000;4264;ATR72-600;CNF;UDI;UBA;2025-12-28 21:53:20.000;TSRA;NSW
2025-12-28 22:25:00.000;6174;ATR72-600;CNF;RAO;UBA;2025-12-28 22:52:38.000;TSRA;NSW
2025-12-28 23:00:00.000;4825;ATR72-600;VCP;RAO;UBA;2025-12-28 23:27:38.000;TSRA;NSW
2025-12-29 22:25:00.000;4373;ATR72-600;VCP;UDI;UBA;2025-12-29 22:43:20.000;TSRA;-RA
2025-12-29 22:20:00.000;4825;ATR72-600;VCP;RAO;UBA;2025-12-29 22:47:38.000;TSRA;-RA
2025-12-29 22:30:00.000;4264;ATR72-600;CNF;UDI;UBA;2025-12-29 22:48:20.000;TSRA;-RA
2025-12-29 22:25:00.000;6174;ATR72-600;CNF;RAO;UBA;2025-12-29 22:52:38.000;TSRA;-RA
2025-12-31 19:25:00.000;4268;ATR72-600;VCP;RAO;UBA;2025-12-31 19:52:38.000;TSRA;NSW
2025-12-31 21:35:00.000;4264;ATR72-600;CNF;UDI;UBA;2025-12-31 21:53:20.000;TSRA;NSW
2025-12-31 22:20:00.000;4825;ATR72-600;VCP;RAO;UBA;2025-12-31 22:47:38.000;TSRA;VCSH VCTS
2026-01-03 17:50:00.000;4316;ATR72-600;VCP;UDI;UBA;2026-01-03 18:08:20.000;TSRA;VCSH
2026-01-03 19:30:00.000;4268;ATR72-600;VCP;RAO;UBA;2026-01-03 19:57:38.000;TSRA;VCSH
2026-01-04 18:15:00.000;4316;ATR72-600;VCP;UDI;UBA;2026-01-04 18:33:20.000;TSRA;NSW
2026-01-04 20:05:00.000;4268;ATR72-600;VCP;RAO;UBA;2026-01-04 20:32:38.000;TSRA;NSW
2026-01-04 21:35:00.000;4264;ATR72-600;CNF;UDI;UBA;2026-01-04 21:53:20.000;TSRA;NSW
2026-01-04 21:50:00.000;4373;ATR72-600;VCP;UDI;UBA;2026-01-04 22:08:20.000;TSRA;NSW
2026-01-04 22:25:00.000;6174;ATR72-600;CNF;RAO;UBA;2026-01-04 22:52:38.000;TSRA;NSW
2026-01-05 03:25:00.000;4376;ATR72-600;CNF;UDI;UBA;2026-01-05 03:43:20.000;TSRA;NSW
2026-01-05 03:25:00.000;4711;ATR72-600;VCP;RAO;UBA;2026-01-05 03:52:38.000;TSRA;NSW
2026-01-05 03:35:00.000;4670;ATR72-600;VCP;UDI;UBA;2026-01-05 03:53:20.000;TSRA;NSW
2026-01-07 19:45:00.000;4268;ATR72-600;VCP;RAO;UBA;2026-01-07 20:12:38.000;TSRA;NSW
2026-01-07 21:35:00.000;4264;ATR72-600;CNF;UDI;UBA;2026-01-07 21:53:20.000;TSRA;NSW
2026-01-07 22:25:00.000;4373;ATR72-600;VCP;UDI;UBA;2026-01-07 22:43:20.000;TSRA;VCTS
2026-01-07 22:25:00.000;6174;ATR72-600;CNF;RAO;UBA;2026-01-07 22:52:38.000;TSRA;VCTS
2026-01-08 19:45:00.000;4268;ATR72-600;VCP;RAO;UBA;2026-01-08 20:12:38.000;TSRA;NSW
2026-01-09 17:20:00.000;4179;ATR72-600;CNF;UDI;UBA;2026-01-09 17:38:20.000;TSRA;NSW
2026-01-14 21:35:00.000;4264;ATR72-600;CNF;UDI;UBA;2026-01-14 21:53:20.000;TSRA;VCSH
2026-01-17 19:30:00.000;4268;ATR72-600;VCP;RAO;UBA;2026-01-17 19:57:38.000;TSRA;VCSH
2026-01-17 21:10:00.000;6182;ATR72-600;CNF;RAO;UBA;2026-01-17 21:37:38.000;TSRA;VCTS
2026-01-18 19:25:00.000;4268;ATR72-600;VCP;RAO;UBA;2026-01-18 19:52:38.000;TSRA;NSW
2026-01-18 21:35:00.000;4264;ATR72-600;CNF;UDI;UBA;2026-01-18 21:53:20.000;TSRA;VCSH
2026-01-18 22:25:00.000;6174;ATR72-600;CNF;RAO;UBA;2026-01-18 22:52:38.000;TSRA;VCTS
2026-01-20 19:25:00.000;4268;ATR72-600;VCP;RAO;UBA;2026-01-20 19:52:38.000;TSRA;NSW
2026-01-20 22:10:00.000;4264;ATR72-600;CNF;UDI;UBA;2026-01-20 22:28:20.000;TSRA;NSW
2026-01-20 22:25:00.000;4373;ATR72-600;VCP;UDI;UBA;2026-01-20 22:43:20.000;TSRA;NSW
2026-01-20 22:20:00.000;4825;ATR72-600;VCP;RAO;UBA;2026-01-20 22:47:38.000;TSRA;NSW
2026-01-23 19:25:00.000;4268;ATR72-600;VCP;RAO;UBA;2026-01-23 19:52:38.000;TSRA;NSW
2026-01-24 21:10:00.000;6182;ATR72-600;CNF;RAO;UBA;2026-01-24 21:37:38.000;TS;NSW
2026-01-25 17:50:00.000;4316;ATR72-600;VCP;UDI;UBA;2026-01-25 18:08:20.000;TSRA;NSW
2026-01-25 19:25:00.000;4268;ATR72-600;VCP;RAO;UBA;2026-01-25 19:52:38.000;TSRA;NSW
2026-01-25 21:35:00.000;4264;ATR72-600;CNF;UDI;UBA;2026-01-25 21:53:20.000;TSRA;NSW
2026-01-25 22:25:00.000;6174;ATR72-600;CNF;RAO;UBA;2026-01-25 22:52:38.000;TSRA;VCSH
2026-01-25 23:00:00.000;4825;ATR72-600;VCP;RAO;UBA;2026-01-25 23:27:38.000;TSRA;VCTS
2026-01-26 19:25:00.000;4268;ATR72-600;VCP;RAO;UBA;2026-01-26 19:52:38.000;TSRA;NSW
2026-01-26 21:35:00.000;4264;ATR72-600;CNF;UDI;UBA;2026-01-26 21:53:20.000;TSRA;NSW
2026-01-26 22:20:00.000;4825;ATR72-600;VCP;RAO;UBA;2026-01-26 22:47:38.000;TSRA;NSW
2026-01-26 22:25:00.000;6174;ATR72-600;CNF;RAO;UBA;2026-01-26 22:52:38.000;TSRA;NSW
2026-01-27 22:10:00.000;4264;ATR72-600;CNF;UDI;UBA;2026-01-27 22:28:20.000;TSRA;VCTS
2026-01-27 22:25:00.000;4373;ATR72-600;VCP;UDI;UBA;2026-01-27 22:43:20.000;TSRA;VCTS
2026-01-27 22:20:00.000;4825;ATR72-600;VCP;RAO;UBA;2026-01-27 22:47:38.000;TSRA;VCTS
2026-01-27 23:05:00.000;6174;ATR72-600;CNF;RAO;UBA;2026-01-27 23:32:38.000;TSRA;VCTS
2026-01-29 22:25:00.000;4373;ATR72-600;VCP;UDI;UBA;2026-01-29 22:43:20.000;TSRA;NSW
2026-01-29 22:30:00.000;4264;ATR72-600;CNF;UDI;UBA;2026-01-29 22:48:20.000;TSRA;NSW
2026-01-29 22:25:00.000;6174;ATR72-600;CNF;RAO;UBA;2026-01-29 22:52:38.000;TSRA;NSW
2026-01-30 19:25:00.000;4268;ATR72-600;VCP;RAO;UBA;2026-01-30 19:52:38.000;TSRA;-RA VCTS
2026-01-30 21:35:00.000;4264;ATR72-600;CNF;UDI;UBA;2026-01-30 21:53:20.000;TSRA;NSW
2026-01-30 22:25:00.000;4373;ATR72-600;VCP;UDI;UBA;2026-01-30 22:43:20.000;TSRA;VCSH
2026-01-30 22:20:00.000;4825;ATR72-600;VCP;RAO;UBA;2026-01-30 22:47:38.000;TSRA;VCSH
2026-01-30 22:25:00.000;6174;ATR72-600;CNF;RAO;UBA;2026-01-30 22:52:38.000;TSRA;VCSH
2026-01-31 19:30:00.000;4268;ATR72-600;VCP;RAO;UBA;2026-01-31 19:57:38.000;TSRA;NSW
2026-02-01 19:25:00.000;4268;ATR72-600;VCP;RAO;UBA;2026-02-01 19:52:38.000;TSRA;VCSH
2026-02-02 18:15:00.000;4316;ATR72-600;VCP;UDI;UBA;2026-02-02 18:33:20.000;TSRA;NSW
2026-02-02 19:25:00.000;4268;ATR72-600;VCP;RAO;UBA;2026-02-02 19:52:38.000;TSRA;NSW
2026-02-03 18:15:00.000;4316;ATR72-600;VCP;UDI;UBA;2026-02-03 18:33:20.000;TSRA;VCSH
2026-02-03 19:25:00.000;4268;ATR72-600;VCP;RAO;UBA;2026-02-03 19:52:38.000;TSRA;-RA
2026-02-03 22:15:00.000;6174;ATR72-600;CNF;RAO;UBA;2026-02-03 22:42:38.000;TSRA;-RA
2026-02-03 22:25:00.000;4373;ATR72-600;VCP;UDI;UBA;2026-02-03 22:43:20.000;TSRA;-RA
2026-02-03 22:20:00.000;4825;ATR72-600;VCP;RAO;UBA;2026-02-03 22:47:38.000;TSRA;-RA
2026-02-03 23:19:00.000;4373;ATR72-600;RAO;UDI;UBA;2026-02-03 23:37:20.000;TSRA;NSW
2026-02-04 18:15:00.000;4316;ATR72-600;VCP;UDI;UBA;2026-02-04 18:33:20.000;TSRA;VCSH
2026-02-04 19:25:00.000;4268;ATR72-600;VCP;RAO;UBA;2026-02-04 19:52:38.000;TSRA;VCSH
2026-02-04 21:40:00.000;4264;ATR72-600;CNF;UDI;UBA;2026-02-04 21:58:20.000;TSRA;-RA
2026-02-04 22:15:00.000;6174;ATR72-600;CNF;RAO;UBA;2026-02-04 22:42:38.000;TSRA;NSW
2026-02-04 22:25:00.000;4373;ATR72-600;VCP;UDI;UBA;2026-02-04 22:43:20.000;TSRA;NSW
2026-02-04 22:20:00.000;4825;ATR72-600;VCP;RAO;UBA;2026-02-04 22:47:38.000;TSRA;NSW
2026-02-05 19:25:00.000;4268;ATR72-600;VCP;RAO;UBA;2026-02-05 19:52:38.000;TSRA;NSW
2026-02-05 21:40:00.000;4264;ATR72-600;CNF;UDI;UBA;2026-02-05 21:58:20.000;TSRA;NSW
2026-02-05 22:15:00.000;6174;ATR72-600;CNF;RAO;UBA;2026-02-05 22:42:38.000;TSRA;NSW
2026-02-05 22:25:00.000;4373;ATR72-600;VCP;UDI;UBA;2026-02-05 22:43:20.000;TSRA;NSW
2026-02-06 18:15:00.000;4316;ATR72-600;VCP;UDI;UBA;2026-02-06 18:33:20.000;TSRA;VCSH
2026-02-06 19:25:00.000;4268;ATR72-600;VCP;RAO;UBA;2026-02-06 19:52:38.000;TSRA;NSW
2026-02-06 21:40:00.000;4264;ATR72-600;CNF;UDI;UBA;2026-02-06 21:58:20.000;TSRA;VCSH
2026-02-07 18:15:00.000;4316;ATR72-600;VCP;UDI;UBA;2026-02-07 18:33:20.000;TSRA;VCSH VCTS
2026-02-07 19:30:00.000;4268;ATR72-600;VCP;RAO;UBA;2026-02-07 19:57:38.000;TSRA;VCSH
2026-02-07 21:50:00.000;6182;ATR72-600;CNF;RAO;UBA;2026-02-07 22:17:38.000;TSRA;NSW
2026-02-08 11:45:00.000;2846;ATR72-600;VCP;RAO;UBA;2026-02-08 12:12:38.000;TS;NSW
2026-02-08 18:15:00.000;4316;ATR72-600;VCP;UDI;UBA;2026-02-08 18:33:20.000;TSRA;RA BR
2026-02-08 19:25:00.000;4268;ATR72-600;VCP;RAO;UBA;2026-02-08 19:52:38.000;TSRA;RA BR
2026-02-08 21:35:00.000;4264;ATR72-600;CNF;UDI;UBA;2026-02-08 21:53:20.000;TSRA;NSW
2026-02-08 22:15:00.000;6174;ATR72-600;CNF;RAO;UBA;2026-02-08 22:42:38.000;TSRA;NSW
2026-02-08 22:25:00.000;4373;ATR72-600;VCP;UDI;UBA;2026-02-08 22:43:20.000;TSRA;NSW
2026-02-08 22:20:00.000;4825;ATR72-600;VCP;RAO;UBA;2026-02-08 22:47:38.000;TSRA;NSW
2026-02-10 18:15:00.000;4316;ATR72-600;VCP;UDI;UBA;2026-02-10 18:33:20.000;TSRA;NSW
2026-02-10 19:25:00.000;4268;ATR72-600;VCP;RAO;UBA;2026-02-10 19:52:38.000;TSRA;NSW
2026-02-10 22:25:00.000;4373;ATR72-600;VCP;UDI;UBA;2026-02-10 22:43:20.000;TSRA;VCSH
2026-02-10 22:20:00.000;4825;ATR72-600;VCP;RAO;UBA;2026-02-10 22:47:38.000;TSRA;VCSH
2026-02-18 21:40:00.000;4264;ATR72-600;CNF;UDI;UBA;2026-02-18 21:58:20.000;TSRA;NSW
2026-02-18 22:20:00.000;4825;ATR72-600;VCP;RAO;UBA;2026-02-18 22:47:38.000;TSRA;-RA
2026-02-19 19:25:00.000;4268;ATR72-600;VCP;RAO;UBA;2026-02-19 19:52:38.000;TSRA;NSW
2026-02-19 21:40:00.000;4264;ATR72-600;CNF;UDI;UBA;2026-02-19 21:58:20.000;TSRA;NSW
2026-02-19 22:15:00.000;6174;ATR72-600;CNF;RAO;UBA;2026-02-19 22:42:38.000;TSRA;NSW
2026-02-24 18:15:00.000;4316;ATR72-600;VCP;UDI;UBA;2026-02-24 18:33:20.000;TSRA;NSW
2026-02-24 19:25:00.000;4268;ATR72-600;VCP;RAO;UBA;2026-02-24 19:52:38.000;TSRA;VCSH
2026-02-24 22:00:00.000;6174;ATR72-600;CNF;RAO;UBA;2026-02-24 22:27:38.000;TSRA;NSW
2026-02-24 22:25:00.000;4373;ATR72-600;VCP;UDI;UBA;2026-02-24 22:43:20.000;TSRA;NSW
2026-02-24 22:20:00.000;4825;ATR72-600;VCP;RAO;UBA;2026-02-24 22:47:38.000;TSRA;NSW
2026-02-25 19:25:00.000;4268;ATR72-600;VCP;RAO;UBA;2026-02-25 19:52:38.000;TS;NSW
2026-02-25 21:40:00.000;4264;ATR72-600;CNF;UDI;UBA;2026-02-25 21:58:20.000;TS;NSW
2026-02-25 22:00:00.000;6174;ATR72-600;CNF;RAO;UBA;2026-02-25 22:27:38.000;TS;NSW
2026-02-25 22:25:00.000;4373;ATR72-600;VCP;UDI;UBA;2026-02-25 22:43:20.000;TS;NSW
2026-02-25 22:20:00.000;4825;ATR72-600;VCP;RAO;UBA;2026-02-25 22:47:38.000;TS;NSW
2026-02-26 18:15:00.000;4316;ATR72-600;VCP;UDI;UBA;2026-02-26 18:33:20.000;TSRA;NSW
2026-02-26 19:25:00.000;4268;ATR72-600;VCP;RAO;UBA;2026-02-26 19:52:38.000;TSRA;NSW
2026-02-26 22:00:00.000;6174;ATR72-600;CNF;RAO;UBA;2026-02-26 22:27:38.000;TSRA;NSW
2026-02-26 22:20:00.000;4825;ATR72-600;VCP;RAO;UBA;2026-02-26 22:47:38.000;TSRA;NSW
2026-03-05 18:15:00.000;4316;ATR72-600;VCP;UDI;UBA;2026-03-05 18:33:20.000;TSRA;NSW
2026-03-05 19:25:00.000;4268;ATR72-600;VCP;RAO;UBA;2026-03-05 19:52:38.000;TSRA;VCSH
2026-03-05 21:55:00.000;6174;ATR72-600;CNF;RAO;UBA;2026-03-05 22:22:38.000;TSRA;NSW
2026-03-05 22:25:00.000;4373;ATR72-600;VCP;UDI;UBA;2026-03-05 22:43:20.000;TSRA;NSW
2026-03-05 22:20:00.000;4825;ATR72-600;VCP;RAO;UBA;2026-03-05 22:47:38.000;TSRA;NSW
2026-03-07 18:15:00.000;4316;ATR72-600;VCP;UDI;UBA;2026-03-07 18:33:20.000;TSRA;NSW
2026-03-07 21:25:00.000;4268;ATR72-600;VCP;RAO;UBA;2026-03-07 21:52:38.000;TSRA;NSW
2026-03-07 21:50:00.000;6182;ATR72-600;CNF;RAO;UBA;2026-03-07 22:17:38.000;TSRA;NSW
2026-03-08 18:15:00.000;4316;ATR72-600;VCP;UDI;UBA;2026-03-08 18:33:20.000;TSRA;NSW
2026-03-08 19:25:00.000;6174;ATR72-600;CNF;RAO;UBA;2026-03-08 19:52:38.000;TSRA;NSW
2026-03-08 21:30:00.000;4264;ATR72-600;CNF;UDI;UBA;2026-03-08 21:48:20.000;TSRA;NSW
2026-03-08 22:25:00.000;4373;ATR72-600;VCP;UDI;UBA;2026-03-08 22:43:20.000;TSRA;NSW
2026-03-08 22:20:00.000;4825;ATR72-600;VCP;RAO;UBA;2026-03-08 22:47:38.000;TSRA;NSW
2026-03-09 21:40:00.000;4264;ATR72-600;CNF;UDI;UBA;2026-03-09 21:58:20.000;TSRA;NSW
2026-03-09 21:55:00.000;6174;ATR72-600;CNF;RAO;UBA;2026-03-09 22:22:38.000;TSRA;NSW
2026-03-09 22:25:00.000;4373;ATR72-600;VCP;UDI;UBA;2026-03-09 22:43:20.000;TSRA;NSW
2026-03-09 22:20:00.000;4825;ATR72-600;VCP;RAO;UBA;2026-03-09 22:47:38.000;TSRA;NSW
2026-03-10 18:15:00.000;4316;ATR72-600;VCP;UDI;UBA;2026-03-10 18:33:20.000;TSRA;NSW
2026-03-10 21:55:00.000;6174;ATR72-600;CNF;RAO;UBA;2026-03-10 22:22:38.000;TSRA;VCSH
2026-03-10 22:25:00.000;4373;ATR72-600;VCP;UDI;UBA;2026-03-10 22:43:20.000;TSRA;VCSH
2026-03-10 22:20:00.000;4825;ATR72-600;VCP;RAO;UBA;2026-03-10 22:47:38.000;TSRA;VCSH
2026-03-11 18:15:00.000;4316;ATR72-600;VCP;UDI;UBA;2026-03-11 18:33:20.000;TSRA;NSW
2026-03-11 19:25:00.000;4268;ATR72-600;VCP;RAO;UBA;2026-03-11 19:52:38.000;TSRA;NSW
2026-03-11 21:40:00.000;4264;ATR72-600;CNF;UDI;UBA;2026-03-11 21:58:20.000;TSRA;VCSH VCTS
2026-03-11 21:55:00.000;6174;ATR72-600;CNF;RAO;UBA;2026-03-11 22:22:38.000;TSRA;-RA
2026-03-11 22:25:00.000;4373;ATR72-600;VCP;UDI;UBA;2026-03-11 22:43:20.000;TSRA;-RA
2026-03-12 18:15:00.000;4316;ATR72-600;VCP;UDI;UBA;2026-03-12 18:33:20.000;TS;NSW
2026-03-12 19:25:00.000;4268;ATR72-600;VCP;RAO;UBA;2026-03-12 19:52:38.000;TS;-RA
2026-03-13 11:45:00.000;2846;ATR72-600;VCP;RAO;UBA;2026-03-13 12:12:38.000;TSRA;NSW
2026-03-13 13:15:00.000;4244;ATR72-600;CNF;UDI;UBA;2026-03-13 13:33:20.000;TSRA;NSW
2026-03-13 14:35:00.000;4590;ATR72-600;VCP;RAO;UBA;2026-03-13 15:02:38.000;TSRA;NSW
2026-03-13 17:20:00.000;4179;ATR72-600;CNF;UDI;UBA;2026-03-13 17:38:20.000;TSRA;VCSH
2026-03-17 18:15:00.000;4316;ATR72-600;VCP;UDI;UBA;2026-03-17 18:33:20.000;TS;VCSH
2026-03-17 19:25:00.000;4268;ATR72-600;VCP;RAO;UBA;2026-03-17 19:52:38.000;TS;VCSH
2026-03-17 21:55:00.000;6174;ATR72-600;CNF;RAO;UBA;2026-03-17 22:22:38.000;TS;VCSH VCTS
2026-03-17 22:25:00.000;4373;ATR72-600;VCP;UDI;UBA;2026-03-17 22:43:20.000;TS;VCSH VCTS
2026-03-17 22:20:00.000;4825;ATR72-600;VCP;RAO;UBA;2026-03-17 22:47:38.000;TS;VCSH VCTS
2026-03-18 18:15:00.000;4316;ATR72-600;VCP;UDI;UBA;2026-03-18 18:33:20.000;TSRA BR;NSW
2026-03-18 21:40:00.000;4264;ATR72-600;CNF;UDI;UBA;2026-03-18 21:58:20.000;TSRA BR;-RA
2026-03-18 21:55:00.000;6174;ATR72-600;CNF;RAO;UBA;2026-03-18 22:22:38.000;TSRA BR;NSW
2026-03-18 22:25:00.000;4373;ATR72-600;VCP;UDI;UBA;2026-03-18 22:43:20.000;TSRA BR;NSW
2026-03-18 22:20:00.000;4825;ATR72-600;VCP;RAO;UBA;2026-03-18 22:47:38.000;TSRA BR;NSW
2026-03-20 18:15:00.000;4316;ATR72-600;VCP;UDI;UBA;2026-03-20 18:33:20.000;TSRA;NSW
2026-03-20 19:25:00.000;4268;ATR72-600;VCP;RAO;UBA;2026-03-20 19:52:38.000;TSRA;NSW
2026-03-20 21:40:00.000;4264;ATR72-600;CNF;UDI;UBA;2026-03-20 21:58:20.000;TSRA;NSW
2026-03-20 21:55:00.000;6174;ATR72-600;CNF;RAO;UBA;2026-03-20 22:22:38.000;TSRA;NSW
2026-03-20 22:20:00.000;4825;ATR72-600;VCP;RAO;UBA;2026-03-20 22:47:38.000;TSRA;NSW
2026-03-25 21:40:00.000;4264;ATR72-600;CNF;UDI;UBA;2026-03-25 21:58:20.000;TSRA;VCSH
2026-03-25 21:55:00.000;6174;ATR72-600;CNF;RAO;UBA;2026-03-25 22:22:38.000;TSRA;NSW
2026-03-25 22:25:00.000;4373;ATR72-600;VCP;UDI;UBA;2026-03-25 22:43:20.000;TSRA;NSW
2026-03-26 18:15:00.000;4316;ATR72-600;VCP;UDI;UBA;2026-03-26 18:33:20.000;TSRA;NSW
2026-03-31 19:25:00.000;4268;ATR72-600;VCP;RAO;UBA;2026-03-31 19:52:38.000;TSRA;NSW
2026-03-31 21:40:00.000;4264;ATR72-600;CNF;UDI;UBA;2026-03-31 21:58:20.000;TSRA;NSW
2026-04-04 18:15:00.000;4316;ATR72-600;VCP;UDI;UBA;2026-04-04 18:33:20.000;TSRA;NSW
2026-04-05 19:25:00.000;6174;ATR72-600;CNF;RAO;UBA;2026-04-05 19:52:38.000;TSRA;NSW
2026-04-05 19:25:00.000;4268;ATR72-600;VCP;RAO;UBA;2026-04-05 19:52:38.000;TSRA;NSW
2026-04-05 21:35:00.000;4264;ATR72-600;CNF;UDI;UBA;2026-04-05 21:53:20.000;TSRA;NSW
2026-04-05 22:25:00.000;4373;ATR72-600;VCP;UDI;UBA;2026-04-05 22:43:20.000;TSRA;NSW
2026-04-06 18:15:00.000;4316;ATR72-600;VCP;UDI;UBA;2026-04-06 18:33:20.000;TSRA;NSW
2026-04-07 18:15:00.000;4316;ATR72-600;VCP;UDI;UBA;2026-04-07 18:33:20.000;TSRA BR;VCSH
2026-04-07 19:25:00.000;4268;ATR72-600;VCP;RAO;UBA;2026-04-07 19:52:38.000;TSRA BR;VCSH
2026-04-07 22:00:00.000;6174;ATR72-600;CNF;RAO;UBA;2026-04-07 22:27:38.000;TSRA BR;VCSH VCTS
2026-04-07 22:25:00.000;4373;ATR72-600;VCP;UDI;UBA;2026-04-07 22:43:20.000;TSRA BR;VCSH VCTS
2026-04-07 22:20:00.000;4825;ATR72-600;VCP;RAO;UBA;2026-04-07 22:47:38.000;TSRA BR;VCSH VCTS
2026-04-08 18:15:00.000;4316;ATR72-600;VCP;UDI;UBA;2026-04-08 18:33:20.000;TSRA;NSW
2026-04-08 19:25:00.000;4268;ATR72-600;VCP;RAO;UBA;2026-04-08 19:52:38.000;TSRA;NSW
2026-04-08 21:35:00.000;4264;ATR72-600;CNF;UDI;UBA;2026-04-08 21:53:20.000;TSRA;NSW
2026-04-08 22:00:00.000;6174;ATR72-600;CNF;RAO;UBA;2026-04-08 22:27:38.000;TSRA;VCTS
2026-04-08 22:25:00.000;4373;ATR72-600;VCP;UDI;UBA;2026-04-08 22:43:20.000;TSRA;VCTS
2026-04-08 22:20:00.000;4825;ATR72-600;VCP;RAO;UBA;2026-04-08 22:47:38.000;TSRA;VCTS
2026-04-09 18:15:00.000;4316;ATR72-600;VCP;UDI;UBA;2026-04-09 18:33:20.000;TSRA;NSW
2026-04-09 19:25:00.000;4268;ATR72-600;VCP;RAO;UBA;2026-04-09 19:52:38.000;TSRA;NSW
2026-04-09 22:00:00.000;6174;ATR72-600;CNF;RAO;UBA;2026-04-09 22:27:38.000;TSRA;NSW
2026-04-09 22:25:00.000;4373;ATR72-600;VCP;UDI;UBA;2026-04-09 22:43:20.000;TSRA;NSW
2026-04-09 22:20:00.000;4825;ATR72-600;VCP;RAO;UBA;2026-04-09 22:47:38.000;TSRA;NSW
2026-05-18 13:50:00.000;4240;ATR72-600;VCP;UDI;UBA;2026-05-18 14:08:20.000;TS;-RA
2026-05-18 14:35:00.000;4590;ATR72-600;VCP;RAO;UBA;2026-05-18 15:02:38.000;TS;NSW
2026-05-18 17:20:00.000;4179;ATR72-600;CNF;UDI;UBA;2026-05-18 17:38:20.000;TS;NSW
2026-05-18 18:15:00.000;4316;ATR72-600;VCP;UDI;UBA;2026-05-18 18:33:20.000;TSRA;NSW
2026-05-18 19:25:00.000;4268;ATR72-600;VCP;RAO;UBA;2026-05-18 19:52:38.000;TSRA;NSW
2026-05-18 21:35:00.000;4264;ATR72-600;CNF;UDI;UBA;2026-05-18 21:53:20.000;TSRA;NSW
2026-05-18 22:00:00.000;6174;ATR72-600;CNF;RAO;UBA;2026-05-18 22:27:38.000;TSRA;NSW
2026-05-18 22:25:00.000;4373;ATR72-600;VCP;UDI;UBA;2026-05-18 22:43:20.000;TSRA;NSW
2026-05-18 22:20:00.000;4825;ATR72-600;VCP;RAO;UBA;2026-05-18 22:47:38.000;TSRA;NSW
2026-05-19 18:15:00.000;4316;ATR72-600;VCP;UDI;UBA;2026-05-19 18:33:20.000;TSRA;NSW
2026-05-19 19:25:00.000;4268;ATR72-600;VCP;RAO;UBA;2026-05-19 19:52:38.000;TSRA;NSW
2026-05-20 18:15:00.000;4316;ATR72-600;VCP;UDI;UBA;2026-05-20 18:33:20.000;TSRA;NSW
2026-05-20 19:25:00.000;4268;ATR72-600;VCP;RAO;UBA;2026-05-20 19:52:38.000;TSRA;NSW
2026-05-20 21:35:00.000;4264;ATR72-600;CNF;UDI;UBA;2026-05-20 21:53:20.000;TSRA;NSW
2026-06-13 17:45:00.000;4268;ATR72-600;VCP;RAO;UBA;2026-06-13 18:12:38.000;TSRA;-RA BR
2026-06-13 18:15:00.000;4316;ATR72-600;VCP;UDI;UBA;2026-06-13 18:33:20.000;TSRA;-RA BR
2026-06-13 18:55:00.000;9359;ATR72-600;GYN;UDI;UBA;2026-06-13 19:13:20.000;TSRA;NSW
2026-06-14 21:35:00.000;4264;ATR72-600;CNF;UDI;UBA;2026-06-14 21:53:20.000;TSRA;NSW
2026-06-14 22:20:00.000;4825;ATR72-600;VCP;RAO;UBA;2026-06-14 22:47:38.000;TSRA;NSW
2026-06-14 22:30:00.000;4373;ATR72-600;VCP;UDI;UBA;2026-06-14 22:48:20.000;TSRA;NSW
2026-06-24 18:15:00.000;4316;ATR72-600;VCP;UDI;UBA;2026-06-24 18:33:20.000;TSRA;BR
2026-07-24 18:15:00.000;4316;ATR72-600;VCP;UDI;UBA;2026-07-24 18:33:20.000;TSRA BR;VCSH
2026-07-24 21:35:00.000;4264;ATR72-600;CNF;UDI;UBA;2026-07-24 21:53:20.000;TSRA BR;NSW
2026-07-24 22:15:00.000;4373;ATR72-600;VCP;UDI;UBA;2026-07-24 22:33:20.000;TSRA BR;NSW
2026-07-24 22:20:00.000;4825;ATR72-600;VCP;RAO;UBA;2026-07-24 22:47:38.000;TSRA BR;NSW
2026-07-25 17:40:00.000;4268;ATR72-600;VCP;RAO;UBA;2026-07-25 18:07:38.000;TSRA;NSW
2026-07-25 18:15:00.000;4316;ATR72-600;VCP;UDI;UBA;2026-07-25 18:33:20.000;TSRA;NSW
2026-07-25 21:55:00.000;6182;ATR72-600;CNF;RAO;UBA;2026-07-25 22:22:38.000;TSRA;VCTS
2025-09-22 17:35:00.000;4095;ATR72-600;CNF;POJ;UDI;2025-09-22 18:08:08.000;TSRA BR;NSW
2025-09-24 17:35:00.000;4095;ATR72-600;CNF;POJ;UDI;2025-09-24 18:08:08.000;TSRA;NSW
2025-10-13 18:35:00.000;6122;ATR72-600;CNF;UBA;UDI;2025-10-13 18:53:20.000;TS;NSW
2025-10-31 18:30:00.000;6122;ATR72-600;CNF;UBA;UDI;2025-10-31 18:48:20.000;TSRA;NSW
2025-11-03 18:30:00.000;6122;ATR72-600;CNF;UBA;UDI;2025-11-03 18:48:20.000;TSRA;NSW
2025-11-04 18:30:00.000;6122;ATR72-600;CNF;UBA;UDI;2025-11-04 18:48:20.000;TSRA;NSW
2025-11-05 18:30:00.000;6122;ATR72-600;CNF;UBA;UDI;2025-11-05 18:48:20.000;TSRA;NSW
2025-11-08 18:10:00.000;4392;ERJ;VCP;SJP;UDI;2025-11-08 18:42:08.160;TSRA;VCSH
2025-11-08 20:25:00.000;6122;ATR72-600;CNF;UBA;UDI;2025-11-08 20:43:20.000;TSRA;VCSH
2025-12-16 13:35:00.000;6122;ATR72-600;CNF;UBA;UDI;2025-12-16 13:53:20.000;TSRA;NSW
2026-01-04 18:30:00.000;6122;ATR72-600;CNF;UBA;UDI;2026-01-04 18:48:20.000;TSRA;VCSH
2026-01-18 18:30:00.000;6122;ATR72-600;CNF;UBA;UDI;2026-01-18 18:48:20.000;TSRA;NSW
2026-01-24 20:40:00.000;2260;ERJ;SSA;SJP;UDI;2026-01-24 21:12:08.160;TSRA;VCSH
2026-01-25 18:30:00.000;6122;ATR72-600;CNF;UBA;UDI;2026-01-25 18:48:20.000;TSRA;NSW
2026-02-05 18:20:00.000;6122;ATR72-600;CNF;UBA;UDI;2026-02-05 18:38:20.000;TSRA;NSW
2026-02-22 18:15:00.000;6122;ATR72-600;CNF;UBA;UDI;2026-02-22 18:33:20.000;TSRA;NSW
2026-06-13 17:50:00.000;2867;ATR72-600;CNF;GYN;UDI;2026-06-13 18:38:54.000;TSRA;-RA
2025-08-26 18:50:00.000;2768;A321-251NEO;REC;GRU;VCP;2025-08-26 19:00:42.240;TSRA;-RA
2025-08-26 19:00:00.000;6035;A320-253NEO;POA;CGH;VCP;2025-08-26 19:10:58.080;TSRA;-RA
2025-08-26 19:10:00.000;4145;A320-251NEO;REC;CGH;VCP;2025-08-26 19:20:58.080;TSRA;-RA
2025-08-26 19:15:00.000;4972;ERJ 195LR;CWB;GRU;VCP;2025-08-26 19:25:42.240;TSRA;-RA
2025-08-26 19:25:00.000;4258;ERJ 195LR;SDU;CGH;VCP;2025-08-26 19:35:58.080;TSRA;-RA
2025-08-26 19:45:00.000;5022;ERJ;BSB;CGH;VCP;2025-08-26 19:55:58.080;TSRA;-RA
2025-08-26 19:55:00.000;5032;ERJ 195LR;SDU;CGH;VCP;2025-08-26 20:05:58.080;TSRA;NSW
2025-08-26 19:35:00.000;6024;ERJ 195LR;CGH;CWB;VCP;2025-08-26 20:20:08.640;TSRA;NSW
2025-08-26 20:15:00.000;2628;A320-253NEO;POA;GRU;VCP;2025-08-26 20:25:42.240;TSRA;NSW
2025-08-26 20:25:00.000;4207;ERJ 195LR;CNF;CGH;VCP;2025-08-26 20:35:58.080;TSRA;NSW
2025-08-26 21:00:00.000;4132;ERJ 195LR;SDU;CGH;VCP;2025-08-26 21:10:58.080;TSRA;-RA
2025-08-26 21:10:00.000;6025;ERJ 195LR;CWB;CGH;VCP;2025-08-26 21:20:58.080;TSRA;-RA
2025-08-26 20:55:00.000;4390;ERJ 195LR;GRU;CWB;VCP;2025-08-26 21:40:08.640;TSRA;-RA
2025-08-26 21:35:00.000;6005;ERJ;BSB;CGH;VCP;2025-08-26 21:45:58.080;TSRA;-RA
2025-08-26 21:45:00.000;2724;ERJ;CNF;GRU;VCP;2025-08-26 21:55:42.240;TSRA;-RA
2025-08-26 21:55:00.000;4453;A320-251NEO;POA;GRU;VCP;2025-08-26 22:05:42.240;TSRA;NSW
2025-08-26 21:25:00.000;6504;ERJ 195LR;CGH;CWB;VCP;2025-08-26 22:10:08.640;TSRA;NSW
2025-08-26 22:20:00.000;4019;ERJ 195LR;SDU;CGH;VCP;2025-08-26 22:30:58.080;TSRA;NSW
2025-08-26 22:30:00.000;4462;ERJ 195LR;CNF;CGH;VCP;2025-08-26 22:40:58.080;TSRA;NSW
2025-08-26 22:40:00.000;4831;ERJ 195LR;CWB;GRU;VCP;2025-08-26 22:50:42.240;TSRA;NSW
2025-08-26 22:55:00.000;2774;ERJ;CGB;GRU;VCP;2025-08-26 23:05:42.240;TSRA;NSW
2025-08-26 23:10:00.000;6509;A320-251NEO;CWB;CGH;VCP;2025-08-26 23:20:58.080;TSRA;NSW
2025-08-26 23:35:00.000;6059;ERJ 195LR;SDU;CGH;VCP;2025-08-26 23:45:58.080;TSRA;NSW
2025-08-26 23:45:00.000;2880;ERJ;CNF;GRU;VCP;2025-08-26 23:55:42.240;TSRA;NSW
2025-10-10 17:55:00.000;9600;ERJ 195LR;CNF;CGH;VCP;2025-10-10 18:05:58.080;TSRA;NSW
2025-10-10 18:05:00.000;6503;ERJ 195LR;CNF;CGH;VCP;2025-10-10 18:15:58.080;TSRA;NSW
2025-10-10 17:35:00.000;4830;ERJ 195LR;GRU;CWB;VCP;2025-10-10 18:20:08.640;TSRA;NSW
2025-10-10 18:30:00.000;6019;ERJ 195LR;CWB;CGH;VCP;2025-10-10 18:40:58.080;TSRA;NSW
2025-10-10 19:55:00.000;5032;ERJ 195LR;SDU;CGH;VCP;2025-10-10 20:05:58.080;TSRA;NSW
2025-10-10 20:15:00.000;2628;A320-251NEO;POA;GRU;VCP;2025-10-10 20:25:42.240;TSRA;NSW
2025-10-10 20:25:00.000;4207;ERJ 195LR;CNF;CGH;VCP;2025-10-10 20:35:58.080;TSRA;NSW
2025-10-12 17:35:00.000;4830;ERJ 195LR;GRU;CWB;VCP;2025-10-12 18:20:08.640;TSRA;VCSH
2025-10-12 18:40:00.000;2768;A321-251NEO;REC;GRU;VCP;2025-10-12 18:50:42.240;TSRA;VCSH
2025-10-12 18:45:00.000;4979;ERJ 195LR;CWB;GRU;VCP;2025-10-12 18:55:42.240;TSRA;VCSH
2025-10-12 19:00:00.000;4741;ERJ 195LR;SDU;GRU;VCP;2025-10-12 19:10:42.240;TSRA;NSW
2025-10-12 19:10:00.000;2482;A320-253NEO;FOR;CGH;VCP;2025-10-12 19:20:58.080;TSRA;NSW
2025-10-12 19:35:00.000;4217;ERJ 195LR;SDU;CGH;VCP;2025-10-12 19:45:58.080;TSRA;NSW
2025-10-12 19:55:00.000;2860;A320-251NEO;POA;GRU;VCP;2025-10-12 20:05:42.240;TSRA;NSW
2025-10-12 19:55:00.000;2450;A320-251NEO;REC;CGH;VCP;2025-10-12 20:05:58.080;TSRA;NSW
2025-10-12 20:05:00.000;6027;ERJ 195LR;CNF;CGH;VCP;2025-10-12 20:15:58.080;TSRA;NSW
2025-10-12 20:20:00.000;6025;ERJ;CWB;CGH;VCP;2025-10-12 20:30:58.080;TSRA;NSW
2025-10-12 21:05:00.000;4201;ERJ 195LR;CNF;CGH;VCP;2025-10-12 21:15:58.080;TSRA;NSW
2025-10-12 21:05:00.000;4390;ERJ 195LR;GRU;CWB;VCP;2025-10-12 21:50:08.640;TSRA;NSW
2025-10-12 21:40:00.000;2724;ERJ 195LR;CNF;GRU;VCP;2025-10-12 21:50:42.240;TSRA;NSW
2025-10-12 21:15:00.000;2984;ERJ 195LR;POA;CWB;VCP;2025-10-12 22:00:08.640;TSRA;NSW
2025-10-12 21:50:00.000;8781;A320-251NEO;PDP;GRU;VCP;2025-10-12 22:00:42.240;TSRA;NSW
2025-10-12 21:50:00.000;6009;ERJ;BSB;CGH;VCP;2025-10-12 22:00:58.080;TSRA;NSW
2025-10-12 22:20:00.000;2483;ERJ;MCZ;CGH;VCP;2025-10-12 22:30:58.080;TSRA;NSW
2025-10-12 22:25:00.000;2465;A320-251NEO;UNA;CGH;VCP;2025-10-12 22:35:58.080;TSRA;NSW
2025-10-12 22:30:00.000;4462;ERJ 195LR;SDU;CGH;VCP;2025-10-12 22:40:58.080;TSRA;NSW
2025-10-13 18:05:00.000;6503;ERJ 195LR;CNF;CGH;VCP;2025-10-13 18:15:58.080;TSRA BR;-RA
2025-10-13 17:40:00.000;4830;ERJ 195LR;GRU;CWB;VCP;2025-10-13 18:25:08.640;TSRA BR;-RA
2025-10-13 18:30:00.000;6019;ERJ 195LR;CWB;CGH;VCP;2025-10-13 18:40:58.080;TSRA BR;-RA
2025-10-13 18:50:00.000;2863;A320-253NEO;POA;GRU;VCP;2025-10-13 19:00:42.240;TSRA BR;NSW
2025-10-13 18:50:00.000;2768;A321-251NEO;REC;GRU;VCP;2025-10-13 19:00:42.240;TSRA BR;NSW
2025-10-13 19:00:00.000;6035;A320-253NEO;POA;CGH;VCP;2025-10-13 19:10:58.080;TSRA BR;NSW
2025-10-13 19:10:00.000;4145;A320-251NEO;REC;CGH;VCP;2025-10-13 19:20:58.080;TSRA BR;NSW
2025-10-13 19:15:00.000;4972;ERJ 195LR;CWB;GRU;VCP;2025-10-13 19:25:42.240;TSRA BR;NSW
2025-10-13 19:25:00.000;4258;ERJ 195LR;SDU;CGH;VCP;2025-10-13 19:35:58.080;TSRA BR;NSW
2025-10-13 19:45:00.000;5022;ERJ;BSB;CGH;VCP;2025-10-13 19:55:58.080;TSRA BR;NSW
2025-10-13 19:55:00.000;5032;ERJ 195LR;SDU;CGH;VCP;2025-10-13 20:05:58.080;TSRA BR;-RA
2025-10-13 20:15:00.000;2628;A320-251NEO;POA;GRU;VCP;2025-10-13 20:25:42.240;TSRA BR;-RA
2025-10-13 20:25:00.000;4207;ERJ 195LR;CNF;CGH;VCP;2025-10-13 20:35:58.080;TSRA BR;-RA
2025-10-28 17:15:00.000;6056;ERJ 195LR;CGH;CWB;VCP;2025-10-28 18:00:08.640;TSRA BR;NSW
2025-10-28 17:55:00.000;4741;ERJ;SDU;GRU;VCP;2025-10-28 18:05:42.240;TSRA BR;NSW
2025-10-28 18:05:00.000;6503;ERJ 195LR;CNF;CGH;VCP;2025-10-28 18:15:58.080;TSRA BR;NSW
2025-10-28 17:35:00.000;4830;ERJ 195LR;GRU;CWB;VCP;2025-10-28 18:20:08.640;TSRA BR;NSW
2025-10-28 18:30:00.000;6401;ERJ 195LR;CWB;CGH;VCP;2025-10-28 18:40:58.080;TSRA BR;NSW
2025-10-28 18:35:00.000;2863;A320-251NEO;POA;GRU;VCP;2025-10-28 18:45:42.240;TSRA BR;NSW
2025-10-28 18:40:00.000;4972;ERJ 195LR;CWB;GRU;VCP;2025-10-28 18:50:42.240;TSRA BR;NSW
2025-10-28 18:45:00.000;6035;A320-253NEO;POA;CGH;VCP;2025-10-28 18:55:58.080;TSRA BR;NSW
2025-10-28 18:50:00.000;2768;A321-251NEO;REC;GRU;VCP;2025-10-28 19:00:42.240;TSRA BR;NSW
2025-10-28 18:50:00.000;6077;ERJ;CNF;CGH;VCP;2025-10-28 19:00:58.080;TSRA BR;NSW
2025-10-28 19:10:00.000;4145;A320-251NEO;REC;CGH;VCP;2025-10-28 19:20:58.080;TSRA BR;NSW
2025-10-28 19:20:00.000;5022;ERJ;IGU;CGH;VCP;2025-10-28 19:30:58.080;TSRA BR;NSW
2025-10-28 19:10:00.000;6024;ERJ 195LR;CGH;CWB;VCP;2025-10-28 19:55:08.640;TSRA BR;NSW
2025-10-28 19:45:00.000;4258;ERJ 195LR;CWB;CGH;VCP;2025-10-28 19:55:58.080;TSRA BR;NSW
2025-10-28 19:55:00.000;5032;ERJ 195LR;SDU;CGH;VCP;2025-10-28 20:05:58.080;TSRA BR;NSW
2025-10-28 20:15:00.000;2628;A320-251NEO;POA;GRU;VCP;2025-10-28 20:25:42.240;TSRA BR;NSW
2025-10-28 20:25:00.000;6419;ERJ 195LR;CNF;CGH;VCP;2025-10-28 20:35:58.080;TSRA BR;NSW
2025-10-28 20:50:00.000;6025;ERJ 195LR;CWB;CGH;VCP;2025-10-28 21:00:58.080;TSRA BR;VCSH
2025-10-28 21:15:00.000;6405;ERJ;SDU;CGH;VCP;2025-10-28 21:25:58.080;TSRA BR;VCSH
2025-10-28 21:35:00.000;6005;ERJ;BSB;CGH;VCP;2025-10-28 21:45:58.080;TSRA BR;VCSH
2025-10-28 21:10:00.000;4390;ERJ 195LR;GRU;CWB;VCP;2025-10-28 21:55:08.640;TSRA BR;VCSH
2025-10-28 21:45:00.000;2724;ERJ 195LR;CNF;GRU;VCP;2025-10-28 21:55:42.240;TSRA BR;VCSH
2025-10-29 12:10:00.000;2814;ERJ;CNF;GRU;VCP;2025-10-29 12:20:42.240;TSRA BR;NSW
2025-10-29 12:10:00.000;2734;ERJ;CWB;GRU;VCP;2025-10-29 12:20:42.240;TSRA BR;NSW
2025-10-29 12:40:00.000;2636;ERJ 195LR;CNF;CGH;VCP;2025-10-29 12:50:58.080;TSRA BR;NSW
2025-10-29 12:55:00.000;2777;ERJ;SDU;CGH;VCP;2025-10-29 13:05:58.080;TSRA BR;NSW
2025-10-30 17:55:00.000;4741;ERJ;SDU;GRU;VCP;2025-10-30 18:05:42.240;TSRA;NSW
2025-10-30 17:30:00.000;6056;ERJ 195LR;CGH;CWB;VCP;2025-10-30 18:15:08.640;TSRA;NSW
2025-10-30 18:05:00.000;6503;ERJ 195LR;CNF;CGH;VCP;2025-10-30 18:15:58.080;TSRA;NSW
2025-10-30 17:35:00.000;4830;ERJ 195LR;GRU;CWB;VCP;2025-10-30 18:20:08.640;TSRA;NSW
2025-10-30 18:30:00.000;6401;ERJ 195LR;CWB;CGH;VCP;2025-10-30 18:40:58.080;TSRA;NSW
2025-10-30 18:35:00.000;2863;A320-251NEO;POA;GRU;VCP;2025-10-30 18:45:42.240;TSRA;NSW
2025-10-30 18:40:00.000;4972;ERJ 195LR;CWB;GRU;VCP;2025-10-30 18:50:42.240;TSRA;NSW
2025-10-30 18:45:00.000;6035;A320-251NEO;POA;CGH;VCP;2025-10-30 18:55:58.080;TSRA;NSW
2025-10-30 18:50:00.000;2768;A321-251NEO;REC;GRU;VCP;2025-10-30 19:00:42.240;TSRA;NSW
2025-10-30 18:50:00.000;6077;ERJ;CNF;CGH;VCP;2025-10-30 19:00:58.080;TSRA;NSW
2025-10-30 19:10:00.000;4145;A320-251NEO;REC;CGH;VCP;2025-10-30 19:20:58.080;TSRA;NSW
2025-10-30 19:45:00.000;4258;ERJ;CWB;CGH;VCP;2025-10-30 19:55:58.080;TSRA;NSW
2025-10-30 19:50:00.000;5022;ERJ;IGU;CGH;VCP;2025-10-30 20:00:58.080;TSRA;NSW
2025-10-30 20:00:00.000;2628;A320-251NEO;POA;GRU;VCP;2025-10-30 20:10:42.240;TSRA;NSW
2025-10-30 20:25:00.000;6419;ERJ 195LR;CNF;CGH;VCP;2025-10-30 20:35:58.080;TSRA;NSW
2025-10-30 20:35:00.000;5032;ERJ 195LR;SDU;CGH;VCP;2025-10-30 20:45:58.080;TSRA;NSW
2025-10-31 17:15:00.000;6056;ERJ 195LR;CGH;CWB;VCP;2025-10-31 18:00:08.640;TS;NSW
2025-10-31 17:55:00.000;4741;ERJ;SDU;GRU;VCP;2025-10-31 18:05:42.240;TS;NSW
2025-10-31 18:05:00.000;6503;ERJ 195LR;CNF;CGH;VCP;2025-10-31 18:15:58.080;TS;NSW
2025-10-31 17:40:00.000;4830;ERJ 195LR;GRU;CWB;VCP;2025-10-31 18:25:08.640;TS;NSW
2025-10-31 18:25:00.000;4972;ERJ 195LR;CWB;GRU;VCP;2025-10-31 18:35:42.240;TS;NSW
2025-10-31 18:30:00.000;6401;ERJ 195LR;CWB;CGH;VCP;2025-10-31 18:40:58.080;TS;NSW
2025-10-31 18:35:00.000;2863;A320-253NEO;POA;GRU;VCP;2025-10-31 18:45:42.240;TS;NSW
2025-10-31 18:45:00.000;2233;A320-251NEO;POA;CGH;VCP;2025-10-31 18:55:58.080;TS;NSW
2025-11-02 12:10:00.000;5062;ERJ 195LR;CNF;GRU;VCP;2025-11-02 12:20:42.240;TSRA BR;-RA
2025-11-02 12:10:00.000;9802;ERJ;VCP;GRU;VCP;2025-11-02 12:20:42.240;TSRA BR;-RA
2025-11-02 12:35:00.000;4645;ERJ 195LR;SDU;GRU;VCP;2025-11-02 12:45:42.240;TSRA BR;-RA
2025-11-02 12:40:00.000;2636;ERJ 195LR;CNF;CGH;VCP;2025-11-02 12:50:58.080;TSRA BR;-RA
2025-11-02 12:50:00.000;2777;ERJ;SDU;CGH;VCP;2025-11-02 13:00:58.080;TSRA BR;NSW
2025-11-02 12:55:00.000;4415;ERJ 195LR;CWB;CGH;VCP;2025-11-02 13:05:58.080;TSRA BR;NSW
2025-11-02 13:10:00.000;2854;A320-251NEO;POA;GRU;VCP;2025-11-02 13:20:42.240;TSRA BR;NSW
2025-11-02 12:40:00.000;4158;ERJ 195LR;VCP;SJP;VCP;2025-11-02 13:23:48.000;TSRA BR;NSW
2025-11-02 12:55:00.000;2982;ERJ 195LR;POA;CWB;VCP;2025-11-02 13:40:08.640;TSRA BR;NSW
2025-11-02 13:35:00.000;6075;ERJ;IGU;CGH;VCP;2025-11-02 13:45:58.080;TSRA BR;NSW
2025-11-02 14:00:00.000;4826;ERJ 195LR;GRU;CWB;VCP;2025-11-02 14:45:08.640;TSRA BR;-RA BR
2025-11-02 14:40:00.000;4089;A320-251NEO;REC;CGH;VCP;2025-11-02 14:50:58.080;TSRA BR;-RA BR
2025-11-02 15:30:00.000;4674;A321-251NEO;REC;GRU;VCP;2025-11-02 15:40:42.240;TSRA BR;-RA BR
2025-11-02 15:50:00.000;6069;ERJ 195LR;SDU;CGH;VCP;2025-11-02 16:00:58.080;TSRA BR;-RA BR
2025-11-02 16:00:00.000;2838;A320-251NEO;POA;GRU;VCP;2025-11-02 16:10:42.240;TSRA BR;-RA BR
2025-11-02 16:00:00.000;2818;ERJ 195LR;CWB;GRU;VCP;2025-11-02 16:10:42.240;TSRA BR;-RA BR
2025-11-02 16:10:00.000;2748;A320-251NEO;REC;GRU;VCP;2025-11-02 16:20:42.240;TSRA BR;-RA BR
2025-11-02 16:15:00.000;6001;ERJ;POA;CGH;VCP;2025-11-02 16:25:58.080;TSRA BR;-RA BR
2025-11-02 16:25:00.000;4145;A320-251NEO;REC;CGH;VCP;2025-11-02 16:35:58.080;TSRA BR;-RA BR
2025-11-02 16:45:00.000;2443;A320-253NEO;JPA;CGH;VCP;2025-11-02 16:55:58.080;TSRA BR;-RA BR
2025-11-02 16:45:00.000;6055;ERJ;SDU;CGH;VCP;2025-11-02 16:55:58.080;TSRA BR;-RA BR
2025-11-02 16:50:00.000;4236;ERJ 195LR;CNF;GRU;VCP;2025-11-02 17:00:42.240;TSRA BR;-RA BR
2025-11-02 16:50:00.000;4130;ERJ 195LR;IGU;CWB;VCP;2025-11-02 17:35:08.640;TSRA BR;RA BR
2025-11-03 15:55:00.000;6409;ERJ 195LR;SDU;CGH;VCP;2025-11-03 16:05:58.080;TSRA;NSW
2025-11-03 16:10:00.000;2748;A320-251NEO;REC;GRU;VCP;2025-11-03 16:20:42.240;TSRA;NSW
2025-11-03 16:15:00.000;4236;ERJ;CNF;GRU;VCP;2025-11-03 16:25:42.240;TSRA;NSW
2025-11-03 16:18:00.000;6012;ERJ;BSB;CGH;VCP;2025-11-03 16:28:58.080;TSRA;NSW
2025-11-03 16:40:00.000;6415;ERJ;CNF;CGH;VCP;2025-11-03 16:50:58.080;TSRA;NSW
2025-11-03 17:05:00.000;6055;ERJ;SDU;CGH;VCP;2025-11-03 17:15:58.080;TSRA;NSW
2025-11-03 16:35:00.000;6404;ERJ 195LR;CGH;CWB;VCP;2025-11-03 17:20:08.640;TSRA;NSW
2025-11-03 16:50:00.000;4130;ERJ 195LR;IGU;CWB;VCP;2025-11-03 17:35:08.640;TSRA;NSW
2025-11-03 17:25:00.000;6069;ERJ 195LR;SDU;CGH;VCP;2025-11-03 17:35:58.080;TSRA;NSW
2025-11-03 17:15:00.000;6056;ERJ 195LR;CGH;CWB;VCP;2025-11-03 18:00:08.640;TSRA BR;NSW
2025-11-03 17:55:00.000;4741;ERJ;SDU;GRU;VCP;2025-11-03 18:05:42.240;TSRA BR;NSW
2025-11-03 17:25:00.000;4830;ERJ 195LR;GRU;CWB;VCP;2025-11-03 18:10:08.640;TSRA BR;NSW
2025-11-03 18:05:00.000;6503;ERJ 195LR;CNF;CGH;VCP;2025-11-03 18:15:58.080;TSRA BR;NSW
2025-11-03 18:30:00.000;6401;ERJ 195LR;CWB;CGH;VCP;2025-11-03 18:40:58.080;TSRA BR;NSW
2025-11-03 18:45:00.000;6035;A320-251NEO;POA;CGH;VCP;2025-11-03 18:55:58.080;TSRA BR;NSW
2025-11-03 18:50:00.000;2768;A321-251NEO;REC;GRU;VCP;2025-11-03 19:00:42.240;TSRA BR;NSW
2025-11-03 18:50:00.000;6077;ERJ;CNF;CGH;VCP;2025-11-03 19:00:58.080;TSRA BR;NSW
2025-11-03 18:55:00.000;2863;A320-251NEO;POA;GRU;VCP;2025-11-03 19:05:42.240;TSRA BR;NSW
2025-11-03 19:00:00.000;4972;ERJ 195LR;CWB;GRU;VCP;2025-11-03 19:10:42.240;TSRA BR;NSW
2025-11-03 19:10:00.000;4145;A320-251NEO;REC;CGH;VCP;2025-11-03 19:20:58.080;TSRA BR;NSW
2025-11-03 19:20:00.000;5022;ERJ;IGU;CGH;VCP;2025-11-03 19:30:58.080;TSRA BR;NSW
2025-11-03 19:35:00.000;4258;ERJ 195LR;CWB;CGH;VCP;2025-11-03 19:45:58.080;TSRA BR;NSW
2025-11-03 19:55:00.000;5032;ERJ 195LR;SDU;CGH;VCP;2025-11-03 20:05:58.080;TSRA BR;NSW
2025-11-03 20:15:00.000;2628;A320-251NEO;POA;GRU;VCP;2025-11-03 20:25:42.240;TSRA BR;NSW
2025-11-03 20:25:00.000;6419;ERJ;CNF;CGH;VCP;2025-11-03 20:35:58.080;TSRA BR;NSW
2025-11-03 20:50:00.000;6025;ERJ;CWB;CGH;VCP;2025-11-03 21:00:58.080;TSRA BR;VCSH
2025-11-03 21:15:00.000;6405;ERJ;SDU;CGH;VCP;2025-11-03 21:25:58.080;TSRA BR;VCSH
2025-11-03 20:55:00.000;4390;ERJ 195LR;GRU;CWB;VCP;2025-11-03 21:40:08.640;TSRA BR;VCSH
2025-11-03 21:35:00.000;2774;ERJ;CGB;GRU;VCP;2025-11-03 21:45:42.240;TSRA BR;VCSH
2025-11-03 21:35:00.000;6005;ERJ 195LR;BSB;CGH;VCP;2025-11-03 21:45:58.080;TSRA BR;VCSH
2025-11-03 21:45:00.000;2724;ERJ;CNF;GRU;VCP;2025-11-03 21:55:42.240;TSRA BR;VCSH
2025-11-03 21:20:00.000;6504;ERJ 195LR;CGH;CWB;VCP;2025-11-03 22:05:08.640;TSRA BR;VCSH VCTS
2025-11-03 21:55:00.000;4453;A320-251NEO;POA;GRU;VCP;2025-11-03 22:05:42.240;TSRA BR;VCSH VCTS
2025-11-03 21:35:00.000;2984;ERJ 195LR;POA;CWB;VCP;2025-11-03 22:20:08.640;TSRA BR;VCSH VCTS
2025-11-03 22:10:00.000;9354;ERJ;POA;CGH;VCP;2025-11-03 22:20:58.080;TSRA BR;VCSH VCTS
2025-11-03 22:40:00.000;4831;ERJ 195LR;CWB;GRU;VCP;2025-11-03 22:50:42.240;TSRA BR;VCSH VCTS
2025-11-03 22:40:00.000;4277;A320-253NEO;REC;CGH;VCP;2025-11-03 22:50:58.080;TSRA BR;VCSH VCTS
2025-11-03 23:00:00.000;4820;A320-251NEO;REC;GRU;VCP;2025-11-03 23:10:42.240;TSRA BR;VCSH VCTS
2025-11-03 23:00:00.000;6509;ERJ 195LR;CWB;CGH;VCP;2025-11-03 23:10:58.080;TSRA BR;VCSH VCTS
2025-11-03 23:10:00.000;2880;ERJ;CNF;GRU;VCP;2025-11-03 23:20:42.240;TSRA BR;VCSH VCTS
2025-11-03 23:25:00.000;6059;ERJ 195LR;SDU;CGH;VCP;2025-11-03 23:35:58.080;TSRA BR;VCSH VCTS
2025-11-03 23:35:00.000;6144;A320-251NEO;POA;CGH;VCP;2025-11-03 23:45:58.080;TSRA BR;VCSH VCTS
2025-11-03 23:40:00.000;6039;A320-251NEO;POA;CGH;VCP;2025-11-03 23:50:58.080;TSRA BR;VCSH VCTS
2025-11-04 17:15:00.000;6056;ERJ 195LR;CGH;CWB;VCP;2025-11-04 18:00:08.640;TSRA;NSW
2025-11-04 17:55:00.000;4741;ERJ;SDU;GRU;VCP;2025-11-04 18:05:42.240;TSRA;NSW
2025-11-04 18:05:00.000;6503;ERJ 195LR;CNF;CGH;VCP;2025-11-04 18:15:58.080;TSRA;NSW
2025-11-04 17:35:00.000;4830;ERJ 195LR;GRU;CWB;VCP;2025-11-04 18:20:08.640;TSRA;NSW
2025-11-04 18:30:00.000;6401;ERJ 195LR;CWB;CGH;VCP;2025-11-04 18:40:58.080;TSRA;NSW
2025-11-04 18:35:00.000;2863;A320-251NEO;POA;GRU;VCP;2025-11-04 18:45:42.240;TSRA;NSW
2025-11-04 18:45:00.000;6035;A320-251NEO;POA;CGH;VCP;2025-11-04 18:55:58.080;TSRA;NSW
2025-11-04 18:50:00.000;2768;A321-251NEO;REC;GRU;VCP;2025-11-04 19:00:42.240;TSRA;VCSH
2025-11-04 18:50:00.000;6077;ERJ;CNF;CGH;VCP;2025-11-04 19:00:58.080;TSRA;VCSH
2025-11-04 19:00:00.000;4972;ERJ 195LR;CWB;GRU;VCP;2025-11-04 19:10:42.240;TSRA;VCSH
2025-11-04 19:10:00.000;4145;A320-251NEO;REC;CGH;VCP;2025-11-04 19:20:58.080;TSRA;VCSH
2025-11-04 19:20:00.000;5022;ERJ;IGU;CGH;VCP;2025-11-04 19:30:58.080;TSRA;VCSH
2025-11-04 19:35:00.000;4258;ERJ 195LR;CWB;CGH;VCP;2025-11-04 19:45:58.080;TSRA;VCSH
2025-11-04 19:55:00.000;5032;ERJ 195LR;SDU;CGH;VCP;2025-11-04 20:05:58.080;TSRA;NSW
2025-11-04 20:15:00.000;2628;A320-251NEO;POA;GRU;VCP;2025-11-04 20:25:42.240;TSRA;NSW
2025-11-04 20:25:00.000;6419;ERJ;CNF;CGH;VCP;2025-11-04 20:35:58.080;TSRA;NSW
2025-11-04 20:50:00.000;6025;ERJ;CWB;CGH;VCP;2025-11-04 21:00:58.080;TSRA;VCSH
2025-11-04 21:15:00.000;6405;ERJ;SDU;CGH;VCP;2025-11-04 21:25:58.080;TSRA;VCSH
2025-11-04 20:50:00.000;4390;ERJ 195LR;GRU;CWB;VCP;2025-11-04 21:35:08.640;TSRA;VCSH
2025-11-04 21:35:00.000;2774;ERJ;CGB;GRU;VCP;2025-11-04 21:45:42.240;TSRA;VCSH
2025-11-04 21:35:00.000;6005;ERJ;BSB;CGH;VCP;2025-11-04 21:45:58.080;TSRA;VCSH
2025-11-04 21:45:00.000;2724;ERJ;CNF;GRU;VCP;2025-11-04 21:55:42.240;TSRA;VCSH
2025-11-14 17:15:00.000;6056;ERJ 195LR;CGH;CWB;VCP;2025-11-14 18:00:08.640;TSRA;NSW
2025-11-14 17:55:00.000;4741;ERJ;SDU;GRU;VCP;2025-11-14 18:05:42.240;TSRA;NSW
2025-11-14 17:25:00.000;4830;ERJ 195LR;GRU;CWB;VCP;2025-11-14 18:10:08.640;TSRA;NSW
2025-11-14 18:05:00.000;6503;ERJ 195LR;CNF;CGH;VCP;2025-11-14 18:15:58.080;TSRA;NSW
2025-11-14 18:30:00.000;6401;ERJ 195LR;CWB;CGH;VCP;2025-11-14 18:40:58.080;TSRA;NSW
2025-11-14 18:45:00.000;2233;A320-251NEO;POA;CGH;VCP;2025-11-14 18:55:58.080;TSRA;NSW
2025-11-14 18:50:00.000;2863;A320-253NEO;POA;GRU;VCP;2025-11-14 19:00:42.240;TSRA;NSW
2025-11-14 18:50:00.000;2768;A321-251NEO;REC;GRU;VCP;2025-11-14 19:00:42.240;TSRA;NSW
2025-11-14 18:50:00.000;6077;ERJ;CNF;CGH;VCP;2025-11-14 19:00:58.080;TSRA;NSW
2025-11-14 19:00:00.000;4972;ERJ 195LR;CWB;GRU;VCP;2025-11-14 19:10:42.240;TSRA;NSW
2025-11-14 19:10:00.000;4145;A320-251NEO;REC;CGH;VCP;2025-11-14 19:20:58.080;TSRA;NSW
2025-11-14 19:20:00.000;5022;ERJ;IGU;CGH;VCP;2025-11-14 19:30:58.080;TSRA;NSW
2025-11-14 19:35:00.000;4258;ERJ 195LR;CWB;CGH;VCP;2025-11-14 19:45:58.080;TSRA;NSW
2025-11-14 19:55:00.000;5032;ERJ 195LR;SDU;CGH;VCP;2025-11-14 20:05:58.080;TSRA;NSW
2025-11-14 20:15:00.000;2628;A320-253NEO;POA;GRU;VCP;2025-11-14 20:25:42.240;TSRA;NSW
2025-11-14 20:25:00.000;6419;ERJ 195LR;CNF;CGH;VCP;2025-11-14 20:35:58.080;TSRA;NSW
2025-11-17 17:15:00.000;6056;ERJ 195LR;CGH;CWB;VCP;2025-11-17 18:00:08.640;TSRA BR;VCSH
2025-11-17 17:55:00.000;4741;ERJ;SDU;GRU;VCP;2025-11-17 18:05:42.240;TSRA BR;VCSH
2025-11-17 17:25:00.000;4830;ERJ 195LR;GRU;CWB;VCP;2025-11-17 18:10:08.640;TSRA BR;VCSH
2025-11-17 18:05:00.000;6503;ERJ 195LR;CNF;CGH;VCP;2025-11-17 18:15:58.080;TSRA BR;VCSH
2025-11-17 18:30:00.000;6401;ERJ 195LR;CWB;CGH;VCP;2025-11-17 18:40:58.080;TSRA BR;VCSH
2025-11-17 18:45:00.000;6035;A320-251NEO;POA;CGH;VCP;2025-11-17 18:55:58.080;TSRA BR;VCSH
2025-11-17 18:50:00.000;2768;A321-251NEO;REC;GRU;VCP;2025-11-17 19:00:42.240;TSRA BR;-RA
2025-11-17 18:50:00.000;6077;ERJ;CNF;CGH;VCP;2025-11-17 19:00:58.080;TSRA BR;-RA
2025-11-17 18:55:00.000;2863;A320-251NEO;POA;GRU;VCP;2025-11-17 19:05:42.240;TSRA BR;-RA
2025-11-17 19:10:00.000;4145;A320-251NEO;REC;CGH;VCP;2025-11-17 19:20:58.080;TSRA BR;-RA
2025-11-17 19:15:00.000;4972;ERJ 195LR;CWB;GRU;VCP;2025-11-17 19:25:42.240;TSRA BR;-RA
2025-11-17 19:20:00.000;5022;ERJ;IGU;CGH;VCP;2025-11-17 19:30:58.080;TSRA BR;-RA
2025-11-17 19:35:00.000;4258;ERJ 195LR;CWB;CGH;VCP;2025-11-17 19:45:58.080;TSRA BR;-RA
2025-11-17 19:55:00.000;5032;ERJ 195LR;SDU;CGH;VCP;2025-11-17 20:05:58.080;TSRA BR;NSW
2025-11-17 20:15:00.000;2628;A320-253NEO;POA;GRU;VCP;2025-11-17 20:25:42.240;TSRA BR;NSW
2025-11-17 20:25:00.000;6419;ERJ 195LR;CNF;CGH;VCP;2025-11-17 20:35:58.080;TSRA BR;NSW
2025-11-17 20:50:00.000;6025;ERJ;CWB;CGH;VCP;2025-11-17 21:00:58.080;TSRA BR;NSW
2025-11-17 21:15:00.000;6405;ERJ;SDU;CGH;VCP;2025-11-17 21:25:58.080;TSRA BR;NSW
2025-11-17 20:55:00.000;4390;ERJ 195LR;GRU;CWB;VCP;2025-11-17 21:40:08.640;TSRA BR;NSW
2025-11-17 21:35:00.000;6005;ERJ;BSB;CGH;VCP;2025-11-17 21:45:58.080;TSRA BR;NSW
2025-11-17 21:45:00.000;2724;ERJ;CNF;GRU;VCP;2025-11-17 21:55:42.240;TSRA BR;NSW
2025-11-17 21:20:00.000;6504;ERJ 195LR;CGH;CWB;VCP;2025-11-17 22:05:08.640;TSRA BR;NSW
2025-11-17 21:55:00.000;4453;A320-251NEO;POA;GRU;VCP;2025-11-17 22:05:42.240;TSRA BR;NSW
2025-11-17 21:35:00.000;2984;ERJ 195LR;POA;CWB;VCP;2025-11-17 22:20:08.640;TSRA BR;NSW
2025-11-17 22:10:00.000;4019;ERJ 195LR;SDU;CGH;VCP;2025-11-17 22:20:58.080;TSRA BR;NSW
2025-11-17 22:20:00.000;4462;ERJ 195LR;CNF;CGH;VCP;2025-11-17 22:30:58.080;TSRA BR;NSW
2025-11-17 22:40:00.000;4831;ERJ 195LR;CWB;GRU;VCP;2025-11-17 22:50:42.240;TSRA BR;NSW
2025-11-17 22:40:00.000;4277;A320-251NEO;REC;CGH;VCP;2025-11-17 22:50:58.080;TSRA BR;NSW
2025-11-24 17:15:00.000;6056;ERJ 195LR;CGH;CWB;VCP;2025-11-24 18:00:08.640;TSRA;NSW
2025-11-24 17:55:00.000;4741;ERJ;SDU;GRU;VCP;2025-11-24 18:05:42.240;TSRA;NSW
2025-11-24 17:25:00.000;4830;ERJ 195LR;GRU;CWB;VCP;2025-11-24 18:10:08.640;TSRA;NSW
2025-11-24 18:05:00.000;6503;ERJ 195LR;CNF;CGH;VCP;2025-11-24 18:15:58.080;TSRA;NSW
2025-11-24 18:30:00.000;6401;ERJ 195LR;CWB;CGH;VCP;2025-11-24 18:40:58.080;TSRA;NSW
2025-11-24 18:45:00.000;6035;A320-251NEO;POA;CGH;VCP;2025-11-24 18:55:58.080;TSRA;NSW
2025-11-24 18:50:00.000;2768;A321-251NEO;REC;GRU;VCP;2025-11-24 19:00:42.240;TSRA;VCSH
2025-11-24 18:50:00.000;6077;ERJ;CNF;CGH;VCP;2025-11-24 19:00:58.080;TSRA;VCSH
2025-11-24 18:55:00.000;2863;A320-251NEO;POA;GRU;VCP;2025-11-24 19:05:42.240;TSRA;VCSH
2025-11-24 19:00:00.000;4972;ERJ 195LR;CWB;GRU;VCP;2025-11-24 19:10:42.240;TSRA;VCSH
2025-11-24 19:10:00.000;4145;A320-251NEO;REC;CGH;VCP;2025-11-24 19:20:58.080;TSRA;VCSH
2025-11-24 20:15:00.000;2628;A320-253NEO;POA;GRU;VCP;2025-11-24 20:25:42.240;TSRA;VCSH
2025-11-24 20:25:00.000;6419;ERJ 195LR;CNF;CGH;VCP;2025-11-24 20:35:58.080;TSRA;VCSH
2025-11-24 20:50:00.000;6025;ERJ;CWB;CGH;VCP;2025-11-24 21:00:58.080;TSRA;NSW
2025-11-24 21:10:00.000;9805;A320-253NEO;VCP;CGH;VCP;2025-11-24 21:20:58.080;TSRA;NSW
2025-11-24 21:15:00.000;6405;ERJ;SDU;CGH;VCP;2025-11-24 21:25:58.080;TSRA;NSW
2025-11-24 20:55:00.000;4390;ERJ 195LR;GRU;CWB;VCP;2025-11-24 21:40:08.640;TSRA;NSW
2025-11-24 21:35:00.000;2774;ERJ;CGB;GRU;VCP;2025-11-24 21:45:42.240;TSRA;NSW
2025-11-24 21:35:00.000;6005;ERJ;BSB;CGH;VCP;2025-11-24 21:45:58.080;TSRA;NSW
2025-11-24 21:45:00.000;2724;ERJ;CNF;GRU;VCP;2025-11-24 21:55:42.240;TSRA;NSW
2025-11-24 21:20:00.000;6504;ERJ 195LR;CGH;CWB;VCP;2025-11-24 22:05:08.640;TSRA;NSW
2025-11-24 21:55:00.000;4453;A320-253NEO;POA;GRU;VCP;2025-11-24 22:05:42.240;TSRA;NSW
2025-11-24 21:35:00.000;2984;ERJ 195LR;POA;CWB;VCP;2025-11-24 22:20:08.640;TSRA;NSW
2025-11-24 22:10:00.000;4019;ERJ 195LR;SDU;CGH;VCP;2025-11-24 22:20:58.080;TSRA;NSW
2025-11-24 22:20:00.000;4462;ERJ 195LR;CNF;CGH;VCP;2025-11-24 22:30:58.080;TSRA;NSW
2025-11-24 22:40:00.000;4829;ERJ 195LR;CWB;GRU;VCP;2025-11-24 22:50:42.240;TSRA;NSW
2025-11-24 22:40:00.000;4277;A320-251NEO;REC;CGH;VCP;2025-11-24 22:50:58.080;TSRA;NSW
2025-11-24 23:00:00.000;4820;A321-251NEO;REC;GRU;VCP;2025-11-24 23:10:42.240;TSRA;NSW
2025-11-24 23:00:00.000;6509;ERJ 195LR;CWB;CGH;VCP;2025-11-24 23:10:58.080;TSRA;NSW
2025-11-24 23:10:00.000;2880;ERJ;CNF;GRU;VCP;2025-11-24 23:20:42.240;TSRA;NSW
2025-11-24 23:25:00.000;6059;ERJ 195LR;SDU;CGH;VCP;2025-11-24 23:35:58.080;TSRA;NSW
2025-11-24 23:35:00.000;6144;A320-251NEO;POA;CGH;VCP;2025-11-24 23:45:58.080;TSRA;NSW
2025-11-24 23:40:00.000;6039;A320-251NEO;POA;CGH;VCP;2025-11-24 23:50:58.080;TSRA;NSW
2025-12-02 17:55:00.000;4741;ERJ;SDU;GRU;VCP;2025-12-02 18:05:42.240;TSRA;NSW
2025-12-02 18:05:00.000;6503;ERJ 195LR;CNF;CGH;VCP;2025-12-02 18:15:58.080;TSRA;NSW
2025-12-02 17:40:00.000;4830;ERJ 195LR;GRU;CWB;VCP;2025-12-02 18:25:08.640;TSRA;NSW
2025-12-02 18:30:00.000;6401;ERJ 195LR;CWB;CGH;VCP;2025-12-02 18:40:58.080;TSRA;NSW
2025-12-02 18:40:00.000;2863;A320-251NEO;POA;GRU;VCP;2025-12-02 18:50:42.240;TSRA;NSW
2025-12-02 18:45:00.000;6035;A320-251NEO;POA;CGH;VCP;2025-12-02 18:55:58.080;TSRA;NSW
2025-12-02 18:50:00.000;2768;A321-251NEO;REC;GRU;VCP;2025-12-02 19:00:42.240;TSRA;VCSH
2025-12-02 18:50:00.000;6077;ERJ;CNF;CGH;VCP;2025-12-02 19:00:58.080;TSRA;VCSH
2025-12-02 19:00:00.000;4972;ERJ 195LR;CWB;GRU;VCP;2025-12-02 19:10:42.240;TSRA;VCSH
2025-12-02 20:50:00.000;6025;ERJ;CWB;CGH;VCP;2025-12-02 21:00:58.080;TSRA;NSW
2025-12-02 21:15:00.000;6405;ERJ;SDU;CGH;VCP;2025-12-02 21:25:58.080;TSRA;NSW
2025-12-02 21:35:00.000;2774;ERJ;CGB;GRU;VCP;2025-12-02 21:45:42.240;TSRA;NSW
2025-12-02 21:35:00.000;6005;ERJ;BSB;CGH;VCP;2025-12-02 21:45:58.080;TSRA;NSW
2025-12-02 21:10:00.000;4390;ERJ 195LR;GRU;CWB;VCP;2025-12-02 21:55:08.640;TSRA;NSW
2025-12-02 21:45:00.000;2724;ERJ;CNF;GRU;VCP;2025-12-02 21:55:42.240;TSRA;NSW
2025-12-07 19:55:00.000;4217;ERJ 195LR;SDU;CGH;VCP;2025-12-07 20:05:58.080;TSRA;VCSH
2025-12-07 20:10:00.000;6025;ERJ 195LR;CWB;CGH;VCP;2025-12-07 20:20:58.080;TSRA;VCSH
2025-12-07 20:15:00.000;2860;A320-251NEO;POA;GRU;VCP;2025-12-07 20:25:42.240;TSRA;VCSH
2025-12-07 20:30:00.000;6040;ERJ 195LR;CNF;CGH;VCP;2025-12-07 20:40:58.080;TSRA;VCSH
2025-12-07 23:10:00.000;4829;ERJ 195LR;CWB;GRU;VCP;2025-12-07 23:20:42.240;TSRA;VCTS
2025-12-07 23:25:00.000;2952;ERJ;CNF;CGH;VCP;2025-12-07 23:35:58.080;TSRA;VCTS
2025-12-07 23:35:00.000;4277;A320-251NEO;REC;CGH;VCP;2025-12-07 23:45:58.080;TSRA;VCTS
2025-12-08 17:54:00.000;6012;ERJ;VCP;CGH;VCP;2025-12-08 18:04:58.080;TSRA;VCSH
2025-12-08 17:55:00.000;4741;ERJ;SDU;GRU;VCP;2025-12-08 18:05:42.240;TSRA;VCSH
2025-12-08 17:30:00.000;4830;ERJ 195LR;GRU;CWB;VCP;2025-12-08 18:15:08.640;TSRA;VCSH
2025-12-08 18:05:00.000;6503;ERJ 195LR;CNF;CGH;VCP;2025-12-08 18:15:58.080;TSRA;VCSH
2025-12-08 18:30:00.000;6401;ERJ 195LR;CWB;CGH;VCP;2025-12-08 18:40:58.080;TSRA;VCSH
2025-12-08 18:45:00.000;6035;A320-251NEO;POA;CGH;VCP;2025-12-08 18:55:58.080;TSRA;VCSH
2025-12-08 18:50:00.000;2863;A320-251NEO;POA;GRU;VCP;2025-12-08 19:00:42.240;TSRA;VCSH
2025-12-08 18:50:00.000;2768;A321-251NEO;REC;GRU;VCP;2025-12-08 19:00:42.240;TSRA;VCSH
2025-12-08 18:50:00.000;6077;ERJ;CNF;CGH;VCP;2025-12-08 19:00:58.080;TSRA;VCSH
2025-12-08 18:55:00.000;4972;ERJ 195LR;CWB;GRU;VCP;2025-12-08 19:05:42.240;TSRA;VCSH
2025-12-08 19:00:00.000;9805;ERJ;VCP;CGH;VCP;2025-12-08 19:10:58.080;TSRA;VCSH
2025-12-08 19:10:00.000;4145;A320-251NEO;REC;CGH;VCP;2025-12-08 19:20:58.080;TSRA;VCSH
2025-12-08 19:20:00.000;5022;ERJ;IGU;CGH;VCP;2025-12-08 19:30:58.080;TSRA;VCSH
2025-12-08 19:35:00.000;4258;ERJ 195LR;CWB;CGH;VCP;2025-12-08 19:45:58.080;TSRA;VCSH
2025-12-08 19:55:00.000;5032;ERJ 195LR;SDU;CGH;VCP;2025-12-08 20:05:58.080;TSRA;VCSH
2025-12-08 20:15:00.000;2628;A320-251NEO;POA;GRU;VCP;2025-12-08 20:25:42.240;TSRA;VCSH
2025-12-08 20:25:00.000;6419;ERJ 195LR;CNF;CGH;VCP;2025-12-08 20:35:58.080;TSRA;VCSH
2025-12-13 00:35:00.000;6085;ERJ;REC;CGH;VCP;2025-12-13 00:45:58.080;TSRA;VCSH VCTS
2025-12-15 17:25:00.000;4830;ERJ 195LR;GRU;CWB;VCP;2025-12-15 18:10:08.640;TSRA;NSW
2025-12-15 18:05:00.000;6503;ERJ 195LR;CNF;CGH;VCP;2025-12-15 18:15:58.080;TSRA;NSW
2025-12-15 17:40:00.000;6024;ERJ 195LR;CGH;CWB;VCP;2025-12-15 18:25:08.640;TSRA;NSW
2025-12-15 18:25:00.000;6035;ERJ;POA;CGH;VCP;2025-12-15 18:35:58.080;TSRA;NSW
2025-12-15 18:30:00.000;6401;ERJ;SSA;CGH;VCP;2025-12-15 18:40:58.080;TSRA;NSW
2025-12-15 18:50:00.000;2863;A320-251NEO;POA;GRU;VCP;2025-12-15 19:00:42.240;TSRA;NSW
2025-12-15 18:50:00.000;2768;A321-251NEO;REC;GRU;VCP;2025-12-15 19:00:42.240;TSRA;NSW
2025-12-15 18:50:00.000;4258;ERJ 195LR;CWB;CGH;VCP;2025-12-15 19:00:58.080;TSRA;NSW
2025-12-15 18:50:00.000;4145;A320-253NEO;REC;CGH;VCP;2025-12-15 19:00:58.080;TSRA;NSW
2025-12-15 19:10:00.000;5022;ERJ;IGU;CGH;VCP;2025-12-15 19:20:58.080;TSRA;NSW
2025-12-15 19:20:00.000;6077;ERJ 195LR;CNF;CGH;VCP;2025-12-15 19:30:58.080;TSRA;NSW
2025-12-15 19:35:00.000;6415;ERJ;JPA;CGH;VCP;2025-12-15 19:45:58.080;TSRA;NSW
2025-12-15 19:45:00.000;4972;ERJ 195LR;CWB;GRU;VCP;2025-12-15 19:55:42.240;TSRA;NSW
2025-12-15 20:15:00.000;2644;A320-251NEO;POA;GRU;VCP;2025-12-15 20:25:42.240;TSRA;NSW
2025-12-15 20:20:00.000;5032;ERJ;SDU;CGH;VCP;2025-12-15 20:30:58.080;TSRA;NSW
2025-12-15 20:25:00.000;6005;ERJ;BSB;CGH;VCP;2025-12-15 20:35:58.080;TSRA;NSW
2025-12-15 20:50:00.000;6419;ERJ;MCZ;CGH;VCP;2025-12-15 21:00:58.080;TS;VCSH
2025-12-15 21:15:00.000;6069;ERJ 195LR;CNF;CGH;VCP;2025-12-15 21:25:58.080;TS;VCSH
2025-12-15 21:35:00.000;2774;ERJ;CGB;GRU;VCP;2025-12-15 21:45:42.240;TS;VCSH
2025-12-15 21:40:00.000;4462;ERJ 195LR;CNF;CGH;VCP;2025-12-15 21:50:58.080;TS;VCSH
2025-12-15 21:10:00.000;4090;ERJ 195LR;IGU;CWB;VCP;2025-12-15 21:55:08.640;TS;VCSH
2025-12-15 21:45:00.000;2724;ERJ;CNF;GRU;VCP;2025-12-15 21:55:42.240;TS;VCSH
2025-12-15 21:55:00.000;6405;ERJ;MCZ;CGH;VCP;2025-12-15 22:05:58.080;TS;VCSH
2025-12-15 21:25:00.000;4390;ERJ 195LR;GRU;CWB;VCP;2025-12-15 22:10:08.640;TS;VCSH
2025-12-15 22:10:00.000;4019;ERJ 195LR;SDU;CGH;VCP;2025-12-15 22:20:58.080;TS;VCSH
2025-12-15 22:00:00.000;4008;ERJ 195LR;CGH;CWB;VCP;2025-12-15 22:45:08.640;TS;VCSH
2025-12-15 22:40:00.000;4277;A320-251NEO;REC;CGH;VCP;2025-12-15 22:50:58.080;TS;VCSH
2025-12-15 22:10:00.000;2897;ERJ 195LR;VCP;CWB;VCP;2025-12-15 22:55:08.640;TS;VCSH
2025-12-15 23:00:00.000;2605;ERJ 195LR;CWB;GRU;VCP;2025-12-15 23:10:42.240;TS;VCTS
2025-12-15 23:05:00.000;4453;A320-253NEO;POA;GRU;VCP;2025-12-15 23:15:42.240;TS;VCTS
2025-12-15 23:05:00.000;6025;ERJ 195LR;CWB;CGH;VCP;2025-12-15 23:15:58.080;TS;VCTS
2025-12-15 23:25:00.000;6059;ERJ 195LR;SDU;CGH;VCP;2025-12-15 23:35:58.080;TS;VCTS
2025-12-15 23:35:00.000;6144;A320-251NEO;POA;CGH;VCP;2025-12-15 23:45:58.080;TS;VCTS
2025-12-15 23:40:00.000;6039;ERJ;POA;CGH;VCP;2025-12-15 23:50:58.080;TS;VCTS
2025-12-26 19:50:00.000;4258;ERJ 195LR;CWB;CGH;VCP;2025-12-26 20:00:58.080;TS VCSH;NSW
2025-12-26 20:15:00.000;2644;A320-251NEO;POA;GRU;VCP;2025-12-26 20:25:42.240;TS VCSH;NSW
2025-12-26 20:20:00.000;5032;ERJ 195LR;SDU;CGH;VCP;2025-12-26 20:30:58.080;TS VCSH;NSW
2025-12-26 20:25:00.000;6419;ERJ;MCZ;CGH;VCP;2025-12-26 20:35:58.080;TS VCSH;NSW
2025-12-26 20:25:00.000;6005;ERJ;BSB;CGH;VCP;2025-12-26 20:35:58.080;TS VCSH;NSW
2025-12-26 21:15:00.000;6069;ERJ 195LR;CNF;CGH;VCP;2025-12-26 21:25:58.080;TS VCSH;VCSH
2025-12-26 21:35:00.000;2774;ERJ;CGB;GRU;VCP;2025-12-26 21:45:42.240;TS VCSH;VCSH
2025-12-26 21:10:00.000;4390;ERJ 195LR;GRU;CWB;VCP;2025-12-26 21:55:08.640;TS VCSH;VCSH
2025-12-26 21:10:00.000;4090;ERJ 195LR;IGU;CWB;VCP;2025-12-26 21:55:08.640;TS VCSH;VCSH
2025-12-26 21:45:00.000;2724;ERJ 195LR;CNF;GRU;VCP;2025-12-26 21:55:42.240;TS VCSH;VCSH
2025-12-26 21:50:00.000;8781;A320-251NEO;PDP;GRU;VCP;2025-12-26 22:00:42.240;TS VCSH;NSW
2025-12-26 21:55:00.000;6405;ERJ;AJU;CGH;VCP;2025-12-26 22:05:58.080;TS VCSH;NSW
2025-12-26 22:10:00.000;4019;ERJ 195LR;SDU;CGH;VCP;2025-12-26 22:20:58.080;TS VCSH;NSW
2025-12-26 22:20:00.000;4462;ERJ;CNF;CGH;VCP;2025-12-26 22:30:58.080;TS VCSH;NSW
2025-12-26 22:00:00.000;4008;ERJ 195LR;CGH;CWB;VCP;2025-12-26 22:45:08.640;TS VCSH;NSW
2025-12-26 22:40:00.000;4277;A320-251NEO;REC;CGH;VCP;2025-12-26 22:50:58.080;TS VCSH;NSW
2025-12-26 23:00:00.000;4453;A320-253NEO;POA;GRU;VCP;2025-12-26 23:10:42.240;TS VCSH;NSW
2025-12-26 23:05:00.000;2605;ERJ 195LR;CWB;GRU;VCP;2025-12-26 23:15:42.240;TS VCSH;NSW
2025-12-26 23:05:00.000;6025;ERJ 195LR;CWB;CGH;VCP;2025-12-26 23:15:58.080;TS VCSH;NSW
2025-12-26 23:25:00.000;6059;ERJ 195LR;SDU;CGH;VCP;2025-12-26 23:35:58.080;TS VCSH;NSW
2025-12-26 23:35:00.000;6144;A320-251NEO;POA;CGH;VCP;2025-12-26 23:45:58.080;TS VCSH;NSW
2025-12-26 23:40:00.000;6039;ERJ;POA;CGH;VCP;2025-12-26 23:50:58.080;TS VCSH;NSW
2025-12-27 23:55:00.000;4277;A320-251NEO;REC;CGH;VCP;2025-12-28 00:05:58.080;TS;NSW
2025-12-28 00:05:00.000;2485;ERJ;NAT;CGH;VCP;2025-12-28 00:15:58.080;TS;NSW
2025-12-28 00:35:00.000;6085;ERJ;REC;CGH;VCP;2025-12-28 00:45:58.080;TS;NSW
2025-12-30 18:50:00.000;2768;A321-251NEO;REC;GRU;VCP;2025-12-30 19:00:42.240;TS;NSW
2025-12-30 18:50:00.000;4145;A320-251NEO;REC;CGH;VCP;2025-12-30 19:00:58.080;TS;NSW
2025-12-30 19:00:00.000;4972;ERJ 195LR;CWB;GRU;VCP;2025-12-30 19:10:42.240;TS;NSW
2025-12-30 19:10:00.000;6077;ERJ 195LR;CNF;CGH;VCP;2025-12-30 19:20:58.080;TS;NSW
2025-12-30 19:20:00.000;5022;ERJ;IGU;CGH;VCP;2025-12-30 19:30:58.080;TS;NSW
2025-12-30 19:35:00.000;6415;ERJ;JPA;CGH;VCP;2025-12-30 19:45:58.080;TS;NSW
2025-12-30 19:55:00.000;4258;ERJ 195LR;CWB;CGH;VCP;2025-12-30 20:05:58.080;TS;NSW
2025-12-30 19:55:00.000;5032;ERJ 195LR;SDU;CGH;VCP;2025-12-30 20:05:58.080;TS;NSW
2025-12-30 20:15:00.000;2644;A320-253NEO;POA;GRU;VCP;2025-12-30 20:25:42.240;TS;NSW
2025-12-30 19:50:00.000;2972;ERJ 195LR;VCP;CWB;VCP;2025-12-30 20:35:08.640;TS;NSW
2025-12-30 20:25:00.000;6419;ERJ;MCZ;CGH;VCP;2025-12-30 20:35:58.080;TS;NSW
2025-12-30 20:25:00.000;6005;ERJ;BSB;CGH;VCP;2025-12-30 20:35:58.080;TS;NSW
2025-12-30 20:49:00.000;6035;ERJ;VCP;CGH;VCP;2025-12-30 20:59:58.080;TS;NSW
2026-01-01 17:25:00.000;4830;ERJ 195LR;GRU;CWB;VCP;2026-01-01 18:10:08.640;TSRA BR;NSW
2026-01-01 18:30:00.000;6401;ERJ;SSA;CGH;VCP;2026-01-01 18:40:58.080;TSRA BR;NSW
2026-01-01 18:05:00.000;6024;ERJ 195LR;CGH;CWB;VCP;2026-01-01 18:50:08.640;TSRA BR;NSW
2026-01-01 18:45:00.000;2863;A320-251NEO;POA;GRU;VCP;2026-01-01 18:55:42.240;TSRA BR;NSW
2026-01-01 18:45:00.000;6077;ERJ;CNF;CGH;VCP;2026-01-01 18:55:58.080;TSRA BR;NSW
2026-01-01 18:50:00.000;2768;A321-251NEO;REC;GRU;VCP;2026-01-01 19:00:42.240;TSRA BR;VCSH
2026-01-01 19:10:00.000;4972;ERJ 195LR;CWB;GRU;VCP;2026-01-01 19:20:42.240;TSRA BR;VCSH
2026-01-01 19:35:00.000;6415;ERJ;JPA;CGH;VCP;2026-01-01 19:45:58.080;TSRA BR;VCSH
2026-01-01 19:45:00.000;5022;ERJ;IGU;CGH;VCP;2026-01-01 19:55:58.080;TSRA BR;VCSH
2026-01-01 19:50:00.000;4145;A320-251NEO;REC;CGH;VCP;2026-01-01 20:00:58.080;TSRA BR;NSW
2026-01-01 20:00:00.000;4258;ERJ 195LR;CWB;CGH;VCP;2026-01-01 20:10:58.080;TSRA BR;NSW
2026-01-01 20:15:00.000;2617;A320-251NEO;POA;GRU;VCP;2026-01-01 20:25:42.240;TSRA BR;NSW
2026-01-01 20:25:00.000;6419;ERJ;MCZ;CGH;VCP;2026-01-01 20:35:58.080;TSRA BR;NSW
2026-01-01 20:35:00.000;5032;ERJ 195LR;SDU;CGH;VCP;2026-01-01 20:45:58.080;TSRA BR;NSW
2026-01-01 21:15:00.000;6069;ERJ 195LR;CNF;CGH;VCP;2026-01-01 21:25:58.080;TSRA BR;VCSH
2026-01-01 21:35:00.000;2774;ERJ;CGB;GRU;VCP;2026-01-01 21:45:42.240;TSRA BR;VCSH
2026-01-01 21:35:00.000;6005;ERJ;BSB;CGH;VCP;2026-01-01 21:45:58.080;TSRA BR;VCSH
2026-01-01 21:10:00.000;4337;ERJ 195LR;IGU;CWB;VCP;2026-01-01 21:55:08.640;TSRA BR;VCSH
2026-01-01 21:10:00.000;4390;ERJ 195LR;GRU;CWB;VCP;2026-01-01 21:55:08.640;TSRA BR;VCSH
2026-01-01 21:45:00.000;2724;ERJ;CNF;GRU;VCP;2026-01-01 21:55:42.240;TSRA BR;VCSH
2026-01-02 17:25:00.000;4830;ERJ 195LR;GRU;CWB;VCP;2026-01-02 18:10:08.640;TSRA BR;VCSH
2026-01-02 18:05:00.000;6503;ERJ 195LR;CNF;CGH;VCP;2026-01-02 18:15:58.080;TSRA BR;VCSH
2026-01-02 18:25:00.000;2248;ERJ;POA;CGH;VCP;2026-01-02 18:35:58.080;TSRA BR;VCSH
2026-01-02 17:55:00.000;6024;ERJ 195LR;CGH;CWB;VCP;2026-01-02 18:40:08.640;TSRA BR;VCSH
2026-01-02 18:30:00.000;6401;ERJ;SSA;CGH;VCP;2026-01-02 18:40:58.080;TSRA BR;VCSH
2026-01-02 18:45:00.000;2863;A320-253NEO;POA;GRU;VCP;2026-01-02 18:55:42.240;TSRA BR;VCSH
2026-01-02 18:50:00.000;2768;A321-251NEO;REC;GRU;VCP;2026-01-02 19:00:42.240;TSRA BR;VCSH
2026-01-02 18:50:00.000;4258;ERJ 195LR;CWB;CGH;VCP;2026-01-02 19:00:58.080;TSRA BR;VCSH
2026-01-02 18:50:00.000;4145;A320-251NEO;REC;CGH;VCP;2026-01-02 19:00:58.080;TSRA BR;VCSH
2026-01-02 19:10:00.000;6077;ERJ 195LR;CNF;CGH;VCP;2026-01-02 19:20:58.080;TSRA BR;VCSH
2026-01-02 19:20:00.000;4972;ERJ 195LR;CWB;GRU;VCP;2026-01-02 19:30:42.240;TSRA BR;VCSH
2026-01-02 19:20:00.000;5022;ERJ;IGU;CGH;VCP;2026-01-02 19:30:58.080;TSRA BR;VCSH
2026-01-02 19:35:00.000;6415;ERJ;JPA;CGH;VCP;2026-01-02 19:45:58.080;TSRA BR;VCSH
2026-01-02 19:55:00.000;5032;ERJ 195LR;SDU;CGH;VCP;2026-01-02 20:05:58.080;TSRA BR;VCSH
2026-01-02 20:15:00.000;2644;A320-251NEO;POA;GRU;VCP;2026-01-02 20:25:42.240;TSRA BR;VCSH
2026-01-02 20:25:00.000;6419;ERJ;MCZ;CGH;VCP;2026-01-02 20:35:58.080;TSRA BR;VCSH
2026-01-02 20:25:00.000;6005;ERJ;BSB;CGH;VCP;2026-01-02 20:35:58.080;TSRA BR;VCSH
2026-01-02 21:10:00.000;6069;ERJ;CNF;CGH;VCP;2026-01-02 21:20:58.080;TSRA BR;NSW
2026-01-02 21:35:00.000;2774;ERJ;CGB;GRU;VCP;2026-01-02 21:45:42.240;TSRA BR;NSW
2026-01-02 21:35:00.000;4462;ERJ 195LR;CNF;CGH;VCP;2026-01-02 21:45:58.080;TSRA BR;NSW
2026-01-02 21:10:00.000;4390;ERJ 195LR;GRU;CWB;VCP;2026-01-02 21:55:08.640;TSRA BR;NSW
2026-01-02 21:45:00.000;2724;ERJ;CNF;GRU;VCP;2026-01-02 21:55:42.240;TSRA BR;NSW
2026-01-02 21:55:00.000;6405;ERJ;AJU;CGH;VCP;2026-01-02 22:05:58.080;TSRA BR;NSW
2026-01-02 21:30:00.000;4337;ERJ 195LR;IGU;CWB;VCP;2026-01-02 22:15:08.640;TSRA BR;NSW
2026-01-02 22:10:00.000;4019;ERJ 195LR;SDU;CGH;VCP;2026-01-02 22:20:58.080;TSRA BR;NSW
2026-01-02 21:50:00.000;4008;ERJ 195LR;CGH;CWB;VCP;2026-01-02 22:35:08.640;TSRA BR;NSW
2026-01-02 22:40:00.000;4277;A320-251NEO;REC;CGH;VCP;2026-01-02 22:50:58.080;TSRA BR;NSW
2026-01-02 22:10:00.000;2897;ERJ 195LR;VCP;CWB;VCP;2026-01-02 22:55:08.640;TSRA BR;NSW
2026-01-03 18:25:00.000;2219;ERJ;JPA;CGH;VCP;2026-01-03 18:35:58.080;TSRA;NSW
2026-01-03 18:50:00.000;2768;A321-251NEO;REC;GRU;VCP;2026-01-03 19:00:42.240;TSRA;NSW
2026-01-03 18:50:00.000;5032;ERJ 195LR;SDU;CGH;VCP;2026-01-03 19:00:58.080;TSRA;NSW
2026-01-03 18:55:00.000;4453;A320-251NEO;POA;GRU;VCP;2026-01-03 19:05:42.240;TSRA;NSW
2026-01-03 19:10:00.000;2450;A320-253NEO;REC;CGH;VCP;2026-01-03 19:20:58.080;TSRA;NSW
2026-01-03 19:30:00.000;6021;ERJ 195LR;BSB;CGH;VCP;2026-01-03 19:40:58.080;TSRA;NSW
2026-01-03 19:45:00.000;5022;ERJ;IGU;CGH;VCP;2026-01-03 19:55:58.080;TSRA;NSW
2026-01-03 19:50:00.000;2972;ERJ 195LR;VCP;CWB;VCP;2026-01-03 20:35:08.640;TSRA;NSW
2026-01-03 19:50:00.000;2765;ERJ 195LR;GRU;CWB;VCP;2026-01-03 20:35:08.640;TSRA;NSW
2026-01-03 20:45:00.000;4351;ERJ 195LR;CNF;CGH;VCP;2026-01-03 20:55:58.080;TSRA;NSW
2026-01-03 21:20:00.000;2609;ERJ 195LR;SDU;CGH;VCP;2026-01-03 21:30:58.080;TSRA;NSW
2026-01-03 21:25:00.000;4589;ERJ 195LR;POA;CGH;VCP;2026-01-03 21:35:58.080;TSRA;NSW
2026-01-03 21:35:00.000;2773;ERJ 195LR;CWB;GRU;VCP;2026-01-03 21:45:42.240;TSRA;NSW
2026-01-03 21:40:00.000;2821;A320-251NEO;POA;GRU;VCP;2026-01-03 21:50:42.240;TSRA;NSW
2026-01-03 21:45:00.000;2724;ERJ;CNF;GRU;VCP;2026-01-03 21:55:42.240;TSRA;NSW
2026-01-09 20:50:00.000;6005;ERJ;BSB;CGH;VCP;2026-01-09 21:00:58.080;TSRA;NSW
2026-01-09 21:00:00.000;6069;ERJ;CNF;CGH;VCP;2026-01-09 21:10:58.080;TSRA;NSW
2026-01-09 21:35:00.000;2774;ERJ;CGB;GRU;VCP;2026-01-09 21:45:42.240;TSRA;NSW
2026-01-09 21:10:00.000;4390;ERJ 195LR;GRU;CWB;VCP;2026-01-09 21:55:08.640;TSRA;NSW
2026-01-09 21:45:00.000;2724;ERJ;CNF;GRU;VCP;2026-01-09 21:55:42.240;TSRA;NSW
2026-01-09 21:20:00.000;4008;ERJ 195LR;CGH;CWB;VCP;2026-01-09 22:05:08.640;TSRA;NSW
2026-01-09 21:55:00.000;6405;ERJ;AJU;CGH;VCP;2026-01-09 22:05:58.080;TSRA;NSW
2026-01-09 21:35:00.000;4337;ERJ 195LR;IGU;CWB;VCP;2026-01-09 22:20:08.640;TSRA;NSW
2026-01-09 22:10:00.000;4019;ERJ 195LR;SDU;CGH;VCP;2026-01-09 22:20:58.080;TSRA;NSW
2026-01-09 22:20:00.000;4462;ERJ 195LR;CNF;CGH;VCP;2026-01-09 22:30:58.080;TSRA;NSW
2026-01-09 22:40:00.000;4277;ERJ;REC;CGH;VCP;2026-01-09 22:50:58.080;TSRA;NSW
2026-01-09 23:00:00.000;2605;ERJ 195LR;CWB;GRU;VCP;2026-01-09 23:10:42.240;TSRA;NSW
2026-01-09 23:00:00.000;4453;A320-251NEO;POA;GRU;VCP;2026-01-09 23:10:42.240;TSRA;NSW
2026-01-09 23:05:00.000;6025;ERJ 195LR;CWB;CGH;VCP;2026-01-09 23:15:58.080;TSRA;NSW
2026-01-09 23:25:00.000;6059;ERJ 195LR;SDU;CGH;VCP;2026-01-09 23:35:58.080;TSRA;NSW
2026-01-09 23:35:00.000;6085;A320-251NEO;REC;CGH;VCP;2026-01-09 23:45:58.080;TSRA;NSW
2026-01-09 23:40:00.000;6039;ERJ;POA;CGH;VCP;2026-01-09 23:50:58.080;TSRA;NSW
2026-01-12 17:20:00.000;4830;ERJ 195LR;GRU;CWB;VCP;2026-01-12 18:05:08.640;TSRA;VCSH
2026-01-12 18:05:00.000;6503;ERJ 195LR;CNF;CGH;VCP;2026-01-12 18:15:58.080;TSRA;VCSH
2026-01-12 18:05:00.000;6509;ERJ 195LR;CWB;CGH;VCP;2026-01-12 18:15:58.080;TSRA;VCSH
2026-01-12 17:55:00.000;6024;ERJ 195LR;CGH;CWB;VCP;2026-01-12 18:40:08.640;TSRA;VCSH
2026-01-12 18:30:00.000;6401;ERJ;SSA;CGH;VCP;2026-01-12 18:40:58.080;TSRA;VCSH
2026-01-12 18:45:00.000;6035;ERJ;POA;CGH;VCP;2026-01-12 18:55:58.080;TSRA;VCSH
2026-01-12 18:45:00.000;6077;ERJ 195LR;CWB;CGH;VCP;2026-01-12 18:55:58.080;TSRA;VCSH
2026-01-12 18:50:00.000;2863;A320-251NEO;POA;GRU;VCP;2026-01-12 19:00:42.240;TSRA;NSW
2026-01-12 18:50:00.000;2768;A321-251NEO;REC;GRU;VCP;2026-01-12 19:00:42.240;TSRA;NSW
2026-01-12 19:10:00.000;4145;A320-251NEO;REC;CGH;VCP;2026-01-12 19:20:58.080;TSRA;NSW
2026-01-12 19:35:00.000;6415;ERJ;JPA;CGH;VCP;2026-01-12 19:45:58.080;TSRA;NSW
2026-01-12 19:45:00.000;5022;ERJ;IGU;CGH;VCP;2026-01-12 19:55:58.080;TSRA;NSW
2026-01-12 19:55:00.000;5032;ERJ 195LR;SDU;CGH;VCP;2026-01-12 20:05:58.080;TSRA;NSW
2026-01-12 20:15:00.000;2644;A320-251NEO;POA;GRU;VCP;2026-01-12 20:25:42.240;TSRA;NSW
2026-01-12 20:25:00.000;6419;ERJ;MCZ;CGH;VCP;2026-01-12 20:35:58.080;TSRA;NSW
2026-01-12 20:50:00.000;6005;ERJ;BSB;CGH;VCP;2026-01-12 21:00:58.080;TSRA;NSW
2026-01-12 21:00:00.000;6069;ERJ;CNF;CGH;VCP;2026-01-12 21:10:58.080;TSRA;NSW
2026-01-12 21:25:00.000;9807;ERJ 195LR;VCP;GRU;VCP;2026-01-12 21:35:42.240;TSRA;NSW
2026-01-12 21:35:00.000;2774;ERJ 195LR;CGB;GRU;VCP;2026-01-12 21:45:42.240;TSRA;NSW
2026-01-12 21:45:00.000;2724;ERJ;CNF;GRU;VCP;2026-01-12 21:55:42.240;TSRA;NSW
2026-01-12 21:55:00.000;6405;ERJ;MCZ;CGH;VCP;2026-01-12 22:05:58.080;TSRA;NSW
2026-01-12 21:35:00.000;4337;ERJ 195LR;IGU;CWB;VCP;2026-01-12 22:20:08.640;TSRA;NSW
2026-01-12 22:10:00.000;4019;ERJ 195LR;SDU;CGH;VCP;2026-01-12 22:20:58.080;TSRA;NSW
2026-01-12 22:20:00.000;4462;ERJ 195LR;CNF;CGH;VCP;2026-01-12 22:30:58.080;TSRA;NSW
2026-01-12 22:40:00.000;4277;ERJ;REC;CGH;VCP;2026-01-12 22:50:58.080;TSRA;NSW
2026-01-12 22:50:00.000;4453;A320-253NEO;POA;GRU;VCP;2026-01-12 23:00:42.240;TSRA;NSW
2026-01-12 23:00:00.000;2605;ERJ 195LR;CWB;GRU;VCP;2026-01-12 23:10:42.240;TSRA;NSW
2026-01-12 23:05:00.000;6025;ERJ;CWB;CGH;VCP;2026-01-12 23:15:58.080;TSRA;NSW
2026-01-12 23:25:00.000;6059;ERJ 195LR;SDU;CGH;VCP;2026-01-12 23:35:58.080;TSRA;NSW
2026-01-12 23:35:00.000;6085;A320-251NEO;REC;CGH;VCP;2026-01-12 23:45:58.080;TSRA;NSW
2026-01-12 23:40:00.000;6039;ERJ;POA;CGH;VCP;2026-01-12 23:50:58.080;TSRA;NSW
2026-01-14 17:20:00.000;4830;ERJ 195LR;GRU;CWB;VCP;2026-01-14 18:05:08.640;TSRA;NSW
2026-01-14 18:05:00.000;6509;ERJ 195LR;CWB;CGH;VCP;2026-01-14 18:15:58.080;TSRA;NSW
2026-01-14 18:05:00.000;6503;ERJ 195LR;CNF;CGH;VCP;2026-01-14 18:15:58.080;TSRA;NSW
2026-01-14 17:55:00.000;6024;ERJ 195LR;CGH;CWB;VCP;2026-01-14 18:40:08.640;TSRA;NSW
2026-01-14 18:30:00.000;6401;ERJ;SSA;CGH;VCP;2026-01-14 18:40:58.080;TSRA;NSW
2026-01-14 18:45:00.000;2248;ERJ;POA;CGH;VCP;2026-01-14 18:55:58.080;TSRA;NSW
2026-01-14 18:45:00.000;6077;ERJ 195LR;CWB;CGH;VCP;2026-01-14 18:55:58.080;TSRA;NSW
2026-01-14 18:50:00.000;2768;A321-251NEO;REC;GRU;VCP;2026-01-14 19:00:42.240;TSRA;VCSH VCTS
2026-01-14 18:55:00.000;2863;A320-251NEO;POA;GRU;VCP;2026-01-14 19:05:42.240;TSRA;VCSH VCTS
2026-01-14 19:05:00.000;4972;ERJ 195LR;CWB;GRU;VCP;2026-01-14 19:15:42.240;TSRA;VCSH VCTS
2026-01-14 19:10:00.000;4145;A320-251NEO;REC;CGH;VCP;2026-01-14 19:20:58.080;TSRA;VCSH VCTS
2026-01-14 19:35:00.000;6415;ERJ;JPA;CGH;VCP;2026-01-14 19:45:58.080;TSRA;VCSH VCTS
2026-01-14 19:45:00.000;5022;ERJ;IGU;CGH;VCP;2026-01-14 19:55:58.080;TSRA;VCSH VCTS
2026-01-14 19:55:00.000;5032;ERJ 195LR;SDU;CGH;VCP;2026-01-14 20:05:58.080;TSRA;VCSH
2026-01-14 19:45:00.000;4268;ERJ 195LR;VCP;RAO;VCP;2026-01-14 20:13:19.199;TSRA;VCSH
2026-01-14 20:15:00.000;2644;A320-251NEO;POA;GRU;VCP;2026-01-14 20:25:42.240;TSRA;VCSH
2026-01-14 20:25:00.000;6419;ERJ;MCZ;CGH;VCP;2026-01-14 20:35:58.080;TSRA;VCSH
2026-01-14 20:50:00.000;6005;ERJ;BSB;CGH;VCP;2026-01-14 21:00:58.080;TSRA;NSW
2026-01-14 20:25:00.000;9222;ERJ 195LR;CNF;CWB;VCP;2026-01-14 21:10:08.640;TSRA;NSW
2026-01-14 21:00:00.000;6069;ERJ;CNF;CGH;VCP;2026-01-14 21:10:58.080;TSRA;NSW
2026-01-14 21:35:00.000;2774;ERJ;CGB;GRU;VCP;2026-01-14 21:45:42.240;TSRA;NSW
2026-01-14 21:10:00.000;4390;ERJ 195LR;GRU;CWB;VCP;2026-01-14 21:55:08.640;TSRA;NSW
2026-01-14 21:45:00.000;2724;ERJ;CNF;GRU;VCP;2026-01-14 21:55:42.240;TSRA;NSW
2026-01-15 19:50:00.000;4145;A320-251NEO;REC;CGH;VCP;2026-01-15 20:00:58.080;TSRA;VCTS VCSH
2026-01-15 20:20:00.000;6005;ERJ;BSB;CGH;VCP;2026-01-15 20:30:58.080;TSRA;VCTS VCSH
2026-01-15 20:25:00.000;6419;ERJ;MCZ;CGH;VCP;2026-01-15 20:35:58.080;TSRA;VCTS VCSH
2026-01-15 20:35:00.000;5032;ERJ;CNF;CGH;VCP;2026-01-15 20:45:58.080;TSRA;VCTS VCSH
2026-01-16 19:35:00.000;6415;ERJ;JPA;CGH;VCP;2026-01-16 19:45:58.080;TSRA;-RA VCSH
2026-01-16 19:45:00.000;5022;ERJ;IGU;CGH;VCP;2026-01-16 19:55:58.080;TSRA;-RA VCSH
2026-01-16 19:55:00.000;5032;ERJ 195LR;SDU;CGH;VCP;2026-01-16 20:05:58.080;TSRA;-RA VCSH
2026-01-16 20:15:00.000;2644;A320-251NEO;POA;GRU;VCP;2026-01-16 20:25:42.240;TSRA;-RA VCSH
2026-01-16 20:25:00.000;6419;ERJ;MCZ;CGH;VCP;2026-01-16 20:35:58.080;TSRA;-RA VCSH
2026-01-16 20:50:00.000;6005;ERJ;BSB;CGH;VCP;2026-01-16 21:00:58.080;TSRA;-RA VCSH
2026-01-16 21:00:00.000;6069;ERJ;CNF;CGH;VCP;2026-01-16 21:10:58.080;TSRA;-RA VCSH
2026-01-16 21:35:00.000;2774;ERJ;CGB;GRU;VCP;2026-01-16 21:45:42.240;TSRA;-RA VCSH
2026-01-16 21:10:00.000;4390;ERJ 195LR;GRU;CWB;VCP;2026-01-16 21:55:08.640;TSRA;-RA VCSH
2026-01-16 21:45:00.000;2724;ERJ;CNF;GRU;VCP;2026-01-16 21:55:42.240;TSRA;-RA VCSH
2026-01-18 18:05:00.000;5008;ERJ 195LR;CNF;CGH;VCP;2026-01-18 18:15:58.080;TSRA;-RA
2026-01-18 18:05:00.000;2450;A320-251NEO;REC;CGH;VCP;2026-01-18 18:15:58.080;TSRA;-RA
2026-01-18 17:35:00.000;4830;ERJ 195LR;GRU;CWB;VCP;2026-01-18 18:20:08.640;TSRA;-RA
2026-01-18 18:30:00.000;2203;ERJ;SSA;CGH;VCP;2026-01-18 18:40:58.080;TSRA;-RA
2026-01-18 18:40:00.000;2768;A321-251NEO;REC;GRU;VCP;2026-01-18 18:50:42.240;TSRA;-RA
2026-01-18 18:45:00.000;4979;ERJ 195LR;CWB;GRU;VCP;2026-01-18 18:55:42.240;TSRA;-RA
2026-01-18 18:45:00.000;5022;ERJ;IGU;CGH;VCP;2026-01-18 18:55:58.080;TSRA;-RA
2026-01-18 18:55:00.000;4741;ERJ 195LR;SDU;GRU;VCP;2026-01-18 19:05:42.240;TSRA;NSW
2026-01-18 18:55:00.000;2403;A320-251NEO;FOR;CGH;VCP;2026-01-18 19:05:58.080;TSRA;NSW
2026-01-18 19:55:00.000;4217;ERJ 195LR;SDU;CGH;VCP;2026-01-18 20:05:58.080;TSRA;NSW
2026-01-18 20:10:00.000;6009;ERJ 195LR;BSB;CGH;VCP;2026-01-18 20:20:58.080;TSRA;NSW
2026-01-18 20:15:00.000;2860;A320-251NEO;POA;GRU;VCP;2026-01-18 20:25:42.240;TSRA;NSW
2026-01-18 20:45:00.000;2201;ERJ;IOS;CGH;VCP;2026-01-18 20:55:58.080;TSRA;NSW
2026-01-18 21:35:00.000;2774;ERJ;CGB;GRU;VCP;2026-01-18 21:45:42.240;TSRA;NSW
2026-01-18 21:40:00.000;2724;ERJ;CNF;GRU;VCP;2026-01-18 21:50:42.240;TSRA;NSW
2026-01-18 21:10:00.000;4390;ERJ 195LR;GRU;CWB;VCP;2026-01-18 21:55:08.640;TSRA;NSW
2026-01-18 21:50:00.000;8781;A320-251NEO;PDP;GRU;VCP;2026-01-18 22:00:42.240;TSRA;NSW
2026-01-18 21:20:00.000;2984;ERJ 195LR;POA;CWB;VCP;2026-01-18 22:05:08.640;TSRA;NSW
2026-01-18 21:55:00.000;4201;ERJ 195LR;CNF;CGH;VCP;2026-01-18 22:05:58.080;TSRA;NSW
2026-01-18 22:10:00.000;2465;A320-251NEO;UNA;CGH;VCP;2026-01-18 22:20:58.080;TSRA;NSW
2026-01-18 22:25:00.000;4462;ERJ 195LR;SDU;CGH;VCP;2026-01-18 22:35:58.080;TSRA;NSW
2026-01-18 22:30:00.000;2441;ERJ;MCZ;CGH;VCP;2026-01-18 22:40:58.080;TSRA;NSW
2026-01-18 22:35:00.000;2952;ERJ;CNF;CGH;VCP;2026-01-18 22:45:58.080;TSRA;NSW
2026-01-18 22:10:00.000;6504;ERJ 195LR;CGH;CWB;VCP;2026-01-18 22:55:08.640;TSRA;NSW
2026-01-28 18:50:00.000;2768;A321-251NEO;REC;GRU;VCP;2026-01-28 19:00:42.240;TS;VCSH
2026-01-28 18:55:00.000;2863;ERJ;POA;GRU;VCP;2026-01-28 19:05:42.240;TS;VCSH
2026-01-28 19:05:00.000;4972;ERJ 195LR;CWB;GRU;VCP;2026-01-28 19:15:42.240;TS;VCSH
2026-01-28 19:10:00.000;4145;A320-251NEO;REC;CGH;VCP;2026-01-28 19:20:58.080;TS;VCSH
2026-01-28 19:35:00.000;6415;ERJ;JPA;CGH;VCP;2026-01-28 19:45:58.080;TS;VCSH
2026-01-28 19:45:00.000;5022;ERJ;IGU;CGH;VCP;2026-01-28 19:55:58.080;TS;VCSH
2026-01-28 19:46:00.000;6485;ERJ 195LR;VCP;CGH;VCP;2026-01-28 19:56:58.080;TS;VCSH
2026-01-28 20:15:00.000;2644;A320-251NEO;POA;GRU;VCP;2026-01-28 20:25:42.240;TS;-RA VCSH
2026-01-28 20:25:00.000;6419;ERJ;MCZ;CGH;VCP;2026-01-28 20:35:58.080;TS;-RA VCSH
2026-01-28 20:50:00.000;6005;ERJ;BSB;CGH;VCP;2026-01-28 21:00:58.080;TS;VCSH VCTS
2026-01-28 21:00:00.000;6069;ERJ;CNF;CGH;VCP;2026-01-28 21:10:58.080;TS;VCSH VCTS
2026-01-28 21:35:00.000;2774;ERJ;CGB;GRU;VCP;2026-01-28 21:45:42.240;TS;VCSH VCTS
2026-01-28 21:10:00.000;4390;ERJ 195LR;GRU;CWB;VCP;2026-01-28 21:55:08.640;TS;VCSH VCTS
2026-01-28 21:45:00.000;2724;ERJ;CNF;GRU;VCP;2026-01-28 21:55:42.240;TS;VCSH VCTS
2026-01-29 17:20:00.000;4830;ERJ 195LR;GRU;CWB;VCP;2026-01-29 18:05:08.640;TS;NSW
2026-01-29 18:05:00.000;6485;ERJ 195LR;CNF;CGH;VCP;2026-01-29 18:15:58.080;TS;NSW
2026-01-29 18:25:00.000;6035;ERJ;POA;CGH;VCP;2026-01-29 18:35:58.080;TS;NSW
2026-01-29 18:30:00.000;6401;ERJ;SSA;CGH;VCP;2026-01-29 18:40:58.080;TS;NSW
2026-01-29 18:05:00.000;6024;ERJ 195LR;CGH;CWB;VCP;2026-01-29 18:50:08.640;TS;NSW
2026-01-29 18:45:00.000;2863;A320-251NEO;POA;GRU;VCP;2026-01-29 18:55:42.240;TS;NSW
2026-01-29 18:45:00.000;6077;ERJ 195LR;CWB;CGH;VCP;2026-01-29 18:55:58.080;TS;NSW
2026-01-29 18:50:00.000;2768;A321-251NEO;REC;GRU;VCP;2026-01-29 19:00:42.240;TSRA;NSW
2026-01-29 19:10:00.000;4972;ERJ 195LR;CWB;GRU;VCP;2026-01-29 19:20:42.240;TSRA;NSW
2026-01-29 19:10:00.000;6487;ERJ 195LR;CWB;CGH;VCP;2026-01-29 19:20:58.080;TSRA;NSW
2026-01-29 19:35:00.000;6415;ERJ;JPA;CGH;VCP;2026-01-29 19:45:58.080;TSRA;NSW
2026-01-29 19:45:00.000;5022;ERJ;IGU;CGH;VCP;2026-01-29 19:55:58.080;TSRA;NSW
2026-01-29 19:50:00.000;4145;A320-251NEO;REC;CGH;VCP;2026-01-29 20:00:58.080;TSRA;NSW
2026-01-29 20:20:00.000;6005;ERJ;BSB;CGH;VCP;2026-01-29 20:30:58.080;TSRA;NSW
2026-01-29 20:25:00.000;6419;ERJ;MCZ;CGH;VCP;2026-01-29 20:35:58.080;TSRA;NSW
2026-01-29 20:35:00.000;5032;ERJ;CNF;CGH;VCP;2026-01-29 20:45:58.080;TSRA;NSW
2026-01-29 21:30:00.000;6069;ERJ 195LR;SDU;CGH;VCP;2026-01-29 21:40:58.080;TSRA;NSW
2026-01-29 21:35:00.000;2774;ERJ;CGB;GRU;VCP;2026-01-29 21:45:42.240;TSRA;NSW
2026-01-29 21:10:00.000;4390;ERJ 195LR;GRU;CWB;VCP;2026-01-29 21:55:08.640;TSRA;NSW
2026-01-29 21:45:00.000;2724;ERJ;CNF;GRU;VCP;2026-01-29 21:55:42.240;TSRA;NSW
2026-02-01 18:55:00.000;2403;A320-251NEO;FOR;CGH;VCP;2026-02-01 19:05:58.080;TS VCSH;-RA
2026-02-01 19:00:00.000;4741;ERJ 195LR;SDU;GRU;VCP;2026-02-01 19:10:42.240;TS VCSH;-RA
2026-02-01 19:20:00.000;2450;ERJ;REC;CGH;VCP;2026-02-01 19:30:58.080;TS VCSH;-RA
2026-02-01 19:40:00.000;9806;ERJ 195LR;CNF;CGH;VCP;2026-02-01 19:50:58.080;TS VCSH;-RA
2026-02-01 19:55:00.000;4217;ERJ 195LR;SDU;CGH;VCP;2026-02-01 20:05:58.080;TS VCSH;NSW
2026-02-01 20:10:00.000;6009;ERJ 195LR;BSB;CGH;VCP;2026-02-01 20:20:58.080;TS VCSH;NSW
2026-02-01 20:15:00.000;2860;A320-251NEO;POA;GRU;VCP;2026-02-01 20:25:42.240;TS VCSH;NSW
2026-02-01 20:55:00.000;2201;ERJ;IOS;CGH;VCP;2026-02-01 21:05:58.080;TS VCSH;-RA
2026-02-01 21:35:00.000;2774;ERJ;CGB;GRU;VCP;2026-02-01 21:45:42.240;TS VCSH;-RA
2026-02-01 21:40:00.000;2724;ERJ;CNF;GRU;VCP;2026-02-01 21:50:42.240;TS VCSH;-RA
2026-02-01 21:10:00.000;4390;ERJ 195LR;GRU;CWB;VCP;2026-02-01 21:55:08.640;TS VCSH;-RA
2026-02-01 21:50:00.000;8781;A320-251NEO;PDP;GRU;VCP;2026-02-01 22:00:42.240;TS VCSH;NSW
2026-02-01 21:20:00.000;2984;ERJ 195LR;POA;CWB;VCP;2026-02-01 22:05:08.640;TS VCSH;NSW
2026-02-01 22:10:00.000;2465;A320-251NEO;UNA;CGH;VCP;2026-02-01 22:20:58.080;TS VCSH;NSW
2026-02-01 22:15:00.000;4277;A320-253NEO;REC;CGH;VCP;2026-02-01 22:25:58.080;TS VCSH;NSW
2026-02-01 22:30:00.000;2441;ERJ;MCZ;CGH;VCP;2026-02-01 22:40:58.080;TS VCSH;NSW
2026-02-01 22:35:00.000;4462;ERJ 195LR;SDU;CGH;VCP;2026-02-01 22:45:58.080;TS VCSH;NSW
2026-02-01 22:55:00.000;2605;ERJ 195LR;CWB;GRU;VCP;2026-02-01 23:05:42.240;TS VCSH;NSW
2026-02-01 22:55:00.000;6073;ERJ;REC;CGH;VCP;2026-02-01 23:05:58.080;TS VCSH;NSW
2026-02-01 23:09:00.000;4201;ERJ;CNF;CGH;VCP;2026-02-01 23:19:58.080;TS VCSH;NSW
2026-02-01 23:25:00.000;2952;ERJ;CNF;CGH;VCP;2026-02-01 23:35:58.080;TS VCSH;NSW
2026-02-01 23:35:00.000;2205;ERJ;SSA;CGH;VCP;2026-02-01 23:45:58.080;TS VCSH;NSW
2026-02-02 17:25:00.000;4830;ERJ 195LR;GRU;CWB;VCP;2026-02-02 18:10:08.640;TSRA;VCSH
2026-02-02 18:05:00.000;6485;ERJ 195LR;CNF;CGH;VCP;2026-02-02 18:15:58.080;TSRA;VCSH
2026-02-02 18:10:00.000;4258;ERJ 195LR;CWB;CGH;VCP;2026-02-02 18:20:58.080;TSRA;VCSH
2026-02-02 18:15:00.000;6035;ERJ;POA;CGH;VCP;2026-02-02 18:25:58.080;TSRA;VCSH
2026-02-02 18:30:00.000;6401;ERJ;SSA;CGH;VCP;2026-02-02 18:40:58.080;TSRA;VCSH
2026-02-02 18:50:00.000;2768;A321-251NEO;REC;GRU;VCP;2026-02-02 19:00:42.240;TSRA;NSW
2026-02-02 18:55:00.000;2863;A320-251NEO;POA;GRU;VCP;2026-02-02 19:05:42.240;TSRA;NSW
2026-02-02 19:05:00.000;4972;ERJ 195LR;CWB;GRU;VCP;2026-02-02 19:15:42.240;TSRA;NSW
2026-02-02 19:10:00.000;4145;A320-253NEO;REC;CGH;VCP;2026-02-02 19:20:58.080;TSRA;NSW
2026-02-02 19:20:00.000;5022;ERJ;IGU;CGH;VCP;2026-02-02 19:30:58.080;TSRA;NSW
2026-02-02 19:35:00.000;6415;ERJ;JPA;CGH;VCP;2026-02-02 19:45:58.080;TSRA;NSW
2026-02-02 19:55:00.000;6069;ERJ;CNF;CGH;VCP;2026-02-02 20:05:58.080;TSRA;VCSH
2026-02-02 19:55:00.000;5032;ERJ 195LR;SDU;CGH;VCP;2026-02-02 20:05:58.080;TSRA;VCSH
2026-02-02 20:15:00.000;2644;A320-251NEO;POA;GRU;VCP;2026-02-02 20:25:42.240;TSRA;VCSH
2026-02-02 20:25:00.000;6419;ERJ;MCZ;CGH;VCP;2026-02-02 20:35:58.080;TSRA;VCSH
2026-02-02 20:50:00.000;6025;ERJ 195LR;CNF;CGH;VCP;2026-02-02 21:00:58.080;TSRA;NSW
2026-02-02 21:35:00.000;2774;ERJ;CGB;GRU;VCP;2026-02-02 21:45:42.240;TSRA;NSW
2026-02-02 21:35:00.000;6005;ERJ;BSB;CGH;VCP;2026-02-02 21:45:58.080;TSRA;NSW
2026-02-02 21:10:00.000;4337;ERJ 195LR;IGU;CWB;VCP;2026-02-02 21:55:08.640;TSRA;NSW
2026-02-02 21:10:00.000;4390;ERJ 195LR;GRU;CWB;VCP;2026-02-02 21:55:08.640;TSRA;NSW
2026-02-02 21:45:00.000;2724;ERJ;CNF;GRU;VCP;2026-02-02 21:55:42.240;TSRA;NSW
2026-02-02 21:55:00.000;6405;ERJ;MCZ;CGH;VCP;2026-02-02 22:05:58.080;TSRA;NSW
2026-02-02 22:10:00.000;4019;ERJ 195LR;SDU;CGH;VCP;2026-02-02 22:20:58.080;TSRA;NSW
2026-02-02 22:20:00.000;4462;ERJ 195LR;CNF;CGH;VCP;2026-02-02 22:30:58.080;TSRA;NSW
2026-02-02 22:40:00.000;4453;A320-251NEO;POA;GRU;VCP;2026-02-02 22:50:42.240;TSRA;NSW
2026-02-02 22:40:00.000;4277;ERJ;REC;CGH;VCP;2026-02-02 22:50:58.080;TSRA;NSW
2026-02-02 22:10:00.000;6504;ERJ 195LR;CGH;CWB;VCP;2026-02-02 22:55:08.640;TSRA;NSW
2026-02-05 08:15:00.000;2751;ERJ;CGB;GRU;VCP;2026-02-05 08:25:42.240;TSRA;NSW
2026-02-05 08:25:00.000;4162;A321-251NEO;REC;GRU;VCP;2026-02-05 08:35:42.240;TSRA;NSW
2026-02-05 09:40:00.000;4716;A320-251NEO;REC;CGH;VCP;2026-02-05 09:50:58.080;TSRA;NSW
2026-02-05 09:50:00.000;2734;ERJ;CWB;GRU;VCP;2026-02-05 10:00:42.240;TSRA;NSW
2026-02-05 10:10:00.000;6413;ERJ;NAT;CGH;VCP;2026-02-05 10:20:58.080;TSRA;NSW
2026-02-05 10:15:00.000;2888;A320-251NEO;POA;GRU;VCP;2026-02-05 10:25:42.240;TSRA;NSW
2026-02-05 10:45:00.000;6407;ERJ;FOR;CGH;VCP;2026-02-05 10:55:58.080;TSRA;NSW
2026-02-05 10:45:00.000;9351;ERJ 195LR;CGH;CWB;VCP;2026-02-05 11:30:08.640;TSRA;NSW
2026-02-05 11:20:00.000;4664;ERJ 195LR;SDU;CGH;VCP;2026-02-05 11:30:58.080;TSRA;NSW
2026-02-05 11:25:00.000;6010;ERJ;BSB;CGH;VCP;2026-02-05 11:35:58.080;TSRA;NSW
2026-02-05 18:05:00.000;6485;ERJ 195LR;CNF;CGH;VCP;2026-02-05 18:15:58.080;TS;NSW
2026-02-05 18:10:00.000;6035;ERJ;POA;CGH;VCP;2026-02-05 18:20:58.080;TS;NSW
2026-02-05 18:30:00.000;6401;ERJ;SSA;CGH;VCP;2026-02-05 18:40:58.080;TS;NSW
2026-02-05 18:45:00.000;4258;ERJ 195LR;CWB;CGH;VCP;2026-02-05 18:55:58.080;TS;NSW
2026-02-05 18:50:00.000;2863;A320-253NEO;POA;GRU;VCP;2026-02-05 19:00:42.240;TS;NSW
2026-02-05 18:50:00.000;2768;A321-251NEO;REC;GRU;VCP;2026-02-05 19:00:42.240;TS;NSW
2026-02-05 18:35:00.000;4228;ERJ 195LR;GIG;CWB;VCP;2026-02-05 19:20:08.640;TS;NSW
2026-02-05 19:10:00.000;4972;ERJ;CWB;GRU;VCP;2026-02-05 19:20:42.240;TS;NSW
2026-02-05 19:10:00.000;4145;A320-251NEO;REC;CGH;VCP;2026-02-05 19:20:58.080;TS;NSW
2026-02-05 19:20:00.000;5022;ERJ;IGU;CGH;VCP;2026-02-05 19:30:58.080;TS;NSW
2026-02-05 19:50:00.000;6415;ERJ;JPA;CGH;VCP;2026-02-05 20:00:58.080;TS;NSW
2026-02-05 20:25:00.000;6419;ERJ;MCZ;CGH;VCP;2026-02-05 20:35:58.080;TS;NSW
2026-02-05 20:35:00.000;6005;ERJ;BSB;CGH;VCP;2026-02-05 20:45:58.080;TS;NSW
2026-02-08 18:55:00.000;2403;ERJ;FOR;CGH;VCP;2026-02-08 19:05:58.080;TS;-RA BR
2026-02-08 19:00:00.000;4741;ERJ 195LR;SDU;GRU;VCP;2026-02-08 19:10:42.240;TS;-RA BR
2026-02-08 19:20:00.000;2450;A320-251NEO;REC;CGH;VCP;2026-02-08 19:30:58.080;TS;-RA BR
2026-02-08 19:55:00.000;4217;ERJ 195LR;SDU;CGH;VCP;2026-02-08 20:05:58.080;TS;VCSH
2026-02-08 20:10:00.000;6009;ERJ 195LR;BSB;CGH;VCP;2026-02-08 20:20:58.080;TS;VCSH
2026-02-08 20:15:00.000;2860;A320-251NEO;POA;GRU;VCP;2026-02-08 20:25:42.240;TS;VCSH
2026-02-08 20:55:00.000;2201;ERJ;IOS;CGH;VCP;2026-02-08 21:05:58.080;TS;NSW
2026-02-08 21:35:00.000;2774;ERJ;CGB;GRU;VCP;2026-02-08 21:45:42.240;TS;NSW
2026-02-08 21:40:00.000;2724;ERJ;CNF;GRU;VCP;2026-02-08 21:50:42.240;TS;NSW
2026-02-08 21:10:00.000;4390;ERJ 195LR;GRU;CWB;VCP;2026-02-08 21:55:08.640;TS;NSW
2026-02-09 17:25:00.000;4830;ERJ 195LR;GRU;CWB;VCP;2026-02-09 18:10:08.640;TSRA BR;-RA
2026-02-09 18:05:00.000;6485;ERJ 195LR;CNF;CGH;VCP;2026-02-09 18:15:58.080;TSRA BR;-RA
2026-02-09 18:10:00.000;4258;ERJ 195LR;CWB;CGH;VCP;2026-02-09 18:20:58.080;TSRA BR;-RA
2026-02-09 18:15:00.000;6035;ERJ;POA;CGH;VCP;2026-02-09 18:25:58.080;TSRA BR;-RA
2026-02-09 18:30:00.000;6401;ERJ;SSA;CGH;VCP;2026-02-09 18:40:58.080;TSRA BR;-RA
2026-02-09 18:40:00.000;4145;A320-253NEO;REC;CGH;VCP;2026-02-09 18:50:58.080;TSRA BR;-RA
2026-02-09 18:50:00.000;2768;A321-251NEO;REC;GRU;VCP;2026-02-09 19:00:42.240;TSRA BR;NSW
2026-02-09 18:55:00.000;2863;A320-251NEO;POA;GRU;VCP;2026-02-09 19:05:42.240;TSRA BR;NSW
2026-02-09 19:05:00.000;4972;ERJ 195LR;CWB;GRU;VCP;2026-02-09 19:15:42.240;TSRA BR;NSW
2026-02-09 19:10:00.000;6077;ERJ;CNF;CGH;VCP;2026-02-09 19:20:58.080;TSRA BR;NSW
2026-02-09 19:20:00.000;5022;ERJ;IGU;CGH;VCP;2026-02-09 19:30:58.080;TSRA BR;NSW
2026-02-09 19:35:00.000;6415;ERJ;JPA;CGH;VCP;2026-02-09 19:45:58.080;TSRA BR;-RA
2026-02-09 19:55:00.000;6069;ERJ 195LR;CNF;CGH;VCP;2026-02-09 20:05:58.080;TSRA BR;-RA
2026-02-09 19:55:00.000;5032;ERJ 195LR;SDU;CGH;VCP;2026-02-09 20:05:58.080;TSRA BR;-RA
2026-02-09 20:15:00.000;2644;A320-251NEO;POA;GRU;VCP;2026-02-09 20:25:42.240;TSRA BR;-RA
2026-02-09 20:25:00.000;6419;ERJ;MCZ;CGH;VCP;2026-02-09 20:35:58.080;TSRA BR;-RA
2026-02-09 20:50:00.000;6025;ERJ 195LR;CNF;CGH;VCP;2026-02-09 21:00:58.080;TSRA BR;-RA BR
2026-02-09 21:35:00.000;2774;ERJ;CGB;GRU;VCP;2026-02-09 21:45:42.240;TSRA BR;-RA BR
2026-02-09 21:35:00.000;6005;ERJ;BSB;CGH;VCP;2026-02-09 21:45:58.080;TSRA BR;-RA BR
2026-02-09 21:10:00.000;4337;ERJ 195LR;IGU;CWB;VCP;2026-02-09 21:55:08.640;TSRA BR;-RA BR
2026-02-09 21:10:00.000;4390;ERJ 195LR;GRU;CWB;VCP;2026-02-09 21:55:08.640;TSRA BR;-RA BR
2026-02-09 21:45:00.000;2724;ERJ;CNF;GRU;VCP;2026-02-09 21:55:42.240;TSRA BR;-RA BR
2026-02-09 21:55:00.000;6405;ERJ;MCZ;CGH;VCP;2026-02-09 22:05:58.080;TSRA BR;-RA BR
2026-02-09 22:10:00.000;4019;ERJ 195LR;SDU;CGH;VCP;2026-02-09 22:20:58.080;TSRA BR;RA BR
2026-02-09 22:20:00.000;4462;ERJ;CNF;CGH;VCP;2026-02-09 22:30:58.080;TSRA BR;RA BR
2026-02-09 22:40:00.000;4277;A320-253NEO;REC;CGH;VCP;2026-02-09 22:50:58.080;TSRA BR;RA BR
2026-02-09 22:10:00.000;6504;ERJ 195LR;CGH;CWB;VCP;2026-02-09 22:55:08.640;TSRA BR;RA BR
2026-02-09 22:55:00.000;4453;A320-251NEO;POA;GRU;VCP;2026-02-09 23:05:42.240;TSRA BR;RA BR
2026-02-09 23:00:00.000;2605;ERJ 195LR;CWB;GRU;VCP;2026-02-09 23:10:42.240;TSRA BR;RA BR
2026-02-09 23:00:00.000;6487;ERJ 195LR;CWB;CGH;VCP;2026-02-09 23:10:58.080;TSRA BR;RA BR
2026-02-09 23:35:00.000;6144;ERJ;POA;CGH;VCP;2026-02-09 23:45:58.080;TSRA BR;-RA
2026-02-09 23:40:00.000;6403;ERJ;SSA;CGH;VCP;2026-02-09 23:50:58.080;TSRA BR;-RA
2026-02-11 17:25:00.000;4830;ERJ 195LR;GRU;CWB;VCP;2026-02-11 18:10:08.640;TSRA;-RA
2026-02-11 18:05:00.000;6485;ERJ 195LR;CNF;CGH;VCP;2026-02-11 18:15:58.080;TSRA;-RA
2026-02-11 18:10:00.000;2248;ERJ;POA;CGH;VCP;2026-02-11 18:20:58.080;TSRA;-RA
2026-02-11 18:15:00.000;4258;ERJ 195LR;CWB;CGH;VCP;2026-02-11 18:25:58.080;TSRA;-RA
2026-02-11 18:30:00.000;6401;ERJ;SSA;CGH;VCP;2026-02-11 18:40:58.080;TSRA;-RA
2026-02-11 18:40:00.000;4145;A320-251NEO;REC;CGH;VCP;2026-02-11 18:50:58.080;TSRA;-RA
2026-02-11 18:50:00.000;2768;A321-251NEO;REC;GRU;VCP;2026-02-11 19:00:42.240;TSRA;-RA
2026-02-11 18:55:00.000;2863;A320-251NEO;POA;GRU;VCP;2026-02-11 19:05:42.240;TSRA;-RA
2026-02-11 19:05:00.000;4972;ERJ 195LR;CWB;GRU;VCP;2026-02-11 19:15:42.240;TSRA;-RA
2026-02-11 19:10:00.000;6077;ERJ;CNF;CGH;VCP;2026-02-11 19:20:58.080;TSRA;-RA
2026-02-11 19:20:00.000;5022;ERJ;IGU;CGH;VCP;2026-02-11 19:30:58.080;TSRA;-RA
2026-02-11 19:35:00.000;6415;ERJ;JPA;CGH;VCP;2026-02-11 19:45:58.080;TSRA;-RA
2026-02-11 19:55:00.000;6069;ERJ 195LR;CNF;CGH;VCP;2026-02-11 20:05:58.080;TSRA;-RA
2026-02-11 19:55:00.000;5032;ERJ 195LR;SDU;CGH;VCP;2026-02-11 20:05:58.080;TSRA;-RA
2026-02-11 20:15:00.000;2644;A320-251NEO;POA;GRU;VCP;2026-02-11 20:25:42.240;TSRA;-RA
2026-02-11 20:25:00.000;6419;ERJ;MCZ;CGH;VCP;2026-02-11 20:35:58.080;TSRA;-RA
2026-02-11 20:50:00.000;6025;ERJ 195LR;CNF;CGH;VCP;2026-02-11 21:00:58.080;TSRA;-RA
2026-02-11 21:35:00.000;2774;ERJ;CGB;GRU;VCP;2026-02-11 21:45:42.240;TSRA;-RA
2026-02-11 21:35:00.000;6005;ERJ;BSB;CGH;VCP;2026-02-11 21:45:58.080;TSRA;-RA
2026-02-11 21:10:00.000;4337;ERJ 195LR;IGU;CWB;VCP;2026-02-11 21:55:08.640;TSRA;-RA
2026-02-11 21:10:00.000;4390;ERJ 195LR;GRU;CWB;VCP;2026-02-11 21:55:08.640;TSRA;-RA
2026-02-11 21:45:00.000;2724;ERJ;CNF;GRU;VCP;2026-02-11 21:55:42.240;TSRA;-RA
2026-02-11 21:55:00.000;6405;ERJ;MCZ;CGH;VCP;2026-02-11 22:05:58.080;TSRA;NSW
2026-02-11 22:10:00.000;4019;ERJ 195LR;SDU;CGH;VCP;2026-02-11 22:20:58.080;TSRA;NSW
2026-02-11 22:20:00.000;4462;ERJ 195LR;CNF;CGH;VCP;2026-02-11 22:30:58.080;TSRA;NSW
2026-02-11 22:40:00.000;4277;A320-253NEO;REC;CGH;VCP;2026-02-11 22:50:58.080;TSRA;NSW
2026-02-11 22:10:00.000;6504;ERJ 195LR;CGH;CWB;VCP;2026-02-11 22:55:08.640;TSRA;NSW
2026-02-12 17:25:00.000;4830;ERJ 195LR;GRU;CWB;VCP;2026-02-12 18:10:08.640;TSRA;NSW
2026-02-12 18:05:00.000;6485;ERJ 195LR;CNF;CGH;VCP;2026-02-12 18:15:58.080;TSRA;NSW
2026-02-12 18:10:00.000;6035;ERJ;POA;CGH;VCP;2026-02-12 18:20:58.080;TSRA;NSW
2026-02-12 18:30:00.000;6401;ERJ;SSA;CGH;VCP;2026-02-12 18:40:58.080;TSRA;NSW
2026-02-12 18:35:00.000;4145;A320-253NEO;REC;CGH;VCP;2026-02-12 18:45:58.080;TSRA;NSW
2026-02-12 18:45:00.000;4258;ERJ 195LR;CWB;CGH;VCP;2026-02-12 18:55:58.080;TSRA;NSW
2026-02-12 18:50:00.000;2863;A320-251NEO;POA;GRU;VCP;2026-02-12 19:00:42.240;TSRA;NSW
2026-02-12 18:50:00.000;2768;A321-251NEO;REC;GRU;VCP;2026-02-12 19:00:42.240;TSRA;NSW
2026-02-12 19:10:00.000;4972;ERJ 195LR;CWB;GRU;VCP;2026-02-12 19:20:42.240;TSRA;NSW
2026-02-12 19:10:00.000;6077;ERJ;CNF;CGH;VCP;2026-02-12 19:20:58.080;TSRA;NSW
2026-02-12 19:20:00.000;5022;ERJ;IGU;CGH;VCP;2026-02-12 19:30:58.080;TSRA;NSW
2026-02-12 19:50:00.000;6415;ERJ;JPA;CGH;VCP;2026-02-12 20:00:58.080;TSRA;NSW
2026-02-12 19:55:00.000;6069;ERJ 195LR;CNF;CGH;VCP;2026-02-12 20:05:58.080;TSRA;NSW
2026-02-12 20:25:00.000;6419;ERJ;MCZ;CGH;VCP;2026-02-12 20:35:58.080;TSRA;NSW
2026-02-12 20:35:00.000;6005;ERJ;BSB;CGH;VCP;2026-02-12 20:45:58.080;TSRA;NSW
2026-02-18 17:25:00.000;4830;ERJ 195LR;GRU;CWB;VCP;2026-02-18 18:10:08.640;TSRA;NSW
2026-02-18 18:05:00.000;6485;ERJ 195LR;CNF;CGH;VCP;2026-02-18 18:15:58.080;TSRA;NSW
2026-02-18 18:05:00.000;4258;ERJ 195LR;CWB;CGH;VCP;2026-02-18 18:15:58.080;TSRA;NSW
2026-02-18 18:15:00.000;2248;ERJ;POA;CGH;VCP;2026-02-18 18:25:58.080;TSRA;NSW
2026-02-18 18:30:00.000;6401;ERJ;SSA;CGH;VCP;2026-02-18 18:40:58.080;TSRA;NSW
2026-02-18 18:50:00.000;2768;A321-251NEO;REC;GRU;VCP;2026-02-18 19:00:42.240;TSRA;NSW
2026-02-18 19:10:00.000;4145;A320-251NEO;REC;CGH;VCP;2026-02-18 19:20:58.080;TSRA;NSW
2026-02-18 19:30:00.000;6077;ERJ;CNF;CGH;VCP;2026-02-18 19:40:58.080;TSRA;NSW
2026-02-18 19:45:00.000;6415;ERJ;JPA;CGH;VCP;2026-02-18 19:55:58.080;TSRA;NSW
2026-02-18 19:55:00.000;9805;A320-251NEO;VCP;GRU;VCP;2026-02-18 20:05:42.240;TSRA;NSW
2026-02-18 19:55:00.000;5032;ERJ 195LR;CNF;CGH;VCP;2026-02-18 20:05:58.080;TSRA;NSW
2026-02-18 20:15:00.000;2644;A320-251NEO;POA;GRU;VCP;2026-02-18 20:25:42.240;TSRA;NSW
2026-02-18 20:25:00.000;6419;ERJ;MCZ;CGH;VCP;2026-02-18 20:35:58.080;TSRA;NSW
2026-02-18 20:30:00.000;6069;ERJ 195LR;SDU;CGH;VCP;2026-02-18 20:40:58.080;TSRA;NSW
2026-02-18 21:15:00.000;6025;ERJ 195LR;CNF;CGH;VCP;2026-02-18 21:25:58.080;TSRA;NSW
2026-02-18 21:25:00.000;6405;ERJ;AJU;CGH;VCP;2026-02-18 21:35:58.080;TSRA;NSW
2026-02-18 21:35:00.000;2774;ERJ;CGB;GRU;VCP;2026-02-18 21:45:42.240;TSRA;NSW
2026-02-18 21:40:00.000;4276;ERJ;REC;CGH;VCP;2026-02-18 21:50:58.080;TSRA;NSW
2026-02-18 21:10:00.000;4337;ERJ 195LR;IGU;CWB;VCP;2026-02-18 21:55:08.640;TSRA;NSW
2026-02-18 21:45:00.000;2724;ERJ;CNF;GRU;VCP;2026-02-18 21:55:42.240;TSRA;NSW
2026-02-21 18:25:00.000;2219;ERJ;JPA;CGH;VCP;2026-02-21 18:35:58.080;TS VCSH;-RA VCSH
2026-02-21 18:50:00.000;2768;A321-251NEO;REC;GRU;VCP;2026-02-21 19:00:42.240;TS VCSH;VCSH
2026-02-21 18:50:00.000;5032;ERJ 195LR;SDU;CGH;VCP;2026-02-21 19:00:58.080;TS VCSH;VCSH
2026-02-21 19:50:00.000;2765;ERJ 195LR;GRU;CWB;VCP;2026-02-21 20:35:08.640;TS VCSH;VCSH
2026-02-21 21:20:00.000;2609;ERJ 195LR;SDU;CGH;VCP;2026-02-21 21:30:58.080;TS VCSH;NSW
2026-02-21 21:25:00.000;4589;ERJ 195LR;POA;CGH;VCP;2026-02-21 21:35:58.080;TS VCSH;NSW
2026-02-21 21:35:00.000;2773;ERJ 195LR;CWB;GRU;VCP;2026-02-21 21:45:42.240;TS VCSH;NSW
2026-02-21 21:40:00.000;2821;A320-253NEO;POA;GRU;VCP;2026-02-21 21:50:42.240;TS VCSH;NSW
2026-02-21 21:40:00.000;9052;ERJ;CNF;CGH;VCP;2026-02-21 21:50:58.080;TS VCSH;NSW
2026-02-21 21:45:00.000;2724;ERJ 195LR;CNF;GRU;VCP;2026-02-21 21:55:42.240;TS VCSH;NSW
2026-02-22 18:05:00.000;5008;ERJ 195LR;CNF;CGH;VCP;2026-02-22 18:15:58.080;TSRA;NSW
2026-02-22 18:30:00.000;2203;ERJ;SSA;CGH;VCP;2026-02-22 18:40:58.080;TSRA;NSW
2026-02-22 18:40:00.000;2768;A321-251NEO;REC;GRU;VCP;2026-02-22 18:50:42.240;TSRA;NSW
2026-02-22 18:45:00.000;4979;ERJ 195LR;CWB;GRU;VCP;2026-02-22 18:55:42.240;TSRA;NSW
2026-02-22 18:55:00.000;2403;ERJ;FOR;CGH;VCP;2026-02-22 19:05:58.080;TSRA;NSW
2026-02-22 19:00:00.000;4741;ERJ 195LR;SDU;GRU;VCP;2026-02-22 19:10:42.240;TSRA;NSW
2026-02-22 19:20:00.000;2450;A320-251NEO;REC;CGH;VCP;2026-02-22 19:30:58.080;TSRA;NSW
2026-02-22 19:55:00.000;4217;ERJ 195LR;SDU;CGH;VCP;2026-02-22 20:05:58.080;TSRA;NSW
2026-02-22 20:10:00.000;6009;ERJ;BSB;CGH;VCP;2026-02-22 20:20:58.080;TSRA;NSW
2026-02-22 20:35:00.000;5022;ERJ 195LR;CNF;CGH;VCP;2026-02-22 20:45:58.080;TSRA;NSW
2026-02-23 17:25:00.000;4830;ERJ 195LR;GRU;CWB;VCP;2026-02-23 18:10:08.640;TS;RA
2026-02-23 18:00:00.000;4741;ERJ;SDU;GRU;VCP;2026-02-23 18:10:42.240;TS;RA
2026-02-23 18:05:00.000;6485;ERJ 195LR;CNF;CGH;VCP;2026-02-23 18:15:58.080;TS;RA
2026-02-23 19:20:00.000;5022;ERJ;IGU;CGH;VCP;2026-02-23 19:30:58.080;TS;-RA
2026-02-23 19:35:00.000;4258;ERJ 195LR;CWB;CGH;VCP;2026-02-23 19:45:58.080;TS;-RA
2026-02-23 19:55:00.000;5032;ERJ 195LR;SDU;CGH;VCP;2026-02-23 20:05:58.080;TS;-RA
2026-02-23 20:15:00.000;2617;A320-251NEO;POA;GRU;VCP;2026-02-23 20:25:42.240;TS;-RA
2026-02-23 20:20:00.000;6419;ERJ;CNF;CGH;VCP;2026-02-23 20:30:58.080;TS;-RA
2026-02-23 20:50:00.000;6025;ERJ;CWB;CGH;VCP;2026-02-23 21:00:58.080;TS;-RA
2026-02-23 21:15:00.000;6405;ERJ 195LR;SDU;CGH;VCP;2026-02-23 21:25:58.080;TS;-RA
2026-02-23 21:35:00.000;2774;ERJ;CGB;GRU;VCP;2026-02-23 21:45:42.240;TS;-RA
2026-02-23 21:35:00.000;6005;ERJ;BSB;CGH;VCP;2026-02-23 21:45:58.080;TS;-RA
2026-02-23 21:10:00.000;4390;ERJ 195LR;GRU;CWB;VCP;2026-02-23 21:55:08.640;TS;-RA
2026-02-23 21:45:00.000;2724;ERJ;CNF;GRU;VCP;2026-02-23 21:55:42.240;TS;-RA
2026-02-23 21:20:00.000;6504;ERJ 195LR;CGH;CWB;VCP;2026-02-23 22:05:08.640;TS;-RA
2026-02-23 21:55:00.000;4453;A320-253NEO;POA;GRU;VCP;2026-02-23 22:05:42.240;TS;-RA
2026-02-23 21:35:00.000;2984;ERJ 195LR;POA;CWB;VCP;2026-02-23 22:20:08.640;TS;-RA
2026-02-23 22:10:00.000;4019;ERJ 195LR;SDU;CGH;VCP;2026-02-23 22:20:58.080;TS;-RA
2026-02-23 22:20:00.000;4462;ERJ 195LR;CNF;CGH;VCP;2026-02-23 22:30:58.080;TS;-RA
2026-02-23 22:40:00.000;4277;ERJ;REC;CGH;VCP;2026-02-23 22:50:58.080;TS;-RA
2026-02-25 17:25:00.000;4830;ERJ 195LR;GRU;CWB;VCP;2026-02-25 18:10:08.640;TSRA;VCSH
2026-02-25 18:00:00.000;4741;ERJ;SDU;GRU;VCP;2026-02-25 18:10:42.240;TSRA;VCSH
2026-02-25 18:05:00.000;6485;ERJ 195LR;CNF;CGH;VCP;2026-02-25 18:15:58.080;TSRA;VCSH
2026-02-25 18:30:00.000;6401;ERJ 195LR;CWB;CGH;VCP;2026-02-25 18:40:58.080;TSRA;VCSH
2026-02-25 18:45:00.000;2863;A320-253NEO;POA;GRU;VCP;2026-02-25 18:55:42.240;TSRA;VCSH
2026-02-25 18:45:00.000;2248;ERJ;POA;CGH;VCP;2026-02-25 18:55:58.080;TSRA;VCSH
2026-02-25 18:50:00.000;2768;A321-251NEO;REC;GRU;VCP;2026-02-25 19:00:42.240;TSRA;NSW
2026-02-25 18:50:00.000;6077;ERJ;CNF;CGH;VCP;2026-02-25 19:00:58.080;TSRA;NSW
2026-02-25 19:10:00.000;4972;ERJ 195LR;CWB;GRU;VCP;2026-02-25 19:20:42.240;TSRA;NSW
2026-02-25 19:10:00.000;4145;A320-251NEO;REC;CGH;VCP;2026-02-25 19:20:58.080;TSRA;NSW
2026-02-25 19:20:00.000;5022;ERJ;IGU;CGH;VCP;2026-02-25 19:30:58.080;TSRA;NSW
2026-02-25 19:35:00.000;4258;ERJ 195LR;CWB;CGH;VCP;2026-02-25 19:45:58.080;TSRA;NSW
2026-02-25 19:55:00.000;5032;ERJ 195LR;SDU;CGH;VCP;2026-02-25 20:05:58.080;TSRA;NSW
2026-02-25 20:15:00.000;2617;A320-251NEO;POA;GRU;VCP;2026-02-25 20:25:42.240;TSRA;NSW
2026-02-25 20:20:00.000;6419;ERJ;CNF;CGH;VCP;2026-02-25 20:30:58.080;TSRA;NSW
2026-02-25 20:50:00.000;6025;ERJ;CWB;CGH;VCP;2026-02-25 21:00:58.080;TSRA;NSW
2026-02-25 21:15:00.000;6405;ERJ 195LR;SDU;CGH;VCP;2026-02-25 21:25:58.080;TSRA;NSW
2026-02-25 21:35:00.000;2774;ERJ;CGB;GRU;VCP;2026-02-25 21:45:42.240;TSRA;NSW
2026-02-25 21:35:00.000;6005;ERJ;BSB;CGH;VCP;2026-02-25 21:45:58.080;TSRA;NSW
2026-02-25 21:10:00.000;4390;ERJ 195LR;GRU;CWB;VCP;2026-02-25 21:55:08.640;TSRA;NSW
2026-02-25 21:45:00.000;2724;ERJ;CNF;GRU;VCP;2026-02-25 21:55:42.240;TSRA;NSW
2026-02-25 21:20:00.000;6504;ERJ 195LR;CGH;CWB;VCP;2026-02-25 22:05:08.640;TSRA;NSW
2026-02-25 21:55:00.000;4453;A320-253NEO;POA;GRU;VCP;2026-02-25 22:05:42.240;TSRA;NSW
2026-02-25 21:35:00.000;2984;ERJ 195LR;POA;CWB;VCP;2026-02-25 22:20:08.640;TSRA;NSW
2026-02-25 22:10:00.000;4019;ERJ 195LR;SDU;CGH;VCP;2026-02-25 22:20:58.080;TSRA;NSW
2026-02-25 22:20:00.000;4462;ERJ 195LR;CNF;CGH;VCP;2026-02-25 22:30:58.080;TSRA;NSW
2026-02-25 22:40:00.000;4277;ERJ;REC;CGH;VCP;2026-02-25 22:50:58.080;TSRA;NSW
2026-02-25 23:00:00.000;4829;ERJ 195LR;CWB;GRU;VCP;2026-02-25 23:10:42.240;TSRA;NSW
2026-02-25 23:00:00.000;6487;ERJ 195LR;CWB;CGH;VCP;2026-02-25 23:10:58.080;TSRA;NSW
2026-02-25 23:25:00.000;6059;ERJ 195LR;SDU;CGH;VCP;2026-02-25 23:35:58.080;TSRA;NSW
2026-02-25 23:35:00.000;6144;ERJ;POA;CGH;VCP;2026-02-25 23:45:58.080;TSRA;NSW
2026-02-25 23:40:00.000;6073;A320-251NEO;REC;CGH;VCP;2026-02-25 23:50:58.080;TSRA;NSW
2026-02-26 00:35:00.000;6039;A320-253NEO;POA;CGH;VCP;2026-02-26 00:45:58.080;TSRA;-RA
2026-02-26 00:50:00.000;4668;A321-251NEO;REC;GRU;VCP;2026-02-26 01:00:42.240;TSRA;NSW
2026-02-26 00:50:00.000;6417;ERJ;BSB;CGH;VCP;2026-02-26 01:00:58.080;TSRA;NSW
2026-02-26 01:05:00.000;6403;ERJ 195LR;SDU;CGH;VCP;2026-02-26 01:15:58.080;TSRA;NSW
2026-02-26 01:25:00.000;4455;A320-251NEO;CNF;CGH;VCP;2026-02-26 01:35:58.080;TSRA;NSW
2026-02-26 01:30:00.000;2940;A320-251NEO;POA;GRU;VCP;2026-02-26 01:40:42.240;TSRA;NSW
2026-02-26 01:15:00.000;2745;ERJ 195LR;POA;CWB;VCP;2026-02-26 02:00:08.640;TSRA;-RA VCTS
2026-02-26 01:20:00.000;6028;ERJ 195LR;CGH;CWB;VCP;2026-02-26 02:05:08.640;TSRA;-RA VCTS
2026-02-26 02:05:00.000;4212;ERJ;CNF;GRU;VCP;2026-02-26 02:15:42.240;TSRA;-RA VCTS
2026-02-26 02:50:00.000;4320;A321-251NEO;REC;GRU;VCP;2026-02-26 03:00:42.240;TSRA;-RA VCTS
2026-03-06 17:15:00.000;6056;ERJ 195LR;CGH;CWB;VCP;2026-03-06 18:00:08.640;TSRA;NSW
2026-03-06 17:25:00.000;4830;ERJ 195LR;GRU;CWB;VCP;2026-03-06 18:10:08.640;TSRA;NSW
2026-03-06 18:00:00.000;4741;ERJ;SDU;GRU;VCP;2026-03-06 18:10:42.240;TSRA;NSW
2026-03-06 18:15:00.000;6485;ERJ 195LR;CNF;CGH;VCP;2026-03-06 18:25:58.080;TSRA;NSW
2026-03-06 18:30:00.000;6401;ERJ 195LR;CWB;CGH;VCP;2026-03-06 18:40:58.080;TSRA;NSW
2026-03-06 18:45:00.000;2248;ERJ;POA;CGH;VCP;2026-03-06 18:55:58.080;TSRA;NSW
2026-03-06 18:50:00.000;2863;A320-251NEO;POA;GRU;VCP;2026-03-06 19:00:42.240;TSRA;NSW
2026-03-06 18:50:00.000;2768;A321-251NEO;REC;GRU;VCP;2026-03-06 19:00:42.240;TSRA;NSW
2026-03-06 18:50:00.000;6077;ERJ;CNF;CGH;VCP;2026-03-06 19:00:58.080;TSRA;NSW
2026-03-06 19:10:00.000;4972;ERJ 195LR;CWB;GRU;VCP;2026-03-06 19:20:42.240;TSRA;NSW
2026-03-06 19:10:00.000;4145;A320-251NEO;REC;CGH;VCP;2026-03-06 19:20:58.080;TSRA;NSW
2026-03-06 19:20:00.000;5022;ERJ;IGU;CGH;VCP;2026-03-06 19:30:58.080;TSRA;NSW
2026-03-06 19:20:00.000;9600;ERJ 195LR;VCP;CGH;VCP;2026-03-06 19:30:58.080;TSRA;NSW
2026-03-06 19:35:00.000;4258;ERJ 195LR;CWB;CGH;VCP;2026-03-06 19:45:58.080;TSRA;NSW
2026-03-06 19:55:00.000;5032;ERJ 195LR;SDU;CGH;VCP;2026-03-06 20:05:58.080;TSRA;NSW
2026-03-06 20:15:00.000;2617;A320-251NEO;POA;GRU;VCP;2026-03-06 20:25:42.240;TSRA;NSW
2026-03-06 20:20:00.000;6419;ERJ;CNF;CGH;VCP;2026-03-06 20:30:58.080;TSRA;NSW
2026-03-06 20:50:00.000;6025;ERJ;CWB;CGH;VCP;2026-03-06 21:00:58.080;TSRA;NSW
2026-03-06 21:15:00.000;6405;ERJ 195LR;SDU;CGH;VCP;2026-03-06 21:25:58.080;TSRA;NSW
2026-03-06 21:30:00.000;2774;ERJ;CGB;GRU;VCP;2026-03-06 21:40:42.240;TSRA;NSW
2026-03-06 21:35:00.000;6005;ERJ;BSB;CGH;VCP;2026-03-06 21:45:58.080;TSRA;NSW
2026-03-06 21:10:00.000;4390;ERJ 195LR;GRU;CWB;VCP;2026-03-06 21:55:08.640;TSRA;NSW
2026-03-06 21:45:00.000;2724;ERJ;CNF;GRU;VCP;2026-03-06 21:55:42.240;TSRA;NSW
2026-03-06 21:20:00.000;6504;ERJ 195LR;CGH;CWB;VCP;2026-03-06 22:05:08.640;TSRA;NSW
2026-03-06 21:55:00.000;4453;A320-253NEO;POA;GRU;VCP;2026-03-06 22:05:42.240;TSRA;NSW
2026-03-06 22:10:00.000;4019;ERJ 195LR;SDU;CGH;VCP;2026-03-06 22:20:58.080;TSRA;NSW
2026-03-06 22:20:00.000;4462;ERJ 195LR;CNF;CGH;VCP;2026-03-06 22:30:58.080;TSRA;NSW
2026-03-06 22:40:00.000;4277;A320-251NEO;REC;CGH;VCP;2026-03-06 22:50:58.080;TSRA;NSW
2026-03-07 21:35:00.000;2781;ERJ 195LR;CWB;GRU;VCP;2026-03-07 21:45:42.240;TSRA;-RA
2026-03-07 21:35:00.000;4741;ERJ 195LR;SDU;GRU;VCP;2026-03-07 21:45:42.240;TSRA;-RA
2026-03-07 21:40:00.000;2821;A320-253NEO;POA;GRU;VCP;2026-03-07 21:50:42.240;TSRA;-RA
2026-03-07 21:25:00.000;6022;ERJ 195LR;CGH;CWB;VCP;2026-03-07 22:10:08.640;TSRA BR;-RA
2026-03-07 22:15:00.000;2502;ERJ;BPS;CGH;VCP;2026-03-07 22:25:58.080;TSRA BR;-RA
2026-03-07 23:00:00.000;2485;ERJ;NAT;CGH;VCP;2026-03-07 23:10:58.080;TSRA;-RA
2026-03-07 23:20:00.000;5037;ERJ 195LR;CWB;CGH;VCP;2026-03-07 23:30:58.080;TSRA;-RA
2026-03-07 23:55:00.000;4277;A320-253NEO;REC;CGH;VCP;2026-03-08 00:05:58.080;TSRA BR;-RA
2026-03-08 00:35:00.000;5025;ERJ 195LR;BSB;CGH;VCP;2026-03-08 00:45:58.080;TSRA BR;-RA
2026-03-08 00:40:00.000;6073;ERJ;REC;CGH;VCP;2026-03-08 00:50:58.080;TSRA BR;-RA
2026-03-19 18:50:00.000;2863;A320-251NEO;POA;GRU;VCP;2026-03-19 19:00:42.240;TSRA;-RA
2026-03-19 18:50:00.000;2768;A321-251NEO;REC;GRU;VCP;2026-03-19 19:00:42.240;TSRA;-RA
2026-03-19 18:50:00.000;6077;ERJ;CNF;CGH;VCP;2026-03-19 19:00:58.080;TSRA;-RA
2026-03-19 19:10:00.000;4972;ERJ 195LR;CWB;GRU;VCP;2026-03-19 19:20:42.240;TSRA;-RA
2026-03-19 19:10:00.000;4145;A320-251NEO;REC;CGH;VCP;2026-03-19 19:20:58.080;TSRA;-RA
2026-03-19 19:20:00.000;9357;ERJ;REC;CGH;VCP;2026-03-19 19:30:58.080;TSRA;-RA
2026-03-19 19:35:00.000;4258;ERJ 195LR;CWB;CGH;VCP;2026-03-19 19:45:58.080;TSRA;-RA
2026-03-19 19:50:00.000;5022;ERJ;IGU;CGH;VCP;2026-03-19 20:00:58.080;TSRA;NSW
2026-03-19 20:20:00.000;2617;A320-251NEO;POA;GRU;VCP;2026-03-19 20:30:42.240;TSRA;NSW
2026-03-19 20:20:00.000;6419;ERJ;CNF;CGH;VCP;2026-03-19 20:30:58.080;TSRA;NSW
2026-03-19 20:35:00.000;5032;ERJ 195LR;SDU;CGH;VCP;2026-03-19 20:45:58.080;TSRA;NSW
2026-04-01 17:20:00.000;6056;ERJ 195LR;CGH;CWB;VCP;2026-04-01 18:05:08.640;TSRA;NSW
2026-04-01 17:55:00.000;4741;ERJ;SDU;GRU;VCP;2026-04-01 18:05:42.240;TSRA;NSW
2026-04-01 17:55:00.000;6069;ERJ 195LR;SDU;CGH;VCP;2026-04-01 18:05:58.080;TSRA;NSW
2026-04-01 17:25:00.000;4830;ERJ 195LR;GRU;CWB;VCP;2026-04-01 18:10:08.640;TSRA;NSW
2026-04-01 18:10:00.000;6503;ERJ;CNF;CGH;VCP;2026-04-01 18:20:58.080;TSRA;NSW
2026-04-01 18:30:00.000;6035;ERJ;POA;CGH;VCP;2026-04-01 18:40:58.080;TSRA;NSW
2026-04-01 18:30:00.000;6401;ERJ 195LR;CWB;CGH;VCP;2026-04-01 18:40:58.080;TSRA;NSW
2026-04-01 18:45:00.000;6077;ERJ;CNF;CGH;VCP;2026-04-01 18:55:58.080;TSRA;NSW
2026-04-01 19:10:00.000;5022;ERJ;IGU;CGH;VCP;2026-04-01 19:20:58.080;TSRA;NSW
2026-04-01 19:10:00.000;4145;A320-253NEO;REC;CGH;VCP;2026-04-01 19:20:58.080;TSRA;NSW
2026-04-01 19:15:00.000;4972;ERJ;CWB;GRU;VCP;2026-04-01 19:25:42.240;TSRA;NSW
2026-04-01 19:25:00.000;4258;ERJ 195LR;CWB;CGH;VCP;2026-04-01 19:35:58.080;TSRA;NSW
2026-04-01 19:50:00.000;5032;ERJ 195LR;SDU;CGH;VCP;2026-04-01 20:00:58.080;TSRA;VCSH
2026-04-01 20:25:00.000;6419;ERJ;CNF;CGH;VCP;2026-04-01 20:35:58.080;TSRA;VCSH
2026-04-01 20:40:00.000;6025;ERJ;CWB;CGH;VCP;2026-04-01 20:50:58.080;TSRA;VCSH
2026-04-01 20:50:00.000;2628;A320-251NEO;POA;GRU;VCP;2026-04-01 21:00:42.240;TSRA;NSW
2026-04-01 21:10:00.000;6405;ERJ 195LR;SDU;CGH;VCP;2026-04-01 21:20:58.080;TSRA;NSW
2026-04-01 21:10:00.000;6005;ERJ;BSB;CGH;VCP;2026-04-01 21:20:58.080;TSRA;NSW
2026-04-01 21:35:00.000;2774;ERJ;CGB;GRU;VCP;2026-04-01 21:45:42.240;TSRA;NSW
2026-04-01 21:40:00.000;4019;ERJ 195LR;SDU;CGH;VCP;2026-04-01 21:50:58.080;TSRA;NSW
2026-04-01 21:45:00.000;2724;A320-251NEO;CNF;GRU;VCP;2026-04-01 21:55:42.240;TSRA;NSW
2026-04-03 19:10:00.000;5022;ERJ;IGU;CGH;VCP;2026-04-03 19:20:58.080;TSRA;NSW
2026-04-03 19:10:00.000;4145;A320-251NEO;REC;CGH;VCP;2026-04-03 19:20:58.080;TSRA;NSW
2026-04-03 19:15:00.000;4972;ERJ 195LR;CWB;GRU;VCP;2026-04-03 19:25:42.240;TSRA;NSW
2026-04-03 19:50:00.000;5032;ERJ;SDU;CGH;VCP;2026-04-03 20:00:58.080;TSRA;NSW
2026-04-03 20:50:00.000;2628;A320-251NEO;POA;GRU;VCP;2026-04-03 21:00:42.240;TSRA;NSW
2026-04-03 21:10:00.000;6005;ERJ;BSB;CGH;VCP;2026-04-03 21:20:58.080;TSRA;NSW
2026-04-03 21:35:00.000;2774;ERJ;CGB;GRU;VCP;2026-04-03 21:45:42.240;TSRA;NSW
2026-04-03 21:45:00.000;2724;ERJ;CNF;GRU;VCP;2026-04-03 21:55:42.240;TSRA;NSW
2026-04-03 21:35:00.000;2984;ERJ 195LR;POA;CWB;VCP;2026-04-03 22:20:08.640;TSRA;NSW
2026-04-03 23:40:00.000;4277;A320-251NEO;REC;CGH;VCP;2026-04-03 23:50:58.080;TSRA;NSW
2026-04-08 17:20:00.000;6056;ERJ 195LR;CGH;CWB;VCP;2026-04-08 18:05:08.640;TSRA;NSW
2026-04-08 17:55:00.000;4741;ERJ;SDU;GRU;VCP;2026-04-08 18:05:42.240;TSRA;NSW
2026-04-08 17:55:00.000;6069;ERJ 195LR;SDU;CGH;VCP;2026-04-08 18:05:58.080;TSRA;NSW
2026-04-08 17:25:00.000;4830;ERJ 195LR;GRU;CWB;VCP;2026-04-08 18:10:08.640;TSRA;NSW
2026-04-08 18:10:00.000;6503;ERJ;CNF;CGH;VCP;2026-04-08 18:20:58.080;TSRA;NSW
2026-04-08 18:30:00.000;6035;ERJ;POA;CGH;VCP;2026-04-08 18:40:58.080;TSRA;NSW
2026-04-08 18:30:00.000;6401;ERJ 195LR;CWB;CGH;VCP;2026-04-08 18:40:58.080;TSRA;NSW
2026-04-08 18:45:00.000;6077;ERJ;CNF;CGH;VCP;2026-04-08 18:55:58.080;TSRA;NSW
2026-04-08 19:10:00.000;5022;ERJ;IGU;CGH;VCP;2026-04-08 19:20:58.080;TSRA;NSW
2026-04-08 19:10:00.000;4145;A320-251NEO;REC;CGH;VCP;2026-04-08 19:20:58.080;TSRA;NSW
2026-04-08 19:15:00.000;4972;ERJ;CWB;GRU;VCP;2026-04-08 19:25:42.240;TSRA;NSW
2026-04-08 19:25:00.000;4258;ERJ 195LR;CWB;CGH;VCP;2026-04-08 19:35:58.080;TSRA;NSW
2026-04-08 19:50:00.000;5032;ERJ 195LR;SDU;CGH;VCP;2026-04-08 20:00:58.080;TSRA;NSW
2026-04-08 20:25:00.000;6419;ERJ;CNF;CGH;VCP;2026-04-08 20:35:58.080;TSRA;NSW
2026-04-08 20:40:00.000;6025;ERJ;CWB;CGH;VCP;2026-04-08 20:50:58.080;TSRA;NSW
2026-05-23 18:00:00.000;5032;ERJ 195LR;SDU;CGH;VCP;2026-05-23 18:10:58.080;TSRA;NSW
2026-05-23 18:45:00.000;6077;ERJ 195LR;CNF;CGH;VCP;2026-05-23 18:55:58.080;TSRA;NSW
2026-05-23 18:50:00.000;2768;A321-251NEO;REC;GRU;VCP;2026-05-23 19:00:42.240;TSRA;NSW
2026-05-23 19:10:00.000;5022;ERJ;IGU;CGH;VCP;2026-05-23 19:20:58.080;TSRA;NSW
2026-05-23 19:10:00.000;4145;A320-251NEO;REC;CGH;VCP;2026-05-23 19:20:58.080;TSRA;NSW
2026-05-23 19:40:00.000;2605;ERJ;SDU;CGH;VCP;2026-05-23 19:50:58.080;TSRA;NSW
2026-05-23 19:50:00.000;2765;ERJ 195LR;GRU;CWB;VCP;2026-05-23 20:35:08.640;TSRA;NSW
2026-05-23 20:30:00.000;4453;A320-253NEO;POA;GRU;VCP;2026-05-23 20:40:42.240;TSRA;NSW
2026-05-23 20:40:00.000;4351;ERJ 195LR;CNF;CGH;VCP;2026-05-23 20:50:58.080;TSRA;NSW
2026-05-23 21:05:00.000;4589;ERJ;POA;CGH;VCP;2026-05-23 21:15:58.080;TSRA;-RA
2026-05-23 21:35:00.000;2781;ERJ 195LR;CWB;GRU;VCP;2026-05-23 21:45:42.240;TSRA;RA BR
2026-05-23 21:35:00.000;4741;ERJ 195LR;SDU;GRU;VCP;2026-05-23 21:45:42.240;TSRA;RA BR
2026-05-23 21:40:00.000;2821;A320-251NEO;POA;GRU;VCP;2026-05-23 21:50:42.240;TSRA;RA BR
2026-05-23 22:25:00.000;4262;ERJ;NAT;CGH;VCP;2026-05-23 22:35:58.080;TSRA;NSW
2026-05-24 08:15:00.000;2751;ERJ;CGB;GRU;VCP;2026-05-24 08:25:42.240;TSRA;NSW
2026-05-24 09:50:00.000;4716;A320-251NEO;REC;CGH;VCP;2026-05-24 10:00:58.080;TSRA;BCFG
2026-05-24 10:00:00.000;4153;A321-251NEO;REC;GRU;VCP;2026-05-24 10:10:42.240;TSRA;BCFG
2026-05-24 10:15:00.000;2888;A320-253NEO;POA;GRU;VCP;2026-05-24 10:25:42.240;TSRA;BCFG
2026-05-24 10:25:00.000;6407;ERJ 195LR;SDU;CGH;VCP;2026-05-24 10:35:58.080;TSRA;BCFG
2026-05-24 10:45:00.000;6010;ERJ;BSB;CGH;VCP;2026-05-24 10:55:58.080;TSRA;BCFG
2026-05-26 17:55:00.000;4741;ERJ;SDU;GRU;VCP;2026-05-26 18:05:42.240;TSRA BR;NSW
2026-05-26 17:25:00.000;6056;ERJ 195LR;CGH;CWB;VCP;2026-05-26 18:10:08.640;TSRA BR;NSW
2026-05-26 17:25:00.000;4830;ERJ 195LR;GRU;CWB;VCP;2026-05-26 18:10:08.640;TSRA BR;NSW
2026-05-26 18:05:00.000;6503;ERJ;CNF;CGH;VCP;2026-05-26 18:15:58.080;TSRA BR;NSW
2026-05-26 18:10:00.000;6401;ERJ 195LR;CWB;CGH;VCP;2026-05-26 18:20:58.080;TSRA BR;NSW
2026-05-26 18:30:00.000;6035;ERJ;POA;CGH;VCP;2026-05-26 18:40:58.080;TSRA BR;NSW
2026-05-26 18:45:00.000;6077;ERJ;CNF;CGH;VCP;2026-05-26 18:55:58.080;TSRA BR;NSW
2026-05-26 18:50:00.000;2863;A320-251NEO;POA;GRU;VCP;2026-05-26 19:00:42.240;TSRA BR;NSW
2026-05-26 18:50:00.000;2768;A321-251NEO;REC;GRU;VCP;2026-05-26 19:00:42.240;TSRA BR;NSW
2026-05-26 19:10:00.000;5022;ERJ;IGU;CGH;VCP;2026-05-26 19:20:58.080;TSRA BR;NSW
2026-05-26 19:10:00.000;4145;A320-251NEO;REC;CGH;VCP;2026-05-26 19:20:58.080;TSRA BR;NSW
2026-05-26 19:20:00.000;4972;ERJ 195LR;CWB;GRU;VCP;2026-05-26 19:30:42.240;TSRA BR;NSW
2026-05-26 19:25:00.000;4258;ERJ 195LR;CWB;CGH;VCP;2026-05-26 19:35:58.080;TSRA BR;NSW
2026-05-26 19:50:00.000;5032;ERJ 195LR;SDU;CGH;VCP;2026-05-26 20:00:58.080;TSRA BR;NSW
2026-05-26 20:25:00.000;6419;ERJ;CNF;CGH;VCP;2026-05-26 20:35:58.080;TSRA BR;NSW
2026-05-26 20:35:00.000;2628;A320-253NEO;POA;GRU;VCP;2026-05-26 20:45:42.240;TSRA BR;NSW
2026-05-26 20:40:00.000;6025;ERJ;CWB;CGH;VCP;2026-05-26 20:50:58.080;TSRA BR;NSW
2026-05-26 21:10:00.000;6405;ERJ;SDU;CGH;VCP;2026-05-26 21:20:58.080;TSRA BR;NSW
2026-05-26 21:10:00.000;6005;ERJ;BSB;CGH;VCP;2026-05-26 21:20:58.080;TSRA BR;NSW
2026-05-26 21:40:00.000;4019;ERJ 195LR;SDU;CGH;VCP;2026-05-26 21:50:58.080;TSRA BR;NSW
2026-05-26 21:10:00.000;4390;ERJ 195LR;GRU;CWB;VCP;2026-05-26 21:55:08.640;TSRA BR;NSW
2026-05-26 21:45:00.000;2724;ERJ;CNF;GRU;VCP;2026-05-26 21:55:42.240;TSRA BR;NSW
2026-05-26 21:50:00.000;2774;ERJ;CGB;GRU;VCP;2026-05-26 22:00:42.240;TSRA BR;NSW
2026-05-26 21:20:00.000;6504;ERJ 195LR;CGH;CWB;VCP;2026-05-26 22:05:08.640;TSRA BR;NSW
2026-05-26 21:55:00.000;4453;A320-251NEO;POA;GRU;VCP;2026-05-26 22:05:42.240;TSRA BR;NSW
2026-05-26 22:20:00.000;4462;ERJ;CNF;CGH;VCP;2026-05-26 22:30:58.080;TSRA BR;NSW
2026-05-26 22:35:00.000;4277;A320-251NEO;REC;CGH;VCP;2026-05-26 22:45:58.080;TSRA BR;NSW
2026-06-12 13:15:00.000;6053;ERJ 195LR;SDU;CGH;VCP;2026-06-12 13:25:58.080;TSRA BR;-RA
2026-06-12 12:45:00.000;6020;ERJ 195LR;CGH;CWB;VCP;2026-06-12 13:30:08.640;TSRA BR;-RA
2026-06-12 13:35:00.000;6037;ERJ;POA;CGH;VCP;2026-06-12 13:45:58.080;TSRA BR;-RA
2026-06-12 13:45:00.000;6041;ERJ;CNF;CGH;VCP;2026-06-12 13:55:58.080;TSRA BR;-RA
2026-06-12 13:25:00.000;2982;ERJ 195LR;POA;CWB;VCP;2026-06-12 14:10:08.640;TSRA BR;NSW
2026-06-12 14:25:00.000;6001;ERJ;BSB;CGH;VCP;2026-06-12 14:35:58.080;TSRA BR;NSW
2026-06-12 14:25:00.000;5037;ERJ 195LR;CWB;CGH;VCP;2026-06-12 14:35:58.080;TSRA BR;NSW
2026-06-12 14:30:00.000;2854;A320-253NEO;POA;GRU;VCP;2026-06-12 14:40:42.240;TSRA BR;NSW
2026-06-12 14:00:00.000;4826;ERJ 195LR;GRU;CWB;VCP;2026-06-12 14:45:08.640;TSRA BR;NSW
2026-06-12 14:35:00.000;6075;ERJ;IGU;CGH;VCP;2026-06-12 14:45:58.080;TSRA BR;NSW
2026-06-12 14:40:00.000;4003;ERJ 195LR;SDU;CGH;VCP;2026-06-12 14:50:58.080;TSRA BR;NSW
2026-06-12 14:40:00.000;4089;A320-251NEO;REC;CGH;VCP;2026-06-12 14:50:58.080;TSRA BR;NSW
2026-06-12 15:10:00.000;6033;ERJ;POA;CGH;VCP;2026-06-12 15:20:58.080;TSRA BR;NSW
2026-06-12 15:20:00.000;6411;ERJ 195LR;CNF;CGH;VCP;2026-06-12 15:30:58.080;TSRA BR;NSW
2026-06-12 15:30:00.000;4674;A321-251NEO;REC;GRU;VCP;2026-06-12 15:40:42.240;TSRA BR;NSW
2026-06-12 15:50:00.000;2818;ERJ 195LR;CWB;GRU;VCP;2026-06-12 16:00:42.240;TSRA BR;NSW
2026-06-12 15:55:00.000;6409;ERJ;SDU;CGH;VCP;2026-06-12 16:05:58.080;TSRA BR;NSW
2026-06-12 16:10:00.000;2748;A320-251NEO;REC;GRU;VCP;2026-06-12 16:20:42.240;TSRA BR;NSW
2026-06-12 16:10:00.000;6415;ERJ;CNF;CGH;VCP;2026-06-12 16:20:58.080;TSRA BR;NSW
2026-06-12 16:15:00.000;4236;ERJ;CNF;GRU;VCP;2026-06-12 16:25:42.240;TSRA BR;NSW
2026-06-12 16:45:00.000;6012;ERJ;BSB;CGH;VCP;2026-06-12 16:55:58.080;TSRA BR;NSW
2026-06-12 17:05:00.000;2838;A320-251NEO;POA;GRU;VCP;2026-06-12 17:15:42.240;TSRA BR;NSW
2026-06-12 16:45:00.000;6404;ERJ 195LR;CGH;CWB;VCP;2026-06-12 17:30:08.640;TSRA BR;NSW
2026-06-12 17:35:00.000;6055;ERJ 195LR;SDU;CGH;VCP;2026-06-12 17:45:58.080;TSRA BR;NSW
2026-06-14 17:25:00.000;4830;ERJ 195LR;GRU;CWB;VCP;2026-06-14 18:10:08.640;TSRA;NSW
2026-06-14 18:00:00.000;6415;ERJ 195LR;CNF;CGH;VCP;2026-06-14 18:10:58.080;TSRA;NSW
2026-06-14 17:35:00.000;4130;ERJ 195LR;IGU;CWB;VCP;2026-06-14 18:20:08.640;TSRA;NSW
2026-06-14 18:40:00.000;2768;A321-251NEO;REC;GRU;VCP;2026-06-14 18:50:42.240;TSRA;NSW
2026-06-14 18:45:00.000;5022;ERJ;IGU;CGH;VCP;2026-06-14 18:55:58.080;TSRA;NSW
2026-06-14 18:55:00.000;4741;ERJ 195LR;SDU;GRU;VCP;2026-06-14 19:05:42.240;TSRA;NSW
2026-06-14 19:10:00.000;2403;ERJ;FOR;CGH;VCP;2026-06-14 19:20:58.080;TSRA;NSW
2026-06-14 19:20:00.000;4128;A320-253NEO;REC;CGH;VCP;2026-06-14 19:30:58.080;TSRA;NSW
2026-06-14 19:30:00.000;4979;ERJ 195LR;CWB;GRU;VCP;2026-06-14 19:40:42.240;TSRA;NSW
2026-06-14 19:55:00.000;4217;ERJ;SDU;CGH;VCP;2026-06-14 20:05:58.080;TSRA;NSW
2026-06-14 20:10:00.000;6025;ERJ;CWB;CGH;VCP;2026-06-14 20:20:58.080;TSRA;NSW
2026-06-14 20:50:00.000;2860;A320-251NEO;POA;GRU;VCP;2026-06-14 21:00:42.240;TSRA;NSW
2026-06-14 20:55:00.000;6027;ERJ 195LR;CNF;CGH;VCP;2026-06-14 21:05:58.080;TSRA;NSW
2026-06-14 21:40:00.000;2724;ERJ;CNF;GRU;VCP;2026-06-14 21:50:42.240;TSRA;NSW
2026-06-14 21:15:00.000;4390;ERJ 195LR;GRU;CWB;VCP;2026-06-14 22:00:08.640;TSRA;-RA
2026-06-14 21:50:00.000;2774;ERJ;CGB;GRU;VCP;2026-06-14 22:00:42.240;TSRA;-RA
2026-06-14 21:50:00.000;8781;A320-251NEO;PDP;GRU;VCP;2026-06-14 22:00:42.240;TSRA;-RA
2026-06-14 21:50:00.000;6009;ERJ;BSB;CGH;VCP;2026-06-14 22:00:58.080;TSRA;-RA
2026-06-14 21:55:00.000;4201;ERJ;CNF;CGH;VCP;2026-06-14 22:05:58.080;TSRA;-RA
2026-06-14 21:35:00.000;2984;ERJ 195LR;POA;CWB;VCP;2026-06-14 22:20:08.640;TSRA;-RA
2026-06-14 22:15:00.000;2465;A320-251NEO;UNA;CGH;VCP;2026-06-14 22:25:58.080;TSRA;-RA
2026-06-14 22:25:00.000;2483;ERJ;MCZ;CGH;VCP;2026-06-14 22:35:58.080;TSRA;-RA
2026-06-14 22:30:00.000;2839;ERJ 195LR;SDU;CGH;VCP;2026-06-14 22:40:58.080;TSRA;-RA
2026-06-23 13:25:00.000;2982;ERJ 195LR;POA;CWB;VCP;2026-06-23 14:10:08.640;TSRA BR;-RA
2026-06-23 14:25:00.000;6001;ERJ;BSB;CGH;VCP;2026-06-23 14:35:58.080;TSRA BR;-RA
2026-06-23 14:25:00.000;5037;ERJ;CWB;CGH;VCP;2026-06-23 14:35:58.080;TSRA BR;-RA
2026-06-23 14:30:00.000;2854;A320-251NEO;POA;GRU;VCP;2026-06-23 14:40:42.240;TSRA BR;-RA
2026-06-23 14:35:00.000;6075;ERJ;IGU;CGH;VCP;2026-06-23 14:45:58.080;TSRA BR;-RA
2026-06-23 14:40:00.000;4003;ERJ 195LR;SDU;CGH;VCP;2026-06-23 14:50:58.080;TSRA BR;-RA
2026-06-23 14:40:00.000;4089;A320-251NEO;REC;CGH;VCP;2026-06-23 14:50:58.080;TSRA BR;-RA
2026-06-23 15:10:00.000;6033;ERJ;POA;CGH;VCP;2026-06-23 15:20:58.080;TSRA BR;NSW
2026-06-23 15:20:00.000;6411;ERJ 195LR;CNF;CGH;VCP;2026-06-23 15:30:58.080;TSRA BR;NSW
2026-06-23 15:30:00.000;4674;A321-251NEO;REC;GRU;VCP;2026-06-23 15:40:42.240;TSRA BR;NSW
2026-06-23 15:55:00.000;2818;ERJ;CWB;GRU;VCP;2026-06-23 16:05:42.240;TSRA BR;-RA
2026-06-23 15:55:00.000;6409;ERJ 195LR;SDU;CGH;VCP;2026-06-23 16:05:58.080;TSRA BR;-RA
2026-06-23 16:10:00.000;2748;A320-251NEO;REC;GRU;VCP;2026-06-23 16:20:42.240;TSRA BR;-RA
2026-06-23 16:10:00.000;6415;ERJ;CNF;CGH;VCP;2026-06-23 16:20:58.080;TSRA BR;-RA
2026-06-23 16:15:00.000;4236;ERJ;CNF;GRU;VCP;2026-06-23 16:25:42.240;TSRA BR;-RA
2026-06-23 16:25:00.000;2838;A320-251NEO;POA;GRU;VCP;2026-06-23 16:35:42.240;TSRA BR;-RA
2026-06-23 16:45:00.000;6012;ERJ;BSB;CGH;VCP;2026-06-23 16:55:58.080;TSRA BR;-RA
2026-06-23 16:45:00.000;6404;ERJ 195LR;CGH;CWB;VCP;2026-06-23 17:30:08.640;TSRA BR;-RA
2026-06-23 17:35:00.000;6055;ERJ 195LR;SDU;CGH;VCP;2026-06-23 17:45:58.080;TSRA BR;-RA
2026-07-12 08:15:00.000;2751;ERJ;CGB;GRU;VCP;2026-07-12 08:25:42.240;TSRA BR;-RA
2026-07-12 09:20:00.000;4153;A321-251NEO;REC;GRU;VCP;2026-07-12 09:30:42.240;TSRA BR;NSW
2026-07-12 09:50:00.000;4716;A320-251NEO;REC;CGH;VCP;2026-07-12 10:00:58.080;TSRA BR;NSW
2026-07-12 10:15:00.000;2888;A320-251NEO;POA;GRU;VCP;2026-07-12 10:25:42.240;TSRA BR;NSW
2026-07-12 10:25:00.000;6407;ERJ 195LR;SDU;CGH;VCP;2026-07-12 10:35:58.080;TSRA BR;NSW
2026-07-12 10:45:00.000;6010;ERJ;BSB;CGH;VCP;2026-07-12 10:55:58.080;TSRA BR;NSW
2026-07-12 14:10:00.000;9184;A320-251NEO;BPS;GRU;VCP;2026-07-12 14:20:42.240;TSRA;NSW
2026-07-12 14:30:00.000;4415;ERJ 195LR;CWB;CGH;VCP;2026-07-12 14:40:58.080;TSRA;NSW
2026-07-12 14:45:00.000;4089;A320-251NEO;REC;CGH;VCP;2026-07-12 14:55:58.080;TSRA;NSW
2026-07-12 15:30:00.000;4674;A321-251NEO;REC;GRU;VCP;2026-07-12 15:40:42.240;TSRA;NSW
2026-07-12 15:45:00.000;2818;ERJ;CWB;GRU;VCP;2026-07-12 15:55:42.240;TSRA;NSW
2026-07-12 15:55:00.000;6001;ERJ;POA;CGH;VCP;2026-07-12 16:05:58.080;TSRA;NSW
2026-07-12 15:55:00.000;6069;ERJ 195LR;SDU;CGH;VCP;2026-07-12 16:05:58.080;TSRA;NSW
2026-07-12 16:00:00.000;2838;A320-251NEO;POA;GRU;VCP;2026-07-12 16:10:42.240;TSRA;NSW
2026-07-12 16:10:00.000;2748;A320-251NEO;REC;GRU;VCP;2026-07-12 16:20:42.240;TSRA;NSW
2026-07-12 16:25:00.000;4145;A320-253NEO;REC;CGH;VCP;2026-07-12 16:35:58.080;TSRA;NSW
2026-07-12 16:45:00.000;2443;A320-251NEO;JPA;CGH;VCP;2026-07-12 16:55:58.080;TSRA;NSW
2026-07-12 16:45:00.000;6055;ERJ 195LR;SDU;CGH;VCP;2026-07-12 16:55:58.080;TSRA;NSW
2026-07-12 16:55:00.000;4236;ERJ 195LR;CNF;GRU;VCP;2026-07-12 17:05:42.240;TSRA;NSW
2026-07-12 17:30:00.000;6415;ERJ 195LR;CNF;CGH;VCP;2026-07-12 17:40:58.080;TSRA;NSW
2026-07-23 08:15:00.000;2751;ERJ;CGB;GRU;VCP;2026-07-23 08:25:42.240;TSRA;NSW
2026-07-23 09:15:00.000;4153;A321-251NEO;REC;GRU;VCP;2026-07-23 09:25:42.240;TSRA;NSW
2026-07-23 09:25:00.000;4716;A320-251NEO;REC;CGH;VCP;2026-07-23 09:35:58.080;TSRA;NSW
2026-07-23 09:50:00.000;2734;ERJ;CWB;GRU;VCP;2026-07-23 10:00:42.240;TSRA;NSW
2026-07-23 10:10:00.000;6010;ERJ;BSB;CGH;VCP;2026-07-23 10:20:58.080;TSRA;NSW
2026-07-23 10:15:00.000;2888;A320-253NEO;POA;GRU;VCP;2026-07-23 10:25:42.240;TSRA;NSW
2026-07-23 10:30:00.000;6407;ERJ 195LR;SDU;CGH;VCP;2026-07-23 10:40:58.080;TSRA;NSW
2026-07-23 11:20:00.000;4664;ERJ 195LR;SDU;CGH;VCP;2026-07-23 11:30:58.080;TSRA;NSW
2026-07-23 11:45:00.000;6413;ERJ;NAT;CGH;VCP;2026-07-23 11:55:58.080;TSRA;NSW
2026-07-23 11:50:00.000;6082;ERJ;CWB;CGH;VCP;2026-07-23 12:00:58.080;TSRA;NSW
2026-07-23 12:05:00.000;2777;ERJ 195LR;SDU;CGH;VCP;2026-07-23 12:15:58.080;TSRA;NSW
2026-07-23 12:10:00.000;2814;ERJ;CNF;GRU;VCP;2026-07-23 12:20:42.240;TSRA;NSW
2026-07-23 12:20:00.000;4645;ERJ;SDU;GRU;VCP;2026-07-23 12:30:42.240;TSRA;NSW
2026-07-23 12:25:00.000;9507;A320-251NEO;BPS;GRU;VCP;2026-07-23 12:35:42.240;TSRA;NSW
2026-07-23 12:35:00.000;2636;ERJ;CNF;CGH;VCP;2026-07-23 12:45:58.080;TSRA;NSW
2026-07-23 13:15:00.000;6053;ERJ 195LR;SDU;CGH;VCP;2026-07-23 13:25:58.080;TSRA;NSW
2026-07-23 12:45:00.000;6020;ERJ 195LR;CGH;CWB;VCP;2026-07-23 13:30:08.640;TSRA;NSW
2026-07-23 13:40:00.000;6037;ERJ;POA;CGH;VCP;2026-07-23 13:50:58.080;TSRA;NSW
2026-07-23 13:45:00.000;6041;ERJ;CNF;CGH;VCP;2026-07-23 13:55:58.080;TSRA;NSW
2026-07-24 17:55:00.000;4741;ERJ;SDU;GRU;VCP;2026-07-24 18:05:42.240;TSRA BR;-RA BR
2026-07-24 17:55:00.000;6069;ERJ 195LR;SDU;CGH;VCP;2026-07-24 18:05:58.080;TSRA BR;-RA BR
2026-07-24 17:25:00.000;6056;ERJ 195LR;CGH;CWB;VCP;2026-07-24 18:10:08.640;TSRA BR;-RA BR
2026-07-24 18:05:00.000;6503;ERJ;CNF;CGH;VCP;2026-07-24 18:15:58.080;TSRA BR;-RA BR
2026-07-24 18:10:00.000;6401;ERJ 195LR;CWB;CGH;VCP;2026-07-24 18:20:58.080;TSRA BR;-RA BR
2026-07-24 18:30:00.000;2233;ERJ;POA;CGH;VCP;2026-07-24 18:40:58.080;TSRA BR;-RA BR
2026-07-24 18:50:00.000;2768;A321-251NEO;REC;GRU;VCP;2026-07-24 19:00:42.240;TSRA BR;-DZ BR
2026-07-24 18:55:00.000;6077;ERJ;CNF;CGH;VCP;2026-07-24 19:05:58.080;TSRA BR;-DZ BR
2026-07-24 19:10:00.000;6419;ERJ;SSA;CGH;VCP;2026-07-24 19:20:58.080;TSRA BR;-DZ BR
2026-07-24 19:10:00.000;4145;A320-251NEO;REC;CGH;VCP;2026-07-24 19:20:58.080;TSRA BR;-DZ BR
2026-07-24 19:15:00.000;4972;ERJ;CWB;GRU;VCP;2026-07-24 19:25:42.240;TSRA BR;-DZ BR
2026-07-24 19:25:00.000;4258;ERJ 195LR;CWB;CGH;VCP;2026-07-24 19:35:58.080;TSRA BR;-DZ BR
2026-07-24 19:45:00.000;5032;ERJ 195LR;SDU;CGH;VCP;2026-07-24 19:55:58.080;TSRA BR;-DZ BR
2026-07-24 20:15:00.000;2628;A320-253NEO;POA;GRU;VCP;2026-07-24 20:25:42.240;TSRA BR;BR
2026-07-24 20:15:00.000;5022;ERJ;IGU;CGH;VCP;2026-07-24 20:25:58.080;TSRA BR;BR
2026-07-24 20:40:00.000;6025;ERJ;CWB;CGH;VCP;2026-07-24 20:50:58.080;TSRA BR;BR
2026-07-24 20:50:00.000;2790;ERJ;CNF;CGH;VCP;2026-07-24 21:00:58.080;TSRA BR;NSW
2026-07-24 21:10:00.000;6405;ERJ 195LR;SDU;CGH;VCP;2026-07-24 21:20:58.080;TSRA BR;NSW
2026-07-24 21:10:00.000;6005;ERJ;BSB;CGH;VCP;2026-07-24 21:20:58.080;TSRA BR;NSW
2026-07-24 21:35:00.000;2774;ERJ;CGB;GRU;VCP;2026-07-24 21:45:42.240;TSRA BR;NSW
2026-07-24 21:40:00.000;4019;ERJ 195LR;SDU;CGH;VCP;2026-07-24 21:50:58.080;TSRA BR;NSW
2026-07-24 21:20:00.000;6504;ERJ 195LR;CGH;CWB;VCP;2026-07-24 22:05:08.640;TSRA BR;NSW
2026-07-24 21:55:00.000;4453;A320-251NEO;POA;GRU;VCP;2026-07-24 22:05:42.240;TSRA BR;NSW
2026-07-24 22:25:00.000;4462;ERJ;CNF;CGH;VCP;2026-07-24 22:35:58.080;TSRA BR;NSW
2026-07-24 22:35:00.000;4277;A320-251NEO;REC;CGH;VCP;2026-07-24 22:45:58.080;TSRA BR;NSW
2026-07-24 22:40:00.000;4831;ERJ;CWB;GRU;VCP;2026-07-24 22:50:42.240;TSRA BR;NSW
2025-12-12 19:00:00.000;2606;ERJ 195LR;CNF;BPS;VIX;2025-12-12 19:57:27.360;TSRA;NSW
2026-02-06 19:00:00.000;2606;ERJ 195LR;CNF;BPS;VIX;2026-02-06 19:57:27.360;TS;NSW
2026-02-24 17:35:00.000;4300;ERJ 195LR;CNF;SSA;VIX;2026-02-24 19:24:19.200;TS;NSW
